rowid,lujvo,lujvo_parsed,lujvo_for_split,lujvo_sequence,lujvo_len
0,ba'argau,ba'a-gau,ba'a,0,2
1,ba'argau,ba'a-gau,gau,1,2
2,ba'armo'a,ba'a-mo'a,ba'a,0,2
3,ba'armo'a,ba'a-mo'a,mo'a,1,2
4,ba'orgau,ba'o-gau,ba'o,0,2
5,ba'orgau,ba'o-gau,gau,1,2
6,ba'orzu'e,ba'o-zu'e,ba'o,0,2
7,ba'orzu'e,ba'o-zu'e,zu'e,1,2
8,ba'ostu,ba'o-stu,ba'o,0,2
9,ba'ostu,ba'o-stu,stu,1,2
10,ba'ucpi,ba'u-cpi,ba'u,0,2
11,ba'ucpi,ba'u-cpi,cpi,1,2
12,ba'urdu'i,ba'u-du'i,ba'u,0,2
13,ba'urdu'i,ba'u-du'i,du'i,1,2
14,ba'urdu'u,ba'u-du'u,ba'u,0,2
15,ba'urdu'u,ba'u-du'u,du'u,1,2
16,ba'urnoi,ba'u-noi,ba'u,0,2
17,ba'urnoi,ba'u-noi,noi,1,2
18,ba'urslepoi,ba'u-sle-poi,ba'u,0,3
19,ba'urslepoi,ba'u-sle-poi,sle,1,3
20,ba'urslepoi,ba'u-sle-poi,poi,2,3
21,ba'urslepoimi'u,ba'u-sle-poi-mi'u,ba'u,0,4
22,ba'urslepoimi'u,ba'u-sle-poi-mi'u,sle,1,4
23,ba'urslepoimi'u,ba'u-sle-poi-mi'u,poi,2,4
24,ba'urslepoimi'u,ba'u-sle-poi-mi'u,mi'u,3,4
25,ba'urtadji,ba'u-tadji,ba'u,0,2
26,ba'urtadji,ba'u-tadji,tadji,1,2
27,ba'usku,ba'u-sku,ba'u,0,2
28,ba'usku,ba'u-sku,sku,1,2
29,ba'usle,ba'u-sle,ba'u,0,2
30,ba'usle,ba'u-sle,sle,1,2
31,ba'usna,ba'u-sna,ba'u,0,2
32,ba'usna,ba'u-sna,sna,1,2
33,ba'usni,ba'u-sni,ba'u,0,2
34,ba'usni,ba'u-sni,sni,1,2
35,babranti,bab-ranti,bab,0,2
36,babranti,bab-ranti,ranti,1,2
37,babysenta,bab-senta,bab,0,2
38,babysenta,bab-senta,senta,1,2
39,batfendi,bat-fendi,bat,0,2
40,batfendi,bat-fendi,fendi,1,2
41,backemselrerkru,bac-kem-sel-rer-kru,bac,0,5
42,backemselrerkru,bac-kem-sel-rer-kru,kem,1,5
43,backemselrerkru,bac-kem-sel-rer-kru,sel,2,5
44,backemselrerkru,bac-kem-sel-rer-kru,rer,3,5
45,backemselrerkru,bac-kem-sel-rer-kru,kru,4,5
46,backla,bac-kla,bac,0,2
47,backla,bac-kla,kla,1,2
48,backru,bac-kru,bac,0,2
49,backru,bac-kru,kru,1,2
50,bacterdi,bac-terdi,bac,0,2
51,bacterdi,bac-terdi,terdi,1,2
52,bacybau,bac-bau,bac,0,2
53,bacybau,bac-bau,bau,1,2
54,bacycripu,bac-cripu,bac,0,2
55,bacycripu,bac-cripu,cripu,1,2
56,bacycta,bac-cta,bac,0,2
57,bacycta,bac-cta,cta,1,2
58,bacycu'e,bac-cu'e,bac,0,2
59,bacycu'e,bac-cu'e,cu'e,1,2
60,brabracrida,bra-bra-crida,bra,0,3
61,brabracrida,bra-bra-crida,bra,1,3
62,brabracrida,bra-bra-crida,crida,2,3
63,badbe'uze'a,bad-be'u-ze'a,bad,0,3
64,badbe'uze'a,bad-be'u-ze'a,be'u,1,3
65,badbe'uze'a,bad-be'u-ze'a,ze'a,2,3
66,brabi'o,bra-bi'o,bra,0,2
67,brabi'o,bra-bi'o,bi'o,1,2
68,badbra,bad-bra,bad,0,2
69,badbra,bad-bra,bra,1,2
70,bragai,bra-gai,bra,0,2
71,bragai,bra-gai,gai,1,2
72,braje'a,bra-je'a,bra,0,2
73,braje'a,bra-je'a,je'a,1,2
74,bralai,bra-lai,bra,0,2
75,bralai,bra-lai,lai,1,2
76,badmakfa,bad-makfa,bad,0,2
77,badmakfa,bad-makfa,makfa,1,2
78,bramau,bra-mau,bra,0,2
79,bramau,bra-mau,mau,1,2
80,brari'a,bra-ri'a,bra,0,2
81,brari'a,bra-ri'a,ri'a,1,2
82,braro'i,bra-ro'i,bra,0,2
83,braro'i,bra-ro'i,ro'i,1,2
84,bravau,bra-vau,bra,0,2
85,bravau,bra-vau,vau,1,2
86,badyca'i,bad-ca'i,bad,0,2
87,badyca'i,bad-ca'i,ca'i,1,2
88,bradegji,bra-degji,bra,0,2
89,bradegji,bra-degji,degji,1,2
90,badydi'u,bad-di'u,bad,0,2
91,badydi'u,bad-di'u,di'u,1,2
92,bradzu,bra-dzu,bra,0,2
93,bradzu,bra-dzu,dzu,1,2
94,badyfenra,bad-fenra,bad,0,2
95,badyfenra,bad-fenra,fenra,1,2
96,badyjafyde'i,bad-jaf-de'i,bad,0,3
97,badyjafyde'i,bad-jaf-de'i,jaf,1,3
98,badyjafyde'i,bad-jaf-de'i,de'i,2,3
99,badyjafyde'icalku,bad-jaf-de'i-calku,bad,0,4
100,badyjafyde'icalku,bad-jaf-de'i-calku,jaf,1,4
101,badyjafyde'icalku,bad-jaf-de'i-calku,de'i,2,4
102,badyjafyde'icalku,bad-jaf-de'i-calku,calku,3,4
103,brakruca,bra-kruca,bra,0,2
104,brakruca,bra-kruca,kruca,1,2
105,braplu,bra-plu,bra,0,2
106,braplu,bra-plu,plu,1,2
107,brasa'o,bra-sa'o,bra,0,2
108,brasa'o,bra-sa'o,sa'o,1,2
109,badytei,bad-tei,bad,0,2
110,badytei,bad-tei,tei,1,2
111,badyxu'e,bad-xu'e,bad,0,2
112,badyxu'e,bad-xu'e,xu'e,1,2
113,badzu'e,bad-zu'e,bad,0,2
114,badzu'e,bad-zu'e,zu'e,1,2
115,bagyce'a,bag-ce'a,bag,0,2
116,bagyce'a,bag-ce'a,ce'a,1,2
117,bagyxai,bag-xai,bag,0,2
118,bagyxai,bag-xai,xai,1,2
119,baikla,bai-kla,bai,0,2
120,baikla,bai-kla,kla,1,2
121,bairga'ijecta,bai-ga'i-jecta,bai,0,3
122,bairga'ijecta,bai-ga'i-jecta,ga'i,1,3
123,bairga'ijecta,bai-ga'i-jecta,jecta,2,3
124,baitro,bai-tro,bai,0,2
125,baitro,bai-tro,tro,1,2
126,bajli'a,baj-li'a,baj,0,2
127,bajli'a,baj-li'a,li'a,1,2
128,bajyjvi,baj-jvi,baj,0,2
129,bajyjvi,baj-jvi,jvi,1,2
130,bajykla,baj-kla,baj,0,2
131,bajykla,baj-kla,kla,1,2
132,bajystu,baj-stu,baj,0,2
133,bajystu,baj-stu,stu,1,2
134,bakcange,bak-cange,bak,0,2
135,bakcange,bak-cange,cange,1,2
136,bakcatra,bak-catra,bak,0,2
137,bakcatra,bak-catra,catra,1,2
138,bakcindu,bak-cindu,bak,0,2
139,bakcindu,bak-cindu,cindu,1,2
140,baknakni,bak-nakni,bak,0,2
141,baknakni,bak-nakni,nakni,1,2
142,bakplixa,bak-plixa,bak,0,2
143,bakplixa,bak-plixa,plixa,1,2
144,bakre'u,bak-re'u,bak,0,2
145,bakre'u,bak-re'u,re'u,1,2
146,bakrecpa'o,bak-rec-pa'o,bak,0,3
147,bakrecpa'o,bak-rec-pa'o,rec,1,3
148,bakrecpa'o,bak-rec-pa'o,pa'o,2,3
149,bakryta'o,bakr-ta'o,bakr,0,2
150,bakryta'o,bakr-ta'o,ta'o,1,2
151,bakskapi,bak-skapi,bak,0,2
152,bakskapi,bak-skapi,skapi,1,2
153,baktsupa'o,bak-tsu-pa'o,bak,0,3
154,baktsupa'o,bak-tsu-pa'o,tsu,1,3
155,baktsupa'o,bak-tsu-pa'o,pa'o,2,3
156,baktydekpu,bakt-dekpu,bakt,0,2
157,baktydekpu,bakt-dekpu,dekpu,1,2
158,bakyjanbe,bak-janbe,bak,0,2
159,bakyjanbe,bak-janbe,janbe,1,2
160,bakykakpa,bak-kakpa,bak,0,2
161,bakykakpa,bak-kakpa,kakpa,1,2
162,balba'i,bal-ba'i,bal,0,2
163,balba'i,bal-ba'i,ba'i,1,2
164,balbi'e,bal-bi'e,bal,0,2
165,balbi'e,bal-bi'e,bi'e,1,2
166,balbisli,bal-bisli,bal,0,2
167,balbisli,bal-bisli,bisli,1,2
168,balcei,bal-cei,bal,0,2
169,balcei,bal-cei,cei,1,2
170,balcu'e,bal-cu'e,bal,0,2
171,balcu'e,bal-cu'e,cu'e,1,2
172,baldakyxa'i,bal-dak-xa'i,bal,0,3
173,baldakyxa'i,bal-dak-xa'i,dak,1,3
174,baldakyxa'i,bal-dak-xa'i,xa'i,2,3
175,baldakyxa'i,bal-dak-xa'i,bal,0,3
176,baldakyxa'i,bal-dak-xa'i,dak,1,3
177,baldakyxa'i,bal-dak-xa'i,xa'i,2,3
178,baldau,bal-dau,bal,0,2
179,baldau,bal-dau,dau,1,2
180,baljamna,bal-jamna,bal,0,2
181,baljamna,bal-jamna,jamna,1,2
182,balku'a,bal-ku'a,bal,0,2
183,balku'a,bal-ku'a,ku'a,1,2
184,balnunjamna,bal-nun-jamna,bal,0,3
185,balnunjamna,bal-nun-jamna,nun,1,3
186,balnunjamna,bal-nun-jamna,jamna,2,3
187,balnunjvi,bal-nun-jvi,bal,0,3
188,balnunjvi,bal-nun-jvi,nun,1,3
189,balnunjvi,bal-nun-jvi,jvi,2,3
190,balrai,bal-rai,bal,0,2
191,balrai,bal-rai,rai,1,2
192,balrespa,bal-respa,bal,0,2
193,balrespa,bal-respa,respa,1,2
194,balsoi,bal-soi,bal,0,2
195,balsoi,bal-soi,soi,1,2
196,bavyspe,bav-spe,bav,0,2
197,bavyspe,bav-spe,spe,1,2
198,baltutra,bal-tutra,bal,0,2
199,baltutra,bal-tutra,tutra,1,2
200,bavyvla,bav-vla,bav,0,2
201,bavyvla,bav-vla,vla,1,2
202,balzgibe'e,bal-zgi-be'e,bal,0,3
203,balzgibe'e,bal-zgi-be'e,zgi,1,3
204,balzgibe'e,bal-zgi-be'e,be'e,2,3
205,bambai,bam-bai,bam,0,2
206,bambai,bam-bai,bai,1,2
207,bamvinji,bam-vinji,bam,0,2
208,bamvinji,bam-vinji,vinji,1,2
209,baucre,bau-cre,bau,0,2
210,baucre,bau-cre,cre,1,2
211,bandersna,ban-der-sna,ban,0,3
212,bandersna,ban-der-sna,der,1,3
213,bandersna,ban-der-sna,sna,2,3
214,bangau,ban-gau,ban,0,2
215,bangau,ban-gau,gau,1,2
216,banja'a,ban-ja'a,ban,0,2
217,banja'a,ban-ja'a,ja'a,1,2
218,banjamna,ban-jamna,ban,0,2
219,banjamna,ban-jamna,jamna,1,2
220,banjikske,ban-jik-ske,ban,0,3
221,banjikske,ban-jik-ske,jik,1,3
222,banjikske,ban-jik-ske,ske,2,3
223,bankei,ban-kei,ban,0,2
224,bankei,ban-kei,kei,1,2
225,bankisto,ban-kisto,ban,0,2
226,bankisto,ban-kisto,kisto,1,2
227,banpi'o,ban-pi'o,ban,0,2
228,banpi'o,ban-pi'o,pi'o,1,2
229,banpliske,ban-pli-ske,ban,0,3
230,banpliske,ban-pli-ske,pli,1,3
231,banpliske,ban-pli-ske,ske,2,3
232,banrau,ban-rau,ban,0,2
233,banrau,ban-rau,rau,1,2
234,banri'a,ban-ri'a,ban,0,2
235,banri'a,ban-ri'a,ri'a,1,2
236,banskecre,ban-ske-cre,ban,0,3
237,banskecre,ban-ske-cre,ske,1,3
238,banskecre,ban-ske-cre,cre,2,3
239,banskepre,ban-ske-pre,ban,0,3
240,banskepre,ban-ske-pre,ske,1,3
241,banskepre,ban-ske-pre,pre,2,3
242,bansketadni,ban-ske-tadni,ban,0,3
243,bansketadni,ban-ske-tadni,ske,1,3
244,bansketadni,ban-ske-tadni,tadni,2,3
245,banta'a,ban-ta'a,ban,0,2
246,banta'a,ban-ta'a,ta'a,1,2
247,bantadni,ban-tadni,ban,0,2
248,bantadni,ban-tadni,tadni,1,2
249,banvelski,ban-vel-ski,ban,0,3
250,banvelski,ban-vel-ski,vel,1,3
251,banvelski,ban-vel-ski,ski,2,3
252,banvelsku,ban-vel-sku,ban,0,3
253,banvelsku,ban-vel-sku,vel,1,3
254,banvelsku,ban-vel-sku,sku,2,3
255,baplai,bap-lai,bap,0,2
256,baplai,bap-lai,lai,1,2
257,baple'i,bap-le'i,bap,0,2
258,baple'i,bap-le'i,le'i,1,2
259,baprau,bap-rau,bap,0,2
260,baprau,bap-rau,rau,1,2
261,barca'e,bar-ca'e,bar,0,2
262,barca'e,bar-ca'e,ca'e,1,2
263,barcpa,bar-cpa,bar,0,2
264,barcpa,bar-cpa,cpa,1,2
265,bardji,bar-dji,bar,0,2
266,bardji,bar-dji,dji,1,2
267,barfa'e,bar-fa'e,bar,0,2
268,barfa'e,bar-fa'e,fa'e,1,2
269,barfle,bar-fle,bar,0,2
270,barfle,bar-fle,fle,1,2
271,barjygu'a,barj-gu'a,barj,0,2
272,barjygu'a,barj-gu'a,gu'a,1,2
273,barjyja'a,barj-ja'a,barj,0,2
274,barjyja'a,barj-ja'a,ja'a,1,2
275,barjyku'i,barj-ku'i,barj,0,2
276,barjyku'i,barj-ku'i,ku'i,1,2
277,barjypre,barj-pre,barj,0,2
278,barjypre,barj-pre,pre,1,2
279,barjyse'u,barj-se'u,barj,0,2
280,barjyse'u,barj-se'u,se'u,1,2
281,barkalri,bar-kalri,bar,0,2
282,barkalri,bar-kalri,kalri,1,2
283,barkalyle'o,bar-kal-le'o,bar,0,3
284,barkalyle'o,bar-kal-le'o,kal,1,3
285,barkalyle'o,bar-kal-le'o,le'o,2,3
286,barkla,bar-kla,bar,0,2
287,barkla,bar-kla,kla,1,2
288,ba'oklo,ba'o-klo,ba'o,0,2
289,ba'oklo,ba'o-klo,klo,1,2
290,barle'a,bar-le'a,bar,0,2
291,barle'a,bar-le'a,le'a,1,2
292,barli'a,bar-li'a,bar,0,2
293,barli'a,bar-li'a,li'a,1,2
294,barsamymo'i,bar-sam-mo'i,bar,0,3
295,barsamymo'i,bar-sam-mo'i,sam,1,3
296,barsamymo'i,bar-sam-mo'i,mo'i,2,3
297,ba'orselklo,ba'o-sel-klo,ba'o,0,3
298,ba'orselklo,ba'o-sel-klo,sel,1,3
299,ba'orselklo,ba'o-sel-klo,klo,2,3
300,barsenta,bar-senta,bar,0,2
301,barsenta,bar-senta,senta,1,2
302,ba'ostu,ba'o-stu,ba'o,0,2
303,ba'ostu,ba'o-stu,stu,1,2
304,ba'orstuna,ba'o-stuna,ba'o,0,2
305,ba'orstuna,ba'o-stuna,stuna,1,2
306,bartca,bar-tca,bar,0,2
307,bartca,bar-tca,tca,1,2
308,barterzga,bar-ter-zga,bar,0,3
309,barterzga,bar-ter-zga,ter,1,3
310,barterzga,bar-ter-zga,zga,2,3
311,ba'onri'a,ba'o-ri'a,ba'o,0,2
312,ba'onri'a,ba'o-ri'a,ri'a,1,2
313,basme'e,bas-me'e,bas,0,2
314,basme'e,bas-me'e,me'e,1,2
315,basri'a,bas-ri'a,bas,0,2
316,basri'a,bas-ri'a,ri'a,1,2
317,basxau,bas-xau,bas,0,2
318,basxau,bas-xau,xau,1,2
319,basygau,bas-gau,bas,0,2
320,basygau,bas-gau,gau,1,2
321,basyrapli,bas-rapli,bas,0,2
322,basyrapli,bas-rapli,rapli,1,2
323,basysakta,bas-sakta,bas,0,2
324,basysakta,bas-sakta,sakta,1,2
325,basyvi'a,bas-vi'a,bas,0,2
326,basyvi'a,bas-vi'a,vi'a,1,2
327,basyvla,bas-vla,bas,0,2
328,basyvla,bas-vla,vla,1,2
329,barca'e,bar-ca'e,bar,0,2
330,barca'e,bar-ca'e,ca'e,1,2
331,batcinki,bat-cinki,bat,0,2
332,batcinki,bat-cinki,cinki,1,2
333,batfendi,bat-fendi,bat,0,2
334,batfendi,bat-fendi,fendi,1,2
335,barfle,bar-fle,bar,0,2
336,barfle,bar-fle,fle,1,2
337,batka'a,bat-ka'a,bat,0,2
338,batka'a,bat-ka'a,ka'a,1,2
339,barkalri,bar-kalri,bar,0,2
340,barkalri,bar-kalri,kalri,1,2
341,barkla,bar-kla,bar,0,2
342,barkla,bar-kla,kla,1,2
343,batklanoi,bat-kla-noi,bat,0,3
344,batklanoi,bat-kla-noi,kla,1,3
345,batklanoi,bat-kla-noi,noi,2,3
346,batkyci'a,batk-ci'a,batk,0,2
347,batkyci'a,batk-ci'a,ci'a,1,2
348,batkyke'a,batk-ke'a,batk,0,2
349,batkyke'a,batk-ke'a,ke'a,1,2
350,batkyta'o,batk-ta'o,batk,0,2
351,batkyta'o,batk-ta'o,ta'o,1,2
352,barli'a,bar-li'a,bar,0,2
353,barli'a,bar-li'a,li'a,1,2
354,batygre,bat-gre,bat,0,2
355,batygre,bat-gre,gre,1,2
356,barterzga,bar-ter-zga,bar,0,3
357,barterzga,bar-ter-zga,ter,1,3
358,barterzga,bar-ter-zga,zga,2,3
359,batyvoi,bat-voi,bat,0,2
360,batyvoi,bat-voi,voi,1,2
361,baucmu,bau-cmu,bau,0,2
362,baucmu,bau-cmu,cmu,1,2
363,baucre,bau-cre,bau,0,2
364,baucre,bau-cre,cre,1,2
365,baugla,bau-gla,bau,0,2
366,baugla,bau-gla,gla,1,2
367,baukle,bau-kle,bau,0,2
368,baukle,bau-kle,kle,1,2
369,baupli,bau-pli,bau,0,2
370,baupli,bau-pli,pli,1,2
371,bauska,bau-ska,bau,0,2
372,bauska,bau-ska,ska,1,2
373,bauske,bau-ske,bau,0,2
374,bauske,bau-ske,ske,1,2
375,bausku,bau-sku,bau,0,2
376,bausku,bau-sku,sku,1,2
377,bauspi,bau-spi,bau,0,2
378,bauspi,bau-spi,spi,1,2
379,bauzba,bau-zba,bau,0,2
380,bauzba,bau-zba,zba,1,2
381,bauzgu,bau-zgu,bau,0,2
382,bauzgu,bau-zgu,zgu,1,2
383,bavdu'e,bav-du'e,bav,0,2
384,bavdu'e,bav-du'e,du'e,1,2
385,bavla'i,bav-la'i,bav,0,2
386,bavla'i,bav-la'i,la'i,1,2
387,bavla'i,bav-la'i,bav,0,2
388,bavla'i,bav-la'i,la'i,1,2
389,bavla'ima'i,bav-la'i-ma'i,bav,0,3
390,bavla'ima'i,bav-la'i-ma'i,la'i,1,3
391,bavla'ima'i,bav-la'i-ma'i,ma'i,2,3
392,bavlambavlamna'a,bav-lam-bav-lam-na'a,bav,0,5
393,bavlambavlamna'a,bav-lam-bav-lam-na'a,lam,1,5
394,bavlambavlamna'a,bav-lam-bav-lam-na'a,bav,2,5
395,bavlambavlamna'a,bav-lam-bav-lam-na'a,lam,3,5
396,bavlambavlamna'a,bav-lam-bav-lam-na'a,na'a,4,5
397,bavlamcerni,bav-lam-cerni,bav,0,3
398,bavlamcerni,bav-lam-cerni,lam,1,3
399,bavlamcerni,bav-lam-cerni,cerni,2,3
400,bavlamcte,bav-lam-cte,bav,0,3
401,bavlamcte,bav-lam-cte,lam,1,3
402,bavlamcte,bav-lam-cte,cte,2,3
403,bavlamdeicerni,bav-lam-dei-cerni,bav,0,4
404,bavlamdeicerni,bav-lam-dei-cerni,lam,1,4
405,bavlamdeicerni,bav-lam-dei-cerni,dei,2,4
406,bavlamdeicerni,bav-lam-dei-cerni,cerni,3,4
407,bavlamjeftu,bav-lam-jeftu,bav,0,3
408,bavlamjeftu,bav-lam-jeftu,lam,1,3
409,bavlamjeftu,bav-lam-jeftu,jeftu,2,3
410,bavlamna'a,bav-lam-na'a,bav,0,3
411,bavlamna'a,bav-lam-na'a,lam,1,3
412,bavlamna'a,bav-lam-na'a,na'a,2,3
413,bavlamrai,bav-lam-rai,bav,0,3
414,bavlamrai,bav-lam-rai,lam,1,3
415,bavlamrai,bav-lam-rai,rai,2,3
416,bavlamvanci,bav-lam-vanci,bav,0,3
417,bavlamvanci,bav-lam-vanci,lam,1,3
418,bavlamvanci,bav-lam-vanci,vanci,2,3
419,bavlamyzdile,bav-lam-zdile,bav,0,3
420,bavlamyzdile,bav-lam-zdile,lam,1,3
421,bavlamyzdile,bav-lam-zdile,zdile,2,3
422,bavmamta,bav-mamta,bav,0,2
423,bavmamta,bav-mamta,mamta,1,2
424,bavmyxalselpinxe,bavm-xal-sel-pinxe,bavm,0,4
425,bavmyxalselpinxe,bavm-xal-sel-pinxe,xal,1,4
426,bavmyxalselpinxe,bavm-xal-sel-pinxe,sel,2,4
427,bavmyxalselpinxe,bavm-xal-sel-pinxe,pinxe,3,4
428,bavna'ake'udei,bav-na'a-ke'u-dei,bav,0,4
429,bavna'ake'udei,bav-na'a-ke'u-dei,na'a,1,4
430,bavna'ake'udei,bav-na'a-ke'u-dei,ke'u,2,4
431,bavna'ake'udei,bav-na'a-ke'u-dei,dei,3,4
432,bavna'arefma'i,bav-na'a-ref-ma'i,bav,0,4
433,bavna'arefma'i,bav-na'a-ref-ma'i,na'a,1,4
434,bavna'arefma'i,bav-na'a-ref-ma'i,ref,2,4
435,bavna'arefma'i,bav-na'a-ref-ma'i,ma'i,3,4
436,bavna'arefmasti,bav-na'a-ref-masti,bav,0,4
437,bavna'arefmasti,bav-na'a-ref-masti,na'a,1,4
438,bavna'arefmasti,bav-na'a-ref-masti,ref,2,4
439,bavna'arefmasti,bav-na'a-ref-masti,masti,3,4
440,bavylamyma'i,bav-lam-ma'i,bav,0,3
441,bavylamyma'i,bav-lam-ma'i,lam,1,3
442,bavylamyma'i,bav-lam-ma'i,ma'i,2,3
443,bavylamymasti,bav-lam-masti,bav,0,3
444,bavylamymasti,bav-lam-masti,lam,1,3
445,bavylamymasti,bav-lam-masti,masti,2,3
446,bavype'i,bav-pe'i,bav,0,2
447,bavype'i,bav-pe'i,pe'i,1,2
448,bavysmadi,bav-smadi,bav,0,2
449,bavysmadi,bav-smadi,smadi,1,2
450,bavyspe,bav-spe,bav,0,2
451,bavyspe,bav-spe,spe,1,2
452,bavytei,bav-tei,bav,0,2
453,bavytei,bav-tei,tei,1,2
454,bavyteike'u,bav-tei-ke'u,bav,0,3
455,bavyteike'u,bav-tei-ke'u,tei,1,3
456,bavyteike'u,bav-tei-ke'u,ke'u,2,3
457,bavyteirefma'i,bav-tei-ref-ma'i,bav,0,4
458,bavyteirefma'i,bav-tei-ref-ma'i,tei,1,4
459,bavyteirefma'i,bav-tei-ref-ma'i,ref,2,4
460,bavyteirefma'i,bav-tei-ref-ma'i,ma'i,3,4
461,bavyteireftei,bav-tei-ref-tei,bav,0,4
462,bavyteireftei,bav-tei-ref-tei,tei,1,4
463,bavyteireftei,bav-tei-ref-tei,ref,2,4
464,bavyteireftei,bav-tei-ref-tei,tei,3,4
465,baxydi'u,bax-di'u,bax,0,2
466,baxydi'u,bax-di'u,di'u,1,2
467,bazmau,baz-mau,baz,0,2
468,bazmau,baz-mau,mau,1,2
469,bazyselva'i,baz-sel-va'i,baz,0,3
470,bazyselva'i,baz-sel-va'i,sel,1,3
471,bazyselva'i,baz-sel-va'i,va'i,2,3
472,bazyteicau,baz-tei-cau,baz,0,3
473,bazyteicau,baz-tei-cau,tei,1,3
474,bazyteicau,baz-tei-cau,cau,2,3
475,be'aspe,be'a-spe,be'a,0,2
476,be'aspe,be'a-spe,spe,1,2
477,be'ipre,be'i-pre,be'i,0,2
478,be'ipre,be'i-pre,pre,1,2
479,be'ixru,be'i-xru,be'i,0,2
480,be'ixru,be'i-xru,xru,1,2
481,be'udzu,be'u-dzu,be'u,0,2
482,be'udzu,be'u-dzu,dzu,1,2
483,bebgei,beb-gei,beb,0,2
484,bebgei,beb-gei,gei,1,2
485,bebysa'i,beb-sa'i,beb,0,2
486,bebysa'i,beb-sa'i,sa'i,1,2
487,bebyxamtigni,beb-xam-tigni,beb,0,3
488,bebyxamtigni,beb-xam-tigni,xam,1,3
489,bebyxamtigni,beb-xam-tigni,tigni,2,3
490,bedjda,bed-jda,bed,0,2
491,bedjda,bed-jda,jda,1,2
492,bedykla,bed-kla,bed,0,2
493,bedykla,bed-kla,kla,1,2
494,bedykru,bed-kru,bed,0,2
495,bedykru,bed-kru,kru,1,2
496,befcro,bef-cro,bef,0,2
497,befcro,bef-cro,cro,1,2
498,befctiragyci'e,bef-cti-rag-ci'e,bef,0,4
499,befctiragyci'e,bef-cti-rag-ci'e,cti,1,4
500,befctiragyci'e,bef-cti-rag-ci'e,rag,2,4
501,befctiragyci'e,bef-cti-rag-ci'e,ci'e,3,4
502,befctiragygunma,bef-cti-rag-gunma,bef,0,4
503,befctiragygunma,bef-cti-rag-gunma,cti,1,4
504,befctiragygunma,bef-cti-rag-gunma,rag,2,4
505,befctiragygunma,bef-cti-rag-gunma,gunma,3,4
506,befctirango,bef-cti-rango,bef,0,3
507,befctirango,bef-cti-rango,cti,1,3
508,befctirango,bef-cti-rango,rango,2,3
509,befke'a,bef-ke'a,bef,0,2
510,befke'a,bef-ke'a,ke'a,1,2
511,befpre,bef-pre,bef,0,2
512,befpre,bef-pre,pre,1,2
513,befsri,bef-sri,bef,0,2
514,befsri,bef-sri,sri,1,2
515,befsri,bef-sri,bef,0,2
516,befsri,bef-sri,sri,1,2
517,beidru,bei-dru,bei,0,2
518,beidru,bei-dru,dru,1,2
519,beipre,bei-pre,bei,0,2
520,beipre,bei-pre,pre,1,2
521,beircarce,bei-carce,bei,0,2
522,beircarce,bei-carce,carce,1,2
523,beirfonxa,bei-fonxa,bei,0,2
524,beirfonxa,bei-fonxa,fonxa,1,2
525,beirvau,bei-vau,bei,0,2
526,beirvau,bei-vau,vau,1,2
527,bejytcaci,bej-tcaci,bej,0,2
528,bejytcaci,bej-tcaci,tcaci,1,2
529,bejvi'u,bej-vi'u,bej,0,2
530,bejvi'u,bej-vi'u,vi'u,1,2
531,bejyto'i,bej-to'i,bej,0,2
532,bejyto'i,bej-to'i,to'i,1,2
533,bemtai,bem-tai,bem,0,2
534,bemtai,bem-tai,tai,1,2
535,jbedei,jbe-dei,jbe,0,2
536,jbedei,jbe-dei,dei,1,2
537,benske,ben-ske,ben,0,2
538,benske,ben-ske,ske,1,2
539,jbetutra,jbe-tutra,jbe,0,2
540,jbetutra,jbe-tutra,tutra,1,2
541,berfa'a,ber-fa'a,ber,0,2
542,berfa'a,ber-fa'a,fa'a,1,2
543,bergu'e,ber-gu'e,ber,0,2
544,bergu'e,ber-gu'e,gu'e,1,2
545,berklaji,ber-klaji,ber,0,2
546,berklaji,ber-klaji,klaji,1,2
547,bermau,ber-mau,ber,0,2
548,bermau,ber-mau,mau,1,2
549,berpau,ber-pau,ber,0,2
550,berpau,ber-pau,pau,1,2
551,berstici,ber-stici,ber,0,2
552,berstici,ber-stici,stici,1,2
553,berstuna,ber-stuna,ber,0,2
554,berstuna,ber-stuna,stuna,1,2
555,bertoldi,ber-toldi,ber,0,2
556,bertoldi,ber-toldi,toldi,1,2
557,beryrai,ber-rai,ber,0,2
558,beryrai,ber-rai,rai,1,2
559,beryro'o,ber-ro'o,ber,0,2
560,beryro'o,ber-ro'o,ro'o,1,2
561,bensutra,ben-sutra,ben,0,2
562,bensutra,ben-sutra,sutra,1,2
563,benvau,ben-vau,ben,0,2
564,benvau,ben-vau,vau,1,2
565,bi'acpa,bi'a-cpa,bi'a,0,2
566,bi'acpa,bi'a-cpa,cpa,1,2
567,bi'agla,bi'a-gla,bi'a,0,2
568,bi'agla,bi'a-gla,gla,1,2
569,bi'amlu,bi'a-mlu,bi'a,0,2
570,bi'amlu,bi'a-mlu,mlu,1,2
571,bi'arbi'o,bi'a-bi'o,bi'a,0,2
572,bi'arbi'o,bi'a-bi'o,bi'o,1,2
573,bicycti,bic-cti,bic,0,2
574,bicycti,bic-cti,cti,1,2
575,bicydja,bic-dja,bic,0,2
576,bicydja,bic-dja,dja,1,2
577,bicysakta,bic-sakta,bic,0,2
578,bicysakta,bic-sakta,sakta,1,2
579,bicyzda,bic-zda,bic,0,2
580,bicyzda,bic-zda,zda,1,2
581,bicyzdajomrisysaistu,bic-zda-jom-ris-sai-stu,bic,0,6
582,bicyzdajomrisysaistu,bic-zda-jom-ris-sai-stu,zda,1,6
583,bicyzdajomrisysaistu,bic-zda-jom-ris-sai-stu,jom,2,6
584,bicyzdajomrisysaistu,bic-zda-jom-ris-sai-stu,ris,3,6
585,bicyzdajomrisysaistu,bic-zda-jom-ris-sai-stu,sai,4,6
586,bicyzdajomrisysaistu,bic-zda-jom-ris-sai-stu,stu,5,6
587,bifcau,bif-cau,bif,0,2
588,bifcau,bif-cau,cau,1,2
589,bifkluza,bif-kluza,bif,0,2
590,bifkluza,bif-kluza,kluza,1,2
591,bifmlo,bif-mlo,bif,0,2
592,bifmlo,bif-mlo,mlo,1,2
593,bifyvilcarvi,bif-vil-carvi,bif,0,3
594,bifyvilcarvi,bif-vil-carvi,vil,1,3
595,bifyvilcarvi,bif-vil-carvi,carvi,2,3
596,bigri'a,big-ri'a,big,0,2
597,bigri'a,big-ri'a,ri'a,1,2
598,bigycti,big-cti,big,0,2
599,bigycti,big-cti,cti,1,2
600,bigygau,big-gau,big,0,2
601,bigygau,big-gau,gau,1,2
602,bijyjbu,bij-jbu,bij,0,2
603,bijyjbu,bij-jbu,jbu,1,2
604,bijyku'a,bij-ku'a,bij,0,2
605,bijyku'a,bij-ku'a,ku'a,1,2
606,bikydamri,bik-damri,bik,0,2
607,bikydamri,bik-damri,damri,1,2
608,bikykla,bik-kla,bik,0,2
609,bikykla,bik-kla,kla,1,2
610,bilble,bil-ble,bil,0,2
611,bilble,bil-ble,ble,1,2
612,bilgri,bil-gri,bil,0,2
613,bilgri,bil-gri,gri,1,2
614,bilpre,bil-pre,bil,0,2
615,bilpre,bil-pre,pre,1,2
616,bilpulji,bil-pulji,bil,0,2
617,bilpulji,bil-pulji,pulji,1,2
618,bimxra,bim-xra,bim,0,2
619,bimxra,bim-xra,xra,1,2
620,binbalvi,bin-balvi,bin,0,2
621,binbalvi,bin-balvi,balvi,1,2
622,binci'e,bin-ci'e,bin,0,2
623,binci'e,bin-ci'e,ci'e,1,2
624,bingu'egau,bin-gu'e-gau,bin,0,3
625,bingu'egau,bin-gu'e-gau,gu'e,1,3
626,bingu'egau,bin-gu'e-gau,gau,2,3
627,binkemgaste'i,bin-kem-gas-te'i,bin,0,4
628,binkemgaste'i,bin-kem-gas-te'i,kem,1,4
629,binkemgaste'i,bin-kem-gas-te'i,gas,2,4
630,binkemgaste'i,bin-kem-gas-te'i,te'i,3,4
631,binpre,bin-pre,bin,0,2
632,binpre,bin-pre,pre,1,2
633,binrydi'a,binr-di'a,binr,0,2
634,binrydi'a,binr-di'a,di'a,1,2
635,binryve'u,binr-ve'u,binr,0,2
636,binryve'u,binr-ve'u,ve'u,1,2
637,binryvelve'u,binr-vel-ve'u,binr,0,3
638,binryvelve'u,binr-vel-ve'u,vel,1,3
639,binryvelve'u,binr-vel-ve'u,ve'u,2,3
640,birca'a,bir-ca'a,bir,0,2
641,birca'a,bir-ca'a,ca'a,1,2
642,bircidni,bir-cidni,bir,0,2
643,bircidni,bir-cidni,cidni,1,2
644,birgutci,bir-gutci,bir,0,2
645,birgutci,bir-gutci,gutci,1,2
646,birjyzba,birj-zba,birj,0,2
647,birjyzba,birj-zba,zba,1,2
648,birtafpau,bir-taf-pau,bir,0,3
649,birtafpau,bir-taf-pau,taf,1,3
650,birtafpau,bir-taf-pau,pau,2,3
651,birtu'u,bir-tu'u,bir,0,2
652,birtu'u,bir-tu'u,tu'u,1,2
653,birtu'ucau,bir-tu'u-cau,bir,0,3
654,birtu'ucau,bir-tu'u-cau,tu'u,1,3
655,birtu'ucau,bir-tu'u-cau,cau,2,3
656,birvrajvi,bir-vra-jvi,bir,0,3
657,birvrajvi,bir-vra-jvi,vra,1,3
658,birvrajvi,bir-vra-jvi,jvi,2,3
659,biskruji,bis-kruji,bis,0,2
660,biskruji,bis-kruji,kruji,1,2
661,bislunra,bis-lunra,bis,0,2
662,bislunra,bis-lunra,lunra,1,2
663,bisycmaplini,bis-cma-plini,bis,0,3
664,bisycmaplini,bis-cma-plini,cma,1,3
665,bisycmaplini,bis-cma-plini,plini,2,3
666,bisydi'u,bis-di'u,bis,0,2
667,bisydi'u,bis-di'u,di'u,1,2
668,bitmau,bit-mau,bit,0,2
669,bitmau,bit-mau,mau,1,2
670,bitsku,bit-sku,bit,0,2
671,bitsku,bit-sku,sku,1,2
672,bitybi'o,bit-bi'o,bit,0,2
673,bitybi'o,bit-bi'o,bi'o,1,2
674,bitygau,bit-gau,bit,0,2
675,bitygau,bit-gau,gau,1,2
676,bityji'i,bit-ji'i,bit,0,2
677,bityji'i,bit-ji'i,ji'i,1,2
678,bixmro,bix-mro,bix,0,2
679,bixmro,bix-mro,mro,1,2
680,bixri'a,bix-ri'a,bix,0,2
681,bixri'a,bix-ri'a,ri'a,1,2
682,bixte'a,bix-te'a,bix,0,2
683,bixte'a,bix-te'a,te'a,1,2
684,bixycikna,bix-cikna,bix,0,2
685,bixycikna,bix-cikna,cikna,1,2
686,bixygau,bix-gau,bix,0,2
687,bixygau,bix-gau,gau,1,2
688,bizytei,biz-tei,biz,0,2
689,bizytei,biz-tei,tei,1,2
690,blacucpli,bla-cuc-pli,bla,0,3
691,blacucpli,bla-cuc-pli,cuc,1,3
692,blacucpli,bla-cuc-pli,pli,2,3
693,blacycolbla,blac-col-bla,blac,0,3
694,blacycolbla,blac-col-bla,col,1,3
695,blacycolbla,blac-col-bla,bla,2,3
696,blakanla,bla-kanla,bla,0,2
697,blakanla,bla-kanla,kanla,1,2
698,blamau,bla-mau,bla,0,2
699,blamau,bla-mau,mau,1,2
700,blapikta,bla-pikta,bla,0,2
701,blapikta,bla-pikta,pikta,1,2
702,blari'a,bla-ri'a,bla,0,2
703,blari'a,bla-ri'a,ri'a,1,2
704,blari'o,bla-ri'o,bla,0,2
705,blari'o,bla-ri'o,ri'o,1,2
706,blarirni,bla-rirni,bla,0,2
707,blarirni,bla-rirni,rirni,1,2
708,blarulkemymlecaipurdi,bla-rul-kem-mle-cai-purdi,bla,0,6
709,blarulkemymlecaipurdi,bla-rul-kem-mle-cai-purdi,rul,1,6
710,blarulkemymlecaipurdi,bla-rul-kem-mle-cai-purdi,kem,2,6
711,blarulkemymlecaipurdi,bla-rul-kem-mle-cai-purdi,mle,3,6
712,blarulkemymlecaipurdi,bla-rul-kem-mle-cai-purdi,cai,4,6
713,blarulkemymlecaipurdi,bla-rul-kem-mle-cai-purdi,purdi,5,6
714,blarulkemymletcepurdi,bla-rul-kem-mle-tce-purdi,bla,0,6
715,blarulkemymletcepurdi,bla-rul-kem-mle-tce-purdi,rul,1,6
716,blarulkemymletcepurdi,bla-rul-kem-mle-tce-purdi,kem,2,6
717,blarulkemymletcepurdi,bla-rul-kem-mle-tce-purdi,mle,3,6
718,blarulkemymletcepurdi,bla-rul-kem-mle-tce-purdi,tce,4,6
719,blarulkemymletcepurdi,bla-rul-kem-mle-tce-purdi,purdi,5,6
720,blarulkemymletcepurdi,bla-rul-kem-mle-tce-purdi,bla,0,6
721,blarulkemymletcepurdi,bla-rul-kem-mle-tce-purdi,rul,1,6
722,blarulkemymletcepurdi,bla-rul-kem-mle-tce-purdi,kem,2,6
723,blarulkemymletcepurdi,bla-rul-kem-mle-tce-purdi,mle,3,6
724,blarulkemymletcepurdi,bla-rul-kem-mle-tce-purdi,tce,4,6
725,blarulkemymletcepurdi,bla-rul-kem-mle-tce-purdi,purdi,5,6
726,blaselkanla,bla-sel-kanla,bla,0,3
727,blaselkanla,bla-sel-kanla,sel,1,3
728,blaselkanla,bla-sel-kanla,kanla,2,3
729,blazda,bla-zda,bla,0,2
730,blazda,bla-zda,zda,1,2
731,blebi'e,ble-bi'e,ble,0,2
732,blebi'e,ble-bi'e,bi'e,1,2
733,bleda'i,ble-da'i,ble,0,2
734,bleda'i,ble-da'i,da'i,1,2
735,blejme,ble-jme,ble,0,2
736,blejme,ble-jme,jme,1,2
737,blejmi,ble-jmi,ble,0,2
738,blejmi,ble-jmi,jmi,1,2
739,bleni'i,ble-ni'i,ble,0,2
740,bleni'i,ble-ni'i,ni'i,1,2
741,bleplana,ble-plana,ble,0,2
742,bleplana,ble-plana,plana,1,2
743,bleselva'i,ble-sel-va'i,ble,0,3
744,bleselva'i,ble-sel-va'i,sel,1,3
745,bleselva'i,ble-sel-va'i,va'i,2,3
746,blesmi,ble-smi,ble,0,2
747,blesmi,ble-smi,smi,1,2
748,bleta'a,ble-ta'a,ble,0,2
749,bleta'a,ble-ta'a,ta'a,1,2
750,bletce,ble-tce,ble,0,2
751,bletce,ble-tce,tce,1,2
752,bletcidu,ble-tcidu,ble,0,2
753,bletcidu,ble-tcidu,tcidu,1,2
754,blexau,ble-xau,ble,0,2
755,blexau,ble-xau,xau,1,2
756,blibloblu,bli-blo-blu,bli,0,3
757,blibloblu,bli-blo-blu,blo,1,3
758,blibloblu,bli-blo-blu,blu,2,3
759,blikinfonxa,bli-kin-fonxa,bli,0,3
760,blikinfonxa,bli-kin-fonxa,kin,1,3
761,blikinfonxa,bli-kin-fonxa,fonxa,2,3
762,blikubli,bli-kubli,bli,0,2
763,blikubli,bli-kubli,kubli,1,2
764,blita'o,bli-ta'o,bli,0,2
765,blita'o,bli-ta'o,ta'o,1,2
766,blixra,bli-xra,bli,0,2
767,blixra,bli-xra,xra,1,2
768,bloblu,blo-blu,blo,0,2
769,bloblu,blo-blu,blu,1,2
770,blocra,blo-cra,blo,0,2
771,blocra,blo-cra,cra,1,2
772,blogre,blo-gre,blo,0,2
773,blogre,blo-gre,gre,1,2
774,blokla,blo-kla,blo,0,2
775,blokla,blo-kla,kla,1,2
776,bloklu,blo-klu,blo,0,2
777,bloklu,blo-klu,klu,1,2
778,blolei,blo-lei,blo,0,2
779,blolei,blo-lei,lei,1,2
780,bloli'u,blo-li'u,blo,0,2
781,bloli'u,blo-li'u,li'u,1,2
782,blomuvga'a,blo-muv-ga'a,blo,0,3
783,blomuvga'a,blo-muv-ga'a,muv,1,3
784,blomuvga'a,blo-muv-ga'a,ga'a,2,3
785,blosazri,blo-sazri,blo,0,2
786,blosazri,blo-sazri,sazri,1,2
787,blosmi,blo-smi,blo,0,2
788,blosmi,blo-smi,smi,1,2
789,bloti'e,blo-ti'e,blo,0,2
790,bloti'e,blo-ti'e,ti'e,1,2
791,blucri,blu-cri,blu,0,2
792,blucri,blu-cri,cri,1,2
793,blufle,blu-fle,blu,0,2
794,blufle,blu-fle,fle,1,2
795,blugai,blu-gai,blu,0,2
796,blugai,blu-gai,gai,1,2
797,bluselgai,blu-sel-gai,blu,0,3
798,bluselgai,blu-sel-gai,sel,1,3
799,bluselgai,blu-sel-gai,gai,2,3
800,bluselkanla,blu-sel-kanla,blu,0,3
801,bluselkanla,blu-sel-kanla,sel,1,3
802,bluselkanla,blu-sel-kanla,kanla,2,3
803,bluska,blu-ska,blu,0,2
804,bluska,blu-ska,ska,1,2
805,bofsnipa,bof-snipa,bof,0,2
806,bofsnipa,bof-snipa,snipa,1,2
807,bogro'i,bog-ro'i,bog,0,2
808,bogro'i,bog-ro'i,ro'i,1,2
809,bogygreku,bog-greku,bog,0,2
810,bogygreku,bog-greku,greku,1,2
811,boidre,boi-dre,boi,0,2
812,boidre,boi-dre,dre,1,2
813,boidru,boi-dru,boi,0,2
814,boidru,boi-dru,dru,1,2
815,bolblabi,bol-blabi,bol,0,2
816,bolblabi,bol-blabi,blabi,1,2
817,boldi'u,bol-di'u,bol,0,2
818,boldi'u,bol-di'u,di'u,1,2
819,bolga'a,bol-ga'a,bol,0,2
820,bolga'a,bol-ga'a,ga'a,1,2
821,bolga'axa'i,bol-ga'a-xa'i,bol,0,3
822,bolga'axa'i,bol-ga'a-xa'i,ga'a,1,3
823,bolga'axa'i,bol-ga'a-xa'i,xa'i,2,3
824,bolgrijvi,bol-gri-jvi,bol,0,3
825,bolgrijvi,bol-gri-jvi,gri,1,3
826,bolgrijvi,bol-gri-jvi,jvi,2,3
827,bolgu'o,bol-gu'o,bol,0,2
828,bolgu'o,bol-gu'o,gu'o,1,2
829,bolkei,bol-kei,bol,0,2
830,bolkei,bol-kei,kei,1,2
831,bolkeijvi,bol-kei-jvi,bol,0,3
832,bolkeijvi,bol-kei-jvi,kei,1,3
833,bolkeijvi,bol-kei-jvi,jvi,2,3
834,bolri'a,bol-ri'a,bol,0,2
835,bolri'a,bol-ri'a,ri'a,1,2
836,boltikpa,bol-tikpa,bol,0,2
837,boltikpa,bol-tikpa,tikpa,1,2
838,boltipkei,bol-tip-kei,bol,0,3
839,boltipkei,bol-tip-kei,tip,1,3
840,boltipkei,bol-tip-kei,kei,2,3
841,boltipkeipre,bol-tip-kei-pre,bol,0,4
842,boltipkeipre,bol-tip-kei-pre,tip,1,4
843,boltipkeipre,bol-tip-kei-pre,kei,2,4
844,boltipkeipre,bol-tip-kei-pre,pre,3,4
845,boltipyboi,bol-tip-boi,bol,0,3
846,boltipyboi,bol-tip-boi,tip,1,3
847,boltipyboi,bol-tip-boi,boi,2,3
848,boltipyjvi,bol-tip-jvi,bol,0,3
849,boltipyjvi,bol-tip-jvi,tip,1,3
850,boltipyjvi,bol-tip-jvi,jvi,2,3
851,bolxa'e,bol-xa'e,bol,0,2
852,bolxa'e,bol-xa'e,xa'e,1,2
853,bolxadba,bol-xadba,bol,0,2
854,bolxadba,bol-xadba,xadba,1,2
855,bongusta,bon-gusta,bon,0,2
856,bongusta,bon-gusta,gusta,1,2
857,bonka'u,bon-ka'u,bon,0,2
858,bonka'u,bon-ka'u,ka'u,1,2
859,bonxa'eselrivytoi,bon-xa'e-sel-riv-toi,bon,0,5
860,bonxa'eselrivytoi,bon-xa'e-sel-riv-toi,xa'e,1,5
861,bonxa'eselrivytoi,bon-xa'e-sel-riv-toi,sel,2,5
862,bonxa'eselrivytoi,bon-xa'e-sel-riv-toi,riv,3,5
863,bonxa'eselrivytoi,bon-xa'e-sel-riv-toi,toi,4,5
864,bonxamsi,bon-xamsi,bon,0,2
865,bonxamsi,bon-xamsi,xamsi,1,2
866,bonynunkla,bon-nun-kla,bon,0,3
867,bonynunkla,bon-nun-kla,nun,1,3
868,bonynunkla,bon-nun-kla,kla,2,3
869,botska,bot-ska,bot,0,2
870,botska,bot-ska,ska,1,2
871,brabaktu,bra-baktu,bra,0,2
872,brabaktu,bra-baktu,baktu,1,2
873,brabi'o,bra-bi'o,bra,0,2
874,brabi'o,bra-bi'o,bi'o,1,2
875,brablo,bra-blo,bra,0,2
876,brablo,bra-blo,blo,1,2
877,brabra,bra-bra,bra,0,2
878,brabra,bra-bra,bra,1,2
879,brabrabrabra,bra-bra-bra-bra,bra,0,4
880,brabrabrabra,bra-bra-bra-bra,bra,1,4
881,brabrabrabra,bra-bra-bra-bra,bra,2,4
882,brabrabrabra,bra-bra-bra-bra,bra,3,4
883,brabracrida,bra-bra-crida,bra,0,3
884,brabracrida,bra-bra-crida,bra,1,3
885,brabracrida,bra-bra-crida,crida,2,3
886,brabraplu,bra-bra-plu,bra,0,3
887,brabraplu,bra-bra-plu,bra,1,3
888,brabraplu,bra-bra-plu,plu,2,3
889,braca'o,bra-ca'o,bra,0,2
890,braca'o,bra-ca'o,ca'o,1,2
891,ca'arcau,ca'a-cau,ca'a,0,2
892,ca'arcau,ca'a-cau,cau,1,2
893,bracpi,bra-cpi,bra,0,2
894,bracpi,bra-cpi,cpi,1,2
895,brada'e,bra-da'e,bra,0,2
896,brada'e,bra-da'e,da'e,1,2
897,bradei,bra-dei,bra,0,2
898,bradei,bra-dei,dei,1,2
899,bradi'u,bra-di'u,bra,0,2
900,bradi'u,bra-di'u,di'u,1,2
901,bradyci'i,brad-ci'i,brad,0,2
902,bradyci'i,brad-ci'i,ci'i,1,2
903,bradyrapyzu'e,brad-rap-zu'e,brad,0,3
904,bradyrapyzu'e,brad-rap-zu'e,rap,1,3
905,bradyrapyzu'e,brad-rap-zu'e,zu'e,2,3
906,bragai,bra-gai,bra,0,2
907,bragai,bra-gai,gai,1,2
908,bragaigra,bra-gai-gra,bra,0,3
909,bragaigra,bra-gai-gra,gai,1,3
910,bragaigra,bra-gai-gra,gra,2,3
911,bragaigrudjo,bra-gai-gru-djo,bra,0,4
912,bragaigrudjo,bra-gai-gru-djo,gai,1,4
913,bragaigrudjo,bra-gai-gru-djo,gru,2,4
914,bragaigrudjo,bra-gai-gru-djo,djo,3,4
915,bragu'e,bra-gu'e,bra,0,2
916,bragu'e,bra-gu'e,gu'e,1,2
917,brakarce,bra-karce,bra,0,2
918,brakarce,bra-karce,karce,1,2
919,braku'a,bra-ku'a,bra,0,2
920,braku'a,bra-ku'a,ku'a,1,2
921,ca'arku'e,ca'a-ku'e,ca'a,0,2
922,ca'arku'e,ca'a-ku'e,ku'e,1,2
923,brama'i,bra-ma'i,bra,0,2
924,brama'i,bra-ma'i,ma'i,1,2
925,bramalsi,bra-malsi,bra,0,2
926,bramalsi,bra-malsi,malsi,1,2
927,bramau,bra-mau,bra,0,2
928,bramau,bra-mau,mau,1,2
929,ca'arpe'a,ca'a-pe'a,ca'a,0,2
930,ca'arpe'a,ca'a-pe'a,pe'a,1,2
931,braplu,bra-plu,bra,0,2
932,braplu,bra-plu,plu,1,2
933,brapurdi,bra-purdi,bra,0,2
934,brapurdi,bra-purdi,purdi,1,2
935,brarai,bra-rai,bra,0,2
936,brarai,bra-rai,rai,1,2
937,braro'i,bra-ro'i,bra,0,2
938,braro'i,bra-ro'i,ro'i,1,2
939,bratigyterganzu,bra-tig-ter-ganzu,bra,0,4
940,bratigyterganzu,bra-tig-ter-ganzu,tig,1,4
941,bratigyterganzu,bra-tig-ter-ganzu,ter,2,4
942,bratigyterganzu,bra-tig-ter-ganzu,ganzu,3,4
943,bratricu,bra-tricu,bra,0,2
944,bratricu,bra-tricu,tricu,1,2
945,bratu'a,bra-tu'a,bra,0,2
946,bratu'a,bra-tu'a,tu'a,1,2
947,bravau,bra-vau,bra,0,2
948,bravau,bra-vau,vau,1,2
949,bravelkla,bra-vel-kla,bra,0,3
950,bravelkla,bra-vel-kla,vel,1,3
951,bravelkla,bra-vel-kla,kla,2,3
952,bravla,bra-vla,bra,0,2
953,bravla,bra-vla,vla,1,2
954,brazbi,bra-zbi,bra,0,2
955,brazbi,bra-zbi,zbi,1,2
956,brazda,bra-zda,bra,0,2
957,brazda,bra-zda,zda,1,2
958,brebi'o,bre-bi'o,bre,0,2
959,brebi'o,bre-bi'o,bi'o,1,2
960,bregau,bre-gau,bre,0,2
961,bregau,bre-gau,gau,1,2
962,breri'a,bre-ri'a,bre,0,2
963,breri'a,bre-ri'a,ri'a,1,2
964,breste,bre-ste,bre,0,2
965,breste,bre-ste,ste,1,2
966,besyzu'e,bes-zu'e,bes,0,2
967,besyzu'e,bes-zu'e,zu'e,1,2
968,brifriti,bri-friti,bri,0,2
969,brifriti,bri-friti,friti,1,2
970,brigla,bri-gla,bri,0,2
971,brigla,bri-gla,gla,1,2
972,briju'a,bri-ju'a,bri,0,2
973,briju'a,bri-ju'a,ju'a,1,2
974,brilanli,bri-lanli,bri,0,2
975,brilanli,bri-lanli,lanli,1,2
976,briselma'o,bri-sel-ma'o,bri,0,3
977,briselma'o,bri-sel-ma'o,sel,1,3
978,briselma'o,bri-sel-ma'o,ma'o,2,3
979,briste,bri-ste,bri,0,2
980,briste,bri-ste,ste,1,2
981,brisumpli,bri-sum-pli,bri,0,3
982,brisumpli,bri-sum-pli,sum,1,3
983,brisumpli,bri-sum-pli,pli,2,3
984,britai,bri-tai,bri,0,2
985,britai,bri-tai,tai,1,2
986,brivla,bri-vla,bri,0,2
987,brivla,bri-vla,vla,1,2
988,brixu'a,bri-xu'a,bri,0,2
989,brixu'a,bri-xu'a,xu'a,1,2
990,brocku,bro-cku,bro,0,2
991,brocku,bro-cku,cku,1,2
992,brodai,bro-dai,bro,0,2
993,brodai,bro-dai,dai,1,2
994,bropre,bro-pre,bro,0,2
995,bropre,bro-pre,pre,1,2
996,brulu'i,bru-lu'i,bru,0,2
997,brulu'i,bru-lu'i,lu'i,1,2
998,brumle,bru-mle,bru,0,2
999,brumle,bru-mle,mle,1,2
1000,brusto,bru-sto,bru,0,2
1001,brusto,bru-sto,sto,1,2
1002,bu'ojda,bu'o-jda,bu'o,0,2
1003,bu'ojda,bu'o-jda,jda,1,2
1004,bukcilta,buk-cilta,buk,0,2
1005,bukcilta,buk-cilta,cilta,1,2
1006,bukfa'u,buk-fa'u,buk,0,2
1007,bukfa'u,buk-fa'u,fa'u,1,2
1008,bukfe'a,buk-fe'a,buk,0,2
1009,bukfe'a,buk-fe'a,fe'a,1,2
1010,bukpo'i,buk-po'i,buk,0,2
1011,bukpo'i,buk-po'i,po'i,1,2
1012,bukterjo'e,buk-ter-jo'e,buk,0,3
1013,bukterjo'e,buk-ter-jo'e,ter,1,3
1014,bukterjo'e,buk-ter-jo'e,jo'e,2,3
1015,buktaiterjo'e,buk-tai-ter-jo'e,buk,0,4
1016,buktaiterjo'e,buk-tai-ter-jo'e,tai,1,4
1017,buktaiterjo'e,buk-tai-ter-jo'e,ter,2,4
1018,buktaiterjo'e,buk-tai-ter-jo'e,jo'e,3,4
1019,bukyjabre,buk-jabre,buk,0,2
1020,bukyjabre,buk-jabre,jabre,1,2
1021,bukykoi,buk-koi,buk,0,2
1022,bukykoi,buk-koi,koi,1,2
1023,burnanba,bur-nanba,bur,0,2
1024,burnanba,bur-nanba,nanba,1,2
1025,burnygau,burn-gau,burn,0,2
1026,burnygau,burn-gau,gau,1,2
1027,ma'arbi'i,ma'a-bi'i,ma'a,0,2
1028,ma'arbi'i,ma'a-bi'i,bi'i,1,2
1029,ca'arcau,ca'a-cau,ca'a,0,2
1030,ca'arcau,ca'a-cau,cau,1,2
1031,ma'arfe'a,ma'a-fe'a,ma'a,0,2
1032,ma'arfe'a,ma'a-fe'a,fe'a,1,2
1033,ma'atru,ma'a-tru,ma'a,0,2
1034,ma'atru,ma'a-tru,tru,1,2
1035,ca'erbi'e,ca'e-bi'e,ca'e,0,2
1036,ca'erbi'e,ca'e-bi'e,bi'e,1,2
1037,ca'ercputra,ca'e-cpu-tra,ca'e,0,3
1038,ca'ercputra,ca'e-cpu-tra,cpu,1,3
1039,ca'ercputra,ca'e-cpu-tra,tra,2,3
1040,ca'ermu'u,ca'e-mu'u,ca'e,0,2
1041,ca'ermu'u,ca'e-mu'u,mu'u,1,2
1042,ca'ermuvgau,ca'e-muv-gau,ca'e,0,3
1043,ca'ermuvgau,ca'e-muv-gau,muv,1,3
1044,ca'ermuvgau,ca'e-muv-gau,gau,2,3
1045,ca'erslanu,ca'e-slanu,ca'e,0,2
1046,ca'erslanu,ca'e-slanu,slanu,1,2
1047,ca'irpulji,ca'i-pulji,ca'i,0,2
1048,ca'irpulji,ca'i-pulji,pulji,1,2
1049,ca'itru,ca'i-tru,ca'i,0,2
1050,ca'itru,ca'i-tru,tru,1,2
1051,ca'ocma,ca'o-cma,ca'o,0,2
1052,ca'ocma,ca'o-cma,cma,1,2
1053,ca'orgai,ca'o-gai,ca'o,0,2
1054,ca'orgai,ca'o-gai,gai,1,2
1055,ca'orgrezu'e,ca'o-gre-zu'e,ca'o,0,3
1056,ca'orgrezu'e,ca'o-gre-zu'e,gre,1,3
1057,ca'orgrezu'e,ca'o-gre-zu'e,zu'e,2,3
1058,cabdei,cab-dei,cab,0,2
1059,cabdei,cab-dei,dei,1,2
1060,cabdeicerni,cab-dei-cerni,cab,0,3
1061,cabdeicerni,cab-dei-cerni,dei,1,3
1062,cabdeicerni,cab-dei-cerni,cerni,2,3
1063,cabdra,cab-dra,cab,0,2
1064,cabdra,cab-dra,dra,1,2
1065,cabjeftu,cab-jeftu,cab,0,2
1066,cabjeftu,cab-jeftu,jeftu,1,2
1067,cabla'o,cab-la'o,cab,0,2
1068,cabla'o,cab-la'o,la'o,1,2
1069,cabmamta,cab-mamta,cab,0,2
1070,cabmamta,cab-mamta,mamta,1,2
1071,cabma'i,cab-ma'i,cab,0,2
1072,cabma'i,cab-ma'i,ma'i,1,2
1073,cabmamta,cab-mamta,cab,0,2
1074,cabmamta,cab-mamta,mamta,1,2
1075,cabmo'a,cab-mo'a,cab,0,2
1076,cabmo'a,cab-mo'a,mo'a,1,2
1077,cabna'a,cab-na'a,cab,0,2
1078,cabna'a,cab-na'a,na'a,1,2
1079,cabnabmi,cab-nabmi,cab,0,2
1080,cabnabmi,cab-nabmi,nabmi,1,2
1081,cabnalza'i,cab-nal-za'i,cab,0,3
1082,cabnalza'i,cab-nal-za'i,nal,1,3
1083,cabnalza'i,cab-nal-za'i,za'i,2,3
1084,cabvanci,cab-vanci,cab,0,2
1085,cabvanci,cab-vanci,vanci,1,2
1086,cabycedra,cab-cedra,cab,0,2
1087,cabycedra,cab-cedra,cedra,1,2
1088,cabycfa,cab-cfa,cab,0,2
1089,cabycfa,cab-cfa,cfa,1,2
1090,cabycte,cab-cte,cab,0,2
1091,cabycte,cab-cte,cte,1,2
1092,cabysi'u,cab-si'u,cab,0,2
1093,cabysi'u,cab-si'u,si'u,1,2
1094,cabysna,cab-sna,cab,0,2
1095,cabysna,cab-sna,sna,1,2
1096,cabysni,cab-sni,cab,0,2
1097,cabysni,cab-sni,sni,1,2
1098,cabytei,cab-tei,cab,0,2
1099,cabytei,cab-tei,tei,1,2
1100,caclei,cac-lei,cac,0,2
1101,caclei,cac-lei,lei,1,2
1102,cacmo'a,cac-mo'a,cac,0,2
1103,cacmo'a,cac-mo'a,mo'a,1,2
1104,cacni'i,cac-ni'i,cac,0,2
1105,cacni'i,cac-ni'i,ni'i,1,2
1106,cacryga'u,cacr-ga'u,cacr,0,2
1107,cacryga'u,cacr-ga'u,ga'u,1,2
1108,cacrymoi,cacr-moi,cacr,0,2
1109,cacrymoi,cacr-moi,moi,1,2
1110,cacryxadba,cacr-xadba,cacr,0,2
1111,cacryxadba,cacr-xadba,xadba,1,2
1112,cacyba'u,cac-ba'u,cac,0,2
1113,cacyba'u,cac-ba'u,ba'u,1,2
1114,cacyju'a,cac-ju'a,cac,0,2
1115,cacyju'a,cac-ju'a,ju'a,1,2
1116,cacyju'o,cac-ju'o,cac,0,2
1117,cacyju'o,cac-ju'o,ju'o,1,2
1118,cacyjva,cac-jva,cac,0,2
1119,cacyjva,cac-jva,jva,1,2
1120,cacysku,cac-sku,cac,0,2
1121,cacysku,cac-sku,sku,1,2
1122,cacyzei,cac-zei,cac,0,2
1123,cacyzei,cac-zei,zei,1,2
1124,cadgau,cad-gau,cad,0,2
1125,cadgau,cad-gau,gau,1,2
1126,cadykei,cad-kei,cad,0,2
1127,cadykei,cad-kei,kei,1,2
1128,cadysti,cad-sti,cad,0,2
1129,cadysti,cad-sti,sti,1,2
1130,cadytei,cad-tei,cad,0,2
1131,cadytei,cad-tei,tei,1,2
1132,cafcki,caf-cki,caf,0,2
1133,cafcki,caf-cki,cki,1,2
1134,caflitki,caf-litki,caf,0,2
1135,caflitki,caf-litki,litki,1,2
1136,cafsre,caf-sre,caf,0,2
1137,cafsre,caf-sre,sre,1,2
1138,cafyfe'u,caf-fe'u,caf,0,2
1139,cafyfe'u,caf-fe'u,fe'u,1,2
1140,cagyce'u,cag-ce'u,cag,0,2
1141,cagyce'u,cag-ce'u,ce'u,1,2
1142,cagypre,cag-pre,cag,0,2
1143,cagypre,cag-pre,pre,1,2
1144,cagyselxa'u,cag-sel-xa'u,cag,0,3
1145,cagyselxa'u,cag-sel-xa'u,sel,1,3
1146,cagyselxa'u,cag-sel-xa'u,xa'u,2,3
1147,caibla,cai-bla,cai,0,2
1148,caibla,cai-bla,bla,1,2
1149,caibra,cai-bra,cai,0,2
1150,caibra,cai-bra,bra,1,2
1151,caibro,cai-bro,cai,0,2
1152,caibro,cai-bro,bro,1,2
1153,caicpe,cai-cpe,cai,0,2
1154,caicpe,cai-cpe,cpe,1,2
1155,caicta,cai-cta,cai,0,2
1156,caicta,cai-cta,cta,1,2
1157,caicti,cai-cti,cai,0,2
1158,caicti,cai-cti,cti,1,2
1159,caidji,cai-dji,cai,0,2
1160,caidji,cai-dji,dji,1,2
1161,caigla,cai-gla,cai,0,2
1162,caigla,cai-gla,gla,1,2
1163,cairzi'u,cai-zi'u,cai,0,2
1164,cairzi'u,cai-zi'u,zi'u,1,2
1165,caitcu,cai-tcu,cai,0,2
1166,caitcu,cai-tcu,tcu,1,2
1167,caivru,cai-vru,cai,0,2
1168,caivru,cai-vru,vru,1,2
1169,caizma,cai-zma,cai,0,2
1170,caizma,cai-zma,zma,1,2
1171,cajbe'e,caj-be'e,caj,0,2
1172,cajbe'e,caj-be'e,be'e,1,2
1173,cakcinki,cak-cinki,cak,0,2
1174,cakcinki,cak-cinki,cinki,1,2
1175,cakcurnu,cak-curnu,cak,0,2
1176,cakcurnu,cak-curnu,curnu,1,2
1177,caklynuncti,cakl-nun-cti,cakl,0,3
1178,caklynuncti,cakl-nun-cti,nun,1,3
1179,caklynuncti,cakl-nun-cti,cti,2,3
1180,cakybe'ujma,cak-be'u-jma,cak,0,3
1181,cakybe'ujma,cak-be'u-jma,be'u,1,3
1182,cakybe'ujma,cak-be'u-jma,jma,2,3
1183,cakyjukni,cak-jukni,cak,0,2
1184,cakyjukni,cak-jukni,jukni,1,2
1185,cakykarce,cak-karce,cak,0,2
1186,cakykarce,cak-karce,karce,1,2
1187,cakyrespa,cak-respa,cak,0,2
1188,cakyrespa,cak-respa,respa,1,2
1189,cakyzme,cak-zme,cak,0,2
1190,cakyzme,cak-zme,zme,1,2
1191,calske,cal-ske,cal,0,2
1192,calske,cal-ske,ske,1,2
1193,calskepre,cal-ske-pre,cal,0,3
1194,calskepre,cal-ske-pre,ske,1,3
1195,calskepre,cal-ske-pre,pre,2,3
1196,calxrafonxa,cal-xra-fonxa,cal,0,3
1197,calxrafonxa,cal-xra-fonxa,xra,1,3
1198,calxrafonxa,cal-xra-fonxa,fonxa,2,3
1199,calze'a,cal-ze'a,cal,0,2
1200,calze'a,cal-ze'a,ze'a,1,2
1201,camberyro'o,cam-ber-ro'o,cam,0,3
1202,camberyro'o,cam-ber-ro'o,ber,1,3
1203,camberyro'o,cam-ber-ro'o,ro'o,2,3
1204,cambi'e,cam-bi'e,cam,0,2
1205,cambi'e,cam-bi'e,bi'e,1,2
1206,camcamyzausku,cam-cam-zau-sku,cam,0,4
1207,camcamyzausku,cam-cam-zau-sku,cam,1,4
1208,camcamyzausku,cam-cam-zau-sku,zau,2,4
1209,camcamyzausku,cam-cam-zau-sku,sku,3,4
1210,caicni,cai-cni,cai,0,2
1211,caicni,cai-cni,cni,1,2
1212,camcikna,cam-cikna,cam,0,2
1213,camcikna,cam-cikna,cikna,1,2
1214,camcilce,cam-cilce,cam,0,2
1215,camcilce,cam-cilce,cilce,1,2
1216,camcinla,cam-cinla,cam,0,2
1217,camcinla,cam-cinla,cinla,1,2
1218,camcintungau,cam-cin-tun-gau,cam,0,4
1219,camcintungau,cam-cin-tun-gau,cin,1,4
1220,camcintungau,cam-cin-tun-gau,tun,2,4
1221,camcintungau,cam-cin-tun-gau,gau,3,4
1222,camcniri'a,cam-cni-ri'a,cam,0,3
1223,camcniri'a,cam-cni-ri'a,cni,1,3
1224,camcniri'a,cam-cni-ri'a,ri'a,2,3
1225,camda'e,cam-da'e,cam,0,2
1226,camda'e,cam-da'e,da'e,1,2
1227,camfu'a,cam-fu'a,cam,0,2
1228,camfu'a,cam-fu'a,fu'a,1,2
1229,camganra,cam-ganra,cam,0,2
1230,camganra,cam-ganra,ganra,1,2
1231,camgei,cam-gei,cam,0,2
1232,camgei,cam-gei,gei,1,2
1233,camgu'i,cam-gu'i,cam,0,2
1234,camgu'i,cam-gu'i,gu'i,1,2
1235,camnuntolfraxu,cam-nun-tol-fraxu,cam,0,4
1236,camnuntolfraxu,cam-nun-tol-fraxu,nun,1,4
1237,camnuntolfraxu,cam-nun-tol-fraxu,tol,2,4
1238,camnuntolfraxu,cam-nun-tol-fraxu,fraxu,3,4
1239,camnunxe'o,cam-nun-xe'o,cam,0,3
1240,camnunxe'o,cam-nun-xe'o,nun,1,3
1241,camnunxe'o,cam-nun-xe'o,xe'o,2,3
1242,campa'i,cam-pa'i,cam,0,2
1243,campa'i,cam-pa'i,pa'i,1,2
1244,camrai,cam-rai,cam,0,2
1245,camrai,cam-rai,rai,1,2
1246,camri'a,cam-ri'a,cam,0,2
1247,camri'a,cam-ri'a,ri'a,1,2
1248,camrivbi,cam-rivbi,cam,0,2
1249,camrivbi,cam-rivbi,rivbi,1,2
1250,camtoi,cam-toi,cam,0,2
1251,camtoi,cam-toi,toi,1,2
1252,camselci'i,cam-sel-ci'i,cam,0,3
1253,camselci'i,cam-sel-ci'i,sel,1,3
1254,camselci'i,cam-sel-ci'i,ci'i,2,3
1255,camselci'igri,cam-sel-ci'i-gri,cam,0,4
1256,camselci'igri,cam-sel-ci'i-gri,sel,1,4
1257,camselci'igri,cam-sel-ci'i-gri,ci'i,2,4
1258,camselci'igri,cam-sel-ci'i-gri,gri,3,4
1259,camsucta,cam-sucta,cam,0,2
1260,camsucta,cam-sucta,sucta,1,2
1261,camte'a,cam-te'a,cam,0,2
1262,camte'a,cam-te'a,te'a,1,2
1263,camtoi,cam-toi,cam,0,2
1264,camtoi,cam-toi,toi,1,2
1265,camvrici,cam-vrici,cam,0,2
1266,camvrici,cam-vrici,vrici,1,2
1267,camyzausku,cam-zau-sku,cam,0,3
1268,camyzausku,cam-zau-sku,zau,1,3
1269,camyzausku,cam-zau-sku,sku,2,3
1270,cancybi'e,canc-bi'e,canc,0,2
1271,cancybi'e,canc-bi'e,bi'e,1,2
1272,cancygau,canc-gau,canc,0,2
1273,cancygau,canc-gau,gau,1,2
1274,candra,can-dra,can,0,2
1275,candra,can-dra,dra,1,2
1276,canselkakpa,can-sel-kakpa,can,0,3
1277,canselkakpa,can-sel-kakpa,sel,1,3
1278,canselkakpa,can-sel-kakpa,kakpa,2,3
1279,cansle,can-sle,can,0,2
1280,cansle,can-sle,sle,1,2
1281,cansro,can-sro,can,0,2
1282,cansro,can-sro,sro,1,2
1283,cantybargau,cant-bar-gau,cant,0,3
1284,cantybargau,cant-bar-gau,bar,1,3
1285,cantybargau,cant-bar-gau,gau,2,3
1286,canvei,can-vei,can,0,2
1287,canvei,can-vei,vei,1,2
1288,capli'u,cap-li'u,cap,0,2
1289,capli'u,cap-li'u,li'u,1,2
1290,capti'i,cap-ti'i,cap,0,2
1291,capti'i,cap-ti'i,ti'i,1,2
1292,capyjde,cap-jde,cap,0,2
1293,capyjde,cap-jde,jde,1,2
1294,carbergau,car-ber-gau,car,0,3
1295,carbergau,car-ber-gau,ber,1,3
1296,carbergau,car-ber-gau,gau,2,3
1297,carberti,car-berti,car,0,2
1298,carberti,car-berti,berti,1,2
1299,carcpu,car-cpu,car,0,2
1300,carcpu,car-cpu,cpu,1,2
1301,cargau,car-gau,car,0,2
1302,cargau,car-gau,gau,1,2
1303,carmi'i,car-mi'i,car,0,2
1304,carmi'i,car-mi'i,mi'i,1,2
1305,carnangau,car-nan-gau,car,0,3
1306,carnangau,car-nan-gau,nan,1,3
1307,carnangau,car-nan-gau,gau,2,3
1308,carti'i,car-ti'i,car,0,2
1309,carti'i,car-ti'i,ti'i,1,2
1310,cartre,car-tre,car,0,2
1311,cartre,car-tre,tre,1,2
1312,caryri'a,car-ri'a,car,0,2
1313,caryri'a,car-ri'a,ri'a,1,2
1314,casygri,cas-gri,cas,0,2
1315,casygri,cas-gri,gri,1,2
1316,catrysi'u,catr-si'u,catr,0,2
1317,catrysi'u,catr-si'u,si'u,1,2
1318,catrytci,catr-tci,catr,0,2
1319,catrytci,catr-tci,tci,1,2
1320,catryzei,catr-zei,catr,0,2
1321,catryzei,catr-zei,zei,1,2
1322,caucni,cau-cni,cau,0,2
1323,caucni,cau-cni,cni,1,2
1324,caurgau,cau-gau,cau,0,2
1325,caurgau,cau-gau,gau,1,2
1326,cavlu'i,cav-lu'i,cav,0,2
1327,cavlu'i,cav-lu'i,lu'i,1,2
1328,cavycau,cav-cau,cav,0,2
1329,cavycau,cav-cau,cau,1,2
1330,cavykosta,cav-kosta,cav,0,2
1331,cavykosta,cav-kosta,kosta,1,2
1332,caxybra,cax-bra,cax,0,2
1333,caxybra,cax-bra,bra,1,2
1334,cazyfusra,caz-fusra,caz,0,2
1335,cazyfusra,caz-fusra,fusra,1,2
1336,cazytcini,caz-tcini,caz,0,2
1337,cazytcini,caz-tcini,tcini,1,2
1338,celtci,cel-tci,cel,0,2
1339,celtci,cel-tci,tci,1,2
1340,cedgau,ced-gau,ced,0,2
1341,cedgau,ced-gau,gau,1,2
1342,cedli'e,ced-li'e,ced,0,2
1343,cedli'e,ced-li'e,li'e,1,2
1344,cedrycabzasmi'u,cedr-cab-zas-mi'u,cedr,0,4
1345,cedrycabzasmi'u,cedr-cab-zas-mi'u,cab,1,4
1346,cedrycabzasmi'u,cedr-cab-zas-mi'u,zas,2,4
1347,cedrycabzasmi'u,cedr-cab-zas-mi'u,mi'u,3,4
1348,cedrymi'u,cedr-mi'u,cedr,0,2
1349,cedrymi'u,cedr-mi'u,mi'u,1,2
1350,cedycko,ced-cko,ced,0,2
1351,cedycko,ced-cko,cko,1,2
1352,cedytru,ced-tru,ced,0,2
1353,cedytru,ced-tru,tru,1,2
1354,ceigru,cei-gru,cei,0,2
1355,ceigru,cei-gru,gru,1,2
1356,ceipro,cei-pro,cei,0,2
1357,ceipro,cei-pro,pro,1,2
1358,ceircpesmi,cei-cpe-smi,cei,0,3
1359,ceircpesmi,cei-cpe-smi,cpe,1,3
1360,ceircpesmi,cei-cpe-smi,smi,2,3
1361,ceirprozu'e,cei-pro-zu'e,cei,0,3
1362,ceirprozu'e,cei-pro-zu'e,pro,1,3
1363,ceirprozu'e,cei-pro-zu'e,zu'e,2,3
1364,ceirselcpe,cei-sel-cpe,cei,0,3
1365,ceirselcpe,cei-sel-cpe,sel,1,3
1366,ceirselcpe,cei-sel-cpe,cpe,2,3
1367,ceirselxa'u,cei-sel-xa'u,cei,0,3
1368,ceirselxa'u,cei-sel-xa'u,sel,1,3
1369,ceirselxa'u,cei-sel-xa'u,xa'u,2,3
1370,ceirselzau,cei-sel-zau,cei,0,3
1371,ceirselzau,cei-sel-zau,sel,1,3
1372,ceirselzau,cei-sel-zau,zau,2,3
1373,ceismo,cei-smo,cei,0,2
1374,ceismo,cei-smo,smo,1,2
1375,ceispe,cei-spe,cei,0,2
1376,ceispe,cei-spe,spe,1,2
1377,ceizda,cei-zda,cei,0,2
1378,ceizda,cei-zda,zda,1,2
1379,celgau,cel-gau,cel,0,2
1380,celgau,cel-gau,gau,1,2
1381,celnunpo'e,cel-nun-po'e,cel,0,3
1382,celnunpo'e,cel-nun-po'e,nun,1,3
1383,celnunpo'e,cel-nun-po'e,po'e,2,3
1384,celxa'i,cel-xa'i,cel,0,2
1385,celxa'i,cel-xa'i,xa'i,1,2
1386,cemlanzu,cem-lanzu,cem,0,2
1387,cemlanzu,cem-lanzu,lanzu,1,2
1388,crelei,cre-lei,cre,0,2
1389,crelei,cre-lei,lei,1,2
1390,cempre,cem-pre,cem,0,2
1391,cempre,cem-pre,pre,1,2
1392,cerbai,cer-bai,cer,0,2
1393,cerbai,cer-bai,bai,1,2
1394,cergu'i,cer-gu'i,cer,0,2
1395,cergu'i,cer-gu'i,gu'i,1,2
1396,cerkemxelklatro,cer-kem-xel-kla-tro,cer,0,5
1397,cerkemxelklatro,cer-kem-xel-kla-tro,kem,1,5
1398,cerkemxelklatro,cer-kem-xel-kla-tro,xel,2,5
1399,cerkemxelklatro,cer-kem-xel-kla-tro,kla,3,5
1400,cerkemxelklatro,cer-kem-xel-kla-tro,tro,4,5
1401,cermurse,cer-murse,cer,0,2
1402,cermurse,cer-murse,murse,1,2
1403,cersolri,cer-solri,cer,0,2
1404,cersolri,cer-solri,solri,1,2
1405,certai,cer-tai,cer,0,2
1406,certai,cer-tai,tai,1,2
1407,cesklo,ces-klo,ces,0,2
1408,cesklo,ces-klo,klo,1,2
1409,cesmau,ces-mau,ces,0,2
1410,cesmau,ces-mau,mau,1,2
1411,cespre,ces-pre,ces,0,2
1412,cespre,ces-pre,pre,1,2
1413,cesri'a,ces-ri'a,ces,0,2
1414,cesri'a,ces-ri'a,ri'a,1,2
1415,cesri'isi'a,ces-ri'i-si'a,ces,0,3
1416,cesri'isi'a,ces-ri'i-si'a,ri'i,1,3
1417,cesri'isi'a,ces-ri'i-si'a,si'a,2,3
1418,cestoldapma,ces-tol-dapma,ces,0,3
1419,cestoldapma,ces-tol-dapma,tol,1,3
1420,cestoldapma,ces-tol-dapma,dapma,2,3
1421,cesycitsi,ces-citsi,ces,0,2
1422,cesycitsi,ces-citsi,citsi,1,2
1423,cesycku,ces-cku,ces,0,2
1424,cesycku,ces-cku,cku,1,2
1425,cesydei,ces-dei,ces,0,2
1426,cesydei,ces-dei,dei,1,2
1427,cesyga'i,ces-ga'i,ces,0,2
1428,cesyga'i,ces-ga'i,ga'i,1,2
1429,cesygau,ces-gau,ces,0,2
1430,cesygau,ces-gau,gau,1,2
1431,cesysoi,ces-soi,ces,0,2
1432,cesysoi,ces-soi,soi,1,2
1433,cesytutra,ces-tutra,ces,0,2
1434,cesytutra,ces-tutra,tutra,1,2
1435,cesyvu'e,ces-vu'e,ces,0,2
1436,cesyvu'e,ces-vu'e,vu'e,1,2
1437,cevjeicmi,cev-jei-cmi,cev,0,3
1438,cevjeicmi,cev-jei-cmi,jei,1,3
1439,cevjeicmi,cev-jei-cmi,cmi,2,3
1440,cevmu'i,cev-mu'i,cev,0,2
1441,cevmu'i,cev-mu'i,mu'i,1,2
1442,cevmu'u,cev-mu'u,cev,0,2
1443,cevmu'u,cev-mu'u,mu'u,1,2
1444,cevnoibei,cev-noi-bei,cev,0,3
1445,cevnoibei,cev-noi-bei,noi,1,3
1446,cevnoibei,cev-noi-bei,bei,2,3
1447,cevrirni,cev-rirni,cev,0,2
1448,cevrirni,cev-rirni,rirni,1,2
1449,cevytadni,cev-tadni,cev,0,2
1450,cevytadni,cev-tadni,tadni,1,2
1451,cevzbaxriso,cev-zba-xriso,cev,0,3
1452,cevzbaxriso,cev-zba-xriso,zba,1,3
1453,cevzbaxriso,cev-zba-xriso,xriso,2,3
1454,cfabalvi,cfa-balvi,cfa,0,2
1455,cfabalvi,cfa-balvi,balvi,1,2
1456,cfabei,cfa-bei,cfa,0,2
1457,cfabei,cfa-bei,bei,1,2
1458,cfadu'a,cfa-du'a,cfa,0,2
1459,cfadu'a,cfa-du'a,du'a,1,2
1460,cfafa'o,cfa-fa'o,cfa,0,2
1461,cfafa'o,cfa-fa'o,fa'o,1,2
1462,cfagau,cfa-gau,cfa,0,2
1463,cfagau,cfa-gau,gau,1,2
1464,cfale'u,cfa-le'u,cfa,0,2
1465,cfale'u,cfa-le'u,le'u,1,2
1466,cfapau,cfa-pau,cfa,0,2
1467,cfapau,cfa-pau,pau,1,2
1468,cfasazri,cfa-sazri,cfa,0,2
1469,cfasazri,cfa-sazri,sazri,1,2
1470,cfasni,cfa-sni,cfa,0,2
1471,cfasni,cfa-sni,sni,1,2
1472,cfatse,cfa-tse,cfa,0,2
1473,cfatse,cfa-tse,tse,1,2
1474,fikcku,fik-cku,fik,0,2
1475,fikcku,fik-cku,cku,1,2
1476,cfubi'o,cfu-bi'o,cfu,0,2
1477,cfubi'o,cfu-bi'o,bi'o,1,2
1478,cfucoi,cfu-coi,cfu,0,2
1479,cfucoi,cfu-coi,coi,1,2
1480,cfugau,cfu-gau,cfu,0,2
1481,cfugau,cfu-gau,gau,1,2
1482,cfumau,cfu-mau,cfu,0,2
1483,cfumau,cfu-mau,mau,1,2
1484,cfuze'a,cfu-ze'a,cfu,0,2
1485,cfuze'a,cfu-ze'a,ze'a,1,2
1486,cfuzengau,cfu-zen-gau,cfu,0,3
1487,cfuzengau,cfu-zen-gau,zen,1,3
1488,cfuzengau,cfu-zen-gau,gau,2,3
1489,ci'ajbu,ci'a-jbu,ci'a,0,2
1490,ci'ajbu,ci'a-jbu,jbu,1,2
1491,ci'arfi'i,ci'a-fi'i,ci'a,0,2
1492,ci'arfi'i,ci'a-fi'i,fi'i,1,2
1493,ci'arse'u,ci'a-se'u,ci'a,0,2
1494,ci'arse'u,ci'a-se'u,se'u,1,2
1495,ci'arseljibri,ci'a-sel-jibri,ci'a,0,3
1496,ci'arseljibri,ci'a-sel-jibri,sel,1,3
1497,ci'arseljibri,ci'a-sel-jibri,jibri,2,3
1498,ci'arselsku,ci'a-sel-sku,ci'a,0,3
1499,ci'arselsku,ci'a-sel-sku,sel,1,3
1500,ci'arselsku,ci'a-sel-sku,sku,2,3
1501,ci'aski,ci'a-ski,ci'a,0,2
1502,ci'aski,ci'a-ski,ski,1,2
1503,ci'asku,ci'a-sku,ci'a,0,2
1504,ci'asku,ci'a-sku,sku,1,2
1505,ci'erkei,ci'e-kei,ci'e,0,2
1506,ci'erkei,ci'e-kei,kei,1,2
1507,ci'erkemsibdau,ci'e-kem-sib-dau,ci'e,0,4
1508,ci'erkemsibdau,ci'e-kem-sib-dau,kem,1,4
1509,ci'erkemsibdau,ci'e-kem-sib-dau,sib,2,4
1510,ci'erkemsibdau,ci'e-kem-sib-dau,dau,3,4
1511,ci'erpapri,ci'e-papri,ci'e,0,2
1512,ci'erpapri,ci'e-papri,papri,1,2
1513,ci'erpoi,ci'e-poi,ci'e,0,2
1514,ci'erpoi,ci'e-poi,poi,1,2
1515,ci'ersaptai,ci'e-sap-tai,ci'e,0,3
1516,ci'ersaptai,ci'e-sap-tai,sap,1,3
1517,ci'ersaptai,ci'e-sap-tai,tai,2,3
1518,ci'ircai,ci'i-cai,ci'i,0,2
1519,ci'ircai,ci'i-cai,cai,1,2
1520,ci'izdi,ci'i-zdi,ci'i,0,2
1521,ci'izdi,ci'i-zdi,zdi,1,2
1522,ci'izma,ci'i-zma,ci'i,0,2
1523,ci'izma,ci'i-zma,zma,1,2
1524,ci'urje'u,ci'u-je'u,ci'u,0,2
1525,ci'urje'u,ci'u-je'u,je'u,1,2
1526,ci'urnandu,ci'u-nandu,ci'u,0,2
1527,ci'urnandu,ci'u-nandu,nandu,1,2
1528,ci'urninje'u,ci'u-nin-je'u,ci'u,0,3
1529,ci'urninje'u,ci'u-nin-je'u,nin,1,3
1530,ci'urninje'u,ci'u-nin-je'u,je'u,2,3
1531,cibdei,cib-dei,cib,0,2
1532,cibdei,cib-dei,dei,1,2
1533,cibjamgutci,cib-jam-gutci,cib,0,3
1534,cibjamgutci,cib-jam-gutci,jam,1,3
1535,cibjamgutci,cib-jam-gutci,gutci,2,3
1536,cibjantradamri,cib-jan-tra-damri,cib,0,4
1537,cibjantradamri,cib-jan-tra-damri,jan,1,4
1538,cibjantradamri,cib-jan-tra-damri,tra,2,4
1539,cibjantradamri,cib-jan-tra-damri,damri,3,4
1540,cibjgatai,cib-jga-tai,cib,0,3
1541,cibjgatai,cib-jga-tai,jga,1,3
1542,cibjgatai,cib-jga-tai,tai,2,3
1543,cibjgatapla,cib-jga-tapla,cib,0,3
1544,cibjgatapla,cib-jga-tapla,jga,1,3
1545,cibjgatapla,cib-jga-tapla,tapla,2,3
1546,cibjmagutci,cib-jma-gutci,cib,0,3
1547,cibjmagutci,cib-jma-gutci,jma,1,3
1548,cibjmagutci,cib-jma-gutci,gutci,2,3
1549,cibmeilei,cib-mei-lei,cib,0,3
1550,cibmeilei,cib-mei-lei,mei,1,3
1551,cibmeilei,cib-mei-lei,lei,2,3
1552,cibna'a,cib-na'a,cib,0,2
1553,cibna'a,cib-na'a,na'a,1,2
1554,cibycukta,cib-cukta,cib,0,2
1555,cibycukta,cib-cukta,cukta,1,2
1556,cibykamju,cib-kamju,cib,0,2
1557,cibykamju,cib-kamju,kamju,1,2
1558,cibykoi,cib-koi,cib,0,2
1559,cibykoi,cib-koi,koi,1,2
1560,cibylajykruca,cib-laj-kruca,cib,0,3
1561,cibylajykruca,cib-laj-kruca,laj,1,3
1562,cibylajykruca,cib-laj-kruca,kruca,2,3
1563,cibyselkoi,cib-sel-koi,cib,0,3
1564,cibyselkoi,cib-sel-koi,sel,1,3
1565,cibyselkoi,cib-sel-koi,koi,2,3
1566,cibyselslaka,cib-sel-slaka,cib,0,3
1567,cibyselslaka,cib-sel-slaka,sel,1,3
1568,cibyselslaka,cib-sel-slaka,slaka,2,3
1569,cibyselstedu,cib-sel-stedu,cib,0,3
1570,cibyselstedu,cib-sel-stedu,sel,1,3
1571,cibyselstedu,cib-sel-stedu,stedu,2,3
1572,cibyskosa'e,cib-sko-sa'e,cib,0,3
1573,cibyskosa'e,cib-sko-sa'e,sko,1,3
1574,cibyskosa'e,cib-sko-sa'e,sa'e,2,3
1575,cibyskosna,cib-sko-sna,cib,0,3
1576,cibyskosna,cib-sko-sna,sko,1,3
1577,cibyskosna,cib-sko-sna,sna,2,3
1578,cibytre,cib-tre,cib,0,2
1579,cibytre,cib-tre,tre,1,2
1580,cibyxi'u,cib-xi'u,cib,0,2
1581,cibyxi'u,cib-xi'u,xi'u,1,2
1582,cicfe'u,cic-fe'u,cic,0,2
1583,cicfe'u,cic-fe'u,fe'u,1,2
1584,cicfoi,cic-foi,cic,0,2
1585,cicfoi,cic-foi,foi,1,2
1586,cicpre,cic-pre,cic,0,2
1587,cicpre,cic-pre,pre,1,2
1588,cicre'a,cic-re'a,cic,0,2
1589,cicre'a,cic-re'a,re'a,1,2
1590,cicti'a,cic-ti'a,cic,0,2
1591,cicti'a,cic-ti'a,ti'a,1,2
1592,cicyractu,cic-ractu,cic,0,2
1593,cicyractu,cic-ractu,ractu,1,2
1594,cicyspa,cic-spa,cic,0,2
1595,cicyspa,cic-spa,spa,1,2
1596,cidbajgre,cid-baj-gre,cid,0,3
1597,cidbajgre,cid-baj-gre,baj,1,3
1598,cidbajgre,cid-baj-gre,gre,2,3
1599,cidbajykla,cid-baj-kla,cid,0,3
1600,cidbajykla,cid-baj-kla,baj,1,3
1601,cidbajykla,cid-baj-kla,kla,2,3
1602,cidycko,cid-cko,cid,0,2
1603,cidycko,cid-cko,cko,1,2
1604,cidydzu,cid-dzu,cid,0,2
1605,cidydzu,cid-dzu,dzu,1,2
1606,cidydzukla,cid-dzu-kla,cid,0,3
1607,cidydzukla,cid-dzu-kla,dzu,1,3
1608,cidydzukla,cid-dzu-kla,kla,2,3
1609,cidykemdzukla,cid-kem-dzu-kla,cid,0,4
1610,cidykemdzukla,cid-kem-dzu-kla,kem,1,4
1611,cidykemdzukla,cid-kem-dzu-kla,dzu,2,4
1612,cidykemdzukla,cid-kem-dzu-kla,kla,3,4
1613,cidykla,cid-kla,cid,0,2
1614,cidykla,cid-kla,kla,1,2
1615,cifku'i,cif-ku'i,cif,0,2
1616,cifku'i,cif-ku'i,ku'i,1,2
1617,cifydja,cif-dja,cif,0,2
1618,cifydja,cif-dja,dja,1,2
1619,cifylisri,cif-lisri,cif,0,2
1620,cifylisri,cif-lisri,lisri,1,2
1621,cikmokca,cik-mokca,cik,0,2
1622,cikmokca,cik-mokca,mokca,1,2
1623,cikri'a,cik-ri'a,cik,0,2
1624,cikri'a,cik-ri'a,ri'a,1,2
1625,ciksne,cik-sne,cik,0,2
1626,ciksne,cik-sne,sne,1,2
1627,cikybi'o,cik-bi'o,cik,0,2
1628,cikybi'o,cik-bi'o,bi'o,1,2
1629,cikygau,cik-gau,cik,0,2
1630,cikygau,cik-gau,gau,1,2
1631,cildadre'e,cil-dad-re'e,cil,0,3
1632,cildadre'e,cil-dad-re'e,dad,1,3
1633,cildadre'e,cil-dad-re'e,re'e,2,3
1634,cildudre'e,cil-dud-re'e,cil,0,3
1635,cildudre'e,cil-dud-re'e,dud,1,3
1636,cildudre'e,cil-dud-re'e,re'e,2,3
1637,cimde'u,cim-de'u,cim,0,2
1638,cimde'u,cim-de'u,de'u,1,2
1639,cimdilnu,cim-dilnu,cim,0,2
1640,cimdilnu,cim-dilnu,dilnu,1,2
1641,cimde'u,cim-de'u,cim,0,2
1642,cimde'u,cim-de'u,de'u,1,2
1643,cimklaji,cim-klaji,cim,0,2
1644,cimklaji,cim-klaji,klaji,1,2
1645,cimnalsai,cim-nal-sai,cim,0,3
1646,cimnalsai,cim-nal-sai,nal,1,3
1647,cimnalsai,cim-nal-sai,sai,2,3
1648,cimnalsra,cim-nal-sra,cim,0,3
1649,cimnalsra,cim-nal-sra,nal,1,3
1650,cimnalsra,cim-nal-sra,sra,2,3
1651,cimnyjbi,cimn-jbi,cimn,0,2
1652,cimnyjbi,cimn-jbi,jbi,1,2
1653,cimnytei,cimn-tei,cimn,0,2
1654,cimnytei,cimn-tei,tei,1,2
1655,cimnyteikai,cimn-tei-kai,cimn,0,3
1656,cimnyteikai,cimn-tei-kai,tei,1,3
1657,cimnyteikai,cimn-tei-kai,kai,2,3
1658,cimxra,cim-xra,cim,0,2
1659,cimxra,cim-xra,xra,1,2
1660,cimri'a,cim-ri'a,cim,0,2
1661,cimri'a,cim-ri'a,ri'a,1,2
1662,cimtu'a,cim-tu'a,cim,0,2
1663,cimtu'a,cim-tu'a,tu'a,1,2
1664,cimymanku,cim-manku,cim,0,2
1665,cimymanku,cim-manku,manku,1,2
1666,cintycta,cint-cta,cint,0,2
1667,cintycta,cint-cta,cta,1,2
1668,cinctu,cin-ctu,cin,0,2
1669,cinctu,cin-ctu,ctu,1,2
1670,cinda'i,cin-da'i,cin,0,2
1671,cinda'i,cin-da'i,da'i,1,2
1672,cindynarge,cind-narge,cind,0,2
1673,cindynarge,cind-narge,narge,1,2
1674,cindyska,cind-ska,cind,0,2
1675,cindyska,cind-ska,ska,1,2
1676,cinfri,cin-fri,cin,0,2
1677,cinfri,cin-fri,fri,1,2
1678,cinfriti,cin-friti,cin,0,2
1679,cinfriti,cin-friti,friti,1,2
1680,cinjikca,cin-jikca,cin,0,2
1681,cinjikca,cin-jikca,jikca,1,2
1682,cinlarcu,cin-larcu,cin,0,2
1683,cinlarcu,cin-larcu,larcu,1,2
1684,cinlycai,cinl-cai,cinl,0,2
1685,cinlycai,cinl-cai,cai,1,2
1686,cinlydu'e,cinl-du'e,cinl,0,2
1687,cinlydu'e,cinl-du'e,du'e,1,2
1688,cinlyrai,cinl-rai,cinl,0,2
1689,cinlyrai,cinl-rai,rai,1,2
1690,cinpa'i,cin-pa'i,cin,0,2
1691,cinpa'i,cin-pa'i,pa'i,1,2
1692,cinprami,cin-prami,cin,0,2
1693,cinprami,cin-prami,prami,1,2
1694,cintypu'a,cint-pu'a,cint,0,2
1695,cintypu'a,cint-pu'a,pu'a,1,2
1696,cinse'a,cin-se'a,cin,0,2
1697,cinse'a,cin-se'a,se'a,1,2
1698,cintra,cin-tra,cin,0,2
1699,cintra,cin-tra,tra,1,2
1700,cintri,cin-tri,cin,0,2
1701,cintri,cin-tri,tri,1,2
1702,cintro,cin-tro,cin,0,2
1703,cintro,cin-tro,tro,1,2
1704,cintungau,cin-tun-gau,cin,0,3
1705,cintungau,cin-tun-gau,tun,1,3
1706,cintungau,cin-tun-gau,gau,2,3
1707,cintyfaigau,cint-fai-gau,cint,0,3
1708,cintyfaigau,cint-fai-gau,fai,1,3
1709,cintyfaigau,cint-fai-gau,gau,2,3
1710,cintylarcu,cint-larcu,cint,0,2
1711,cintylarcu,cint-larcu,larcu,1,2
1712,cintypu'i,cint-pu'i,cint,0,2
1713,cintypu'i,cint-pu'i,pu'i,1,2
1714,cintyxra,cint-xra,cint,0,2
1715,cintyxra,cint-xra,xra,1,2
1716,cinvlaste,cin-vla-ste,cin,0,3
1717,cinvlaste,cin-vla-ste,vla,1,3
1718,cinvlaste,cin-vla-ste,ste,2,3
1719,cinzybatci,cinz-batci,cinz,0,2
1720,cinzybatci,cinz-batci,batci,1,2
1721,cipydja,cip-dja,cip,0,2
1722,cipydja,cip-dja,dja,1,2
1723,circre,cir-cre,cir,0,2
1724,circre,cir-cre,cre,1,2
1725,circtu,cir-ctu,cir,0,2
1726,circtu,cir-ctu,ctu,1,2
1727,cirklo,cir-klo,cir,0,2
1728,cirklo,cir-klo,klo,1,2
1729,cirmi'o,cir-mi'o,cir,0,2
1730,cirmi'o,cir-mi'o,mi'o,1,2
1731,cirsau,cir-sau,cir,0,2
1732,cirsau,cir-sau,sau,1,2
1733,cirselmo'i,cir-sel-mo'i,cir,0,3
1734,cirselmo'i,cir-sel-mo'i,sel,1,3
1735,cirselmo'i,cir-sel-mo'i,mo'i,2,3
1736,cirske,cir-ske,cir,0,2
1737,cirske,cir-ske,ske,1,2
1738,cirtermo'i,cir-ter-mo'i,cir,0,3
1739,cirtermo'i,cir-ter-mo'i,ter,1,3
1740,cirtermo'i,cir-ter-mo'i,mo'i,2,3
1741,cirvai,cir-vai,cir,0,2
1742,cirvai,cir-vai,vai,1,2
1743,cismyfra,cism-fra,cism,0,2
1744,cismyfra,cism-fra,fra,1,2
1745,cismygau,cism-gau,cism,0,2
1746,cismygau,cism-gau,gau,1,2
1747,cintunta,cin-tunta,cin,0,2
1748,cintunta,cin-tunta,tunta,1,2
1749,cisylisri,cis-lisri,cis,0,2
1750,cisylisri,cis-lisri,lisri,1,2
1751,cinselpli,cin-sel-pli,cin,0,3
1752,cinselpli,cin-sel-pli,sel,1,3
1753,cinselpli,cin-sel-pli,pli,2,3
1754,cnicro,cni-cro,cni,0,2
1755,cnicro,cni-cro,cro,1,2
1756,citkanba,cit-kanba,cit,0,2
1757,citkanba,cit-kanba,kanba,1,2
1758,cnikansa,cni-kansa,cni,0,2
1759,cnikansa,cni-kansa,kansa,1,2
1760,citma'u,cit-ma'u,cit,0,2
1761,citma'u,cit-ma'u,ma'u,1,2
1762,citmau,cit-mau,cit,0,2
1763,citmau,cit-mau,mau,1,2
1764,citme'a,cit-me'a,cit,0,2
1765,citme'a,cit-me'a,me'a,1,2
1766,citnanla,cit-nanla,cit,0,2
1767,citnanla,cit-nanla,nanla,1,2
1768,citnau,cit-nau,cit,0,2
1769,citnau,cit-nau,nau,1,2
1770,citni'u,cit-ni'u,cit,0,2
1771,citni'u,cit-ni'u,ni'u,1,2
1772,citpe'o,cit-pe'o,cit,0,2
1773,citpe'o,cit-pe'o,pe'o,1,2
1774,citrai,cit-rai,cit,0,2
1775,citrai,cit-rai,rai,1,2
1776,cniri'a,cni-ri'a,cni,0,2
1777,cniri'a,cni-ri'a,ri'a,1,2
1778,citse'i,cit-se'i,cit,0,2
1779,citse'i,cit-se'i,se'i,1,2
1780,cnise'i,cni-se'i,cni,0,2
1781,cnise'i,cni-se'i,se'i,1,2
1782,cniselkavbu,cni-sel-kavbu,cni,0,3
1783,cniselkavbu,cni-sel-kavbu,sel,1,3
1784,cniselkavbu,cni-sel-kavbu,kavbu,2,3
1785,cnisni,cni-sni,cni,0,2
1786,cnisni,cni-sni,sni,1,2
1787,citsyti'a,cits-ti'a,cits,0,2
1788,citsyti'a,cits-ti'a,ti'a,1,2
1789,citxarju,cit-xarju,cit,0,2
1790,citxarju,cit-xarju,xarju,1,2
1791,cnidu'e,cni-du'e,cni,0,2
1792,cnidu'e,cni-du'e,du'e,1,2
1793,cnija'o,cni-ja'o,cni,0,2
1794,cnija'o,cni-ja'o,ja'o,1,2
1795,civysfani,civ-sfani,civ,0,2
1796,civysfani,civ-sfani,sfani,1,2
1797,cizda'u,ciz-da'u,ciz,0,2
1798,cizda'u,ciz-da'u,da'u,1,2
1799,cizyji'e,ciz-ji'e,ciz,0,2
1800,cizyji'e,ciz-ji'e,ji'e,1,2
1801,cizypro,ciz-pro,ciz,0,2
1802,cizypro,ciz-pro,pro,1,2
1803,ckabu'u,cka-bu'u,cka,0,2
1804,ckabu'u,cka-bu'u,bu'u,1,2
1805,ckagai,cka-gai,cka,0,2
1806,ckagai,cka-gai,gai,1,2
1807,ckakla,cka-kla,cka,0,2
1808,ckakla,cka-kla,kla,1,2
1809,ckali'a,cka-li'a,cka,0,2
1810,ckali'a,cka-li'a,li'a,1,2
1811,ckazbe,cka-zbe,cka,0,2
1812,ckazbe,cka-zbe,zbe,1,2
1813,ckecki,cke-cki,cke,0,2
1814,ckecki,cke-cki,cki,1,2
1815,ckise'i,cki-se'i,cki,0,2
1816,ckise'i,cki-se'i,se'i,1,2
1817,ckiske,cki-ske,cki,0,2
1818,ckiske,cki-ske,ske,1,2
1819,ckiski,cki-ski,cki,0,2
1820,ckiski,cki-ski,ski,1,2
1821,ckispu,cki-spu,cki,0,2
1822,ckispu,cki-spu,spu,1,2
1823,ckitermifra,cki-ter-mifra,cki,0,3
1824,ckitermifra,cki-ter-mifra,ter,1,3
1825,ckitermifra,cki-ter-mifra,mifra,2,3
1826,ckofro,cko-fro,cko,0,2
1827,ckofro,cko-fro,fro,1,2
1828,ckucme,cku-cme,cku,0,2
1829,ckucme,cku-cme,cme,1,2
1830,ckudji,cku-dji,cku,0,2
1831,ckudji,cku-dji,dji,1,2
1832,ckufi'i,cku-fi'i,cku,0,2
1833,ckufi'i,cku-fi'i,fi'i,1,2
1834,ckugri,cku-gri,cku,0,2
1835,ckugri,cku-gri,gri,1,2
1836,ckujbu,cku-jbu,cku,0,2
1837,ckujbu,cku-jbu,jbu,1,2
1838,ckukajna,cku-kajna,cku,0,2
1839,ckukajna,cku-kajna,kajna,1,2
1840,ckupafpa'u,cku-paf-pa'u,cku,0,3
1841,ckupafpa'u,cku-paf-pa'u,paf,1,3
1842,ckupafpa'u,cku-paf-pa'u,pa'u,2,3
1843,ckupaupau,cku-pau-pau,cku,0,3
1844,ckupaupau,cku-pau-pau,pau,1,3
1845,ckupaupau,cku-pau-pau,pau,2,3
1846,ckupra,cku-pra,cku,0,2
1847,ckupra,cku-pra,pra,1,2
1848,ckusro,cku-sro,cku,0,2
1849,ckusro,cku-sro,sro,1,2
1850,ckuzai,cku-zai,cku,0,2
1851,ckuzai,cku-zai,zai,1,2
1852,ckuzda,cku-zda,cku,0,2
1853,ckuzda,cku-zda,zda,1,2
1854,ckuzdacre,cku-zda-cre,cku,0,3
1855,ckuzdacre,cku-zda-cre,zda,1,3
1856,ckuzdacre,cku-zda-cre,cre,2,3
1857,ckuzdaske,cku-zda-ske,cku,0,3
1858,ckuzdaske,cku-zda-ske,zda,1,3
1859,ckuzdaske,cku-zda-ske,ske,2,3
1860,claba'e,cla-ba'e,cla,0,2
1861,claba'e,cla-ba'e,ba'e,1,2
1862,claboi,cla-boi,cla,0,2
1863,claboi,cla-boi,boi,1,2
1864,clacinla,cla-cinla,cla,0,2
1865,clacinla,cla-cinla,cinla,1,2
1866,clackasu,cla-ckasu,cla,0,2
1867,clackasu,cla-ckasu,ckasu,1,2
1868,clacki,cla-cki,cla,0,2
1869,clacki,cla-cki,cki,1,2
1870,clacku,cla-cku,cla,0,2
1871,clacku,cla-cku,cku,1,2
1872,clacla,cla-cla,cla,0,2
1873,clacla,cla-cla,cla,1,2
1874,cladakfu,cla-dakfu,cla,0,2
1875,cladakfu,cla-dakfu,dakfu,1,2
1876,cladakyxa'i,cla-dak-xa'i,cla,0,3
1877,cladakyxa'i,cla-dak-xa'i,dak,1,3
1878,cladakyxa'i,cla-dak-xa'i,xa'i,2,3
1879,cladakyxai,cla-dak-xai,cla,0,3
1880,cladakyxai,cla-dak-xai,dak,1,3
1881,cladakyxai,cla-dak-xai,xai,2,3
1882,clade'a,cla-de'a,cla,0,2
1883,clade'a,cla-de'a,de'a,1,2
1884,cladjine,cla-djine,cla,0,2
1885,cladjine,cla-djine,djine,1,2
1886,cladu'e,cla-du'e,cla,0,2
1887,cladu'e,cla-du'e,du'e,1,2
1888,clafa'u,cla-fa'u,cla,0,2
1889,clafa'u,cla-fa'u,fa'u,1,2
1890,claga'u,cla-ga'u,cla,0,2
1891,claga'u,cla-ga'u,ga'u,1,2
1892,clakarce,cla-karce,cla,0,2
1893,clakarce,cla-karce,karce,1,2
1894,clama'e,cla-ma'e,cla,0,2
1895,clama'e,cla-ma'e,ma'e,1,2
1896,clamau,cla-mau,cla,0,2
1897,clamau,cla-mau,mau,1,2
1898,clamaubi'o,cla-mau-bi'o,cla,0,3
1899,clamaubi'o,cla-mau-bi'o,mau,1,3
1900,clamaubi'o,cla-mau-bi'o,bi'o,2,3
1901,clamaugau,cla-mau-gau,cla,0,3
1902,clamaugau,cla-mau-gau,mau,1,3
1903,clamaugau,cla-mau-gau,gau,2,3
1904,clamauri'a,cla-mau-ri'a,cla,0,3
1905,clamauri'a,cla-mau-ri'a,mau,1,3
1906,clamauri'a,cla-mau-ri'a,ri'a,2,3
1907,clamauzu'e,cla-mau-zu'e,cla,0,3
1908,clamauzu'e,cla-mau-zu'e,mau,1,3
1909,clamauzu'e,cla-mau-zu'e,zu'e,2,3
1910,clamlu,cla-mlu,cla,0,2
1911,clamlu,cla-mlu,mlu,1,2
1912,clapi'e,cla-pi'e,cla,0,2
1913,clapi'e,cla-pi'e,pi'e,1,2
1914,clapi'ejvi,cla-pi'e-jvi,cla,0,3
1915,clapi'ejvi,cla-pi'e-jvi,pi'e,1,3
1916,clapi'ejvi,cla-pi'e-jvi,jvi,2,3
1917,clapre,cla-pre,cla,0,2
1918,clapre,cla-pre,pre,1,2
1919,clara'i,cla-ra'i,cla,0,2
1920,clara'i,cla-ra'i,ra'i,1,2
1921,clarai,cla-rai,cla,0,2
1922,clarai,cla-rai,rai,1,2
1923,clatce,cla-tce,cla,0,2
1924,clatce,cla-tce,tce,1,2
1925,clatei,cla-tei,cla,0,2
1926,clatei,cla-tei,tei,1,2
1927,clavru,cla-vru,cla,0,2
1928,clavru,cla-vru,vru,1,2
1929,claxa'i,cla-xa'i,cla,0,2
1930,claxa'i,cla-xa'i,xa'i,1,2
1931,claxadni,cla-xadni,cla,0,2
1932,claxadni,cla-xadni,xadni,1,2
1933,clazengau,cla-zen-gau,cla,0,3
1934,clazengau,cla-zen-gau,zen,1,3
1935,clazengau,cla-zen-gau,gau,2,3
1936,clazenri'a,cla-zen-ri'a,cla,0,3
1937,clazenri'a,cla-zen-ri'a,zen,1,3
1938,clazenri'a,cla-zen-ri'a,ri'a,2,3
1939,clickable,cli-cka-ble,cli,0,3
1940,clickable,cli-cka-ble,cka,1,3
1941,clickable,cli-cka-ble,ble,2,3
1942,clifilri'a,cli-fil-ri'a,cli,0,3
1943,clifilri'a,cli-fil-ri'a,fil,1,3
1944,clifilri'a,cli-fil-ri'a,ri'a,2,3
1945,cligri,cli-gri,cli,0,2
1946,cligri,cli-gri,gri,1,2
1947,clinoi,cli-noi,cli,0,2
1948,clinoi,cli-noi,noi,1,2
1949,clinunpe'i,cli-nun-pe'i,cli,0,3
1950,clinunpe'i,cli-nun-pe'i,nun,1,3
1951,clinunpe'i,cli-nun-pe'i,pe'i,2,3
1952,cliri'a,cli-ri'a,cli,0,2
1953,cliri'a,cli-ri'a,ri'a,1,2
1954,clitoi,cli-toi,cli,0,2
1955,clitoi,cli-toi,toi,1,2
1956,clugau,clu-gau,clu,0,2
1957,clugau,clu-gau,gau,1,2
1958,clujoikunti,clu-joi-kunti,clu,0,3
1959,clujoikunti,clu-joi-kunti,joi,1,3
1960,clujoikunti,clu-joi-kunti,kunti,2,3
1961,cluste,clu-ste,clu,0,2
1962,cluste,clu-ste,ste,1,2
1963,clutco,clu-tco,clu,0,2
1964,clutco,clu-tco,tco,1,2
1965,cmabanfi,cma-banfi,cma,0,2
1966,cmabanfi,cma-banfi,banfi,1,2
1967,cmaboidi'u,cma-boi-di'u,cma,0,3
1968,cmaboidi'u,cma-boi-di'u,boi,1,3
1969,cmaboidi'u,cma-boi-di'u,di'u,2,3
1970,cmabu'u,cma-bu'u,cma,0,2
1971,cmabu'u,cma-bu'u,bu'u,1,2
1972,cmama'a,cma-ma'a,cma,0,2
1973,cmama'a,cma-ma'a,ma'a,1,2
1974,cmaca'e,cma-ca'e,cma,0,2
1975,cmaca'e,cma-ca'e,ca'e,1,2
1976,cmacai,cma-cai,cma,0,2
1977,cmacai,cma-cai,cai,1,2
1978,cmacifnu,cma-cifnu,cma,0,2
1979,cmacifnu,cma-cifnu,cifnu,1,2
1980,cmacinfo,cma-cinfo,cma,0,2
1981,cmacinfo,cma-cinfo,cinfo,1,2
1982,cmacinki,cma-cinki,cma,0,2
1983,cmacinki,cma-cinki,cinki,1,2
1984,cmacku,cma-cku,cma,0,2
1985,cmacku,cma-cku,cku,1,2
1986,cmacma,cma-cma,cma,0,2
1987,cmacma,cma-cma,cma,1,2
1988,cmacmacrida,cma-cma-crida,cma,0,3
1989,cmacmacrida,cma-cma-crida,cma,1,3
1990,cmacmacrida,cma-cma-crida,crida,2,3
1991,cmacpi,cma-cpi,cma,0,2
1992,cmacpi,cma-cpi,cpi,1,2
1993,cmacrida,cma-crida,cma,0,2
1994,cmacrida,cma-crida,crida,1,2
1995,cmacyske,cmac-ske,cmac,0,2
1996,cmacyske,cmac-ske,ske,1,2
1997,cmadesmi'i,cma-des-mi'i,cma,0,3
1998,cmadesmi'i,cma-des-mi'i,des,1,3
1999,cmadesmi'i,cma-des-mi'i,mi'i,2,3
2000,cmadi'u,cma-di'u,cma,0,2
2001,cmadi'u,cma-di'u,di'u,1,2
2002,cmadjizu'e,cma-dji-zu'e,cma,0,3
2003,cmadjizu'e,cma-dji-zu'e,dji,1,3
2004,cmadjizu'e,cma-dji-zu'e,zu'e,2,3
2005,cmadrata,cma-drata,cma,0,2
2006,cmadrata,cma-drata,drata,1,2
2007,cmafle,cma-fle,cma,0,2
2008,cmafle,cma-fle,fle,1,2
2009,cmaflira,cma-flira,cma,0,2
2010,cmaflira,cma-flira,flira,1,2
2011,cmagau,cma-gau,cma,0,2
2012,cmagau,cma-gau,gau,1,2
2013,cmage'u,cma-ge'u,cma,0,2
2014,cmage'u,cma-ge'u,ge'u,1,2
2015,cmagu'e,cma-gu'e,cma,0,2
2016,cmagu'e,cma-gu'e,gu'e,1,2
2017,cmagu'etru,cma-gu'e-tru,cma,0,3
2018,cmagu'etru,cma-gu'e-tru,gu'e,1,3
2019,cmagu'etru,cma-gu'e-tru,tru,2,3
2020,cmaklaji,cma-klaji,cma,0,2
2021,cmaklaji,cma-klaji,klaji,1,2
2022,cmala'u,cma-la'u,cma,0,2
2023,cmala'u,cma-la'u,la'u,1,2
2024,cmalisri,cma-lisri,cma,0,2
2025,cmalisri,cma-lisri,lisri,1,2
2026,cmama'a,cma-ma'a,cma,0,2
2027,cmama'a,cma-ma'a,ma'a,1,2
2028,cmamabru,cma-mabru,cma,0,2
2029,cmamabru,cma-mabru,mabru,1,2
2030,cmami'a,cma-mi'a,cma,0,2
2031,cmami'a,cma-mi'a,mi'a,1,2
2032,cmamudyspi,cma-mud-spi,cma,0,3
2033,cmamudyspi,cma-mud-spi,mud,1,3
2034,cmamudyspi,cma-mud-spi,spi,2,3
2035,cmanolbe'a,cma-nol-be'a,cma,0,3
2036,cmanolbe'a,cma-nol-be'a,nol,1,3
2037,cmanolbe'a,cma-nol-be'a,be'a,2,3
2038,cmapaugau,cma-pau-gau,cma,0,3
2039,cmapaugau,cma-pau-gau,pau,1,3
2040,cmapaugau,cma-pau-gau,gau,2,3
2041,cmapinflani,cma-pin-flani,cma,0,3
2042,cmapinflani,cma-pin-flani,pin,1,3
2043,cmapinflani,cma-pin-flani,flani,2,3
2044,cmaplini,cma-plini,cma,0,2
2045,cmaplini,cma-plini,plini,1,2
2046,cmaplu,cma-plu,cma,0,2
2047,cmaplu,cma-plu,plu,1,2
2048,cmara'i,cma-ra'i,cma,0,2
2049,cmara'i,cma-ra'i,ra'i,1,2
2050,cmari'e,cma-ri'e,cma,0,2
2051,cmari'e,cma-ri'e,ri'e,1,2
2052,cmaro'i,cma-ro'i,cma,0,2
2053,cmaro'i,cma-ro'i,ro'i,1,2
2054,cmaro'i,cma-ro'i,cma,0,2
2055,cmaro'i,cma-ro'i,ro'i,1,2
2056,cmasigja,cma-sigja,cma,0,2
2057,cmasigja,cma-sigja,sigja,1,2
2058,cmasmu,cma-smu,cma,0,2
2059,cmasmu,cma-smu,smu,1,2
2060,cmaspi,cma-spi,cma,0,2
2061,cmaspi,cma-spi,spi,1,2
2062,cmasre,cma-sre,cma,0,2
2063,cmasre,cma-sre,sre,1,2
2064,cmaste,cma-ste,cma,0,2
2065,cmaste,cma-ste,ste,1,2
2066,cmastizu,cma-stizu,cma,0,2
2067,cmastizu,cma-stizu,stizu,1,2
2068,cmatca,cma-tca,cma,0,2
2069,cmatca,cma-tca,tca,1,2
2070,cmatce,cma-tce,cma,0,2
2071,cmatce,cma-tce,tce,1,2
2072,cmatcidu,cma-tcidu,cma,0,2
2073,cmatcidu,cma-tcidu,tcidu,1,2
2074,cmataisni,cma-tai-sni,cma,0,3
2075,cmataisni,cma-tai-sni,tai,1,3
2076,cmataisni,cma-tai-sni,sni,2,3
2077,cmatricu,cma-tricu,cma,0,2
2078,cmatricu,cma-tricu,tricu,1,2
2079,cmatru,cma-tru,cma,0,2
2080,cmatru,cma-tru,tru,1,2
2081,cmatu'e,cma-tu'e,cma,0,2
2082,cmatu'e,cma-tu'e,tu'e,1,2
2083,cmatu'o,cma-tu'o,cma,0,2
2084,cmatu'o,cma-tu'o,tu'o,1,2
2085,cmavinji,cma-vinji,cma,0,2
2086,cmavinji,cma-vinji,vinji,1,2
2087,cmavla,cma-vla,cma,0,2
2088,cmavla,cma-vla,vla,1,2
2089,cmavri,cma-vri,cma,0,2
2090,cmavri,cma-vri,vri,1,2
2091,cmaxi'a,cma-xi'a,cma,0,2
2092,cmaxi'a,cma-xi'a,xi'a,1,2
2093,cmaxli,cma-xli,cma,0,2
2094,cmaxli,cma-xli,xli,1,2
2095,cmazda,cma-zda,cma,0,2
2096,cmazda,cma-zda,zda,1,2
2097,cmeba'u,cme-ba'u,cme,0,2
2098,cmeba'u,cme-ba'u,ba'u,1,2
2099,cmebasti,cme-basti,cme,0,2
2100,cmebasti,cme-basti,basti,1,2
2101,cmedu'a,cme-du'a,cme,0,2
2102,cmedu'a,cme-du'a,du'a,1,2
2103,cmegau,cme-gau,cme,0,2
2104,cmegau,cme-gau,gau,1,2
2105,cmegi'u,cme-gi'u,cme,0,2
2106,cmegi'u,cme-gi'u,gi'u,1,2
2107,cmeju'o,cme-ju'o,cme,0,2
2108,cmeju'o,cme-ju'o,ju'o,1,2
2109,cmekancu,cme-kancu,cme,0,2
2110,cmekancu,cme-kancu,kancu,1,2
2111,cmema'o,cme-ma'o,cme,0,2
2112,cmema'o,cme-ma'o,ma'o,1,2
2113,cmemo'i,cme-mo'i,cme,0,2
2114,cmemo'i,cme-mo'i,mo'i,1,2
2115,cmenoi,cme-noi,cme,0,2
2116,cmenoi,cme-noi,noi,1,2
2117,cmepli,cme-pli,cme,0,2
2118,cmepli,cme-pli,pli,1,2
2119,cmesanji,cme-sanji,cme,0,2
2120,cmesanji,cme-sanji,sanji,1,2
2121,cmeselgadri,cme-sel-gadri,cme,0,3
2122,cmeselgadri,cme-sel-gadri,sel,1,3
2123,cmeselgadri,cme-sel-gadri,gadri,2,3
2124,cmeselma'o,cme-sel-ma'o,cme,0,3
2125,cmeselma'o,cme-sel-ma'o,sel,1,3
2126,cmeselma'o,cme-sel-ma'o,ma'o,2,3
2127,cmesni,cme-sni,cme,0,2
2128,cmesni,cme-sni,sni,1,2
2129,cmeste,cme-ste,cme,0,2
2130,cmeste,cme-ste,ste,1,2
2131,cmetcita,cme-tcita,cme,0,2
2132,cmetcita,cme-tcita,tcita,1,2
2133,cmeterge'a,cme-ter-ge'a,cme,0,3
2134,cmeterge'a,cme-ter-ge'a,ter,1,3
2135,cmeterge'a,cme-ter-ge'a,ge'a,2,3
2136,cmexai,cme-xai,cme,0,2
2137,cmexai,cme-xai,xai,1,2
2138,cmibi'o,cmi-bi'o,cmi,0,2
2139,cmibi'o,cmi-bi'o,bi'o,1,2
2140,cmicerda,cmi-cerda,cmi,0,2
2141,cmicerda,cmi-cerda,cerda,1,2
2142,cmidu'i,cmi-du'i,cmi,0,2
2143,cmidu'i,cmi-du'i,du'i,1,2
2144,cmifra,cmi-fra,cmi,0,2
2145,cmifra,cmi-fra,fra,1,2
2146,cmina'u,cmi-na'u,cmi,0,2
2147,cmina'u,cmi-na'u,na'u,1,2
2148,cmiste,cmi-ste,cmi,0,2
2149,cmiste,cmi-ste,ste,1,2
2150,cmizu'e,cmi-zu'e,cmi,0,2
2151,cmizu'e,cmi-zu'e,zu'e,1,2
2152,cmoba'u,cmo-ba'u,cmo,0,2
2153,cmoba'u,cmo-ba'u,ba'u,1,2
2154,cmocmi,cmo-cmi,cmo,0,2
2155,cmocmi,cmo-cmi,cmi,1,2
2156,cmoba'u,cmo-ba'u,cmo,0,2
2157,cmoba'u,cmo-ba'u,ba'u,1,2
2158,cmodji,cmo-dji,cmo,0,2
2159,cmodji,cmo-dji,dji,1,2
2160,cmosku,cmo-sku,cmo,0,2
2161,cmosku,cmo-sku,sku,1,2
2162,cmugau,cmu-gau,cmu,0,2
2163,cmugau,cmu-gau,gau,1,2
2164,cmulojmo'a,cmu-loj-mo'a,cmu,0,3
2165,cmulojmo'a,cmu-loj-mo'a,loj,1,3
2166,cmulojmo'a,cmu-loj-mo'a,mo'a,2,3
2167,cmupeiseljibri,cmu-pei-sel-jibri,cmu,0,4
2168,cmupeiseljibri,cmu-pei-sel-jibri,pei,1,4
2169,cmupeiseljibri,cmu-pei-sel-jibri,sel,2,4
2170,cmupeiseljibri,cmu-pei-sel-jibri,jibri,3,4
2171,cmuro'i,cmu-ro'i,cmu,0,2
2172,cmuro'i,cmu-ro'i,ro'i,1,2
2173,cmutadni,cmu-tadni,cmu,0,2
2174,cmutadni,cmu-tadni,tadni,1,2
2175,cnapli,cna-pli,cna,0,2
2176,cnapli,cna-pli,pli,1,2
2177,cnebai,cne-bai,cne,0,2
2178,cnebai,cne-bai,bai,1,2
2179,cnecme,cne-cme,cne,0,2
2180,cnecme,cne-cme,cme,1,2
2181,cnegau,cne-gau,cne,0,2
2182,cnegau,cne-gau,gau,1,2
2183,cnekoi,cne-koi,cne,0,2
2184,cnekoi,cne-koi,koi,1,2
2185,cnelai,cne-lai,cne,0,2
2186,cnelai,cne-lai,lai,1,2
2187,cneri'a,cne-ri'a,cne,0,2
2188,cneri'a,cne-ri'a,ri'a,1,2
2189,cnicne,cni-cne,cni,0,2
2190,cnicne,cni-cne,cne,1,2
2191,cnicro,cni-cro,cni,0,2
2192,cnicro,cni-cro,cro,1,2
2193,cnidesku,cni-desku,cni,0,2
2194,cnidesku,cni-desku,desku,1,2
2195,cnikansa,cni-kansa,cni,0,2
2196,cnikansa,cni-kansa,kansa,1,2
2197,cnikurkygau,cni-kurk-gau,cni,0,3
2198,cnikurkygau,cni-kurk-gau,kurk,1,3
2199,cnikurkygau,cni-kurk-gau,gau,2,3
2200,cnima'o,cni-ma'o,cni,0,2
2201,cnima'o,cni-ma'o,ma'o,1,2
2202,ci'izma,ci'i-zma,ci'i,0,2
2203,ci'izma,ci'i-zma,zma,1,2
2204,cnimlu,cni-mlu,cni,0,2
2205,cnimlu,cni-mlu,mlu,1,2
2206,ci'irmu'i,ci'i-mu'i,ci'i,0,2
2207,ci'irmu'i,ci'i-mu'i,mu'i,1,2
2208,cnimuvmi'i,cni-muv-mi'i,cni,0,3
2209,cnimuvmi'i,cni-muv-mi'i,muv,1,3
2210,cnimuvmi'i,cni-muv-mi'i,mi'i,2,3
2211,cninunsku,cni-nun-sku,cni,0,3
2212,cninunsku,cni-nun-sku,nun,1,3
2213,cninunsku,cni-nun-sku,sku,2,3
2214,cniri'a,cni-ri'a,cni,0,2
2215,cniri'a,cni-ri'a,ri'a,1,2
2216,cnise'i,cni-se'i,cni,0,2
2217,cnise'i,cni-se'i,se'i,1,2
2218,cnisei,cni-sei,cni,0,2
2219,cnisei,cni-sei,sei,1,2
2220,ci'irselkai,ci'i-sel-kai,ci'i,0,3
2221,ci'irselkai,ci'i-sel-kai,sel,1,3
2222,ci'irselkai,ci'i-sel-kai,kai,2,3
2223,cnisti,cni-sti,cni,0,2
2224,cnisti,cni-sti,sti,1,2
2225,cnize'a,cni-ze'a,cni,0,2
2226,cnize'a,cni-ze'a,ze'a,1,2
2227,cnocentri,cno-cen-tri,cno,0,3
2228,cnocentri,cno-cen-tri,cen,1,3
2229,cnocentri,cno-cen-tri,tri,2,3
2230,cnofi'i,cno-fi'i,cno,0,2
2231,cnofi'i,cno-fi'i,fi'i,1,2
2232,cnojunctable,cno-jun-cta-ble,cno,0,4
2233,cnojunctable,cno-jun-cta-ble,jun,1,4
2234,cnojunctable,cno-jun-cta-ble,cta,2,4
2235,cnojunctable,cno-jun-cta-ble,ble,3,4
2236,cnope'u,cno-pe'u,cno,0,2
2237,cnope'u,cno-pe'u,pe'u,1,2
2238,cnostable,cno-sta-ble,cno,0,3
2239,cnostable,cno-sta-ble,sta,1,3
2240,cnostable,cno-sta-ble,ble,2,3
2241,cnostucte,cno-stu-cte,cno,0,3
2242,cnostucte,cno-stu-cte,stu,1,3
2243,cnostucte,cno-stu-cte,cte,2,3
2244,cnotracte,cno-tra-cte,cno,0,3
2245,cnotracte,cno-tra-cte,tra,1,3
2246,cnotracte,cno-tra-cte,cte,2,3
2247,cnotractible,cno-tra-cti-ble,cno,0,4
2248,cnotractible,cno-tra-cti-ble,tra,1,4
2249,cnotractible,cno-tra-cti-ble,cti,2,4
2250,cnotractible,cno-tra-cti-ble,ble,3,4
2251,cnotractile,cno-tra-ctile,cno,0,3
2252,cnotractile,cno-tra-ctile,tra,1,3
2253,cnotractile,cno-tra-ctile,ctile,2,3
2254,cnovertirse,cno-ver-tirse,cno,0,3
2255,cnovertirse,cno-ver-tirse,ver,1,3
2256,cnovertirse,cno-ver-tirse,tirse,2,3
2257,co'acme,co'a-cme,co'a,0,2
2258,co'acme,co'a-cme,cme,1,2
2259,co'arkemyzunsnale'u,co'a-kem-zun-sna-le'u,co'a,0,5
2260,co'arkemyzunsnale'u,co'a-kem-zun-sna-le'u,kem,1,5
2261,co'arkemyzunsnale'u,co'a-kem-zun-sna-le'u,zun,2,5
2262,co'arkemyzunsnale'u,co'a-kem-zun-sna-le'u,sna,3,5
2263,co'arkemyzunsnale'u,co'a-kem-zun-sna-le'u,le'u,4,5
2264,co'urci'i,co'u-ci'i,co'u,0,2
2265,co'urci'i,co'u-ci'i,ci'i,1,2
2266,co'urdasni,co'u-dasni,co'u,0,2
2267,co'urdasni,co'u-dasni,dasni,1,2
2268,co'urji'e,co'u-ji'e,co'u,0,2
2269,co'urji'e,co'u-ji'e,ji'e,1,2
2270,coiclu,coi-clu,coi,0,2
2271,coiclu,coi-clu,clu,1,2
2272,coisto,coi-sto,coi,0,2
2273,coisto,coi-sto,sto,1,2
2274,coitra,coi-tra,coi,0,2
2275,coitra,coi-tra,tra,1,2
2276,coitre,coi-tre,coi,0,2
2277,coitre,coi-tre,tre,1,2
2278,coitro,coi-tro,coi,0,2
2279,coitro,coi-tro,tro,1,2
2280,coizma,coi-zma,coi,0,2
2281,coizma,coi-zma,zma,1,2
2282,comfra,com-fra,com,0,2
2283,comfra,com-fra,fra,1,2
2284,comple,com-ple,com,0,2
2285,comple,com-ple,ple,1,2
2286,compli,com-pli,com,0,2
2287,compli,com-pli,pli,1,2
2288,compra,com-pra,com,0,2
2289,compra,com-pra,pra,1,2
2290,compre,com-pre,com,0,2
2291,compre,com-pre,pre,1,2
2292,comski,com-ski,com,0,2
2293,comski,com-ski,ski,1,2
2294,comymu'u,com-mu'u,com,0,2
2295,comymu'u,com-mu'u,mu'u,1,2
2296,cpacpe,cpa-cpe,cpa,0,2
2297,cpacpe,cpa-cpe,cpe,1,2
2298,cpadji,cpa-dji,cpa,0,2
2299,cpadji,cpa-dji,dji,1,2
2300,cpakarda,cpa-karda,cpa,0,2
2301,cpakarda,cpa-karda,karda,1,2
2302,cpanygle,cpan-gle,cpan,0,2
2303,cpanygle,cpan-gle,gle,1,2
2304,cpavla,cpa-vla,cpa,0,2
2305,cpavla,cpa-vla,vla,1,2
2306,cpesku,cpe-sku,cpe,0,2
2307,cpesku,cpe-sku,sku,1,2
2308,cpicme,cpi-cme,cpi,0,2
2309,cpicme,cpi-cme,cme,1,2
2310,cpifetso'a,cpi-fet-so'a,cpi,0,3
2311,cpifetso'a,cpi-fet-so'a,fet,1,3
2312,cpifetso'a,cpi-fet-so'a,so'a,2,3
2313,cpinymabru,cpin-mabru,cpin,0,2
2314,cpinymabru,cpin-mabru,mabru,1,2
2315,cpinypre,cpin-pre,cpin,0,2
2316,cpinypre,cpin-pre,pre,1,2
2317,cpinyractu,cpin-ractu,cpin,0,2
2318,cpinyractu,cpin-ractu,ractu,1,2
2319,cpinyratcu,cpin-ratcu,cpin,0,2
2320,cpinyratcu,cpin-ratcu,ratcu,1,2
2321,cpinyxarju,cpin-xarju,cpin,0,2
2322,cpinyxarju,cpin-xarju,xarju,1,2
2323,cpiso'a,cpi-so'a,cpi,0,2
2324,cpiso'a,cpi-so'a,so'a,1,2
2325,cpiste,cpi-ste,cpi,0,2
2326,cpiste,cpi-ste,ste,1,2
2327,cpizda,cpi-zda,cpi,0,2
2328,cpizda,cpi-zda,zda,1,2
2329,cpumi'i,cpu-mi'i,cpu,0,2
2330,cpumi'i,cpu-mi'i,mi'i,1,2
2331,cpumu'u,cpu-mu'u,cpu,0,2
2332,cpumu'u,cpu-mu'u,mu'u,1,2
2333,cpumuvgau,cpu-muv-gau,cpu,0,3
2334,cpumuvgau,cpu-muv-gau,muv,1,3
2335,cpumuvgau,cpu-muv-gau,gau,2,3
2336,crablaci,cra-blaci,cra,0,2
2337,crablaci,cra-blaci,blaci,1,2
2338,cradytci,crad-tci,crad,0,2
2339,cradytci,crad-tci,tci,1,2
2340,crafa'e,cra-fa'e,cra,0,2
2341,crafa'e,cra-fa'e,fa'e,1,2
2342,cragu'i,cra-gu'i,cra,0,2
2343,cragu'i,cra-gu'i,gu'i,1,2
2344,crakla,cra-kla,cra,0,2
2345,crakla,cra-kla,kla,1,2
2346,craku'a,cra-ku'a,cra,0,2
2347,craku'a,cra-ku'a,ku'a,1,2
2348,crale'u,cra-le'u,cra,0,2
2349,crale'u,cra-le'u,le'u,1,2
2350,craloi,cra-loi,cra,0,2
2351,craloi,cra-loi,loi,1,2
2352,crari'a,cra-ri'a,cra,0,2
2353,crari'a,cra-ri'a,ri'a,1,2
2354,crastu,cra-stu,cra,0,2
2355,crastu,cra-stu,stu,1,2
2356,crati'e,cra-ti'e,cra,0,2
2357,crati'e,cra-ti'e,ti'e,1,2
2358,cravro,cra-vro,cra,0,2
2359,cravro,cra-vro,vro,1,2
2360,crebi'o,cre-bi'o,cre,0,2
2361,crebi'o,cre-bi'o,bi'o,1,2
2362,crecipselzba,cre-cip-sel-zba,cre,0,4
2363,crecipselzba,cre-cip-sel-zba,cip,1,4
2364,crecipselzba,cre-cip-sel-zba,sel,2,4
2365,crecipselzba,cre-cip-sel-zba,zba,3,4
2366,cregau,cre-gau,cre,0,2
2367,cregau,cre-gau,gau,1,2
2368,crerai,cre-rai,cre,0,2
2369,crerai,cre-rai,rai,1,2
2370,creselfi'i,cre-sel-fi'i,cre,0,3
2371,creselfi'i,cre-sel-fi'i,sel,1,3
2372,creselfi'i,cre-sel-fi'i,fi'i,2,3
2373,creselylarcu,cre-sel-larcu,cre,0,3
2374,creselylarcu,cre-sel-larcu,sel,1,3
2375,creselylarcu,cre-sel-larcu,larcu,2,3
2376,cresta,cre-sta,cre,0,2
2377,cresta,cre-sta,sta,1,2
2378,creta'a,cre-ta'a,cre,0,2
2379,creta'a,cre-ta'a,ta'a,1,2
2380,cretra,cre-tra,cre,0,2
2381,cretra,cre-tra,tra,1,2
2382,cricru,cri-cru,cri,0,2
2383,cricru,cri-cru,cru,1,2
2384,criple,cri-ple,cri,0,2
2385,criple,cri-ple,ple,1,2
2386,crisfa,cri-sfa,cri,0,2
2387,crisfa,cri-sfa,sfa,1,2
2388,croci'i,cro-ci'i,cro,0,2
2389,croci'i,cro-ci'i,ci'i,1,2
2390,crocri,cro-cri,cro,0,2
2391,crocri,cro-cri,cri,1,2
2392,crodri,cro-dri,cro,0,2
2393,crodri,cro-dri,dri,1,2
2394,crogau,cro-gau,cro,0,2
2395,crogau,cro-gau,gau,1,2
2396,crogla,cro-gla,cro,0,2
2397,crogla,cro-gla,gla,1,2
2398,croklu,cro-klu,cro,0,2
2399,croklu,cro-klu,klu,1,2
2400,crori'a,cro-ri'a,cro,0,2
2401,crori'a,cro-ri'a,ri'a,1,2
2402,crotcegau,cro-tce-gau,cro,0,3
2403,crotcegau,cro-tce-gau,tce,1,3
2404,crotcegau,cro-tce-gau,gau,2,3
2405,crotsapi,cro-tsapi,cro,0,2
2406,crotsapi,cro-tsapi,tsapi,1,2
2407,crovo'a,cro-vo'a,cro,0,2
2408,crovo'a,cro-vo'a,vo'a,1,2
2409,crovu'i,cro-vu'i,cro,0,2
2410,crovu'i,cro-vu'i,vu'i,1,2
2411,ba'ucna,ba'u-cna,ba'u,0,2
2412,ba'ucna,ba'u-cna,cna,1,2
2413,ba'urdu'u,ba'u-du'u,ba'u,0,2
2414,ba'urdu'u,ba'u-du'u,du'u,1,2
2415,ba'urnoi,ba'u-noi,ba'u,0,2
2416,ba'urnoi,ba'u-noi,noi,1,2
2417,ba'usku,ba'u-sku,ba'u,0,2
2418,ba'usku,ba'u-sku,sku,1,2
2419,crutcini,cru-tcini,cru,0,2
2420,crutcini,cru-tcini,tcini,1,2
2421,ctable,cta-ble,cta,0,2
2422,ctable,cta-ble,ble,1,2
2423,ctacarna,cta-carna,cta,0,2
2424,ctacarna,cta-carna,carna,1,2
2425,ctatadni,cta-tadni,cta,0,2
2426,ctatadni,cta-tadni,tadni,1,2
2427,ctatri,cta-tri,cta,0,2
2428,ctatri,cta-tri,tri,1,2
2429,ctazu'e,cta-zu'e,cta,0,2
2430,ctazu'e,cta-zu'e,zu'e,1,2
2431,ctebixtei,cte-bix-tei,cte,0,3
2432,ctebixtei,cte-bix-tei,bix,1,3
2433,ctebixtei,cte-bix-tei,tei,2,3
2434,ctecpi,cte-cpi,cte,0,2
2435,ctecpi,cte-cpi,cpi,1,2
2436,ctecto,cte-cto,cte,0,2
2437,ctecto,cte-cto,cto,1,2
2438,ctejau,cte-jau,cte,0,2
2439,ctejau,cte-jau,jau,1,2
2440,ctejoidimna,cte-joi-dimna,cte,0,3
2441,ctejoidimna,cte-joi-dimna,joi,1,3
2442,ctejoidimna,cte-joi-dimna,dimna,2,3
2443,ctemanku,cte-manku,cte,0,2
2444,ctemanku,cte-manku,manku,1,2
2445,ctemidju,cte-midju,cte,0,2
2446,ctemidju,cte-midju,midju,1,2
2447,ctemurse,cte-murse,cte,0,2
2448,ctemurse,cte-murse,murse,1,2
2449,ctepre,cte-pre,cte,0,2
2450,ctepre,cte-pre,pre,1,2
2451,ctesa'a,cte-sa'a,cte,0,2
2452,ctesa'a,cte-sa'a,sa'a,1,2
2453,cticpe,cti-cpe,cti,0,2
2454,cticpe,cti-cpe,cpe,1,2
2455,ctidji,cti-dji,cti,0,2
2456,ctidji,cti-dji,dji,1,2
2457,ctigau,cti-gau,cti,0,2
2458,ctigau,cti-gau,gau,1,2
2459,ctijalra,cti-jalra,cti,0,2
2460,ctijalra,cti-jalra,jalra,1,2
2461,ctijbu,cti-jbu,cti,0,2
2462,ctijbu,cti-jbu,jbu,1,2
2463,ctika'e,cti-ka'e,cti,0,2
2464,ctika'e,cti-ka'e,ka'e,1,2
2465,ctilyvengu'e,ctil-ven-gu'e,ctil,0,3
2466,ctilyvengu'e,ctil-ven-gu'e,ven,1,3
2467,ctilyvengu'e,ctil-ven-gu'e,gu'e,2,3
2468,ctinei,cti-nei,cti,0,2
2469,ctinei,cti-nei,nei,1,2
2470,ctipla,cti-pla,cti,0,2
2471,ctipla,cti-pla,pla,1,2
2472,ctiri'a,cti-ri'a,cti,0,2
2473,ctiri'a,cti-ri'a,ri'a,1,2
2474,ctiru'egau,cti-ru'e-gau,cti,0,3
2475,ctiru'egau,cti-ru'e-gau,ru'e,1,3
2476,ctiru'egau,cti-ru'e-gau,gau,2,3
2477,ctisla,cti-sla,cti,0,2
2478,ctisla,cti-sla,sla,1,2
2479,ctitcilu'i,cti-tci-lu'i,cti,0,3
2480,ctitcilu'i,cti-tci-lu'i,tci,1,3
2481,ctitcilu'i,cti-tci-lu'i,lu'i,2,3
2482,ctitu'o,cti-tu'o,cti,0,2
2483,ctitu'o,cti-tu'o,tu'o,1,2
2484,ctomei,cto-mei,cto,0,2
2485,ctomei,cto-mei,mei,1,2
2486,ctona'a,cto-na'a,cto,0,2
2487,ctona'a,cto-na'a,na'a,1,2
2488,ctutcidu,ctu-tcidu,ctu,0,2
2489,ctutcidu,ctu-tcidu,tcidu,1,2
2490,ctucku,ctu-cku,ctu,0,2
2491,ctucku,ctu-cku,cku,1,2
2492,ctufau,ctu-fau,ctu,0,2
2493,ctufau,ctu-fau,fau,1,2
2494,ctulisri,ctu-lisri,ctu,0,2
2495,ctulisri,ctu-lisri,lisri,1,2
2496,ctunoi,ctu-noi,ctu,0,2
2497,ctunoi,ctu-noi,noi,1,2
2498,ctununta'a,ctu-nun-ta'a,ctu,0,3
2499,ctununta'a,ctu-nun-ta'a,nun,1,3
2500,ctununta'a,ctu-nun-ta'a,ta'a,2,3
2501,ctuta'a,ctu-ta'a,ctu,0,2
2502,ctuta'a,ctu-ta'a,ta'a,1,2
2503,cu'acpa,cu'a-cpa,cu'a,0,2
2504,cu'acpa,cu'a-cpa,cpa,1,2
2505,curcrida,cur-crida,cur,0,2
2506,curcrida,cur-crida,crida,1,2
2507,cu'urzu'e,cu'u-zu'e,cu'u,0,2
2508,cu'urzu'e,cu'u-zu'e,zu'e,1,2
2509,cucma'e,cuc-ma'e,cuc,0,2
2510,cucma'e,cuc-ma'e,ma'e,1,2
2511,cucti'e,cuc-ti'e,cuc,0,2
2512,cucti'e,cuc-ti'e,ti'e,1,2
2513,cucycau,cuc-cau,cuc,0,2
2514,cucycau,cuc-cau,cau,1,2
2515,cucysei,cuc-sei,cuc,0,2
2516,cucysei,cuc-sei,sei,1,2
2517,cucyxelkla,cuc-xel-kla,cuc,0,3
2518,cucyxelkla,cuc-xel-kla,xel,1,3
2519,cucyxelkla,cuc-xel-kla,kla,2,3
2520,cucyza'u,cuc-za'u,cuc,0,2
2521,cucyza'u,cuc-za'u,za'u,1,2
2522,cucyzbi,cuc-zbi,cuc,0,2
2523,cucyzbi,cuc-zbi,zbi,1,2
2524,cukmu'o,cuk-mu'o,cuk,0,2
2525,cukmu'o,cuk-mu'o,mu'o,1,2
2526,cukrai,cuk-rai,cuk,0,2
2527,cukrai,cuk-rai,rai,1,2
2528,cukru'e,cuk-ru'e,cuk,0,2
2529,cukru'e,cuk-ru'e,ru'e,1,2
2530,cukselba'a,cuk-sel-ba'a,cuk,0,3
2531,cukselba'a,cuk-sel-ba'a,sel,1,3
2532,cukselba'a,cuk-sel-ba'a,ba'a,2,3
2533,cuksmi,cuk-smi,cuk,0,2
2534,cuksmi,cuk-smi,smi,1,2
2535,cukyganra,cuk-ganra,cuk,0,2
2536,cukyganra,cuk-ganra,ganra,1,2
2537,cukyko'a,cuk-ko'a,cuk,0,2
2538,cukyko'a,cuk-ko'a,ko'a,1,2
2539,culcpe,cul-cpe,cul,0,2
2540,culcpe,cul-cpe,cpe,1,2
2541,culgau,cul-gau,cul,0,2
2542,culgau,cul-gau,gau,1,2
2543,cumcme,cum-cme,cum,0,2
2544,cumcme,cum-cme,cme,1,2
2545,cumdai,cum-dai,cum,0,2
2546,cumdai,cum-dai,dai,1,2
2547,cumde'u,cum-de'u,cum,0,2
2548,cumde'u,cum-de'u,de'u,1,2
2549,cumfri,cum-fri,cum,0,2
2550,cumfri,cum-fri,fri,1,2
2551,cumri'a,cum-ri'a,cum,0,2
2552,cumri'a,cum-ri'a,ri'a,1,2
2553,cumselpei,cum-sel-pei,cum,0,3
2554,cumselpei,cum-sel-pei,sel,1,3
2555,cumselpei,cum-sel-pei,pei,2,3
2556,cumxai,cum-xai,cum,0,2
2557,cumxai,cum-xai,xai,1,2
2558,cumymu'efi'a,cum-mu'e-fi'a,cum,0,3
2559,cumymu'efi'a,cum-mu'e-fi'a,mu'e,1,3
2560,cumymu'efi'a,cum-mu'e-fi'a,fi'a,2,3
2561,cuncru,cun-cru,cun,0,2
2562,cuncru,cun-cru,cru,1,2
2563,cuncta,cun-cta,cun,0,2
2564,cuncta,cun-cta,cta,1,2
2565,cuncu'a,cun-cu'a,cun,0,2
2566,cuncu'a,cun-cu'a,cu'a,1,2
2567,cundinkei,cun-din-kei,cun,0,3
2568,cundinkei,cun-din-kei,din,1,3
2569,cundinkei,cun-din-kei,kei,2,3
2570,cunfa'i,cun-fa'i,cun,0,2
2571,cunfa'i,cun-fa'i,fa'i,1,2
2572,cunfai,cun-fai,cun,0,2
2573,cunfai,cun-fai,fai,1,2
2574,cunfaigau,cun-fai-gau,cun,0,3
2575,cunfaigau,cun-fai-gau,fai,1,3
2576,cunfaigau,cun-fai-gau,gau,2,3
2577,cunjdi,cun-jdi,cun,0,2
2578,cunjdi,cun-jdi,jdi,1,2
2579,cunjvevai,cun-jve-vai,cun,0,3
2580,cunjvevai,cun-jve-vai,jve,1,3
2581,cunjvevai,cun-jve-vai,vai,2,3
2582,cunkemdimfau,cun-kem-dim-fau,cun,0,4
2583,cunkemdimfau,cun-kem-dim-fau,kem,1,4
2584,cunkemdimfau,cun-kem-dim-fau,dim,2,4
2585,cunkemdimfau,cun-kem-dim-fau,fau,3,4
2586,cunkla,cun-kla,cun,0,2
2587,cunkla,cun-kla,kla,1,2
2588,cunkubli,cun-kubli,cun,0,2
2589,cunkubli,cun-kubli,kubli,1,2
2590,cunpe'i,cun-pe'i,cun,0,2
2591,cunpe'i,cun-pe'i,pe'i,1,2
2592,cunselcu'a,cun-sel-cu'a,cun,0,3
2593,cunselcu'a,cun-sel-cu'a,sel,1,3
2594,cunselcu'a,cun-sel-cu'a,cu'a,2,3
2595,cunstufa'i,cun-stu-fa'i,cun,0,3
2596,cunstufa'i,cun-stu-fa'i,stu,1,3
2597,cunstufa'i,cun-stu-fa'i,fa'i,2,3
2598,cupli'u,cup-li'u,cup,0,2
2599,cupli'u,cup-li'u,li'u,1,2
2600,cuplinfanva,cup-lin-fanva,cup,0,3
2601,cuplinfanva,cup-lin-fanva,lin,1,3
2602,cuplinfanva,cup-lin-fanva,fanva,2,3
2603,cruple,cru-ple,cru,0,2
2604,cruple,cru-ple,ple,1,2
2605,cu'urcau,cu'u-cau,cu'u,0,2
2606,cu'urcau,cu'u-cau,cau,1,2
2607,cu'urzu'e,cu'u-zu'e,cu'u,0,2
2608,cu'urzu'e,cu'u-zu'e,zu'e,1,2
2609,cuvbi'o,cuv-bi'o,cuv,0,2
2610,cuvbi'o,cuv-bi'o,bi'o,1,2
2611,cuvma'o,cuv-ma'o,cuv,0,2
2612,cuvma'o,cuv-ma'o,ma'o,1,2
2613,cuvykai,cuv-kai,cuv,0,2
2614,cuvykai,cuv-kai,kai,1,2
2615,cuxsku,cux-sku,cux,0,2
2616,cuxsku,cux-sku,sku,1,2
2617,cuxtinbe,cux-tinbe,cux,0,2
2618,cuxtinbe,cux-tinbe,tinbe,1,2
2619,cuxyvi'a,cux-vi'a,cux,0,2
2620,cuxyvi'a,cux-vi'a,vi'a,1,2
2621,da'acre,da'a-cre,da'a,0,2
2622,da'acre,da'a-cre,cre,1,2
2623,da'asnu,da'a-snu,da'a,0,2
2624,da'asnu,da'a-snu,snu,1,2
2625,da'ecma,da'e-cma,da'e,0,2
2626,da'ecma,da'e-cma,cma,1,2
2627,da'ergau,da'e-gau,da'e,0,2
2628,da'ergau,da'e-gau,gau,1,2
2629,da'ermapti,da'e-mapti,da'e,0,2
2630,da'ermapti,da'e-mapti,mapti,1,2
2631,da'erzu'e,da'e-zu'e,da'e,0,2
2632,da'erzu'e,da'e-zu'e,zu'e,1,2
2633,dabgri,dab-gri,dab,0,2
2634,dabgri,dab-gri,gri,1,2
2635,dabjvikei,dab-jvi-kei,dab,0,3
2636,dabjvikei,dab-jvi-kei,jvi,1,3
2637,dabjvikei,dab-jvi-kei,kei,2,3
2638,dabli'e,dab-li'e,dab,0,2
2639,dabli'e,dab-li'e,li'e,1,2
2640,dabmri,dab-mri,dab,0,2
2641,dabmri,dab-mri,mri,1,2
2642,dabybai,dab-bai,dab,0,2
2643,dabybai,dab-bai,bai,1,2
2644,dabycalku,dab-calku,dab,0,2
2645,dabycalku,dab-calku,calku,1,2
2646,da'acre,da'a-cre,da'a,0,2
2647,da'acre,da'a-cre,cre,1,2
2648,dadgau,dad-gau,dad,0,2
2649,dadgau,dad-gau,gau,1,2
2650,dadne'ota'u,dad-ne'o-ta'u,dad,0,3
2651,dadne'ota'u,dad-ne'o-ta'u,ne'o,1,3
2652,dadne'ota'u,dad-ne'o-ta'u,ta'u,2,3
2653,dadre'e,dad-re'e,dad,0,2
2654,dadre'e,dad-re'e,re'e,1,2
2655,dadri'a,dad-ri'a,dad,0,2
2656,dadri'a,dad-ri'a,ri'a,1,2
2657,dafcpe,daf-cpe,daf,0,2
2658,dafcpe,daf-cpe,cpe,1,2
2659,dafsabji,daf-sabji,daf,0,2
2660,dafsabji,daf-sabji,sabji,1,2
2661,dafsku,daf-sku,daf,0,2
2662,dafsku,daf-sku,sku,1,2
2663,dafyda'i,daf-da'i,daf,0,2
2664,dafyda'i,daf-da'i,da'i,1,2
2665,dafydu'a,daf-du'a,daf,0,2
2666,dafydu'a,daf-du'a,du'a,1,2
2667,dafyfa'i,daf-fa'i,daf,0,2
2668,dafyfa'i,daf-fa'i,fa'i,1,2
2669,dafygau,daf-gau,daf,0,2
2670,dafygau,daf-gau,gau,1,2
2671,dagla'i,dag-la'i,dag,0,2
2672,dagla'i,dag-la'i,la'i,1,2
2673,dagykoi,dag-koi,dag,0,2
2674,dagykoi,dag-koi,koi,1,2
2675,dagysfe,dag-sfe,dag,0,2
2676,dagysfe,dag-sfe,sfe,1,2
2677,dagysni,dag-sni,dag,0,2
2678,dagysni,dag-sni,sni,1,2
2679,daigle,dai-gle,dai,0,2
2680,daigle,dai-gle,gle,1,2
2681,dairnunkancu,dai-nun-kancu,dai,0,3
2682,dairnunkancu,dai-nun-kancu,nun,1,3
2683,dairnunkancu,dai-nun-kancu,kancu,2,3
2684,dajykralijda,daj-kra-lijda,daj,0,3
2685,dajykralijda,daj-kra-lijda,kra,1,3
2686,dajykralijda,daj-kra-lijda,lijda,2,3
2687,dakcatra,dak-catra,dak,0,2
2688,dakcatra,dak-catra,catra,1,2
2689,daklycka,dakl-cka,dakl,0,2
2690,daklycka,dakl-cka,cka,1,2
2691,dakyxa'i,dak-xa'i,dak,0,2
2692,dakyxa'i,dak-xa'i,xa'i,1,2
2693,dakyxai,dak-xai,dak,0,2
2694,dakyxai,dak-xai,xai,1,2
2695,dalcme,dal-cme,dal,0,2
2696,dalcme,dal-cme,cme,1,2
2697,dalcmeste,dal-cme-ste,dal,0,3
2698,dalcmeste,dal-cme-ste,cme,1,3
2699,dalcmeste,dal-cme-ste,ste,2,3
2700,dalkle,dal-kle,dal,0,2
2701,dalkle,dal-kle,kle,1,2
2702,dalmatski,dal-mat-ski,dal,0,3
2703,dalmatski,dal-mat-ski,mat,1,3
2704,dalmatski,dal-mat-ski,ski,2,3
2705,dalvlaste,dal-vla-ste,dal,0,3
2706,dalvlaste,dal-vla-ste,vla,1,3
2707,dalvlaste,dal-vla-ste,ste,2,3
2708,damble,dam-ble,dam,0,2
2709,damble,dam-ble,ble,1,2
2710,damski,dam-ski,dam,0,2
2711,damski,dam-ski,ski,1,2
2712,damva'u,dam-va'u,dam,0,2
2713,damva'u,dam-va'u,va'u,1,2
2714,dancatra,dan-catra,dan,0,2
2715,dancatra,dan-catra,catra,1,2
2716,darkla,dar-kla,dar,0,2
2717,darkla,dar-kla,kla,1,2
2718,danpevzva,dan-pev-zva,dan,0,3
2719,danpevzva,dan-pev-zva,pev,1,3
2720,danpevzva,dan-pev-zva,zva,2,3
2721,daryri'a,dar-ri'a,dar,0,2
2722,daryri'a,dar-ri'a,ri'a,1,2
2723,danske,dan-ske,dan,0,2
2724,danske,dan-ske,ske,1,2
2725,darstuna,dar-stuna,dar,0,2
2726,darstuna,dar-stuna,stuna,1,2
2727,dansycu'u,dans-cu'u,dans,0,2
2728,dansycu'u,dans-cu'u,cu'u,1,2
2729,danvau,dan-vau,dan,0,2
2730,danvau,dan-vau,vau,1,2
2731,darxa'u,dar-xa'u,dar,0,2
2732,darxa'u,dar-xa'u,xa'u,1,2
2733,danxa'i,dan-xa'i,dan,0,2
2734,danxa'i,dan-xa'i,xa'i,1,2
2735,dartcena,dar-tcena,dar,0,2
2736,dartcena,dar-tcena,tcena,1,2
2737,dapcurnu,dap-curnu,dap,0,2
2738,dapcurnu,dap-curnu,curnu,1,2
2739,dapsnu,dap-snu,dap,0,2
2740,dapsnu,dap-snu,snu,1,2
2741,daptutra,dap-tutra,dap,0,2
2742,daptutra,dap-tutra,tutra,1,2
2743,dapyda'i,dap-da'i,dap,0,2
2744,dapyda'i,dap-da'i,da'i,1,2
2745,darbajra,dar-bajra,dar,0,2
2746,darbajra,dar-bajra,bajra,1,2
2747,darbei,dar-bei,dar,0,2
2748,darbei,dar-bei,bei,1,2
2749,darjai,dar-jai,dar,0,2
2750,darjai,dar-jai,jai,1,2
2751,darjarbu,dar-jarbu,dar,0,2
2752,darjarbu,dar-jarbu,jarbu,1,2
2753,darkla,dar-kla,dar,0,2
2754,darkla,dar-kla,kla,1,2
2755,darkra,dar-kra,dar,0,2
2756,darkra,dar-kra,kra,1,2
2757,darmasyvi'e,dar-mas-vi'e,dar,0,3
2758,darmasyvi'e,dar-mas-vi'e,mas,1,3
2759,darmasyvi'e,dar-mas-vi'e,vi'e,2,3
2760,daryrai,dar-rai,dar,0,2
2761,daryrai,dar-rai,rai,1,2
2762,daryri'a,dar-ri'a,dar,0,2
2763,daryri'a,dar-ri'a,ri'a,1,2
2764,daskybu'u,dask-bu'u,dask,0,2
2765,daskybu'u,dask-bu'u,bu'u,1,2
2766,daskycpi,dask-cpi,dask,0,2
2767,daskycpi,dask-cpi,cpi,1,2
2768,daskyselbei,dask-sel-bei,dask,0,3
2769,daskyselbei,dask-sel-bei,sel,1,3
2770,daskyselbei,dask-sel-bei,bei,2,3
2771,dastsu,das-tsu,das,0,2
2772,dastsu,das-tsu,tsu,1,2
2773,dasygau,das-gau,das,0,2
2774,dasygau,das-gau,gau,1,2
2775,dasyspo,das-spo,das,0,2
2776,dasyspo,das-spo,spo,1,2
2777,datcingle,dat-cin-gle,dat,0,3
2778,datcingle,dat-cin-gle,cin,1,3
2779,datcingle,dat-cin-gle,gle,2,3
2780,datcinpa'i,dat-cin-pa'i,dat,0,3
2781,datcinpa'i,dat-cin-pa'i,cin,1,3
2782,datcinpa'i,dat-cin-pa'i,pa'i,2,3
2783,datcinselta'u,dat-cin-sel-ta'u,dat,0,4
2784,datcinselta'u,dat-cin-sel-ta'u,cin,1,4
2785,datcinselta'u,dat-cin-sel-ta'u,sel,2,4
2786,datcinselta'u,dat-cin-sel-ta'u,ta'u,3,4
2787,datklu,dat-klu,dat,0,2
2788,datklu,dat-klu,klu,1,2
2789,datkypi'u,datk-pi'u,datk,0,2
2790,datkypi'u,datk-pi'u,pi'u,1,2
2791,datmenju'o,dat-men-ju'o,dat,0,3
2792,datmenju'o,dat-men-ju'o,men,1,3
2793,datmenju'o,dat-men-ju'o,ju'o,2,3
2794,datnyka'u,datn-ka'u,datn,0,2
2795,datnyka'u,datn-ka'u,ka'u,1,2
2796,datnyske,datn-ske,datn,0,2
2797,datnyske,datn-ske,ske,1,2
2798,datnysro,datn-sro,datn,0,2
2799,datnysro,datn-sro,sro,1,2
2800,datnyvau,datn-vau,datn,0,2
2801,datnyvau,datn-vau,vau,1,2
2802,datnyvaugunma,datn-vau-gunma,datn,0,3
2803,datnyvaugunma,datn-vau-gunma,vau,1,3
2804,datnyvaugunma,datn-vau-gunma,gunma,2,3
2805,datnyvei,datn-vei,datn,0,2
2806,datnyvei,datn-vei,vei,1,2
2807,datpai,dat-pai,dat,0,2
2808,datpai,dat-pai,pai,1,2
2809,datpavycinglepre,dat-pav-cin-gle-pre,dat,0,5
2810,datpavycinglepre,dat-pav-cin-gle-pre,pav,1,5
2811,datpavycinglepre,dat-pav-cin-gle-pre,cin,2,5
2812,datpavycinglepre,dat-pav-cin-gle-pre,gle,3,5
2813,datpavycinglepre,dat-pav-cin-gle-pre,pre,4,5
2814,datpavypampre,dat-pav-pam-pre,dat,0,4
2815,datpavypampre,dat-pav-pam-pre,pav,1,4
2816,datpavypampre,dat-pav-pam-pre,pam,2,4
2817,datpavypampre,dat-pav-pam-pre,pre,3,4
2818,datpre,dat-pre,dat,0,2
2819,datpre,dat-pre,pre,1,2
2820,datselci'i,dat-sel-ci'i,dat,0,3
2821,datselci'i,dat-sel-ci'i,sel,1,3
2822,datselci'i,dat-sel-ci'i,ci'i,2,3
2823,datseltedypre,dat-sel-ted-pre,dat,0,4
2824,datseltedypre,dat-sel-ted-pre,sel,1,4
2825,datseltedypre,dat-sel-ted-pre,ted,2,4
2826,datseltedypre,dat-sel-ted-pre,pre,3,4
2827,datsni,dat-sni,dat,0,2
2828,datsni,dat-sni,sni,1,2
2829,datsto,dat-sto,dat,0,2
2830,datsto,dat-sto,sto,1,2
2831,datxei,dat-xei,dat,0,2
2832,datxei,dat-xei,xei,1,2
2833,datxelbei,dat-xel-bei,dat,0,3
2834,datxelbei,dat-xel-bei,xel,1,3
2835,datxelbei,dat-xel-bei,bei,2,3
2836,datybau,dat-bau,dat,0,2
2837,datybau,dat-bau,bau,1,2
2838,datygle,dat-gle,dat,0,2
2839,datygle,dat-gle,gle,1,2
2840,datygu'etru,dat-gu'e-tru,dat,0,3
2841,datygu'etru,dat-gu'e-tru,gu'e,1,3
2842,datygu'etru,dat-gu'e-tru,tru,2,3
2843,datygugvi'e,dat-gug-vi'e,dat,0,3
2844,datygugvi'e,dat-gug-vi'e,gug,1,3
2845,datygugvi'e,dat-gug-vi'e,vi'e,2,3
2846,datytsani,dat-tsani,dat,0,2
2847,datytsani,dat-tsani,tsani,1,2
2848,datyvanbi,dat-vanbi,dat,0,2
2849,datyvanbi,dat-vanbi,vanbi,1,2
2850,datyzda,dat-zda,dat,0,2
2851,datyzda,dat-zda,zda,1,2
2852,datyzu'e,dat-zu'e,dat,0,2
2853,datyzu'e,dat-zu'e,zu'e,1,2
2854,dauxra,dau-xra,dau,0,2
2855,dauxra,dau-xra,xra,1,2
2856,dauxri,dau-xri,dau,0,2
2857,dauxri,dau-xri,xri,1,2
2858,davbrodi,dav-brodi,dav,0,2
2859,davbrodi,dav-brodi,brodi,1,2
2860,davbrodykai,dav-brod-kai,dav,0,3
2861,davbrodykai,dav-brod-kai,brod,1,3
2862,davbrodykai,dav-brod-kai,kai,2,3
2863,daxfle,dax-fle,dax,0,2
2864,daxfle,dax-fle,fle,1,2
2865,daxsa'u,dax-sa'u,dax,0,2
2866,daxsa'u,dax-sa'u,sa'u,1,2
2867,dazmoipru,daz-moi-pru,daz,0,3
2868,dazmoipru,daz-moi-pru,moi,1,3
2869,dazmoipru,daz-moi-pru,pru,2,3
2870,daznalpe'u,daz-nal-pe'u,daz,0,3
2871,daznalpe'u,daz-nal-pe'u,nal,1,3
2872,daznalpe'u,daz-nal-pe'u,pe'u,2,3
2873,dazype'u,daz-pe'u,daz,0,2
2874,dazype'u,daz-pe'u,pe'u,1,2
2875,de'adre,de'a-dre,de'a,0,2
2876,de'adre,de'a-dre,dre,1,2
2877,degbasna,deg-basna,deg,0,2
2878,degbasna,deg-basna,basna,1,2
2879,degja'i,deg-ja'i,deg,0,2
2880,degja'i,deg-ja'i,ja'i,1,2
2881,degja'o,deg-ja'o,deg,0,2
2882,degja'o,deg-ja'o,ja'o,1,2
2883,degja'i,deg-ja'i,deg,0,2
2884,degja'i,deg-ja'i,ja'i,1,2
2885,degro'u,deg-ro'u,deg,0,2
2886,degro'u,deg-ro'u,ro'u,1,2
2887,degycauglu,deg-cau-glu,deg,0,3
2888,degycauglu,deg-cau-glu,cau,1,3
2889,degycauglu,deg-cau-glu,glu,2,3
2890,degycpu,deg-cpu,deg,0,2
2891,degycpu,deg-cpu,cpu,1,2
2892,degygutci,deg-gutci,deg,0,2
2893,degygutci,deg-gutci,gutci,1,2
2894,degyke'a,deg-ke'a,deg,0,2
2895,degyke'a,deg-ke'a,ke'a,1,2
2896,degyselfa'a,deg-sel-fa'a,deg,0,3
2897,degyselfa'a,deg-sel-fa'a,sel,1,3
2898,degyselfa'a,deg-sel-fa'a,fa'a,2,3
2899,degysni,deg-sni,deg,0,2
2900,degysni,deg-sni,sni,1,2
2901,degytricu,deg-tricu,deg,0,2
2902,degytricu,deg-tricu,tricu,1,2
2903,deisni,dei-sni,dei,0,2
2904,deisni,dei-sni,sni,1,2
2905,dektro,dek-tro,dek,0,2
2906,dektro,dek-tro,tro,1,2
2907,dekyki'o,dek-ki'o,dek,0,2
2908,dekyki'o,dek-ki'o,ki'o,1,2
2909,delnai,del-nai,del,0,2
2910,delnai,del-nai,nai,1,2
2911,delsatci,del-satci,del,0,2
2912,delsatci,del-satci,satci,1,2
2913,demgapci,dem-gapci,dem,0,2
2914,demgapci,dem-gapci,gapci,1,2
2915,demri'a,dem-ri'a,dem,0,2
2916,demri'a,dem-ri'a,ri'a,1,2
2917,demspa,dem-spa,dem,0,2
2918,demspa,dem-spa,spa,1,2
2919,demspe,dem-spe,dem,0,2
2920,demspe,dem-spe,spe,1,2
2921,demtse,dem-tse,dem,0,2
2922,demtse,dem-tse,tse,1,2
2923,demxa'e,dem-xa'e,dem,0,2
2924,demxa'e,dem-xa'e,xa'e,1,2
2925,demyste,dem-ste,dem,0,2
2926,demyste,dem-ste,ste,1,2
2927,denbatci,den-batci,den,0,2
2928,denbatci,den-batci,batci,1,2
2929,dencro,den-cro,den,0,2
2930,dencro,den-cro,cro,1,2
2931,dendro,den-dro,den,0,2
2932,dendro,den-dro,dro,1,2
2933,denjisygau,den-jis-gau,den,0,3
2934,denjisygau,den-jis-gau,jis,1,3
2935,denjisygau,den-jis-gau,gau,2,3
2936,denki'i,den-ki'i,den,0,2
2937,denki'i,den-ki'i,ki'i,1,2
2938,dentre,den-tre,den,0,2
2939,dentre,den-tre,tre,1,2
2940,dentro,den-tro,den,0,2
2941,dentro,den-tro,tro,1,2
2942,depcni,dep-cni,dep,0,2
2943,depcni,dep-cni,cni,1,2
2944,depcni,dep-cni,dep,0,2
2945,depcni,dep-cni,cni,1,2
2946,depcre,dep-cre,dep,0,2
2947,depcre,dep-cre,cre,1,2
2948,depkai,dep-kai,dep,0,2
2949,depkai,dep-kai,kai,1,2
2950,depklo,dep-klo,dep,0,2
2951,depklo,dep-klo,klo,1,2
2952,depku'a,dep-ku'a,dep,0,2
2953,depku'a,dep-ku'a,ku'a,1,2
2954,depri'a,dep-ri'a,dep,0,2
2955,depri'a,dep-ri'a,ri'a,1,2
2956,depsni,dep-sni,dep,0,2
2957,depsni,dep-sni,sni,1,2
2958,depstu,dep-stu,dep,0,2
2959,depstu,dep-stu,stu,1,2
2960,depygau,dep-gau,dep,0,2
2961,depygau,dep-gau,gau,1,2
2962,derba'o,der-ba'o,der,0,2
2963,derba'o,der-ba'o,ba'o,1,2
2964,derdesku,der-desku,der,0,2
2965,derdesku,der-desku,desku,1,2
2966,derjbe,der-jbe,der,0,2
2967,derjbe,der-jbe,jbe,1,2
2968,derni'a,der-ni'a,der,0,2
2969,derni'a,der-ni'a,ni'a,1,2
2970,derni'agau,der-ni'a-gau,der,0,3
2971,derni'agau,der-ni'a-gau,ni'a,1,3
2972,derni'agau,der-ni'a-gau,gau,2,3
2973,dernitre'e,der-nit-re'e,der,0,3
2974,dernitre'e,der-nit-re'e,nit,1,3
2975,dernitre'e,der-nit-re'e,re'e,2,3
2976,dernitri'a,der-nit-ri'a,der,0,3
2977,dernitri'a,der-nit-ri'a,nit,1,3
2978,dernitri'a,der-nit-ri'a,ri'a,2,3
2979,derpatxu,der-patxu,der,0,2
2980,derpatxu,der-patxu,patxu,1,2
2981,derse'a,der-se'a,der,0,2
2982,derse'a,der-se'a,se'a,1,2
2983,dersmacu,der-smacu,der,0,2
2984,dersmacu,der-smacu,smacu,1,2
2985,desmli,des-mli,des,0,2
2986,desmli,des-mli,mli,1,2
2987,despai,des-pai,des,0,2
2988,despai,des-pai,pai,1,2
2989,desygau,des-gau,des,0,2
2990,desygau,des-gau,gau,1,2
2991,desyvestirse,des-ves-tirse,des,0,3
2992,desyvestirse,des-ves-tirse,ves,1,3
2993,desyvestirse,des-ves-tirse,tirse,2,3
2994,detcartu,det-cartu,det,0,2
2995,detcartu,det-cartu,cartu,1,2
2996,detcku,det-cku,det,0,2
2997,detcku,det-cku,cku,1,2
2998,detke'u,det-ke'u,det,0,2
2999,detke'u,det-ke'u,ke'u,1,2
3000,di'esna,di'e-sna,di'e,0,2
3001,di'esna,di'e-sna,sna,1,2
3002,di'upla,di'u-pla,di'u,0,2
3003,di'upla,di'u-pla,pla,1,2
3004,dijlu'a,dij-lu'a,dij,0,2
3005,dijlu'a,dij-lu'a,lu'a,1,2
3006,dibdji,dib-dji,dib,0,2
3007,dibdji,dib-dji,dji,1,2
3008,dibmau,dib-mau,dib,0,2
3009,dibmau,dib-mau,mau,1,2
3010,dibrai,dib-rai,dib,0,2
3011,dibrai,dib-rai,rai,1,2
3012,dibyfri,dib-fri,dib,0,2
3013,dibyfri,dib-fri,fri,1,2
3014,dibzda,dib-zda,dib,0,2
3015,dibzda,dib-zda,zda,1,2
3016,dicfle,dic-fle,dic,0,2
3017,dicfle,dic-fle,fle,1,2
3018,dicka'u,dic-ka'u,dic,0,2
3019,dicka'u,dic-ka'u,ka'u,1,2
3020,dictergu'i,dic-ter-gu'i,dic,0,3
3021,dictergu'i,dic-ter-gu'i,ter,1,3
3022,dictergu'i,dic-ter-gu'i,gu'i,2,3
3023,dicyda'erau,dic-da'e-rau,dic,0,3
3024,dicyda'erau,dic-da'e-rau,da'e,1,3
3025,dicyda'erau,dic-da'e-rau,rau,2,3
3026,dicysro,dic-sro,dic,0,2
3027,dicysro,dic-sro,sro,1,2
3028,digyligykamju,dig-lig-kamju,dig,0,3
3029,digyligykamju,dig-lig-kamju,lig,1,3
3030,digyligykamju,dig-lig-kamju,kamju,2,3
3031,dijbartu,dij-bartu,dij,0,2
3032,dijbartu,dij-bartu,bartu,1,2
3033,dijmai,dij-mai,dij,0,2
3034,dijmai,dij-mai,mai,1,2
3035,dijypanka,dij-panka,dij,0,2
3036,dijypanka,dij-panka,panka,1,2
3037,dijysenta,dij-senta,dij,0,2
3038,dijysenta,dij-senta,senta,1,2
3039,dikfa'ivi'a,dik-fa'i-vi'a,dik,0,3
3040,dikfa'ivi'a,dik-fa'i-vi'a,fa'i,1,3
3041,dikfa'ivi'a,dik-fa'i-vi'a,vi'a,2,3
3042,dikle'i,dik-le'i,dik,0,2
3043,dikle'i,dik-le'i,le'i,1,2
3044,dikslicai,dik-sli-cai,dik,0,3
3045,dikslicai,dik-sli-cai,sli,1,3
3046,dikslicai,dik-sli-cai,cai,2,3
3047,diktau,dik-tau,dik,0,2
3048,diktau,dik-tau,tau,1,2
3049,dikyjvo,dik-jvo,dik,0,2
3050,dikyjvo,dik-jvo,jvo,1,2
3051,diljalra,dil-jalra,dil,0,2
3052,diljalra,dil-jalra,jalra,1,2
3053,dilkempi'ejalra,dil-kem-pi'e-jalra,dil,0,4
3054,dilkempi'ejalra,dil-kem-pi'e-jalra,kem,1,4
3055,dilkempi'ejalra,dil-kem-pi'e-jalra,pi'e,2,4
3056,dilkempi'ejalra,dil-kem-pi'e-jalra,jalra,3,4
3057,dilmu'a,dil-mu'a,dil,0,2
3058,dilmu'a,dil-mu'a,mu'a,1,2
3059,dilpi'e,dil-pi'e,dil,0,2
3060,dilpi'e,dil-pi'e,pi'e,1,2
3061,dilpi'ejalra,dil-pi'e-jalra,dil,0,3
3062,dilpi'ejalra,dil-pi'e-jalra,pi'e,1,3
3063,dilpi'ejalra,dil-pi'e-jalra,jalra,2,3
3064,dilsmi,dil-smi,dil,0,2
3065,dilsmi,dil-smi,smi,1,2
3066,dilsolri,dil-solri,dil,0,2
3067,dilsolri,dil-solri,solri,1,2
3068,dilyloi,dil-loi,dil,0,2
3069,dilyloi,dil-loi,loi,1,2
3070,dilzu'i,dil-zu'i,dil,0,2
3071,dilzu'i,dil-zu'i,zu'i,1,2
3072,dimri'a,dim-ri'a,dim,0,2
3073,dimri'a,dim-ri'a,ri'a,1,2
3074,di'anru'i,di'a-ru'i,di'a,0,2
3075,di'anru'i,di'a-ru'i,ru'i,1,2
3076,dincpa,din-cpa,din,0,2
3077,dincpa,din-cpa,cpa,1,2
3078,dinkei,din-kei,din,0,2
3079,dinkei,din-kei,kei,1,2
3080,dinpa'i,din-pa'i,din,0,2
3081,dinpa'i,din-pa'i,pa'i,1,2
3082,dinplebasti,din-ple-basti,din,0,3
3083,dinplebasti,din-ple-basti,ple,1,3
3084,dinplebasti,din-ple-basti,basti,2,3
3085,dinseldu'a,din-sel-du'a,din,0,3
3086,dinseldu'a,din-sel-du'a,sel,1,3
3087,dinseldu'a,din-sel-du'a,du'a,2,3
3088,dinselxaksu,din-sel-xaksu,din,0,3
3089,dinselxaksu,din-sel-xaksu,sel,1,3
3090,dinselxaksu,din-sel-xaksu,xaksu,2,3
3091,dinsro,din-sro,din,0,2
3092,dinsro,din-sro,sro,1,2
3093,dintro,din-tro,din,0,2
3094,dintro,din-tro,tro,1,2
3095,dinydji,din-dji,din,0,2
3096,dinydji,din-dji,dji,1,2
3097,dinynai,din-nai,din,0,2
3098,dinynai,din-nai,nai,1,2
3099,dinytcu,din-tcu,din,0,2
3100,dinytcu,din-tcu,tcu,1,2
3101,dirgli,dir-gli,dir,0,2
3102,dirgli,dir-gli,gli,1,2
3103,dirsno,dir-sno,dir,0,2
3104,dirsno,dir-sno,sno,1,2
3105,dirsre,dir-sre,dir,0,2
3106,dirsre,dir-sre,sre,1,2
3107,dirtadji,dir-tadji,dir,0,2
3108,dirtadji,dir-tadji,tadji,1,2
3109,djabei,dja-bei,dja,0,2
3110,djabei,dja-bei,bei,1,2
3111,djabeipre,dja-bei-pre,dja,0,3
3112,djabeipre,dja-bei-pre,bei,1,3
3113,djabeipre,dja-bei-pre,pre,2,3
3114,djabei,dja-bei,dja,0,2
3115,djabei,dja-bei,bei,1,2
3116,djabeipre,dja-bei-pre,dja,0,3
3117,djabeipre,dja-bei-pre,bei,1,3
3118,djabeipre,dja-bei-pre,pre,2,3
3119,djacpi,dja-cpi,dja,0,2
3120,djacpi,dja-cpi,cpi,1,2
3121,djadu'a,dja-du'a,dja,0,2
3122,djadu'a,dja-du'a,du'a,1,2
3123,djafi'i,dja-fi'i,dja,0,2
3124,djafi'i,dja-fi'i,fi'i,1,2
3125,djagru,dja-gru,dja,0,2
3126,djagru,dja-gru,gru,1,2
3127,djalante,dja-lante,dja,0,2
3128,djalante,dja-lante,lante,1,2
3129,djapi'o,dja-pi'o,dja,0,2
3130,djapi'o,dja-pi'o,pi'o,1,2
3131,djarunta,dja-runta,dja,0,2
3132,djarunta,dja-runta,runta,1,2
3133,djaruntygau,dja-runt-gau,dja,0,3
3134,djaruntygau,dja-runt-gau,runt,1,3
3135,djaruntygau,dja-runt-gau,gau,2,3
3136,djaruntyrango,dja-runt-rango,dja,0,3
3137,djaruntyrango,dja-runt-rango,runt,1,3
3138,djaruntyrango,dja-runt-rango,rango,2,3
3139,djaselcrepu,dja-sel-crepu,dja,0,3
3140,djaselcrepu,dja-sel-crepu,sel,1,3
3141,djaselcrepu,dja-sel-crepu,crepu,2,3
3142,djaspi,dja-spi,dja,0,2
3143,djaspi,dja-spi,spi,1,2
3144,djatsi,dja-tsi,dja,0,2
3145,djatsi,dja-tsi,tsi,1,2
3146,djavau,dja-vau,dja,0,2
3147,djavau,dja-vau,vau,1,2
3148,djavla,dja-vla,dja,0,2
3149,djavla,dja-vla,vla,1,2
3150,djazai,dja-zai,dja,0,2
3151,djazai,dja-zai,zai,1,2
3152,djebavla'i,dje-bav-la'i,dje,0,3
3153,djebavla'i,dje-bav-la'i,bav,1,3
3154,djebavla'i,dje-bav-la'i,la'i,2,3
3155,djecitsi,dje-citsi,dje,0,2
3156,djecitsi,dje-citsi,citsi,1,2
3157,djekarni,dje-karni,dje,0,2
3158,djekarni,dje-karni,karni,1,2
3159,djemidju,dje-midju,dje,0,2
3160,djemidju,dje-midju,midju,1,2
3161,djemijysai,dje-mij-sai,dje,0,3
3162,djemijysai,dje-mij-sai,mij,1,3
3163,djemijysai,dje-mij-sai,sai,2,3
3164,djerolmeicabrefkai,dje-rol-mei-cab-ref-kai,dje,0,6
3165,djerolmeicabrefkai,dje-rol-mei-cab-ref-kai,rol,1,6
3166,djerolmeicabrefkai,dje-rol-mei-cab-ref-kai,mei,2,6
3167,djerolmeicabrefkai,dje-rol-mei-cab-ref-kai,cab,3,6
3168,djerolmeicabrefkai,dje-rol-mei-cab-ref-kai,ref,4,6
3169,djerolmeicabrefkai,dje-rol-mei-cab-ref-kai,kai,5,6
3170,djicni,dji-cni,dji,0,2
3171,djicni,dji-cni,cni,1,2
3172,djimu'i,dji-mu'i,dji,0,2
3173,djimu'i,dji-mu'i,mu'i,1,2
3174,djinunkla,dji-nun-kla,dji,0,3
3175,djinunkla,dji-nun-kla,nun,1,3
3176,djinunkla,dji-nun-kla,kla,2,3
3177,djisa'a,dji-sa'a,dji,0,2
3178,djisa'a,dji-sa'a,sa'a,1,2
3179,djisku,dji-sku,dji,0,2
3180,djisku,dji-sku,sku,1,2
3181,djuctu,dju-ctu,dju,0,2
3182,djuctu,dju-ctu,ctu,1,2
3183,djudji,dju-dji,dju,0,2
3184,djudji,dju-dji,dji,1,2
3185,djuki'e,dju-ki'e,dju,0,2
3186,djuki'e,dju-ki'e,ki'e,1,2
3187,djunoi,dju-noi,dju,0,2
3188,djunoi,dju-noi,noi,1,2
3189,djupre,dju-pre,dju,0,2
3190,djupre,dju-pre,pre,1,2
3191,djusacki,dju-sacki,dju,0,2
3192,djusacki,dju-sacki,sacki,1,2
3193,djuspu,dju-spu,dju,0,2
3194,djuspu,dju-spu,spu,1,2
3195,djutcu,dju-tcu,dju,0,2
3196,djutcu,dju-tcu,tcu,1,2
3197,djuxau,dju-xau,dju,0,2
3198,djuxau,dju-xau,xau,1,2
3199,djuzu'e,dju-zu'e,dju,0,2
3200,djuzu'e,dju-zu'e,zu'e,1,2
3201,doicki,doi-cki,doi,0,2
3202,doicki,doi-cki,cki,1,2
3203,doijmi,doi-jmi,doi,0,2
3204,doijmi,doi-jmi,jmi,1,2
3205,doikle,doi-kle,doi,0,2
3206,doikle,doi-kle,kle,1,2
3207,doiklu,doi-klu,doi,0,2
3208,doiklu,doi-klu,klu,1,2
3209,doitse,doi-tse,doi,0,2
3210,doitse,doi-tse,tse,1,2
3211,dondutmo'i,don-dut-mo'i,don,0,3
3212,dondutmo'i,don-dut-mo'i,dut,1,3
3213,dondutmo'i,don-dut-mo'i,mo'i,2,3
3214,donkemyzvakla,don-kem-zva-kla,don,0,4
3215,donkemyzvakla,don-kem-zva-kla,kem,1,4
3216,donkemyzvakla,don-kem-zva-kla,zva,2,4
3217,donkemyzvakla,don-kem-zva-kla,kla,3,4
3218,donma'o,don-ma'o,don,0,2
3219,donma'o,don-ma'o,ma'o,1,2
3220,donmijysai,don-mij-sai,don,0,3
3221,donmijysai,don-mij-sai,mij,1,3
3222,donmijysai,don-mij-sai,sai,2,3
3223,donmijbalvi,don-mij-balvi,don,0,3
3224,donmijbalvi,don-mij-balvi,mij,1,3
3225,donmijbalvi,don-mij-balvi,balvi,2,3
3226,donta'a,don-ta'a,don,0,2
3227,donta'a,don-ta'a,ta'a,1,2
3228,donxa'a,don-xa'a,don,0,2
3229,donxa'a,don-xa'a,xa'a,1,2
3230,dorgau,dor-gau,dor,0,2
3231,dorgau,dor-gau,gau,1,2
3232,dormidju,dor-midju,dor,0,2
3233,dormidju,dor-midju,midju,1,2
3234,dormijysai,dor-mij-sai,dor,0,3
3235,dormijysai,dor-mij-sai,mij,1,3
3236,dormijysai,dor-mij-sai,sai,2,3
3237,dorpre,dor-pre,dor,0,2
3238,dorpre,dor-pre,pre,1,2
3239,dotpre,dot-pre,dot,0,2
3240,dotpre,dot-pre,pre,1,2
3241,dotru'u,dot-ru'u,dot,0,2
3242,dotru'u,dot-ru'u,ru'u,1,2
3243,dotybau,dot-bau,dot,0,2
3244,dotybau,dot-bau,bau,1,2
3245,dotygu'e,dot-gu'e,dot,0,2
3246,dotygu'e,dot-gu'e,gu'e,1,2
3247,drabai,dra-bai,dra,0,2
3248,drabai,dra-bai,bai,1,2
3249,drabi'o,dra-bi'o,dra,0,2
3250,drabi'o,dra-bi'o,bi'o,1,2
3251,dracki,dra-cki,dra,0,2
3252,dracki,dra-cki,cki,1,2
3253,dracydi'u,drac-di'u,drac,0,2
3254,dracydi'u,drac-di'u,di'u,1,2
3255,dradri,dra-dri,dra,0,2
3256,dradri,dra-dri,dri,1,2
3257,dradukti,dra-dukti,dra,0,2
3258,dradukti,dra-dukti,dukti,1,2
3259,drafanva,dra-fanva,dra,0,2
3260,drafanva,dra-fanva,fanva,1,2
3261,draga'i,dra-ga'i,dra,0,2
3262,draga'i,dra-ga'i,ga'i,1,2
3263,draga'igau,dra-ga'i-gau,dra,0,3
3264,draga'igau,dra-ga'i-gau,ga'i,1,3
3265,draga'igau,dra-ga'i-gau,gau,2,3
3266,dragau,dra-gau,dra,0,2
3267,dragau,dra-gau,gau,1,2
3268,dragensku,dra-gen-sku,dra,0,3
3269,dragensku,dra-gen-sku,gen,1,3
3270,dragensku,dra-gen-sku,sku,2,3
3271,dragugvi'e,dra-gug-vi'e,dra,0,3
3272,dragugvi'e,dra-gug-vi'e,gug,1,3
3273,dragugvi'e,dra-gug-vi'e,vi'e,2,3
3274,drajbi,dra-jbi,dra,0,2
3275,drajbi,dra-jbi,jbi,1,2
3276,draji'i,dra-ji'i,dra,0,2
3277,draji'i,dra-ji'i,ji'i,1,2
3278,drajmi,dra-jmi,dra,0,2
3279,drajmi,dra-jmi,jmi,1,2
3280,dramau,dra-mau,dra,0,2
3281,dramau,dra-mau,mau,1,2
3282,dramlugau,dra-mlu-gau,dra,0,3
3283,dramlugau,dra-mlu-gau,mlu,1,3
3284,dramlugau,dra-mlu-gau,gau,2,3
3285,drapre,dra-pre,dra,0,2
3286,drapre,dra-pre,pre,1,2
3287,drarai,dra-rai,dra,0,2
3288,drarai,dra-rai,rai,1,2
3289,drari'a,dra-ri'a,dra,0,2
3290,drari'a,dra-ri'a,ri'a,1,2
3291,draselri'a,dra-sel-ri'a,dra,0,3
3292,draselri'a,dra-sel-ri'a,sel,1,3
3293,draselri'a,dra-sel-ri'a,ri'a,2,3
3294,draselsfa,dra-sel-sfa,dra,0,3
3295,draselsfa,dra-sel-sfa,sel,1,3
3296,draselsfa,dra-sel-sfa,sfa,2,3
3297,drarajytse,dra-raj-tse,dra,0,3
3298,drarajytse,dra-raj-tse,raj,1,3
3299,drarajytse,dra-raj-tse,tse,2,3
3300,drasu'i,dra-su'i,dra,0,2
3301,drasu'i,dra-su'i,su'i,1,2
3302,dratce,dra-tce,dra,0,2
3303,dratce,dra-tce,tce,1,2
3304,drati'i,dra-ti'i,dra,0,2
3305,drati'i,dra-ti'i,ti'i,1,2
3306,dratrakei,dra-tra-kei,dra,0,3
3307,dratrakei,dra-tra-kei,tra,1,3
3308,dratrakei,dra-tra-kei,kei,2,3
3309,dravla,dra-vla,dra,0,2
3310,dravla,dra-vla,vla,1,2
3311,dredju,dre-dju,dre,0,2
3312,dredju,dre-dju,dju,1,2
3313,dregau,dre-gau,dre,0,2
3314,dregau,dre-gau,gau,1,2
3315,dersfe,der-sfe,der,0,2
3316,dersfe,der-sfe,sfe,1,2
3317,drife'u,dri-fe'u,dri,0,2
3318,drife'u,dri-fe'u,fe'u,1,2
3319,drifle,dri-fle,dri,0,2
3320,drifle,dri-fle,fle,1,2
3321,drigau,dri-gau,dri,0,2
3322,drigau,dri-gau,gau,1,2
3323,drijunri,dri-junri,dri,0,2
3324,drijunri,dri-junri,junri,1,2
3325,drikai,dri-kai,dri,0,2
3326,drikai,dri-kai,kai,1,2
3327,driselru'i,dri-sel-ru'i,dri,0,3
3328,driselru'i,dri-sel-ru'i,sel,1,3
3329,driselru'i,dri-sel-ru'i,ru'i,2,3
3330,driselsa'a,dri-sel-sa'a,dri,0,3
3331,driselsa'a,dri-sel-sa'a,sel,1,3
3332,driselsa'a,dri-sel-sa'a,sa'a,2,3
3333,drisku,dri-sku,dri,0,2
3334,drisku,dri-sku,sku,1,2
3335,drisma,dri-sma,dri,0,2
3336,drisma,dri-sma,sma,1,2
3337,dritrasma,dri-tra-sma,dri,0,3
3338,dritrasma,dri-tra-sma,tra,1,3
3339,dritrasma,dri-tra-sma,sma,2,3
3340,drofe'o,dro-fe'o,dro,0,2
3341,drofe'o,dro-fe'o,fe'o,1,2
3342,drukra,dru-kra,dru,0,2
3343,drukra,dru-kra,kra,1,2
3344,du'acpa,du'a-cpa,du'a,0,2
3345,du'acpa,du'a-cpa,cpa,1,2
3346,du'ecla,du'e-cla,du'e,0,2
3347,du'ecla,du'e-cla,cla,1,2
3348,du'ecma,du'e-cma,du'e,0,2
3349,du'ecma,du'e-cma,cma,1,2
3350,du'ejgi,du'e-jgi,du'e,0,2
3351,du'ejgi,du'e-jgi,jgi,1,2
3352,du'esno,du'e-sno,du'e,0,2
3353,du'esno,du'e-sno,sno,1,2
3354,du'udri,du'u-dri,du'u,0,2
3355,du'udri,du'u-dri,dri,1,2
3356,dubmlu,dub-mlu,dub,0,2
3357,dubmlu,dub-mlu,mlu,1,2
3358,dudre'e,dud-re'e,dud,0,2
3359,dudre'e,dud-re'e,re'e,1,2
3360,dugyste,dug-ste,dug,0,2
3361,dugyste,dug-ste,ste,1,2
3362,dujyzda,duj-zda,duj,0,2
3363,dujyzda,duj-zda,zda,1,2
3364,dukcla,duk-cla,duk,0,2
3365,dukcla,duk-cla,cla,1,2
3366,dukyba'u,duk-ba'u,duk,0,2
3367,dukyba'u,duk-ba'u,ba'u,1,2
3368,dukri'a,duk-ri'a,duk,0,2
3369,dukri'a,duk-ri'a,ri'a,1,2
3370,duksligu,duk-sligu,duk,0,2
3371,duksligu,duk-sligu,sligu,1,2
3372,dukyjoibo'a,duk-joi-bo'a,duk,0,3
3373,dukyjoibo'a,duk-joi-bo'a,joi,1,3
3374,dukyjoibo'a,duk-joi-bo'a,bo'a,2,3
3375,dumbroda,dum-broda,dum,0,2
3376,dumbroda,dum-broda,broda,1,2
3377,dumkri,dum-kri,dum,0,2
3378,dumkri,dum-kri,kri,1,2
3379,dumtcu,dum-tcu,dum,0,2
3380,dumtcu,dum-tcu,tcu,1,2
3381,dunba'u,dun-ba'u,dun,0,2
3382,dunba'u,dun-ba'u,ba'u,1,2
3383,dungau,dun-gau,dun,0,2
3384,dungau,dun-gau,gau,1,2
3385,dunjbi,dun-jbi,dun,0,2
3386,dunjbi,dun-jbi,jbi,1,2
3387,dunlei,dun-lei,dun,0,2
3388,dunlei,dun-lei,lei,1,2
3389,dunsi'u,dun-si'u,dun,0,2
3390,dunsi'u,dun-si'u,si'u,1,2
3391,duntru,dun-tru,dun,0,2
3392,duntru,dun-tru,tru,1,2
3393,duntubzda,dun-tub-zda,dun,0,3
3394,duntubzda,dun-tub-zda,tub,1,3
3395,duntubzda,dun-tub-zda,zda,2,3
3396,durnortoi,dur-nor-toi,dur,0,3
3397,durnortoi,dur-nor-toi,nor,1,3
3398,durnortoi,dur-nor-toi,toi,2,3
3399,durtoi,dur-toi,dur,0,2
3400,durtoi,dur-toi,toi,1,2
3401,duspluja,dus-pluja,dus,0,2
3402,duspluja,dus-pluja,pluja,1,2
3403,dusra'i,dus-ra'i,dus,0,2
3404,dusra'i,dus-ra'i,ra'i,1,2
3405,dusta'a,dus-ta'a,dus,0,2
3406,dusta'a,dus-ta'a,ta'a,1,2
3407,dusta'i,dus-ta'i,dus,0,2
3408,dusta'i,dus-ta'i,ta'i,1,2
3409,dustei,dus-tei,dus,0,2
3410,dustei,dus-tei,tei,1,2
3411,dustolto'u,dus-tol-to'u,dus,0,3
3412,dustolto'u,dus-tol-to'u,tol,1,3
3413,dustolto'u,dus-tol-to'u,to'u,2,3
3414,dustai,dus-tai,dus,0,2
3415,dustai,dus-tai,tai,1,2
3416,dusyclira,dus-clira,dus,0,2
3417,dusyclira,dus-clira,clira,1,2
3418,dusycu'a,dus-cu'a,dus,0,2
3419,dusycu'a,dus-cu'a,cu'a,1,2
3420,dusyda'o,dus-da'o,dus,0,2
3421,dusyda'o,dus-da'o,da'o,1,2
3422,dusygau,dus-gau,dus,0,2
3423,dusygau,dus-gau,gau,1,2
3424,dusysutra,dus-sutra,dus,0,2
3425,dusysutra,dus-sutra,sutra,1,2
3426,dusytisna,dus-tisna,dus,0,2
3427,dusytisna,dus-tisna,tisna,1,2
3428,dusyva'u,dus-va'u,dus,0,2
3429,dusyva'u,dus-va'u,va'u,1,2
3430,dutcarna,dut-carna,dut,0,2
3431,dutcarna,dut-carna,carna,1,2
3432,dutcu'i,dut-cu'i,dut,0,2
3433,dutcu'i,dut-cu'i,cu'i,1,2
3434,dutmai,dut-mai,dut,0,2
3435,dutmai,dut-mai,mai,1,2
3436,dutse'i,dut-se'i,dut,0,2
3437,dutse'i,dut-se'i,se'i,1,2
3438,dutsi'u,dut-si'u,dut,0,2
3439,dutsi'u,dut-si'u,si'u,1,2
3440,dutydikca,dut-dikca,dut,0,2
3441,dutydikca,dut-dikca,dikca,1,2
3442,dzakla,dza-kla,dza,0,2
3443,dzakla,dza-kla,kla,1,2
3444,dzedze,dze-dze,dze,0,2
3445,dzedze,dze-dze,dze,1,2
3446,dzeko'o,dze-ko'o,dze,0,2
3447,dzeko'o,dze-ko'o,ko'o,1,2
3448,dzevla,dze-vla,dze,0,2
3449,dzevla,dze-vla,vla,1,2
3450,dzexelso,dze-xelso,dze,0,2
3451,dzexelso,dze-xelso,xelso,1,2
3452,dzidze,dzi-dze,dzi,0,2
3453,dzidze,dzi-dze,dze,1,2
3454,dziga'u,dzi-ga'u,dzi,0,2
3455,dziga'u,dzi-ga'u,ga'u,1,2
3456,dzikla,dzi-kla,dzi,0,2
3457,dzikla,dzi-kla,kla,1,2
3458,dzimu'u,dzi-mu'u,dzi,0,2
3459,dzimu'u,dzi-mu'u,mu'u,1,2
3460,dzimuvgau,dzi-muv-gau,dzi,0,3
3461,dzimuvgau,dzi-muv-gau,muv,1,3
3462,dzimuvgau,dzi-muv-gau,gau,2,3
3463,dzirai,dzi-rai,dzi,0,2
3464,dzirai,dzi-rai,rai,1,2
3465,dzisna,dzi-sna,dzi,0,2
3466,dzisna,dzi-sna,sna,1,2
3467,dziselci'a,dzi-sel-ci'a,dzi,0,3
3468,dziselci'a,dzi-sel-ci'a,sel,1,3
3469,dziselci'a,dzi-sel-ci'a,ci'a,2,3
3470,dzitricu,dzi-tricu,dzi,0,2
3471,dzitricu,dzi-tricu,tricu,1,2
3472,dzufa'u,dzu-fa'u,dzu,0,2
3473,dzufa'u,dzu-fa'u,fa'u,1,2
3474,dzuga'a,dzu-ga'a,dzu,0,2
3475,dzuga'a,dzu-ga'a,ga'a,1,2
3476,dzugre,dzu-gre,dzu,0,2
3477,dzugre,dzu-gre,gre,1,2
3478,dzukla,dzu-kla,dzu,0,2
3479,dzukla,dzu-kla,kla,1,2
3480,dzuklaji,dzu-klaji,dzu,0,2
3481,dzuklaji,dzu-klaji,klaji,1,2
3482,dzutu'u,dzu-tu'u,dzu,0,2
3483,dzutu'u,dzu-tu'u,tu'u,1,2
3484,fa'ertisna,fa'e-tisna,fa'e,0,2
3485,fa'ertisna,fa'e-tisna,tisna,1,2
3486,facka'o,fac-ka'o,fac,0,2
3487,facka'o,fac-ka'o,ka'o,1,2
3488,facybi'o,fac-bi'o,fac,0,2
3489,facybi'o,fac-bi'o,bi'o,1,2
3490,facygunma,fac-gunma,fac,0,2
3491,facygunma,fac-gunma,gunma,1,2
3492,fadnanba,fad-nanba,fad,0,2
3493,fadnanba,fad-nanba,nanba,1,2
3494,fagda'a,fag-da'a,fag,0,2
3495,fagda'a,fag-da'a,da'a,1,2
3496,fagri'a,fag-ri'a,fag,0,2
3497,fagri'a,fag-ri'a,ri'a,1,2
3498,fagvau,fag-vau,fag,0,2
3499,fagvau,fag-vau,vau,1,2
3500,fagycfatci,fag-cfa-tci,fag,0,3
3501,fagycfatci,fag-cfa-tci,cfa,1,3
3502,fagycfatci,fag-cfa-tci,tci,2,3
3503,fagyctu,fag-ctu,fag,0,2
3504,fagyctu,fag-ctu,ctu,1,2
3505,fagyfesti,fag-festi,fag,0,2
3506,fagyfesti,fag-festi,festi,1,2
3507,fagyfesyska,fag-fes-ska,fag,0,3
3508,fagyfesyska,fag-fes-ska,fes,1,3
3509,fagyfesyska,fag-fes-ska,ska,2,3
3510,fagyka'u,fag-ka'u,fag,0,2
3511,fagyka'u,fag-ka'u,ka'u,1,2
3512,fagyrespa,fag-respa,fag,0,2
3513,fagyrespa,fag-respa,respa,1,2
3514,fagystiri'a,fag-sti-ri'a,fag,0,3
3515,fagystiri'a,fag-sti-ri'a,sti,1,3
3516,fagystiri'a,fag-sti-ri'a,ri'a,2,3
3517,fagyspi,fag-spi,fag,0,2
3518,fagyspi,fag-spi,spi,1,2
3519,fagystigau,fag-sti-gau,fag,0,3
3520,fagystigau,fag-sti-gau,sti,1,3
3521,fagystigau,fag-sti-gau,gau,2,3
3522,fagystu,fag-stu,fag,0,2
3523,fagystu,fag-stu,stu,1,2
3524,fagytergu'i,fag-ter-gu'i,fag,0,3
3525,fagytergu'i,fag-ter-gu'i,ter,1,3
3526,fagytergu'i,fag-ter-gu'i,gu'i,2,3
3527,faible,fai-ble,fai,0,2
3528,faible,fai-ble,ble,1,2
3529,fairbei,fai-bei,fai,0,2
3530,fairbei,fai-bei,bei,1,2
3531,fairgau,fai-gau,fai,0,2
3532,fairgau,fai-gau,gau,1,2
3533,fairzu'e,fai-zu'e,fai,0,2
3534,fairzu'e,fai-zu'e,zu'e,1,2
3535,faizga,fai-zga,fai,0,2
3536,faizga,fai-zga,zga,1,2
3537,faktoi,fak-toi,fak,0,2
3538,faktoi,fak-toi,toi,1,2
3539,falbu'u,fal-bu'u,fal,0,2
3540,falbu'u,fal-bu'u,bu'u,1,2
3541,falcru,fal-cru,fal,0,2
3542,falcru,fal-cru,cru,1,2
3543,falda'i,fal-da'i,fal,0,2
3544,falda'i,fal-da'i,da'i,1,2
3545,falfanta,fal-fanta,fal,0,2
3546,falfanta,fal-fanta,fanta,1,2
3547,falgau,fal-gau,fal,0,2
3548,falgau,fal-gau,gau,1,2
3549,falri'a,fal-ri'a,fal,0,2
3550,falri'a,fal-ri'a,ri'a,1,2
3551,falyli'u,fal-li'u,fal,0,2
3552,falyli'u,fal-li'u,li'u,1,2
3553,famcau,fam-cau,fam,0,2
3554,famcau,fam-cau,cau,1,2
3555,famdakfu,fam-dakfu,fam,0,2
3556,famdakfu,fam-dakfu,dakfu,1,2
3557,famfa'o,fam-fa'o,fam,0,2
3558,famfa'o,fam-fa'o,fa'o,1,2
3559,fampau,fam-pau,fam,0,2
3560,fampau,fam-pau,pau,1,2
3561,famramkai,fam-ram-kai,fam,0,3
3562,famramkai,fam-ram-kai,ram,1,3
3563,famramkai,fam-ram-kai,kai,2,3
3564,famselsku,fam-sel-sku,fam,0,3
3565,famselsku,fam-sel-sku,sel,1,3
3566,famselsku,fam-sel-sku,sku,2,3
3567,famyma'o,fam-ma'o,fam,0,2
3568,famyma'o,fam-ma'o,ma'o,1,2
3569,famyma'u,fam-ma'u,fam,0,2
3570,famyma'u,fam-ma'u,ma'u,1,2
3571,fanbu'u,fan-bu'u,fan,0,2
3572,fanbu'u,fan-bu'u,bu'u,1,2
3573,fancyju'a,fanc-ju'a,fanc,0,2
3574,fancyju'a,fanc-ju'a,ju'a,1,2
3575,fangygu'e,fang-gu'e,fang,0,2
3576,fangygu'e,fang-gu'e,gu'e,1,2
3577,fankla,fan-kla,fan,0,2
3578,fankla,fan-kla,kla,1,2
3579,fanlai,fan-lai,fan,0,2
3580,fanlai,fan-lai,lai,1,2
3581,fanrespli,fan-res-pli,fan,0,3
3582,fanrespli,fan-res-pli,res,1,3
3583,fanrespli,fan-res-pli,pli,2,3
3584,fanste,fan-ste,fan,0,2
3585,fanste,fan-ste,ste,1,2
3586,fanvla,fan-vla,fan,0,2
3587,fanvla,fan-vla,vla,1,2
3588,fanvyca'ate'i,fanv-ca'a-te'i,fanv,0,3
3589,fanvyca'ate'i,fanv-ca'a-te'i,ca'a,1,3
3590,fanvyca'ate'i,fanv-ca'a-te'i,te'i,2,3
3591,farble,far-ble,far,0,2
3592,farble,far-ble,ble,1,2
3593,farfai,far-fai,far,0,2
3594,farfai,far-fai,fai,1,2
3595,farfarfra,far-far-fra,far,0,3
3596,farfarfra,far-far-fra,far,1,3
3597,farfarfra,far-far-fra,fra,2,3
3598,farfra,far-fra,far,0,2
3599,farfra,far-fra,fra,1,2
3600,farga'i,far-ga'i,far,0,2
3601,farga'i,far-ga'i,ga'i,1,2
3602,fargau,far-gau,far,0,2
3603,fargau,far-gau,gau,1,2
3604,farja'o,far-ja'o,far,0,2
3605,farja'o,far-ja'o,ja'o,1,2
3606,farlai,far-lai,far,0,2
3607,farlai,far-lai,lai,1,2
3608,farli'i,far-li'i,far,0,2
3609,farli'i,far-li'i,li'i,1,2
3610,farmatfra,far-mat-fra,far,0,3
3611,farmatfra,far-mat-fra,mat,1,3
3612,farmatfra,far-mat-fra,fra,2,3
3613,farsni,far-sni,far,0,2
3614,farsni,far-sni,sni,1,2
3615,farsniseldegji,far-sni-sel-degji,far,0,4
3616,farsniseldegji,far-sni-sel-degji,sni,1,4
3617,farsniseldegji,far-sni-sel-degji,sel,2,4
3618,farsniseldegji,far-sni-sel-degji,degji,3,4
3619,farvli,far-vli,far,0,2
3620,farvli,far-vli,vli,1,2
3621,farvrici,far-vrici,far,0,2
3622,farvrici,far-vrici,vrici,1,2
3623,fasko'o,fas-ko'o,fas,0,2
3624,fasko'o,fas-ko'o,ko'o,1,2
3625,fasru'u,fas-ru'u,fas,0,2
3626,fasru'u,fas-ru'u,ru'u,1,2
3627,fasygu'e,fas-gu'e,fas,0,2
3628,fasygu'e,fas-gu'e,gu'e,1,2
3629,fasyselbau,fas-sel-bau,fas,0,3
3630,fasyselbau,fas-sel-bau,sel,1,3
3631,fasyselbau,fas-sel-bau,bau,2,3
3632,fasyvroca'o,fas-vro-ca'o,fas,0,3
3633,fasyvroca'o,fas-vro-ca'o,vro,1,3
3634,fasyvroca'o,fas-vro-ca'o,ca'o,2,3
3635,fatmi'u,fat-mi'u,fat,0,2
3636,fatmi'u,fat-mi'u,mi'u,1,2
3637,fatpu'i,fat-pu'i,fat,0,2
3638,fatpu'i,fat-pu'i,pu'i,1,2
3639,fatydu'i,fat-du'i,fat,0,2
3640,fatydu'i,fat-du'i,du'i,1,2
3641,fatygau,fat-gau,fat,0,2
3642,fatygau,fat-gau,gau,1,2
3643,fatytisna,fat-tisna,fat,0,2
3644,fatytisna,fat-tisna,tisna,1,2
3645,fatytisygau,fat-tis-gau,fat,0,3
3646,fatytisygau,fat-tis-gau,tis,1,3
3647,fatytisygau,fat-tis-gau,gau,2,3
3648,faubre,fau-bre,fau,0,2
3649,faubre,fau-bre,bre,1,2
3650,faurji'a,fau-ji'a,fau,0,2
3651,faurji'a,fau-ji'a,ji'a,1,2
3652,faurtei,fau-tei,fau,0,2
3653,faurtei,fau-tei,tei,1,2
3654,fauvla,fau-vla,fau,0,2
3655,fauvla,fau-vla,vla,1,2
3656,favgau,fav-gau,fav,0,2
3657,favgau,fav-gau,gau,1,2
3658,favri'a,fav-ri'a,fav,0,2
3659,favri'a,fav-ri'a,ri'a,1,2
3660,faxri'a,fax-ri'a,fax,0,2
3661,faxri'a,fax-ri'a,ri'a,1,2
3662,fazri'u,faz-ri'u,faz,0,2
3663,fazri'u,faz-ri'u,ri'u,1,2
3664,fazykei,faz-kei,faz,0,2
3665,fazykei,faz-kei,kei,1,2
3666,fazyta'a,faz-ta'a,faz,0,2
3667,fazyta'a,faz-ta'a,ta'a,1,2
3668,febri'a,feb-ri'a,feb,0,2
3669,febri'a,feb-ri'a,ri'a,1,2
3670,febypambe,feb-pambe,feb,0,2
3671,febypambe,feb-pambe,pambe,1,2
3672,fedgau,fed-gau,fed,0,2
3673,fedgau,fed-gau,gau,1,2
3674,fedri'a,fed-ri'a,fed,0,2
3675,fedri'a,fed-ri'a,ri'a,1,2
3676,fegba'u,feg-ba'u,feg,0,2
3677,fegba'u,feg-ba'u,ba'u,1,2
3678,fegba'ugunta,feg-ba'u-gunta,feg,0,3
3679,fegba'ugunta,feg-ba'u-gunta,ba'u,1,3
3680,fegba'ugunta,feg-ba'u-gunta,gunta,2,3
3681,fegboi,feg-boi,feg,0,2
3682,fegboi,feg-boi,boi,1,2
3683,fegboixa'e,feg-boi-xa'e,feg,0,3
3684,fegboixa'e,feg-boi-xa'e,boi,1,3
3685,fegboixa'e,feg-boi-xa'e,xa'e,2,3
3686,fegri'a,feg-ri'a,feg,0,2
3687,fegri'a,feg-ri'a,ri'a,1,2
3688,fegycai,feg-cai,feg,0,2
3689,fegycai,feg-cai,cai,1,2
3690,fegycau,feg-cau,feg,0,2
3691,fegycau,feg-cau,cau,1,2
3692,fegycru,feg-cru,feg,0,2
3693,fegycru,feg-cru,cru,1,2
3694,fegba'ugunta,feg-ba'u-gunta,feg,0,3
3695,fegba'ugunta,feg-ba'u-gunta,ba'u,1,3
3696,fegba'ugunta,feg-ba'u-gunta,gunta,2,3
3697,fegygau,feg-gau,feg,0,2
3698,fegygau,feg-gau,gau,1,2
3699,fekni'u,fek-ni'u,fek,0,2
3700,fekni'u,fek-ni'u,ni'u,1,2
3701,fekpre,fek-pre,fek,0,2
3702,fekpre,fek-pre,pre,1,2
3703,fekri'a,fek-ri'a,fek,0,2
3704,fekri'a,fek-ri'a,ri'a,1,2
3705,fekyba'o,fek-ba'o,fek,0,2
3706,fekyba'o,fek-ba'o,ba'o,1,2
3707,fekybi'o,fek-bi'o,fek,0,2
3708,fekybi'o,fek-bi'o,bi'o,1,2
3709,fekygei,fek-gei,fek,0,2
3710,fekygei,fek-gei,gei,1,2
3711,fendre,fen-dre,fen,0,2
3712,fendre,fen-dre,dre,1,2
3713,fengidmo'a,fen-gid-mo'a,fen,0,3
3714,fengidmo'a,fen-gid-mo'a,gid,1,3
3715,fengidmo'a,fen-gid-mo'a,mo'a,2,3
3716,fenjma,fen-jma,fen,0,2
3717,fenjma,fen-jma,jma,1,2
3718,fenske,fen-ske,fen,0,2
3719,fenske,fen-ske,ske,1,2
3720,fepsi'i,fep-si'i,fep,0,2
3721,fepsi'i,fep-si'i,si'i,1,2
3722,fespra,fes-pra,fes,0,2
3723,fespra,fes-pra,pra,1,2
3724,fesrinci,fes-rinci,fes,0,2
3725,fesrinci,fes-rinci,rinci,1,2
3726,fesxaksu,fes-xaksu,fes,0,2
3727,fesxaksu,fes-xaksu,xaksu,1,2
3728,fesyda'i,fes-da'i,fes,0,2
3729,fesyda'i,fes-da'i,da'i,1,2
3730,fesyga'i,fes-ga'i,fes,0,2
3731,fesyga'i,fes-ga'i,ga'i,1,2
3732,fesygau,fes-gau,fes,0,2
3733,fesygau,fes-gau,gau,1,2
3734,fesyzu'e,fes-zu'e,fes,0,2
3735,fesyzu'e,fes-zu'e,zu'e,1,2
3736,fetcei,fet-cei,fet,0,2
3737,fetcei,fet-cei,cei,1,2
3738,fetci'o,fet-ci'o,fet,0,2
3739,fetci'o,fet-ci'o,ci'o,1,2
3740,fetcinfo,fet-cinfo,fet,0,2
3741,fetcinfo,fet-cinfo,cinfo,1,2
3742,fetlo'u,fet-lo'u,fet,0,2
3743,fetlo'u,fet-lo'u,lo'u,1,2
3744,fetnalspe,fet-nal-spe,fet,0,3
3745,fetnalspe,fet-nal-spe,nal,1,3
3746,fetnalspe,fet-nal-spe,spe,2,3
3747,fetno'i,fet-no'i,fet,0,2
3748,fetno'i,fet-no'i,no'i,1,2
3749,fetnolraitru,fet-nol-rai-tru,fet,0,4
3750,fetnolraitru,fet-nol-rai-tru,nol,1,4
3751,fetnolraitru,fet-nol-rai-tru,rai,2,4
3752,fetnolraitru,fet-nol-rai-tru,tru,3,4
3753,fetpe'o,fet-pe'o,fet,0,2
3754,fetpe'o,fet-pe'o,pe'o,1,2
3755,fetpinji,fet-pinji,fet,0,2
3756,fetpinji,fet-pinji,pinji,1,2
3757,fetpre,fet-pre,fet,0,2
3758,fetpre,fet-pre,pre,1,2
3759,fetre'a,fet-re'a,fet,0,2
3760,fetre'a,fet-re'a,re'a,1,2
3761,fetrorci,fet-rorci,fet,0,2
3762,fetrorci,fet-rorci,rorci,1,2
3763,fetse'u,fet-se'u,fet,0,2
3764,fetse'u,fet-se'u,se'u,1,2
3765,fetso'a,fet-so'a,fet,0,2
3766,fetso'a,fet-so'a,so'a,1,2
3767,fetspe,fet-spe,fet,0,2
3768,fetspe,fet-spe,spe,1,2
3769,fetxanto,fet-xanto,fet,0,2
3770,fetxanto,fet-xanto,xanto,1,2
3771,fetxarju,fet-xarju,fet,0,2
3772,fetxarju,fet-xarju,xarju,1,2
3773,fetygunse,fet-gunse,fet,0,2
3774,fetygunse,fet-gunse,gunse,1,2
3775,fi'opre,fi'o-pre,fi'o,0,2
3776,fi'opre,fi'o-pre,pre,1,2
3777,fi'ormerko,fi'o-merko,fi'o,0,2
3778,fi'ormerko,fi'o-merko,merko,1,2
3779,fi'ortu'a,fi'o-tu'a,fi'o,0,2
3780,fi'ortu'a,fi'o-tu'a,tu'a,1,2
3781,fi'ortutra,fi'o-tutra,fi'o,0,2
3782,fi'ortutra,fi'o-tutra,tutra,1,2
3783,fi'unri'abau,fi'u-ri'a-bau,fi'u,0,3
3784,fi'unri'abau,fi'u-ri'a-bau,ri'a,1,3
3785,fi'unri'abau,fi'u-ri'a-bau,bau,2,3
3786,fi'urboi,fi'u-boi,fi'u,0,2
3787,fi'urboi,fi'u-boi,boi,1,2
3788,fi'urgau,fi'u-gau,fi'u,0,2
3789,fi'urgau,fi'u-gau,gau,1,2
3790,fi'uvla,fi'u-vla,fi'u,0,2
3791,fi'uvla,fi'u-vla,vla,1,2
3792,ficfoi,fic-foi,fic,0,2
3793,ficfoi,fic-foi,foi,1,2
3794,ficlei,fic-lei,fic,0,2
3795,ficlei,fic-lei,lei,1,2
3796,ficri'a,fic-ri'a,fic,0,2
3797,ficri'a,fic-ri'a,ri'a,1,2
3798,ficygau,fic-gau,fic,0,2
3799,ficygau,fic-gau,gau,1,2
3800,ficysi'u,fic-si'u,fic,0,2
3801,ficysi'u,fic-si'u,si'u,1,2
3802,fikpre,fik-pre,fik,0,2
3803,fikpre,fik-pre,pre,1,2
3804,fikylisri,fik-lisri,fik,0,2
3805,fikylisri,fik-lisri,lisri,1,2
3806,filbancu,fil-bancu,fil,0,2
3807,filbancu,fil-bancu,bancu,1,2
3808,fildu'i,fil-du'i,fil,0,2
3809,fildu'i,fil-du'i,du'i,1,2
3810,filgau,fil-gau,fil,0,2
3811,filgau,fil-gau,gau,1,2
3812,filjmi,fil-jmi,fil,0,2
3813,filjmi,fil-jmi,jmi,1,2
3814,filklo,fil-klo,fil,0,2
3815,filklo,fil-klo,klo,1,2
3816,filmau,fil-mau,fil,0,2
3817,filmau,fil-mau,mau,1,2
3818,filrai,fil-rai,fil,0,2
3819,filrai,fil-rai,rai,1,2
3820,filri'a,fil-ri'a,fil,0,2
3821,filri'a,fil-ri'a,ri'a,1,2
3822,filseljmi,fil-sel-jmi,fil,0,3
3823,filseljmi,fil-sel-jmi,sel,1,3
3824,filseljmi,fil-sel-jmi,jmi,2,3
3825,filsmadykai,fil-smad-kai,fil,0,3
3826,filsmadykai,fil-smad-kai,smad,1,3
3827,filsmadykai,fil-smad-kai,kai,2,3
3828,filste,fil-ste,fil,0,2
3829,filste,fil-ste,ste,1,2
3830,filze'a,fil-ze'a,fil,0,2
3831,filze'a,fil-ze'a,ze'a,1,2
3832,fingau,fin-gau,fin,0,2
3833,fingau,fin-gau,gau,1,2
3834,finsnezdi,fin-sne-zdi,fin,0,3
3835,finsnezdi,fin-sne-zdi,sne,1,3
3836,finsnezdi,fin-sne-zdi,zdi,2,3
3837,finsta,fin-sta,fin,0,2
3838,finsta,fin-sta,sta,1,2
3839,frinytigni,frin-tigni,frin,0,2
3840,frinytigni,frin-tigni,tigni,1,2
3841,fintru,fin-tru,fin,0,2
3842,fintru,fin-tru,tru,1,2
3843,finxu'a,fin-xu'a,fin,0,2
3844,finxu'a,fin-xu'a,xu'a,1,2
3845,fipkalte,fip-kalte,fip,0,2
3846,fipkalte,fip-kalte,kalte,1,2
3847,fircko,fir-cko,fir,0,2
3848,fircko,fir-cko,cko,1,2
3849,firgai,fir-gai,fir,0,2
3850,firgai,fir-gai,gai,1,2
3851,firgaicau,fir-gai-cau,fir,0,3
3852,firgaicau,fir-gai-cau,gai,1,3
3853,firgaicau,fir-gai-cau,cau,2,3
3854,firkra,fir-kra,fir,0,2
3855,firkra,fir-kra,kra,1,2
3856,firkre,fir-kre,fir,0,2
3857,firkre,fir-kre,kre,1,2
3858,firkrevi'u,fir-kre-vi'u,fir,0,3
3859,firkrevi'u,fir-kre-vi'u,kre,1,3
3860,firkrevi'u,fir-kre-vi'u,vi'u,2,3
3861,firmla,fir-mla,fir,0,2
3862,firmla,fir-mla,mla,1,2
3863,firsku,fir-sku,fir,0,2
3864,firsku,fir-sku,sku,1,2
3865,firsli,fir-sli,fir,0,2
3866,firsli,fir-sli,sli,1,2
3867,finfriti,fin-friti,fin,0,2
3868,finfriti,fin-friti,friti,1,2
3869,finselsku,fin-sel-sku,fin,0,3
3870,finselsku,fin-sel-sku,sel,1,3
3871,finselsku,fin-sel-sku,sku,2,3
3872,fitselve'u,fit-sel-ve'u,fit,0,3
3873,fitselve'u,fit-sel-ve'u,sel,1,3
3874,fitselve'u,fit-sel-ve'u,ve'u,2,3
3875,flabi'o,fla-bi'o,fla,0,2
3876,flabi'o,fla-bi'o,bi'o,1,2
3877,flacau,fla-cau,fla,0,2
3878,flacau,fla-cau,cau,1,2
3879,flaci'e,fla-ci'e,fla,0,2
3880,flaci'e,fla-ci'e,ci'e,1,2
3881,flagau,fla-gau,fla,0,2
3882,flagau,fla-gau,gau,1,2
3883,flaglibau,fla-gli-bau,fla,0,3
3884,flaglibau,fla-gli-bau,gli,1,3
3885,flaglibau,fla-gli-bau,bau,2,3
3886,flaja'e,fla-ja'e,fla,0,2
3887,flaja'e,fla-ja'e,ja'e,1,2
3888,flajerna,fla-jerna,fla,0,2
3889,flajerna,fla-jerna,jerna,1,2
3890,flanaftinbe,fla-naf-tinbe,fla,0,3
3891,flanaftinbe,fla-naf-tinbe,naf,1,3
3892,flanaftinbe,fla-naf-tinbe,tinbe,2,3
3893,flanyjoixagri,flan-joi-xagri,flan,0,3
3894,flanyjoixagri,flan-joi-xagri,joi,1,3
3895,flanyjoixagri,flan-joi-xagri,xagri,2,3
3896,flapli,fla-pli,fla,0,2
3897,flapli,fla-pli,pli,1,2
3898,flapro,fla-pro,fla,0,2
3899,flapro,fla-pro,pro,1,2
3900,flasarxe,fla-sarxe,fla,0,2
3901,flasarxe,fla-sarxe,sarxe,1,2
3902,flasi'u,fla-si'u,fla,0,2
3903,flasi'u,fla-si'u,si'u,1,2
3904,flasmu,fla-smu,fla,0,2
3905,flasmu,fla-smu,smu,1,2
3906,flasti,fla-sti,fla,0,2
3907,flasti,fla-sti,sti,1,2
3908,flazba,fla-zba,fla,0,2
3909,flazba,fla-zba,zba,1,2
3910,flesta,fle-sta,fle,0,2
3911,flesta,fle-sta,sta,1,2
3912,fleste,fle-ste,fle,0,2
3913,fleste,fle-ste,ste,1,2
3914,flesti,fle-sti,fle,0,2
3915,flesti,fle-sti,sti,1,2
3916,fletisygau,fle-tis-gau,fle,0,3
3917,fletisygau,fle-tis-gau,tis,1,3
3918,fletisygau,fle-tis-gau,gau,2,3
3919,flimorcko,fli-mor-cko,fli,0,3
3920,flimorcko,fli-mor-cko,mor,1,3
3921,flimorcko,fli-mor-cko,cko,2,3
3922,flinu'e,fli-nu'e,fli,0,2
3923,flinu'e,fli-nu'e,nu'e,1,2
3924,flise'u,fli-se'u,fli,0,2
3925,flise'u,fli-se'u,se'u,1,2
3926,flobimvro,flo-bim-vro,flo,0,3
3927,flobimvro,flo-bim-vro,bim,1,3
3928,flobimvro,flo-bim-vro,vro,2,3
3929,flokunti,flo-kunti,flo,0,2
3930,flokunti,flo-kunti,kunti,1,2
3931,flulimna,flu-limna,flu,0,2
3932,flulimna,flu-limna,limna,1,2
3933,fluvinji,flu-vinji,flu,0,2
3934,fluvinji,flu-vinji,vinji,1,2
3935,fo'argu'e,fo'a-gu'e,fo'a,0,2
3936,fo'argu'e,fo'a-gu'e,gu'e,1,2
3937,fo'arselpo'e,fo'a-sel-po'e,fo'a,0,3
3938,fo'arselpo'e,fo'a-sel-po'e,sel,1,3
3939,fo'arselpo'e,fo'a-sel-po'e,po'e,2,3
3940,fo'arselsa'a,fo'a-sel-sa'a,fo'a,0,3
3941,fo'arselsa'a,fo'a-sel-sa'a,sel,1,3
3942,fo'arselsa'a,fo'a-sel-sa'a,sa'a,2,3
3943,fo'irgu'e,fo'i-gu'e,fo'i,0,2
3944,fo'irgu'e,fo'i-gu'e,gu'e,1,2
3945,foicke,foi-cke,foi,0,2
3946,foicke,foi-cke,cke,1,2
3947,fomke'acirla,fom-ke'a-cirla,fom,0,3
3948,fomke'acirla,fom-ke'a-cirla,ke'a,1,3
3949,fomke'acirla,fom-ke'a-cirla,cirla,2,3
3950,fomne'o,fom-ne'o,fom,0,2
3951,fomne'o,fom-ne'o,ne'o,1,2
3952,fomsle,fom-sle,fom,0,2
3953,fomsle,fom-sle,sle,1,2
3954,fomyladru,fom-ladru,fom,0,2
3955,fomyladru,fom-ladru,ladru,1,2
3956,fongau,fon-gau,fon,0,2
3957,fongau,fon-gau,gau,1,2
3958,fonjudri,fon-judri,fon,0,2
3959,fonjudri,fon-judri,judri,1,2
3960,fonkanta'a,fon-kan-ta'a,fon,0,3
3961,fonkanta'a,fon-kan-ta'a,kan,1,3
3962,fonkanta'a,fon-kan-ta'a,ta'a,2,3
3963,fonsi'i,fon-si'i,fon,0,2
3964,fonsi'i,fon-si'i,si'i,1,2
3965,fonta'a,fon-ta'a,fon,0,2
3966,fonta'a,fon-ta'a,ta'a,1,2
3967,fonyna'u,fon-na'u,fon,0,2
3968,fonyna'u,fon-na'u,na'u,1,2
3969,fonynoi,fon-noi,fon,0,2
3970,fonynoi,fon-noi,noi,1,2
3971,fraba'u,fra-ba'u,fra,0,2
3972,fraba'u,fra-ba'u,ba'u,1,2
3973,fraba'u,fra-ba'u,fra,0,2
3974,fraba'u,fra-ba'u,ba'u,1,2
3975,frapro,fra-pro,fra,0,2
3976,frapro,fra-pro,pro,1,2
3977,frasku,fra-sku,fra,0,2
3978,frasku,fra-sku,sku,1,2
3979,fratre,fra-tre,fra,0,2
3980,fratre,fra-tre,tre,1,2
3981,frecande'u,fre-can-de'u,fre,0,3
3982,frecande'u,fre-can-de'u,can,1,3
3983,frecande'u,fre-can-de'u,de'u,2,3
3984,fregau,fre-gau,fre,0,2
3985,fregau,fre-gau,gau,1,2
3986,frerai,fre-rai,fre,0,2
3987,frerai,fre-rai,rai,1,2
3988,freri'a,fre-ri'a,fre,0,2
3989,freri'a,fre-ri'a,ri'a,1,2
3990,frespa,fre-spa,fre,0,2
3991,frespa,fre-spa,spa,1,2
3992,friku'e,fri-ku'e,fri,0,2
3993,friku'e,fri-ku'e,ku'e,1,2
3994,frinei,fri-nei,fri,0,2
3995,frinei,fri-nei,nei,1,2
3996,frinyrelpavritru'u,frin-rel-pav-rit-ru'u,frin,0,5
3997,frinyrelpavritru'u,frin-rel-pav-rit-ru'u,rel,1,5
3998,frinyrelpavritru'u,frin-rel-pav-rit-ru'u,pav,2,5
3999,frinyrelpavritru'u,frin-rel-pav-rit-ru'u,rit,3,5
4000,frinyrelpavritru'u,frin-rel-pav-rit-ru'u,ru'u,4,5
4001,friseljmi,fri-sel-jmi,fri,0,3
4002,friseljmi,fri-sel-jmi,sel,1,3
4003,friseljmi,fri-sel-jmi,jmi,2,3
4004,friselku'e,fri-sel-ku'e,fri,0,3
4005,friselku'e,fri-sel-ku'e,sel,1,3
4006,friselku'e,fri-sel-ku'e,ku'e,2,3
4007,friselna'a,fri-sel-na'a,fri,0,3
4008,friselna'a,fri-sel-na'a,sel,1,3
4009,friselna'a,fri-sel-na'a,na'a,2,3
4010,frubi'o,fru-bi'o,fru,0,2
4011,frubi'o,fru-bi'o,bi'o,1,2
4012,fructi,fru-cti,fru,0,2
4013,fructi,fru-cti,cti,1,2
4014,frufra,fru-fra,fru,0,2
4015,frufra,fru-fra,fra,1,2
4016,frufri,fru-fri,fru,0,2
4017,frufri,fru-fri,fri,1,2
4018,frufru,fru-fru,fru,0,2
4019,frufru,fru-fru,fru,1,2
4020,fu'esku,fu'e-sku,fu'e,0,2
4021,fu'esku,fu'e-sku,sku,1,2
4022,fu'ivla,fu'i-vla,fu'i,0,2
4023,fu'ivla,fu'i-vla,vla,1,2
4024,fukci'a,fuk-ci'a,fuk,0,2
4025,fukci'a,fuk-ci'a,ci'a,1,2
4026,fukyvlanunplisi'o,fuk-vla-nun-pli-si'o,fuk,0,5
4027,fukyvlanunplisi'o,fuk-vla-nun-pli-si'o,vla,1,5
4028,fukyvlanunplisi'o,fuk-vla-nun-pli-si'o,nun,2,5
4029,fukyvlanunplisi'o,fuk-vla-nun-pli-si'o,pli,3,5
4030,fukyvlanunplisi'o,fuk-vla-nun-pli-si'o,si'o,4,5
4031,funza'a,fun-za'a,fun,0,2
4032,funza'a,fun-za'a,za'a,1,2
4033,ga'acpu,ga'a-cpu,ga'a,0,2
4034,ga'acpu,ga'a-cpu,cpu,1,2
4035,ga'ardance'a,ga'a-dan-ce'a,ga'a,0,3
4036,ga'ardance'a,ga'a-dan-ce'a,dan,1,3
4037,ga'ardance'a,ga'a-dan-ce'a,ce'a,2,3
4038,ga'ardanti,ga'a-danti,ga'a,0,2
4039,ga'ardanti,ga'a-danti,danti,1,2
4040,ga'arxa'i,ga'a-xa'i,ga'a,0,2
4041,ga'arxa'i,ga'a-xa'i,xa'i,1,2
4042,ga'avro,ga'a-vro,ga'a,0,2
4043,ga'avro,ga'a-vro,vro,1,2
4044,ga'onri'a,ga'o-ri'a,ga'o,0,2
4045,ga'onri'a,ga'o-ri'a,ri'a,1,2
4046,ga'orbi'o,ga'o-bi'o,ga'o,0,2
4047,ga'orbi'o,ga'o-bi'o,bi'o,1,2
4048,ga'orga'i,ga'o-ga'i,ga'o,0,2
4049,ga'orga'i,ga'o-ga'i,ga'i,1,2
4050,ga'orgau,ga'o-gau,ga'o,0,2
4051,ga'orgau,ga'o-gau,gau,1,2
4052,ga'ormolsna,ga'o-mol-sna,ga'o,0,3
4053,ga'ormolsna,ga'o-mol-sna,mol,1,3
4054,ga'ormolsna,ga'o-mol-sna,sna,2,3
4055,gairki'e,gai-ki'e,gai,0,2
4056,gairki'e,gai-ki'e,ki'e,1,2
4057,gairko'a,gai-ko'a,gai,0,2
4058,gairko'a,gai-ko'a,ko'a,1,2
4059,gacpambe,gac-pambe,gac,0,2
4060,gacpambe,gac-pambe,pambe,1,2
4061,gacpo'aca'a,gac-po'a-ca'a,gac,0,3
4062,gacpo'aca'a,gac-po'a-ca'a,po'a,1,3
4063,gacpo'aca'a,gac-po'a-ca'a,ca'a,2,3
4064,gainri'a,gai-ri'a,gai,0,2
4065,gainri'a,gai-ri'a,ri'a,1,2
4066,gacyjau,gac-jau,gac,0,2
4067,gacyjau,gac-jau,jau,1,2
4068,gafnai,gaf-nai,gaf,0,2
4069,gafnai,gaf-nai,nai,1,2
4070,gafti'i,gaf-ti'i,gaf,0,2
4071,gafti'i,gaf-ti'i,ti'i,1,2
4072,gafto'a,gaf-to'a,gaf,0,2
4073,gafto'a,gaf-to'a,to'a,1,2
4074,gafygau,gaf-gau,gaf,0,2
4075,gafygau,gaf-gau,gau,1,2
4076,gairbu'u,gai-bu'u,gai,0,2
4077,gairbu'u,gai-bu'u,bu'u,1,2
4078,gairgau,gai-gau,gai,0,2
4079,gairgau,gai-gau,gau,1,2
4080,gairja'i,gai-ja'i,gai,0,2
4081,gairja'i,gai-ja'i,ja'i,1,2
4082,gairki'e,gai-ki'e,gai,0,2
4083,gairki'e,gai-ki'e,ki'e,1,2
4084,gairma'i,gai-ma'i,gai,0,2
4085,gairma'i,gai-ma'i,ma'i,1,2
4086,gaispe,gai-spe,gai,0,2
4087,gaispe,gai-spe,spe,1,2
4088,galbi'o,gal-bi'o,gal,0,2
4089,galbi'o,gal-bi'o,bi'o,1,2
4090,galbirka,gal-birka,gal,0,2
4091,galbirka,gal-birka,birka,1,2
4092,galcpana,gal-cpana,gal,0,2
4093,galcpana,gal-cpana,cpana,1,2
4094,galcpare,gal-cpare,gal,0,2
4095,galcpare,gal-cpare,cpare,1,2
4096,galdi'u,gal-di'u,gal,0,2
4097,galdi'u,gal-di'u,di'u,1,2
4098,galdzu,gal-dzu,gal,0,2
4099,galdzu,gal-dzu,dzu,1,2
4100,galgau,gal-gau,gal,0,2
4101,galgau,gal-gau,gau,1,2
4102,galjimte,gal-jimte,gal,0,2
4103,galjimte,gal-jimte,jimte,1,2
4104,galmau,gal-mau,gal,0,2
4105,galmau,gal-mau,mau,1,2
4106,galmu'u,gal-mu'u,gal,0,2
4107,galmu'u,gal-mu'u,mu'u,1,2
4108,galpau,gal-pau,gal,0,2
4109,galpau,gal-pau,pau,1,2
4110,galrai,gal-rai,gal,0,2
4111,galrai,gal-rai,rai,1,2
4112,galre'e,gal-re'e,gal,0,2
4113,galre'e,gal-re'e,re'e,1,2
4114,galri'a,gal-ri'a,gal,0,2
4115,galri'a,gal-ri'a,ri'a,1,2
4116,galsu'a,gal-su'a,gal,0,2
4117,galsu'a,gal-su'a,su'a,1,2
4118,galtu'e,gal-tu'e,gal,0,2
4119,galtu'e,gal-tu'e,tu'e,1,2
4120,galxasysfe,gal-xas-sfe,gal,0,3
4121,galxasysfe,gal-xas-sfe,xas,1,3
4122,galxasysfe,gal-xas-sfe,sfe,2,3
4123,galxycti,galx-cti,galx,0,2
4124,galxycti,galx-cti,cti,1,2
4125,galxygre,galx-gre,galx,0,2
4126,galxygre,galx-gre,gre,1,2
4127,galxyja'i,galx-ja'i,galx,0,2
4128,galxyja'i,galx-ja'i,ja'i,1,2
4129,galxynerbi'o,galx-ner-bi'o,galx,0,3
4130,galxynerbi'o,galx-ner-bi'o,ner,1,3
4131,galxynerbi'o,galx-ner-bi'o,bi'o,2,3
4132,ganbra,gan-bra,gan,0,2
4133,ganbra,gan-bra,bra,1,2
4134,gancentre,gan-cen-tre,gan,0,3
4135,gancentre,gan-cen-tre,cen,1,3
4136,gancentre,gan-cen-tre,tre,2,3
4137,garga'i,gar-ga'i,gar,0,2
4138,garga'i,gar-ga'i,ga'i,1,2
4139,gargau,gar-gau,gar,0,2
4140,gargau,gar-gau,gau,1,2
4141,ganpai,gan-pai,gan,0,2
4142,ganpai,gan-pai,pai,1,2
4143,ganrorpai,gan-ror-pai,gan,0,3
4144,ganrorpai,gan-ror-pai,ror,1,3
4145,ganrorpai,gan-ror-pai,pai,2,3
4146,ganska,gan-ska,gan,0,2
4147,ganska,gan-ska,ska,1,2
4148,ganspali,gan-spali,gan,0,2
4149,ganspali,gan-spali,spali,1,2
4150,gantorspa,gan-tor-spa,gan,0,3
4151,gantorspa,gan-tor-spa,tor,1,3
4152,gantorspa,gan-tor-spa,spa,2,3
4153,ganydju,gan-dju,gan,0,2
4154,ganydju,gan-dju,dju,1,2
4155,ganzbi,gan-zbi,gan,0,2
4156,ganzbi,gan-zbi,zbi,1,2
4157,gapcta,gap-cta,gap,0,2
4158,gapcta,gap-cta,cta,1,2
4159,gaploi,gap-loi,gap,0,2
4160,gaploi,gap-loi,loi,1,2
4161,gaprai,gap-rai,gap,0,2
4162,gaprai,gap-rai,rai,1,2
4163,gapseltcidu,gap-sel-tcidu,gap,0,3
4164,gapseltcidu,gap-sel-tcidu,sel,1,3
4165,gapseltcidu,gap-sel-tcidu,tcidu,2,3
4166,gacydaklycifnu,gac-dakl-cifnu,gac,0,3
4167,gacydaklycifnu,gac-dakl-cifnu,dakl,1,3
4168,gacydaklycifnu,gac-dakl-cifnu,cifnu,2,3
4169,gacyvi'i,gac-vi'i,gac,0,2
4170,gacyvi'i,gac-vi'i,vi'i,1,2
4171,garcei,gar-cei,gar,0,2
4172,garcei,gar-cei,cei,1,2
4173,gapcpare,gap-cpare,gap,0,2
4174,gapcpare,gap-cpare,cpare,1,2
4175,gapydzu,gap-dzu,gap,0,2
4176,gapydzu,gap-dzu,dzu,1,2
4177,garka'afendi,gar-ka'a-fendi,gar,0,3
4178,garka'afendi,gar-ka'a-fendi,ka'a,1,3
4179,garka'afendi,gar-ka'a-fendi,fendi,2,3
4180,gapkla,gap-kla,gap,0,2
4181,gapkla,gap-kla,kla,1,2
4182,gapmu'e,gap-mu'e,gap,0,2
4183,gapmu'e,gap-mu'e,mu'e,1,2
4184,gartre,gar-tre,gar,0,2
4185,gartre,gar-tre,tre,1,2
4186,gasfri,gas-fri,gas,0,2
4187,gasfri,gas-fri,fri,1,2
4188,gaskai,gas-kai,gas,0,2
4189,gaskai,gas-kai,kai,1,2
4190,gasmau,gas-mau,gas,0,2
4191,gasmau,gas-mau,mau,1,2
4192,gaspra,gas-pra,gas,0,2
4193,gaspra,gas-pra,pra,1,2
4194,gasycau,gas-cau,gas,0,2
4195,gasycau,gas-cau,cau,1,2
4196,gasyglu,gas-glu,gas,0,2
4197,gasyglu,gas-glu,glu,1,2
4198,gatydamri,gat-damri,gat,0,2
4199,gatydamri,gat-damri,damri,1,2
4200,gaunrivbi,gau-rivbi,gau,0,2
4201,gaunrivbi,gau-rivbi,rivbi,1,2
4202,gaurkalsa,gau-kalsa,gau,0,2
4203,gaurkalsa,gau-kalsa,kalsa,1,2
4204,gauzma,gau-zma,gau,0,2
4205,gauzma,gau-zma,zma,1,2
4206,gaxfesti,gax-festi,gax,0,2
4207,gaxfesti,gax-festi,festi,1,2
4208,gaxselkafke,gax-sel-kafke,gax,0,3
4209,gaxselkafke,gax-sel-kafke,sel,1,3
4210,gaxselkafke,gax-sel-kafke,kafke,2,3
4211,gaxykafke,gax-kafke,gax,0,2
4212,gaxykafke,gax-kafke,kafke,1,2
4213,gaxyva'u,gax-va'u,gax,0,2
4214,gaxyva'u,gax-va'u,va'u,1,2
4215,jgetsi,jge-tsi,jge,0,2
4216,jgetsi,jge-tsi,tsi,1,2
4217,geiclu,gei-clu,gei,0,2
4218,geiclu,gei-clu,clu,1,2
4219,gerba'u,ger-ba'u,ger,0,2
4220,gerba'u,ger-ba'u,ba'u,1,2
4221,geipre,gei-pre,gei,0,2
4222,geipre,gei-pre,pre,1,2
4223,geirgau,gei-gau,gei,0,2
4224,geirgau,gei-gau,gau,1,2
4225,geirgei,gei-gei,gei,0,2
4226,geirgei,gei-gei,gei,1,2
4227,geirkansa,gei-kansa,gei,0,2
4228,geirkansa,gei-kansa,kansa,1,2
4229,geirkei,gei-kei,gei,0,2
4230,geirkei,gei-kei,kei,1,2
4231,geirki'a,gei-ki'a,gei,0,2
4232,geirki'a,gei-ki'a,ki'a,1,2
4233,geizma,gei-zma,gei,0,2
4234,geizma,gei-zma,zma,1,2
4235,gejmlusa'i,gej-mlu-sa'i,gej,0,3
4236,gejmlusa'i,gej-mlu-sa'i,mlu,1,3
4237,gejmlusa'i,gej-mlu-sa'i,sa'i,2,3
4238,gekcau,gek-cau,gek,0,2
4239,gekcau,gek-cau,cau,1,2
4240,gekpanpi,gek-panpi,gek,0,2
4241,gekpanpi,gek-panpi,panpi,1,2
4242,genbleju'o,gen-ble-ju'o,gen,0,3
4243,genbleju'o,gen-ble-ju'o,ble,1,3
4244,genbleju'o,gen-ble-ju'o,ju'o,2,3
4245,genbra,gen-bra,gen,0,2
4246,genbra,gen-bra,bra,1,2
4247,gencku,gen-cku,gen,0,2
4248,gencku,gen-cku,cku,1,2
4249,gendra,gen-dra,gen,0,2
4250,gendra,gen-dra,dra,1,2
4251,gendragau,gen-dra-gau,gen,0,3
4252,gendragau,gen-dra-gau,dra,1,3
4253,gendragau,gen-dra-gau,gau,2,3
4254,gendre,gen-dre,gen,0,2
4255,gendre,gen-dre,dre,1,2
4256,genlalske,gen-lal-ske,gen,0,3
4257,genlalske,gen-lal-ske,lal,1,3
4258,genlalske,gen-lal-ske,ske,2,3
4259,genlanli,gen-lanli,gen,0,2
4260,genlanli,gen-lanli,lanli,1,2
4261,genpra,gen-pra,gen,0,2
4262,genpra,gen-pra,pra,1,2
4263,gensle,gen-sle,gen,0,2
4264,gensle,gen-sle,sle,1,2
4265,jgetinbe,jge-tinbe,jge,0,2
4266,jgetinbe,jge-tinbe,tinbe,1,2
4267,genturfa'i,gen-tur-fa'i,gen,0,3
4268,genturfa'i,gen-tur-fa'i,tur,1,3
4269,genturfa'i,gen-tur-fa'i,fa'i,2,3
4270,genturfakru'e,gen-tur-fak-ru'e,gen,0,4
4271,genturfakru'e,gen-tur-fak-ru'e,tur,1,4
4272,genturfakru'e,gen-tur-fak-ru'e,fak,2,4
4273,genturfakru'e,gen-tur-fak-ru'e,ru'e,3,4
4274,genvelcki,gen-vel-cki,gen,0,3
4275,genvelcki,gen-vel-cki,vel,1,3
4276,genvelcki,gen-vel-cki,cki,2,3
4277,genxau,gen-xau,gen,0,2
4278,genxau,gen-xau,xau,1,2
4279,gencku,gen-cku,gen,0,2
4280,gencku,gen-cku,cku,1,2
4281,gercmezda,ger-cme-zda,ger,0,3
4282,gercmezda,ger-cme-zda,cme,1,3
4283,gercmezda,ger-cme-zda,zda,2,3
4284,gerdra,ger-dra,ger,0,2
4285,gerdra,ger-dra,dra,1,2
4286,gernakni,ger-nakni,ger,0,2
4287,gernakni,ger-nakni,nakni,1,2
4288,gerselje'ilatpo'eselzda,ger-sel-je'i-lat-po'e-sel-zda,ger,0,7
4289,gerselje'ilatpo'eselzda,ger-sel-je'i-lat-po'e-sel-zda,sel,1,7
4290,gerselje'ilatpo'eselzda,ger-sel-je'i-lat-po'e-sel-zda,je'i,2,7
4291,gerselje'ilatpo'eselzda,ger-sel-je'i-lat-po'e-sel-zda,lat,3,7
4292,gerselje'ilatpo'eselzda,ger-sel-je'i-lat-po'e-sel-zda,po'e,4,7
4293,gerselje'ilatpo'eselzda,ger-sel-je'i-lat-po'e-sel-zda,sel,5,7
4294,gerselje'ilatpo'eselzda,ger-sel-je'i-lat-po'e-sel-zda,zda,6,7
4295,gerselzda,ger-sel-zda,ger,0,3
4296,gerselzda,ger-sel-zda,sel,1,3
4297,gerselzda,ger-sel-zda,zda,2,3
4298,gersnu,ger-snu,ger,0,2
4299,gersnu,ger-snu,snu,1,2
4300,gensu'a,gen-su'a,gen,0,2
4301,gensu'a,gen-su'a,su'a,1,2
4302,genturfa'i,gen-tur-fa'i,gen,0,3
4303,genturfa'i,gen-tur-fa'i,tur,1,3
4304,genturfa'i,gen-tur-fa'i,fa'i,2,3
4305,genturcfi,gen-tur-cfi,gen,0,3
4306,genturcfi,gen-tur-cfi,tur,1,3
4307,genturcfi,gen-tur-cfi,cfi,2,3
4308,gertaizda,ger-tai-zda,ger,0,3
4309,gertaizda,ger-tai-zda,tai,1,3
4310,gertaizda,ger-tai-zda,zda,2,3
4311,gletro,gle-tro,gle,0,2
4312,gletro,gle-tro,tro,1,2
4313,genvlabi'o,gen-vla-bi'o,gen,0,3
4314,genvlabi'o,gen-vla-bi'o,vla,1,3
4315,genvlabi'o,gen-vla-bi'o,bi'o,2,3
4316,gerzda,ger-zda,ger,0,2
4317,gerzda,ger-zda,zda,1,2
4318,getpe'o,get-pe'o,get,0,2
4319,getpe'o,get-pe'o,pe'o,1,2
4320,getpre,get-pre,get,0,2
4321,getpre,get-pre,pre,1,2
4322,getru'u,get-ru'u,get,0,2
4323,getru'u,get-ru'u,ru'u,1,2
4324,getygu'e,get-gu'e,get,0,2
4325,getygu'e,get-gu'e,gu'e,1,2
4326,gi'acku,gi'a-cku,gi'a,0,2
4327,gi'acku,gi'a-cku,cku,1,2
4328,gigru'u,gig-ru'u,gig,0,2
4329,gigru'u,gig-ru'u,ru'u,1,2
4330,gikfagri,gik-fagri,gik,0,2
4331,gikfagri,gik-fagri,fagri,1,2
4332,gimdaski,gim-daski,gim,0,2
4333,gimdaski,gim-daski,daski,1,2
4334,gimpevdaskymo'a,gim-pev-dask-mo'a,gim,0,4
4335,gimpevdaskymo'a,gim-pev-dask-mo'a,pev,1,4
4336,gimpevdaskymo'a,gim-pev-dask-mo'a,dask,2,4
4337,gimpevdaskymo'a,gim-pev-dask-mo'a,mo'a,3,4
4338,gimste,gim-ste,gim,0,2
4339,gimste,gim-ste,ste,1,2
4340,gimterzba,gim-ter-zba,gim,0,3
4341,gimterzba,gim-ter-zba,ter,1,3
4342,gimterzba,gim-ter-zba,zba,2,3
4343,gimterzbavla,gim-ter-zba-vla,gim,0,4
4344,gimterzbavla,gim-ter-zba-vla,ter,1,4
4345,gimterzbavla,gim-ter-zba-vla,zba,2,4
4346,gimterzbavla,gim-ter-zba-vla,vla,3,4
4347,gincilta,gin-cilta,gin,0,2
4348,gincilta,gin-cilta,cilta,1,2
4349,ginjinzi,gin-jinzi,gin,0,2
4350,ginjinzi,gin-jinzi,jinzi,1,2
4351,ginpoi,gin-poi,gin,0,2
4352,ginpoi,gin-poi,poi,1,2
4353,gitsko,git-sko,git,0,2
4354,gitsko,git-sko,sko,1,2
4355,glabi'o,gla-bi'o,gla,0,2
4356,glabi'o,gla-bi'o,bi'o,1,2
4357,glacai,gla-cai,gla,0,2
4358,glacai,gla-cai,cai,1,2
4359,glacitsi,gla-citsi,gla,0,2
4360,glacitsi,gla-citsi,citsi,1,2
4361,gladu'e,gla-du'e,gla,0,2
4362,gladu'e,gla-du'e,du'e,1,2
4363,glagau,gla-gau,gla,0,2
4364,glagau,gla-gau,gau,1,2
4365,glajoilenku,gla-joi-lenku,gla,0,3
4366,glajoilenku,gla-joi-lenku,joi,1,3
4367,glajoilenku,gla-joi-lenku,lenku,2,3
4368,glajukpa,gla-jukpa,gla,0,2
4369,glajukpa,gla-jukpa,jukpa,1,2
4370,glakabri,gla-kabri,gla,0,2
4371,glakabri,gla-kabri,kabri,1,2
4372,glamau,gla-mau,gla,0,2
4373,glamau,gla-mau,mau,1,2
4374,glamli,gla-mli,gla,0,2
4375,glamli,gla-mli,mli,1,2
4376,glari'a,gla-ri'a,gla,0,2
4377,glari'a,gla-ri'a,ri'a,1,2
4378,glaro'i,gla-ro'i,gla,0,2
4379,glaro'i,gla-ro'i,ro'i,1,2
4380,glaslami,gla-slami,gla,0,2
4381,glaslami,gla-slami,slami,1,2
4382,glati'a,gla-ti'a,gla,0,2
4383,glati'a,gla-ti'a,ti'a,1,2
4384,glaxlafri,gla-xla-fri,gla,0,3
4385,glaxlafri,gla-xla-fri,xla,1,3
4386,glaxlafri,gla-xla-fri,fri,2,3
4387,gekcisma,gek-cisma,gek,0,2
4388,gekcisma,gek-cisma,cisma,1,2
4389,glecni,gle-cni,gle,0,2
4390,glecni,gle-cni,cni,1,2
4391,gledzi,gle-dzi,gle,0,2
4392,gledzi,gle-dzi,dzi,1,2
4393,geirgau,gei-gau,gei,0,2
4394,geirgau,gei-gau,gau,1,2
4395,geizma,gei-zma,gei,0,2
4396,geizma,gei-zma,zma,1,2
4397,gekpanpi,gek-panpi,gek,0,2
4398,gekpanpi,gek-panpi,panpi,1,2
4399,glepe'o,gle-pe'o,gle,0,2
4400,glepe'o,gle-pe'o,pe'o,1,2
4401,gleplu,gle-plu,gle,0,2
4402,gleplu,gle-plu,plu,1,2
4403,gekri'a,gek-ri'a,gek,0,2
4404,gekri'a,gek-ri'a,ri'a,1,2
4405,gletce,gle-tce,gle,0,2
4406,gletce,gle-tce,tce,1,2
4407,gletoi,gle-toi,gle,0,2
4408,gletoi,gle-toi,toi,1,2
4409,gletro,gle-tro,gle,0,2
4410,gletro,gle-tro,tro,1,2
4411,geirxe'o,gei-xe'o,gei,0,2
4412,geirxe'o,gei-xe'o,xe'o,1,2
4413,glezdi,gle-zdi,gle,0,2
4414,glezdi,gle-zdi,zdi,1,2
4415,glibau,gli-bau,gli,0,2
4416,glibau,gli-bau,bau,1,2
4417,glibaukragu'e,gli-bau-kra-gu'e,gli,0,4
4418,glibaukragu'e,gli-bau-kra-gu'e,bau,1,4
4419,glibaukragu'e,gli-bau-kra-gu'e,kra,2,4
4420,glibaukragu'e,gli-bau-kra-gu'e,gu'e,3,4
4421,glibauxelfanva,gli-bau-xel-fanva,gli,0,4
4422,glibauxelfanva,gli-bau-xel-fanva,bau,1,4
4423,glibauxelfanva,gli-bau-xel-fanva,xel,2,4
4424,glibauxelfanva,gli-bau-xel-fanva,fanva,3,4
4425,glifanva,gli-fanva,gli,0,2
4426,glifanva,gli-fanva,fanva,1,2
4427,glige'a,gli-ge'a,gli,0,2
4428,glige'a,gli-ge'a,ge'a,1,2
4429,gligli,gli-gli,gli,0,2
4430,gligli,gli-gli,gli,1,2
4431,gliglibau,gli-gli-bau,gli,0,3
4432,gliglibau,gli-gli-bau,gli,1,3
4433,gliglibau,gli-gli-bau,bau,2,3
4434,gliglinau,gli-gli-nau,gli,0,3
4435,gliglinau,gli-gli-nau,gli,1,3
4436,gliglinau,gli-gli-nau,nau,2,3
4437,gligu'e,gli-gu'e,gli,0,2
4438,gligu'e,gli-gu'e,gu'e,1,2
4439,glijbo,gli-jbo,gli,0,2
4440,glijbo,gli-jbo,jbo,1,2
4441,glijbokai,gli-jbo-kai,gli,0,3
4442,glijbokai,gli-jbo-kai,jbo,1,3
4443,glijbokai,gli-jbo-kai,kai,2,3
4444,glijovjbovlacku,gli-jov-jbo-vla-cku,gli,0,5
4445,glijovjbovlacku,gli-jov-jbo-vla-cku,jov,1,5
4446,glijovjbovlacku,gli-jov-jbo-vla-cku,jbo,2,5
4447,glijovjbovlacku,gli-jov-jbo-vla-cku,vla,3,5
4448,glijovjbovlacku,gli-jov-jbo-vla-cku,cku,4,5
4449,gliklu,gli-klu,gli,0,2
4450,gliklu,gli-klu,klu,1,2
4451,glinai,gli-nai,gli,0,2
4452,glinai,gli-nai,nai,1,2
4453,glipemci,gli-pemci,gli,0,2
4454,glipemci,gli-pemci,pemci,1,2
4455,glipre,gli-pre,gli,0,2
4456,glipre,gli-pre,pre,1,2
4457,gliselgu'e,gli-sel-gu'e,gli,0,3
4458,gliselgu'e,gli-sel-gu'e,sel,1,3
4459,gliselgu'e,gli-sel-gu'e,gu'e,2,3
4460,gliselsku,gli-sel-sku,gli,0,3
4461,gliselsku,gli-sel-sku,sel,1,3
4462,gliselsku,gli-sel-sku,sku,2,3
4463,glisku,gli-sku,gli,0,2
4464,glisku,gli-sku,sku,1,2
4465,glismi,gli-smi,gli,0,2
4466,glismi,gli-smi,smi,1,2
4467,glita'a,gli-ta'a,gli,0,2
4468,glita'a,gli-ta'a,ta'a,1,2
4469,glivla,gli-vla,gli,0,2
4470,glivla,gli-vla,vla,1,2
4471,glivle,gli-vle,gli,0,2
4472,glivle,gli-vle,vle,1,2
4473,gradre,gra-dre,gra,0,2
4474,gradre,gra-dre,dre,1,2
4475,graki'o,gra-ki'o,gra,0,2
4476,graki'o,gra-ki'o,ki'o,1,2
4477,granai,gra-nai,gra,0,2
4478,granai,gra-nai,nai,1,2
4479,grapoi,gra-poi,gra,0,2
4480,grapoi,gra-poi,poi,1,2
4481,graspo,gra-spo,gra,0,2
4482,graspo,gra-spo,spo,1,2
4483,grebe'i,gre-be'i,gre,0,2
4484,grebe'i,gre-be'i,be'i,1,2
4485,grebe'i,gre-be'i,gre,0,2
4486,grebe'i,gre-be'i,be'i,1,2
4487,grebla,gre-bla,gre,0,2
4488,grebla,gre-bla,bla,1,2
4489,greblo,gre-blo,gre,0,2
4490,greblo,gre-blo,blo,1,2
4491,greblopre,gre-blo-pre,gre,0,3
4492,greblopre,gre-blo-pre,blo,1,3
4493,greblopre,gre-blo-pre,pre,2,3
4494,grece'i,gre-ce'i,gre,0,2
4495,grece'i,gre-ce'i,ce'i,1,2
4496,grece'i,gre-ce'i,gre,0,2
4497,grece'i,gre-ce'i,ce'i,1,2
4498,grecta,gre-cta,gre,0,2
4499,grecta,gre-cta,cta,1,2
4500,gregau,gre-gau,gre,0,2
4501,gregau,gre-gau,gau,1,2
4502,greli'i,gre-li'i,gre,0,2
4503,greli'i,gre-li'i,li'i,1,2
4504,greri'a,gre-ri'a,gre,0,2
4505,greri'a,gre-ri'a,ri'a,1,2
4506,gresko,gre-sko,gre,0,2
4507,gresko,gre-sko,sko,1,2
4508,grevla,gre-vla,gre,0,2
4509,grevla,gre-vla,vla,1,2
4510,grexa'i,gre-xa'i,gre,0,2
4511,grexa'i,gre-xa'i,xa'i,1,2
4512,grikai,gri-kai,gri,0,2
4513,grikai,gri-kai,kai,1,2
4514,grinunjvi,gri-nun-jvi,gri,0,3
4515,grinunjvi,gri-nun-jvi,nun,1,3
4516,grinunjvi,gri-nun-jvi,jvi,2,3
4517,griplacaspemci,gri-pla-cas-pemci,gri,0,4
4518,griplacaspemci,gri-pla-cas-pemci,pla,1,4
4519,griplacaspemci,gri-pla-cas-pemci,cas,2,4
4520,griplacaspemci,gri-pla-cas-pemci,pemci,3,4
4521,gripre,gri-pre,gri,0,2
4522,gripre,gri-pre,pre,1,2
4523,grisakli,gri-sakli,gri,0,2
4524,grisakli,gri-sakli,sakli,1,2
4525,griselpei,gri-sel-pei,gri,0,3
4526,griselpei,gri-sel-pei,sel,1,3
4527,griselpei,gri-sel-pei,pei,2,3
4528,grita'a,gri-ta'a,gri,0,2
4529,grita'a,gri-ta'a,ta'a,1,2
4530,grivi'u,gri-vi'u,gri,0,2
4531,grivi'u,gri-vi'u,vi'u,1,2
4532,grivlici'e,gri-vli-ci'e,gri,0,3
4533,grivlici'e,gri-vli-ci'e,vli,1,3
4534,grivlici'e,gri-vli-ci'e,ci'e,2,3
4535,gructi,gru-cti,gru,0,2
4536,gructi,gru-cti,cti,1,2
4537,grudjo,gru-djo,gru,0,2
4538,grudjo,gru-djo,djo,1,2
4539,grujmi,gru-jmi,gru,0,2
4540,grujmi,gru-jmi,jmi,1,2
4541,grupu'o,gru-pu'o,gru,0,2
4542,grupu'o,gru-pu'o,pu'o,1,2
4543,grusko,gru-sko,gru,0,2
4544,grusko,gru-sko,sko,1,2
4545,gruxruba,gru-xruba,gru,0,2
4546,gruxruba,gru-xruba,xruba,1,2
4547,gu'atce,gu'a-tce,gu'a,0,2
4548,gu'atce,gu'a-tce,tce,1,2
4549,gu'icro,gu'i-cro,gu'i,0,2
4550,gu'icro,gu'i-cro,cro,1,2
4551,gubgau,gub-gau,gub,0,2
4552,gubgau,gub-gau,gau,1,2
4553,gubnunsnu,gub-nun-snu,gub,0,3
4554,gubnunsnu,gub-nun-snu,nun,1,3
4555,gubnunsnu,gub-nun-snu,snu,2,3
4556,gubri'a,gub-ri'a,gub,0,2
4557,gubri'a,gub-ri'a,ri'a,1,2
4558,gubri'agau,gub-ri'a-gau,gub,0,3
4559,gubri'agau,gub-ri'a-gau,ri'a,1,3
4560,gubri'agau,gub-ri'a-gau,gau,2,3
4561,gubybre,gub-bre,gub,0,2
4562,gubybre,gub-bre,bre,1,2
4563,gubycu'a,gub-cu'a,gub,0,2
4564,gubycu'a,gub-cu'a,cu'a,1,2
4565,gubytru,gub-tru,gub,0,2
4566,gubytru,gub-tru,tru,1,2
4567,gubzu'e,gub-zu'e,gub,0,2
4568,gubzu'e,gub-zu'e,zu'e,1,2
4569,gugbandu,gug-bandu,gug,0,2
4570,gugbandu,gug-bandu,bandu,1,2
4571,gugripygau,gug-rip-gau,gug,0,3
4572,gugripygau,gug-rip-gau,rip,1,3
4573,gugripygau,gug-rip-gau,gau,2,3
4574,gugypa'i,gug-pa'i,gug,0,2
4575,gugypa'i,gug-pa'i,pa'i,1,2
4576,gugypau,gug-pau,gug,0,2
4577,gugypau,gug-pau,pau,1,2
4578,guksmi,guk-smi,guk,0,2
4579,guksmi,guk-smi,smi,1,2
4580,guksna,guk-sna,guk,0,2
4581,guksna,guk-sna,sna,1,2
4582,gumcifnu,gum-cifnu,gum,0,2
4583,gumcifnu,gum-cifnu,cifnu,1,2
4584,gumjalra,gum-jalra,gum,0,2
4585,gumjalra,gum-jalra,jalra,1,2
4586,gumsaxyje'a,gum-sax-je'a,gum,0,3
4587,gumsaxyje'a,gum-sax-je'a,sax,1,3
4588,gumsaxyje'a,gum-sax-je'a,je'a,2,3
4589,gunca'i,gun-ca'i,gun,0,2
4590,gunca'i,gun-ca'i,ca'i,1,2
4591,gundei,gun-dei,gun,0,2
4592,gundei,gun-dei,dei,1,2
4593,gungri,gun-gri,gun,0,2
4594,gungri,gun-gri,gri,1,2
4595,gunli'a,gun-li'a,gun,0,2
4596,gunli'a,gun-li'a,li'a,1,2
4597,gunstu,gun-stu,gun,0,2
4598,gunstu,gun-stu,stu,1,2
4599,gunsypunli,guns-punli,guns,0,2
4600,gunsypunli,guns-punli,punli,1,2
4601,guntei,gun-tei,gun,0,2
4602,guntei,gun-tei,tei,1,2
4603,guntrusi'o,gun-tru-si'o,gun,0,3
4604,guntrusi'o,gun-tru-si'o,tru,1,3
4605,guntrusi'o,gun-tru-si'o,si'o,2,3
4606,gunxau,gun-xau,gun,0,2
4607,gunxau,gun-xau,xau,1,2
4608,gunyna'a,gun-na'a,gun,0,2
4609,gunyna'a,gun-na'a,na'a,1,2
4610,gunynunsla,gun-nun-sla,gun,0,3
4611,gunynunsla,gun-nun-sla,nun,1,3
4612,gunynunsla,gun-nun-sla,sla,2,3
4613,gunzda,gun-zda,gun,0,2
4614,gunzda,gun-zda,zda,1,2
4615,gurcutci,gur-cutci,gur,0,2
4616,gurcutci,gur-cutci,cutci,1,2
4617,gurgau,gur-gau,gur,0,2
4618,gurgau,gur-gau,gau,1,2
4619,gurvei,gur-vei,gur,0,2
4620,gurvei,gur-vei,vei,1,2
4621,guryre'o,gur-re'o,gur,0,2
4622,guryre'o,gur-re'o,re'o,1,2
4623,gusfendi,gus-fendi,gus,0,2
4624,gusfendi,gus-fendi,fendi,1,2
4625,gusfu'i,gus-fu'i,gus,0,2
4626,gusfu'i,gus-fu'i,fu'i,1,2
4627,guslu'i,gus-lu'i,gus,0,2
4628,guslu'i,gus-lu'i,lu'i,1,2
4629,gusminra,gus-minra,gus,0,2
4630,gusminra,gus-minra,minra,1,2
4631,gusnenytceka'u,gus-nen-tce-ka'u,gus,0,4
4632,gusnenytceka'u,gus-nen-tce-ka'u,nen,1,4
4633,gusnenytceka'u,gus-nen-tce-ka'u,tce,2,4
4634,gusnenytceka'u,gus-nen-tce-ka'u,ka'u,3,4
4635,gustci,gus-tci,gus,0,2
4636,gustci,gus-tci,tci,1,2
4637,gusterveicukla,gus-ter-vei-cukla,gus,0,4
4638,gusterveicukla,gus-ter-vei-cukla,ter,1,4
4639,gusterveicukla,gus-ter-vei-cukla,vei,2,4
4640,gusterveicukla,gus-ter-vei-cukla,cukla,3,4
4641,gusybacybacka'u,gus-bac-bac-ka'u,gus,0,4
4642,gusybacybacka'u,gus-bac-bac-ka'u,bac,1,4
4643,gusybacybacka'u,gus-bac-bac-ka'u,bac,2,4
4644,gusybacybacka'u,gus-bac-bac-ka'u,ka'u,3,4
4645,gusycai,gus-cai,gus,0,2
4646,gusycai,gus-cai,cai,1,2
4647,gusycau,gus-cau,gus,0,2
4648,gusycau,gus-cau,cau,1,2
4649,gutkusru,gut-kusru,gut,0,2
4650,gutkusru,gut-kusru,kusru,1,2
4651,gutrykancifnu,gutr-kan-cifnu,gutr,0,3
4652,gutrykancifnu,gutr-kan-cifnu,kan,1,3
4653,gutrykancifnu,gutr-kan-cifnu,cifnu,2,3
4654,gutsuksa,gut-suksa,gut,0,2
4655,gutsuksa,gut-suksa,suksa,1,2
4656,jairtai,jai-tai,jai,0,2
4657,jairtai,jai-tai,tai,1,2
4658,ja'orca'o,ja'o-ca'o,ja'o,0,2
4659,ja'orca'o,ja'o-ca'o,ca'o,1,2
4660,ja'orselpi'odegykamfa'a,ja'o-sel-pi'o-deg-kam-fa'a,ja'o,0,6
4661,ja'orselpi'odegykamfa'a,ja'o-sel-pi'o-deg-kam-fa'a,sel,1,6
4662,ja'orselpi'odegykamfa'a,ja'o-sel-pi'o-deg-kam-fa'a,pi'o,2,6
4663,ja'orselpi'odegykamfa'a,ja'o-sel-pi'o-deg-kam-fa'a,deg,3,6
4664,ja'orselpi'odegykamfa'a,ja'o-sel-pi'o-deg-kam-fa'a,kam,4,6
4665,ja'orselpi'odegykamfa'a,ja'o-sel-pi'o-deg-kam-fa'a,fa'a,5,6
4666,ja'ovla,ja'o-vla,ja'o,0,2
4667,ja'ovla,ja'o-vla,vla,1,2
4668,ja'urjukni,ja'u-jukni,ja'u,0,2
4669,ja'urjukni,ja'u-jukni,jukni,1,2
4670,ja'urjukpa,ja'u-jukpa,ja'u,0,2
4671,ja'urjukpa,ja'u-jukpa,jukpa,1,2
4672,jabytu'u,jab-tu'u,jab,0,2
4673,jabytu'u,jab-tu'u,tu'u,1,2
4674,jabzu'e,jab-zu'e,jab,0,2
4675,jabzu'e,jab-zu'e,zu'e,1,2
4676,jacfa'u,jac-fa'u,jac,0,2
4677,jacfa'u,jac-fa'u,fa'u,1,2
4678,jacfebvi,jac-febvi,jac,0,2
4679,jacfebvi,jac-febvi,febvi,1,2
4680,jacke'o,jac-ke'o,jac,0,2
4681,jacke'o,jac-ke'o,ke'o,1,2
4682,jackraklo,jac-kra-klo,jac,0,3
4683,jackraklo,jac-kra-klo,kra,1,3
4684,jackraklo,jac-kra-klo,klo,2,3
4685,jacle'a,jac-le'a,jac,0,2
4686,jacle'a,jac-le'a,le'a,1,2
4687,jacmu'u,jac-mu'u,jac,0,2
4688,jacmu'u,jac-mu'u,mu'u,1,2
4689,jacnalgre,jac-nal-gre,jac,0,3
4690,jacnalgre,jac-nal-gre,nal,1,3
4691,jacnalgre,jac-nal-gre,gre,2,3
4692,jairbandu,jai-bandu,jai,0,2
4693,jairbandu,jai-bandu,bandu,1,2
4694,jadgau,jad-gau,jad,0,2
4695,jadgau,jad-gau,gau,1,2
4696,jadnoi,jad-noi,jad,0,2
4697,jadnoi,jad-noi,noi,1,2
4698,jadycau,jad-cau,jad,0,2
4699,jadycau,jad-cau,cau,1,2
4700,jadydai,jad-dai,jad,0,2
4701,jadydai,jad-dai,dai,1,2
4702,jairxa'e,jai-xa'e,jai,0,2
4703,jairxa'e,jai-xa'e,xa'e,1,2
4704,jagdimna,jag-dimna,jag,0,2
4705,jagdimna,jag-dimna,dimna,1,2
4706,jadjme,jad-jme,jad,0,2
4707,jadjme,jad-jme,jme,1,2
4708,jairda'a,jai-da'a,jai,0,2
4709,jairda'a,jai-da'a,da'a,1,2
4710,jajgau,jaj-gau,jaj,0,2
4711,jajgau,jaj-gau,gau,1,2
4712,jajypre,jaj-pre,jaj,0,2
4713,jajypre,jaj-pre,pre,1,2
4714,jakcai,jak-cai,jak,0,2
4715,jakcai,jak-cai,cai,1,2
4716,jakmolsa'i,jak-mol-sa'i,jak,0,3
4717,jakmolsa'i,jak-mol-sa'i,mol,1,3
4718,jakmolsa'i,jak-mol-sa'i,sa'i,2,3
4719,jakyganra,jak-ganra,jak,0,2
4720,jakyganra,jak-ganra,ganra,1,2
4721,ja'urgauma'a,ja'u-gau-ma'a,ja'u,0,3
4722,ja'urgauma'a,ja'u-gau-ma'a,gau,1,3
4723,ja'urgauma'a,ja'u-gau-ma'a,ma'a,2,3
4724,jalma'o,jal-ma'o,jal,0,2
4725,jalma'o,jal-ma'o,ma'o,1,2
4726,jamfagri,jam-fagri,jam,0,2
4727,jamfagri,jam-fagri,fagri,1,2
4728,jamji'a,jam-ji'a,jam,0,2
4729,jamji'a,jam-ji'a,ji'a,1,2
4730,jamymai,jam-mai,jam,0,2
4731,jamymai,jam-mai,mai,1,2
4732,jancnija'o,jan-cni-ja'o,jan,0,3
4733,jancnija'o,jan-cni-ja'o,cni,1,3
4734,jancnija'o,jan-cni-ja'o,ja'o,2,3
4735,jgagusmo'a,jga-gus-mo'a,jga,0,3
4736,jgagusmo'a,jga-gus-mo'a,gus,1,3
4737,jgagusmo'a,jga-gus-mo'a,mo'a,2,3
4738,jgarau,jga-rau,jga,0,2
4739,jgarau,jga-rau,rau,1,2
4740,jansma,jan-sma,jan,0,2
4741,jansma,jan-sma,sma,1,2
4742,jarmau,jar-mau,jar,0,2
4743,jarmau,jar-mau,mau,1,2
4744,jarpu'i,jar-pu'i,jar,0,2
4745,jarpu'i,jar-pu'i,pu'i,1,2
4746,jaryri'a,jar-ri'a,jar,0,2
4747,jaryri'a,jar-ri'a,ri'a,1,2
4748,jasydi'u,jas-di'u,jas,0,2
4749,jasydi'u,jas-di'u,di'u,1,2
4750,jasysnu,jas-snu,jas,0,2
4751,jasysnu,jas-snu,snu,1,2
4752,jaukra,jau-kra,jau,0,2
4753,jaukra,jau-kra,kra,1,2
4754,jaupli,jau-pli,jau,0,2
4755,jaupli,jau-pli,pli,1,2
4756,jaclu'a,jac-lu'a,jac,0,2
4757,jaclu'a,jac-lu'a,lu'a,1,2
4758,jaurbei,jau-bei,jau,0,2
4759,jaurbei,jau-bei,bei,1,2
4760,jaurbumru,jau-bumru,jau,0,2
4761,jaurbumru,jau-bumru,bumru,1,2
4762,jaurcarna,jau-carna,jau,0,2
4763,jaurcarna,jau-carna,carna,1,2
4764,jaurcau,jau-cau,jau,0,2
4765,jaurcau,jau-cau,cau,1,2
4766,jaurda'i,jau-da'i,jau,0,2
4767,jaurda'i,jau-da'i,da'i,1,2
4768,jaurdanmo,jau-danmo,jau,0,2
4769,jaurdanmo,jau-danmo,danmo,1,2
4770,jaurde'u,jau-de'u,jau,0,2
4771,jaurde'u,jau-de'u,de'u,1,2
4772,jaurdirgo,jau-dirgo,jau,0,2
4773,jaurdirgo,jau-dirgo,dirgo,1,2
4774,jaurde'uro'i,jau-de'u-ro'i,jau,0,3
4775,jaurde'uro'i,jau-de'u-ro'i,de'u,1,3
4776,jaurde'uro'i,jau-de'u-ro'i,ro'i,2,3
4777,jaurgackafke,jau-gac-kafke,jau,0,3
4778,jaurgackafke,jau-gac-kafke,gac,1,3
4779,jaurgackafke,jau-gac-kafke,kafke,2,3
4780,jaurgacpu'u,jau-gac-pu'u,jau,0,3
4781,jaurgacpu'u,jau-gac-pu'u,gac,1,3
4782,jaurgacpu'u,jau-gac-pu'u,pu'u,2,3
4783,jaurgairi'a,jau-gai-ri'a,jau,0,3
4784,jaurgairi'a,jau-gai-ri'a,gai,1,3
4785,jaurgairi'a,jau-gai-ri'a,ri'a,2,3
4786,jaurgapci,jau-gapci,jau,0,2
4787,jaurgapci,jau-gapci,gapci,1,2
4788,jaurselylu'i,jau-sel-lu'i,jau,0,3
4789,jaurselylu'i,jau-sel-lu'i,sel,1,3
4790,jaurselylu'i,jau-sel-lu'i,lu'i,2,3
4791,jaurva'u,jau-va'u,jau,0,2
4792,jaurva'u,jau-va'u,va'u,1,2
4793,jaurvacri,jau-vacri,jau,0,2
4794,jaurvacri,jau-vacri,vacri,1,2
4795,jaurvasmro,jau-vas-mro,jau,0,3
4796,jaurvasmro,jau-vas-mro,vas,1,3
4797,jaurvasmro,jau-vas-mro,mro,2,3
4798,jaurvaxmro,jau-vax-mro,jau,0,3
4799,jaurvaxmro,jau-vax-mro,vax,1,3
4800,jaurvaxmro,jau-vax-mro,mro,2,3
4801,jaurvi'u,jau-vi'u,jau,0,2
4802,jaurvi'u,jau-vi'u,vi'u,1,2
4803,jausfe,jau-sfe,jau,0,2
4804,jausfe,jau-sfe,sfe,1,2
4805,jausle,jau-sle,jau,0,2
4806,jausle,jau-sle,sle,1,2
4807,jausna,jau-sna,jau,0,2
4808,jausna,jau-sna,sna,1,2
4809,jausro,jau-sro,jau,0,2
4810,jausro,jau-sro,sro,1,2
4811,jbebe'a,jbe-be'a,jbe,0,2
4812,jbebe'a,jbe-be'a,be'a,1,2
4813,jbedei,jbe-dei,jbe,0,2
4814,jbedei,jbe-dei,dei,1,2
4815,jbedetsla,jbe-det-sla,jbe,0,3
4816,jbedetsla,jbe-det-sla,det,1,3
4817,jbedetsla,jbe-det-sla,sla,2,3
4818,jbegau,jbe-gau,jbe,0,2
4819,jbegau,jbe-gau,gau,1,2
4820,jbesla,jbe-sla,jbe,0,2
4821,jbesla,jbe-sla,sla,1,2
4822,jbetcaxa'u,jbe-tca-xa'u,jbe,0,3
4823,jbetcaxa'u,jbe-tca-xa'u,tca,1,3
4824,jbetcaxa'u,jbe-tca-xa'u,xa'u,2,3
4825,jbetru,jbe-tru,jbe,0,2
4826,jbetru,jbe-tru,tru,1,2
4827,jbexre,jbe-xre,jbe,0,2
4828,jbexre,jbe-xre,xre,1,2
4829,jbibi'o,jbi-bi'o,jbi,0,2
4830,jbibi'o,jbi-bi'o,bi'o,1,2
4831,jbidra,jbi-dra,jbi,0,2
4832,jbidra,jbi-dra,dra,1,2
4833,jbidu'i,jbi-du'i,jbi,0,2
4834,jbidu'i,jbi-du'i,du'i,1,2
4835,jbige'a,jbi-ge'a,jbi,0,2
4836,jbige'a,jbi-ge'a,ge'a,1,2
4837,jbijbu,jbi-jbu,jbi,0,2
4838,jbijbu,jbi-jbu,jbu,1,2
4839,jbikla,jbi-kla,jbi,0,2
4840,jbikla,jbi-kla,kla,1,2
4841,jbimau,jbi-mau,jbi,0,2
4842,jbimau,jbi-mau,mau,1,2
4843,jbimi'u,jbi-mi'u,jbi,0,2
4844,jbimi'u,jbi-mi'u,mi'u,1,2
4845,jbimlu,jbi-mlu,jbi,0,2
4846,jbimlu,jbi-mlu,mlu,1,2
4847,jbinalvokselba'u,jbi-nal-vok-sel-ba'u,jbi,0,5
4848,jbinalvokselba'u,jbi-nal-vok-sel-ba'u,nal,1,5
4849,jbinalvokselba'u,jbi-nal-vok-sel-ba'u,vok,2,5
4850,jbinalvokselba'u,jbi-nal-vok-sel-ba'u,sel,3,5
4851,jbinalvokselba'u,jbi-nal-vok-sel-ba'u,ba'u,4,5
4852,jbiplu,jbi-plu,jbi,0,2
4853,jbiplu,jbi-plu,plu,1,2
4854,jbirai,jbi-rai,jbi,0,2
4855,jbirai,jbi-rai,rai,1,2
4856,jbirau,jbi-rau,jbi,0,2
4857,jbirau,jbi-rau,rau,1,2
4858,jbire'a,jbi-re'a,jbi,0,2
4859,jbire'a,jbi-re'a,re'a,1,2
4860,jbitce,jbi-tce,jbi,0,2
4861,jbitce,jbi-tce,tce,1,2
4862,jbixa'u,jbi-xa'u,jbi,0,2
4863,jbixa'u,jbi-xa'u,xa'u,1,2
4864,jbizvaterjo'e,jbi-zva-ter-jo'e,jbi,0,4
4865,jbizvaterjo'e,jbi-zva-ter-jo'e,zva,1,4
4866,jbizvaterjo'e,jbi-zva-ter-jo'e,ter,2,4
4867,jbizvaterjo'e,jbi-zva-ter-jo'e,jo'e,3,4
4868,jbobancu,jbo-bancu,jbo,0,2
4869,jbobancu,jbo-bancu,bancu,1,2
4870,jbobatkymo'a,jbo-batk-mo'a,jbo,0,3
4871,jbobatkymo'a,jbo-batk-mo'a,batk,1,3
4872,jbobatkymo'a,jbo-batk-mo'a,mo'a,2,3
4873,jbobau,jbo-bau,jbo,0,2
4874,jbobau,jbo-bau,bau,1,2
4875,jbobaulanli,jbo-bau-lanli,jbo,0,3
4876,jbobaulanli,jbo-bau-lanli,bau,1,3
4877,jbobaulanli,jbo-bau-lanli,lanli,2,3
4878,jbobausku,jbo-bau-sku,jbo,0,3
4879,jbobausku,jbo-bau-sku,bau,1,3
4880,jbobausku,jbo-bau-sku,sku,2,3
4881,jbobauta'a,jbo-bau-ta'a,jbo,0,3
4882,jbobauta'a,jbo-bau-ta'a,bau,1,3
4883,jbobauta'a,jbo-bau-ta'a,ta'a,2,3
4884,jbobli,jbo-bli,jbo,0,2
4885,jbobli,jbo-bli,bli,1,2
4886,jboborjbedei,jbo-bor-jbe-dei,jbo,0,4
4887,jboborjbedei,jbo-bor-jbe-dei,bor,1,4
4888,jboborjbedei,jbo-bor-jbe-dei,jbe,2,4
4889,jboborjbedei,jbo-bor-jbe-dei,dei,3,4
4890,jboce'u,jbo-ce'u,jbo,0,2
4891,jboce'u,jbo-ce'u,ce'u,1,2
4892,jboci'a,jbo-ci'a,jbo,0,2
4893,jboci'a,jbo-ci'a,ci'a,1,2
4894,jbocifnu,jbo-cifnu,jbo,0,2
4895,jbocifnu,jbo-cifnu,cifnu,1,2
4896,jbocki,jbo-cki,jbo,0,2
4897,jbocki,jbo-cki,cki,1,2
4898,jbocku,jbo-cku,jbo,0,2
4899,jbocku,jbo-cku,cku,1,2
4900,jboba'u,jbo-ba'u,jbo,0,2
4901,jboba'u,jbo-ba'u,ba'u,1,2
4902,jbodra,jbo-dra,jbo,0,2
4903,jbodra,jbo-dra,dra,1,2
4904,jbodze,jbo-dze,jbo,0,2
4905,jbodze,jbo-dze,dze,1,2
4906,jbofi'e,jbo-fi'e,jbo,0,2
4907,jbofi'e,jbo-fi'e,fi'e,1,2
4908,jbofu'i,jbo-fu'i,jbo,0,2
4909,jbofu'i,jbo-fu'i,fu'i,1,2
4910,jboge'a,jbo-ge'a,jbo,0,2
4911,jboge'a,jbo-ge'a,ge'a,1,2
4912,jbogensku,jbo-gen-sku,jbo,0,3
4913,jbogensku,jbo-gen-sku,gen,1,3
4914,jbogensku,jbo-gen-sku,sku,2,3
4915,jbogri,jbo-gri,jbo,0,2
4916,jbogri,jbo-gri,gri,1,2
4917,jbogu'a,jbo-gu'a,jbo,0,2
4918,jbogu'a,jbo-gu'a,gu'a,1,2
4919,jbogu'e,jbo-gu'e,jbo,0,2
4920,jbogu'e,jbo-gu'e,gu'e,1,2
4921,jbojbe,jbo-jbe,jbo,0,2
4922,jbojbe,jbo-jbe,jbe,1,2
4923,jbojbo,jbo-jbo,jbo,0,2
4924,jbojbo,jbo-jbo,jbo,1,2
4925,jbojikca,jbo-jikca,jbo,0,2
4926,jbojikca,jbo-jikca,jikca,1,2
4927,jbojmi,jbo-jmi,jbo,0,2
4928,jbojmi,jbo-jmi,jmi,1,2
4929,jboju'a,jbo-ju'a,jbo,0,2
4930,jboju'a,jbo-ju'a,ju'a,1,2
4931,jbokai,jbo-kai,jbo,0,2
4932,jbokai,jbo-kai,kai,1,2
4933,jbokarni,jbo-karni,jbo,0,2
4934,jbokarni,jbo-karni,karni,1,2
4935,jbokemsamymriste,jbo-kem-sam-mri-ste,jbo,0,5
4936,jbokemsamymriste,jbo-kem-sam-mri-ste,kem,1,5
4937,jbokemsamymriste,jbo-kem-sam-mri-ste,sam,2,5
4938,jbokemsamymriste,jbo-kem-sam-mri-ste,mri,3,5
4939,jbokemsamymriste,jbo-kem-sam-mri-ste,ste,4,5
4940,jboklu,jbo-klu,jbo,0,2
4941,jboklu,jbo-klu,klu,1,2
4942,jbolanci,jbo-lanci,jbo,0,2
4943,jbolanci,jbo-lanci,lanci,1,2
4944,jbolanzu,jbo-lanzu,jbo,0,2
4945,jbolanzu,jbo-lanzu,lanzu,1,2
4946,jboli'e,jbo-li'e,jbo,0,2
4947,jboli'e,jbo-li'e,li'e,1,2
4948,jbomi'u,jbo-mi'u,jbo,0,2
4949,jbomi'u,jbo-mi'u,mi'u,1,2
4950,jbomidju,jbo-midju,jbo,0,2
4951,jbomidju,jbo-midju,midju,1,2
4952,jbomipri,jbo-mipri,jbo,0,2
4953,jbomipri,jbo-mipri,mipri,1,2
4954,jbomri,jbo-mri,jbo,0,2
4955,jbomri,jbo-mri,mri,1,2
4956,jbomriselste,jbo-mri-sel-ste,jbo,0,4
4957,jbomriselste,jbo-mri-sel-ste,mri,1,4
4958,jbomriselste,jbo-mri-sel-ste,sel,2,4
4959,jbomriselste,jbo-mri-sel-ste,ste,3,4
4960,jbomriste,jbo-mri-ste,jbo,0,3
4961,jbomriste,jbo-mri-ste,mri,1,3
4962,jbomriste,jbo-mri-ste,ste,2,3
4963,jbonai,jbo-nai,jbo,0,2
4964,jbonai,jbo-nai,nai,1,2
4965,jbonartcidu,jbo-nar-tcidu,jbo,0,3
4966,jbonartcidu,jbo-nar-tcidu,nar,1,3
4967,jbonartcidu,jbo-nar-tcidu,tcidu,2,3
4968,jbonulsalcipra,jbo-nul-sal-cipra,jbo,0,4
4969,jbonulsalcipra,jbo-nul-sal-cipra,nul,1,4
4970,jbonulsalcipra,jbo-nul-sal-cipra,sal,2,4
4971,jbonulsalcipra,jbo-nul-sal-cipra,cipra,3,4
4972,jbonunpei,jbo-nun-pei,jbo,0,3
4973,jbonunpei,jbo-nun-pei,nun,1,3
4974,jbonunpei,jbo-nun-pei,pei,2,3
4975,jbonunsku,jbo-nun-sku,jbo,0,3
4976,jbonunsku,jbo-nun-sku,nun,1,3
4977,jbonunsku,jbo-nun-sku,sku,2,3
4978,jbonunsla,jbo-nun-sla,jbo,0,3
4979,jbonunsla,jbo-nun-sla,nun,1,3
4980,jbonunsla,jbo-nun-sla,sla,2,3
4981,jbopei,jbo-pei,jbo,0,2
4982,jbopei,jbo-pei,pei,1,2
4983,jbopemci,jbo-pemci,jbo,0,2
4984,jbopemci,jbo-pemci,pemci,1,2
4985,jbopemyzba,jbo-pem-zba,jbo,0,3
4986,jbopemyzba,jbo-pem-zba,pem,1,3
4987,jbopemyzba,jbo-pem-zba,zba,2,3
4988,jbopli,jbo-pli,jbo,0,2
4989,jbopli,jbo-pli,pli,1,2
4990,jbopre,jbo-pre,jbo,0,2
4991,jbopre,jbo-pre,pre,1,2
4992,jbora'a,jbo-ra'a,jbo,0,2
4993,jbora'a,jbo-ra'a,ra'a,1,2
4994,jboranmi,jbo-ranmi,jbo,0,2
4995,jboranmi,jbo-ranmi,ranmi,1,2
4996,jbori'a,jbo-ri'a,jbo,0,2
4997,jbori'a,jbo-ri'a,ri'a,1,2
4998,jborirni,jbo-rirni,jbo,0,2
4999,jborirni,jbo-rirni,rirni,1,2
5000,jboro'a,jbo-ro'a,jbo,0,2
5001,jboro'a,jbo-ro'a,ro'a,1,2
5002,jboru'u,jbo-ru'u,jbo,0,2
5003,jboru'u,jbo-ru'u,ru'u,1,2
5004,jbosa'a,jbo-sa'a,jbo,0,2
5005,jbosa'a,jbo-sa'a,sa'a,1,2
5006,jboselci'a,jbo-sel-ci'a,jbo,0,3
5007,jboselci'a,jbo-sel-ci'a,sel,1,3
5008,jboselci'a,jbo-sel-ci'a,ci'a,2,3
5009,jboselba'u,jbo-sel-ba'u,jbo,0,3
5010,jboselba'u,jbo-sel-ba'u,sel,1,3
5011,jboselba'u,jbo-sel-ba'u,ba'u,2,3
5012,jboselka'e,jbo-sel-ka'e,jbo,0,3
5013,jboselka'e,jbo-sel-ka'e,sel,1,3
5014,jboselka'e,jbo-sel-ka'e,ka'e,2,3
5015,jboselmri,jbo-sel-mri,jbo,0,3
5016,jboselmri,jbo-sel-mri,sel,1,3
5017,jboselmri,jbo-sel-mri,mri,2,3
5018,jboselsku,jbo-sel-sku,jbo,0,3
5019,jboselsku,jbo-sel-sku,sel,1,3
5020,jboselsku,jbo-sel-sku,sku,2,3
5021,jboselta'a,jbo-sel-ta'a,jbo,0,3
5022,jboselta'a,jbo-sel-ta'a,sel,1,3
5023,jboselta'a,jbo-sel-ta'a,ta'a,2,3
5024,jbosisku,jbo-sisku,jbo,0,2
5025,jbosisku,jbo-sisku,sisku,1,2
5026,jbosku,jbo-sku,jbo,0,2
5027,jbosku,jbo-sku,sku,1,2
5028,jboskufu'i,jbo-sku-fu'i,jbo,0,3
5029,jboskufu'i,jbo-sku-fu'i,sku,1,3
5030,jboskufu'i,jbo-sku-fu'i,fu'i,2,3
5031,jbosla,jbo-sla,jbo,0,2
5032,jbosla,jbo-sla,sla,1,2
5033,jboslapre,jbo-sla-pre,jbo,0,3
5034,jboslapre,jbo-sla-pre,sla,1,3
5035,jboslapre,jbo-sla-pre,pre,2,3
5036,jbosmi,jbo-smi,jbo,0,2
5037,jbosmi,jbo-smi,smi,1,2
5038,jbosmu,jbo-smu,jbo,0,2
5039,jbosmu,jbo-smu,smu,1,2
5040,jbosni,jbo-sni,jbo,0,2
5041,jbosni,jbo-sni,sni,1,2
5042,jbosnu,jbo-snu,jbo,0,2
5043,jbosnu,jbo-snu,snu,1,2
5044,jboste,jbo-ste,jbo,0,2
5045,jboste,jbo-ste,ste,1,2
5046,jbosteselmri,jbo-ste-sel-mri,jbo,0,4
5047,jbosteselmri,jbo-ste-sel-mri,ste,1,4
5048,jbosteselmri,jbo-ste-sel-mri,sel,2,4
5049,jbosteselmri,jbo-ste-sel-mri,mri,3,4
5050,jbota'a,jbo-ta'a,jbo,0,2
5051,jbota'a,jbo-ta'a,ta'a,1,2
5052,jbotavlicysnada,jbo-tav-lic-snada,jbo,0,4
5053,jbotavlicysnada,jbo-tav-lic-snada,tav,1,4
5054,jbotavlicysnada,jbo-tav-lic-snada,lic,2,4
5055,jbotavlicysnada,jbo-tav-lic-snada,snada,3,4
5056,jbotadni,jbo-tadni,jbo,0,2
5057,jbotadni,jbo-tadni,tadni,1,2
5058,jbotcidu,jbo-tcidu,jbo,0,2
5059,jbotcidu,jbo-tcidu,tcidu,1,2
5060,jbotermri,jbo-ter-mri,jbo,0,3
5061,jbotermri,jbo-ter-mri,ter,1,3
5062,jbotermri,jbo-ter-mri,mri,2,3
5063,jbove'a,jbo-ve'a,jbo,0,2
5064,jbove'a,jbo-ve'a,ve'a,1,2
5065,jbovla,jbo-vla,jbo,0,2
5066,jbovla,jbo-vla,vla,1,2
5067,jbovlacku,jbo-vla-cku,jbo,0,3
5068,jbovlacku,jbo-vla-cku,vla,1,3
5069,jbovlacku,jbo-vla-cku,cku,2,3
5070,jbovlaste,jbo-vla-ste,jbo,0,3
5071,jbovlaste,jbo-vla-ste,vla,1,3
5072,jbovlaste,jbo-vla-ste,ste,2,3
5073,jboxelmri,jbo-xel-mri,jbo,0,3
5074,jboxelmri,jbo-xel-mri,xel,1,3
5075,jboxelmri,jbo-xel-mri,mri,2,3
5076,jbozgi,jbo-zgi,jbo,0,2
5077,jbozgi,jbo-zgi,zgi,1,2
5078,jbozi'e,jbo-zi'e,jbo,0,2
5079,jbozi'e,jbo-zi'e,zi'e,1,2
5080,jbozi'u,jbo-zi'u,jbo,0,2
5081,jbozi'u,jbo-zi'u,zi'u,1,2
5082,jbuboikei,jbu-boi-kei,jbu,0,3
5083,jbuboikei,jbu-boi-kei,boi,1,3
5084,jbuboikei,jbu-boi-kei,kei,2,3
5085,jbusfe,jbu-sfe,jbu,0,2
5086,jbusfe,jbu-sfe,sfe,1,2
5087,jbustu,jbu-stu,jbu,0,2
5088,jbustu,jbu-stu,stu,1,2
5089,jbutse,jbu-tse,jbu,0,2
5090,jbutse,jbu-tse,tse,1,2
5091,jdabe'e,jda-be'e,jda,0,2
5092,jdabe'e,jda-be'e,be'e,1,2
5093,jdaca'i,jda-ca'i,jda,0,2
5094,jdaca'i,jda-ca'i,ca'i,1,2
5095,jdace'u,jda-ce'u,jda,0,2
5096,jdace'u,jda-ce'u,ce'u,1,2
5097,jdacku,jda-cku,jda,0,2
5098,jdacku,jda-cku,cku,1,2
5099,jdacpe,jda-cpe,jda,0,2
5100,jdacpe,jda-cpe,cpe,1,2
5101,jdacu'a,jda-cu'a,jda,0,2
5102,jdacu'a,jda-cu'a,cu'a,1,2
5103,jdacuvgau,jda-cuv-gau,jda,0,3
5104,jdacuvgau,jda-cuv-gau,cuv,1,3
5105,jdacuvgau,jda-cuv-gau,gau,2,3
5106,jdacuvri'a,jda-cuv-ri'a,jda,0,3
5107,jdacuvri'a,jda-cuv-ri'a,cuv,1,3
5108,jdacuvri'a,jda-cuv-ri'a,ri'a,2,3
5109,jdadapma,jda-dapma,jda,0,2
5110,jdadapma,jda-dapma,dapma,1,2
5111,jdagri,jda-gri,jda,0,2
5112,jdagri,jda-gri,gri,1,2
5113,jdaja'a,jda-ja'a,jda,0,2
5114,jdaja'a,jda-ja'a,ja'a,1,2
5115,jdajinru,jda-jinru,jda,0,2
5116,jdajinru,jda-jinru,jinru,1,2
5117,jdaka'i,jda-ka'i,jda,0,2
5118,jdaka'i,jda-ka'i,ka'i,1,2
5119,jdakagni,jda-kagni,jda,0,2
5120,jdakagni,jda-kagni,kagni,1,2
5121,jdakemxanmu'u,jda-kem-xan-mu'u,jda,0,4
5122,jdakemxanmu'u,jda-kem-xan-mu'u,kem,1,4
5123,jdakemxanmu'u,jda-kem-xan-mu'u,xan,2,4
5124,jdakemxanmu'u,jda-kem-xan-mu'u,mu'u,3,4
5125,jdakra,jda-kra,jda,0,2
5126,jdakra,jda-kra,kra,1,2
5127,jdali'e,jda-li'e,jda,0,2
5128,jdali'e,jda-li'e,li'e,1,2
5129,jdami'u,jda-mi'u,jda,0,2
5130,jdami'u,jda-mi'u,mi'u,1,2
5131,jdapi'o,jda-pi'o,jda,0,2
5132,jdapi'o,jda-pi'o,pi'o,1,2
5133,jdara'u,jda-ra'u,jda,0,2
5134,jdara'u,jda-ra'u,ra'u,1,2
5135,jdaralju,jda-ralju,jda,0,2
5136,jdaralju,jda-ralju,ralju,1,2
5137,jdasa'a,jda-sa'a,jda,0,2
5138,jdasa'a,jda-sa'a,sa'a,1,2
5139,jdaselcku,jda-sel-cku,jda,0,3
5140,jdaselcku,jda-sel-cku,sel,1,3
5141,jdaselcku,jda-sel-cku,cku,2,3
5142,jdaselsa'a,jda-sel-sa'a,jda,0,3
5143,jdaselsa'a,jda-sel-sa'a,sel,1,3
5144,jdaselsa'a,jda-sel-sa'a,sa'a,2,3
5145,jdaselsku,jda-sel-sku,jda,0,3
5146,jdaselsku,jda-sel-sku,sel,1,3
5147,jdaselsku,jda-sel-sku,sku,2,3
5148,jdasi'a,jda-si'a,jda,0,2
5149,jdasi'a,jda-si'a,si'a,1,2
5150,jdaske,jda-ske,jda,0,2
5151,jdaske,jda-ske,ske,1,2
5152,jdasku,jda-sku,jda,0,2
5153,jdasku,jda-sku,sku,1,2
5154,jdavelsku,jda-vel-sku,jda,0,3
5155,jdavelsku,jda-vel-sku,vel,1,3
5156,jdavelsku,jda-vel-sku,sku,2,3
5157,jdaxanmu'u,jda-xan-mu'u,jda,0,3
5158,jdaxanmu'u,jda-xan-mu'u,xan,1,3
5159,jdaxanmu'u,jda-xan-mu'u,mu'u,2,3
5160,jdaxanmuvgau,jda-xan-muv-gau,jda,0,4
5161,jdaxanmuvgau,jda-xan-muv-gau,xan,1,4
5162,jdaxanmuvgau,jda-xan-muv-gau,muv,2,4
5163,jdaxanmuvgau,jda-xan-muv-gau,gau,3,4
5164,jdazei,jda-zei,jda,0,2
5165,jdazei,jda-zei,zei,1,2
5166,jdecisma,jde-cisma,jde,0,2
5167,jdecisma,jde-cisma,cisma,1,2
5168,jdegau,jde-gau,jde,0,2
5169,jdegau,jde-gau,gau,1,2
5170,jdegautoi,jde-gau-toi,jde,0,3
5171,jdegautoi,jde-gau-toi,gau,1,3
5172,jdegautoi,jde-gau-toi,toi,2,3
5173,jdeku'i,jde-ku'i,jde,0,2
5174,jdeku'i,jde-ku'i,ku'i,1,2
5175,jdeselsku,jde-sel-sku,jde,0,3
5176,jdeselsku,jde-sel-sku,sel,1,3
5177,jdeselsku,jde-sel-sku,sku,2,3
5178,jdesku,jde-sku,jde,0,2
5179,jdesku,jde-sku,sku,1,2
5180,jdezu'e,jde-zu'e,jde,0,2
5181,jdezu'e,jde-zu'e,zu'e,1,2
5182,jdezuktoi,jde-zuk-toi,jde,0,3
5183,jdezuktoi,jde-zuk-toi,zuk,1,3
5184,jdezuktoi,jde-zuk-toi,toi,2,3
5185,jdigu'a,jdi-gu'a,jdi,0,2
5186,jdigu'a,jdi-gu'a,gu'a,1,2
5187,jdikygau,jdik-gau,jdik,0,2
5188,jdikygau,jdik-gau,gau,1,2
5189,jdikyri'a,jdik-ri'a,jdik,0,2
5190,jdikyri'a,jdik-ri'a,ri'a,1,2
5191,jditadji,jdi-tadji,jdi,0,2
5192,jditadji,jdi-tadji,tadji,1,2
5193,jditra,jdi-tra,jdi,0,2
5194,jditra,jdi-tra,tra,1,2
5195,jdixla,jdi-xla,jdi,0,2
5196,jdixla,jdi-xla,xla,1,2
5197,jduboi,jdu-boi,jdu,0,2
5198,jduboi,jdu-boi,boi,1,2
5199,jduda'u,jdu-da'u,jdu,0,2
5200,jduda'u,jdu-da'u,da'u,1,2
5201,jdufi'e,jdu-fi'e,jdu,0,2
5202,jdufi'e,jdu-fi'e,fi'e,1,2
5203,jdukubli,jdu-kubli,jdu,0,2
5204,jdukubli,jdu-kubli,kubli,1,2
5205,je'ertu'u,je'e-tu'u,je'e,0,2
5206,je'ertu'u,je'e-tu'u,tu'u,1,2
5207,jesycro,jes-cro,jes,0,2
5208,jesycro,jes-cro,cro,1,2
5209,jesyspa,jes-spa,jes,0,2
5210,jesyspa,jes-spa,spa,1,2
5211,jecpau,jec-pau,jec,0,2
5212,jecpau,jec-pau,pau,1,2
5213,jecyxaizei,jec-xai-zei,jec,0,3
5214,jecyxaizei,jec-xai-zei,xai,1,3
5215,jecyxaizei,jec-xai-zei,zei,2,3
5216,jecpre,jec-pre,jec,0,2
5217,jecpre,jec-pre,pre,1,2
5218,jectru,jec-tru,jec,0,2
5219,jectru,jec-tru,tru,1,2
5220,jectrukamni,jec-tru-kamni,jec,0,3
5221,jectrukamni,jec-tru-kamni,tru,1,3
5222,jectrukamni,jec-tru-kamni,kamni,2,3
5223,jecybilni,jec-bilni,jec,0,2
5224,jecybilni,jec-bilni,bilni,1,2
5225,jecydinsro,jec-din-sro,jec,0,3
5226,jecydinsro,jec-din-sro,din,1,3
5227,jecydinsro,jec-din-sro,sro,2,3
5228,jecyga'ibai,jec-ga'i-bai,jec,0,3
5229,jecyga'ibai,jec-ga'i-bai,ga'i,1,3
5230,jecyga'ibai,jec-ga'i-bai,bai,2,3
5231,jecyga'ibaigau,jec-ga'i-bai-gau,jec,0,4
5232,jecyga'ibaigau,jec-ga'i-bai-gau,ga'i,1,4
5233,jecyga'ibaigau,jec-ga'i-bai-gau,bai,2,4
5234,jecyga'ibaigau,jec-ga'i-bai-gau,gau,3,4
5235,jecyselxaizei,jec-sel-xai-zei,jec,0,4
5236,jecyselxaizei,jec-sel-xai-zei,sel,1,4
5237,jecyselxaizei,jec-sel-xai-zei,xai,2,4
5238,jecyselxaizei,jec-sel-xai-zei,zei,3,4
5239,jefydei,jef-dei,jef,0,2
5240,jefydei,jef-dei,dei,1,2
5241,jefyfa'o,jef-fa'o,jef,0,2
5242,jefyfa'o,jef-fa'o,fa'o,1,2
5243,jegycrida,jeg-crida,jeg,0,2
5244,jegycrida,jeg-crida,crida,1,2
5245,jeimla,jei-mla,jei,0,2
5246,jeimla,jei-mla,mla,1,2
5247,jelcko,jel-cko,jel,0,2
5248,jelcko,jel-cko,cko,1,2
5249,jelgau,jel-gau,jel,0,2
5250,jelgau,jel-gau,gau,1,2
5251,jelgauca'a,jel-gau-ca'a,jel,0,3
5252,jelgauca'a,jel-gau-ca'a,gau,1,3
5253,jelgauca'a,jel-gau-ca'a,ca'a,2,3
5254,jelka'e,jel-ka'e,jel,0,2
5255,jelka'e,jel-ka'e,ka'e,1,2
5256,jelpre,jel-pre,jel,0,2
5257,jelpre,jel-pre,pre,1,2
5258,jelri'a,jel-ri'a,jel,0,2
5259,jelri'a,jel-ri'a,ri'a,1,2
5260,jelspo,jel-spo,jel,0,2
5261,jelspo,jel-spo,spo,1,2
5262,jempulji,jem-pulji,jem,0,2
5263,jempulji,jem-pulji,pulji,1,2
5264,jerle'i,jer-le'i,jer,0,2
5265,jerle'i,jer-le'i,le'i,1,2
5266,jernyfri,jern-fri,jern,0,2
5267,jernyfri,jern-fri,fri,1,2
5268,jestu'u,jes-tu'u,jes,0,2
5269,jestu'u,jes-tu'u,tu'u,1,2
5270,jesymabru,jes-mabru,jes,0,2
5271,jesymabru,jes-mabru,mabru,1,2
5272,jetfa'i,jet-fa'i,jet,0,2
5273,jetfa'i,jet-fa'i,fa'i,1,2
5274,jetlai,jet-lai,jet,0,2
5275,jetlai,jet-lai,lai,1,2
5276,jetybi'o,jet-bi'o,jet,0,2
5277,jetybi'o,jet-bi'o,bi'o,1,2
5278,jetycipra,jet-cipra,jet,0,2
5279,jetycipra,jet-cipra,cipra,1,2
5280,jetydu'u,jet-du'u,jet,0,2
5281,jetydu'u,jet-du'u,du'u,1,2
5282,jetyjitfa,jet-jitfa,jet,0,2
5283,jetyjitfa,jet-jitfa,jitfa,1,2
5284,jetyju'o,jet-ju'o,jet,0,2
5285,jetyju'o,jet-ju'o,ju'o,1,2
5286,jezbroda,jez-broda,jez,0,2
5287,jezbroda,jez-broda,broda,1,2
5288,ja'urjukni,ja'u-jukni,ja'u,0,2
5289,ja'urjukni,ja'u-jukni,jukni,1,2
5290,jgarau,jga-rau,jga,0,2
5291,jgarau,jga-rau,rau,1,2
5292,jgegau,jge-gau,jge,0,2
5293,jgegau,jge-gau,gau,1,2
5294,jgela'a,jge-la'a,jge,0,2
5295,jgela'a,jge-la'a,la'a,1,2
5296,jgezu'e,jge-zu'e,jge,0,2
5297,jgezu'e,jge-zu'e,zu'e,1,2
5298,jgicki,jgi-cki,jgi,0,2
5299,jgicki,jgi-cki,cki,1,2
5300,jgicurnu,jgi-curnu,jgi,0,2
5301,jgicurnu,jgi-curnu,curnu,1,2
5302,jgiski,jgi-ski,jgi,0,2
5303,jgiski,jgi-ski,ski,1,2
5304,ji'ecla,ji'e-cla,ji'e,0,2
5305,ji'ecla,ji'e-cla,cla,1,2
5306,ji'efri,ji'e-fri,ji'e,0,2
5307,ji'efri,ji'e-fri,fri,1,2
5308,ji'epru,ji'e-pru,ji'e,0,2
5309,ji'epru,ji'e-pru,pru,1,2
5310,ji'eske,ji'e-ske,ji'e,0,2
5311,ji'eske,ji'e-ske,ske,1,2
5312,ji'esti,ji'e-sti,ji'e,0,2
5313,ji'esti,ji'e-sti,sti,1,2
5314,ji'isku,ji'i-sku,ji'i,0,2
5315,ji'isku,ji'i-sku,sku,1,2
5316,jibgu'a,jib-gu'a,jib,0,2
5317,jibgu'a,jib-gu'a,gu'a,1,2
5318,jibja'a,jib-ja'a,jib,0,2
5319,jibja'a,jib-ja'a,ja'a,1,2
5320,jibysisku,jib-sisku,jib,0,2
5321,jibysisku,jib-sisku,sisku,1,2
5322,jibysti,jib-sti,jib,0,2
5323,jibysti,jib-sti,sti,1,2
5324,jibystigau,jib-sti-gau,jib,0,3
5325,jibystigau,jib-sti-gau,sti,1,3
5326,jibystigau,jib-sti-gau,gau,2,3
5327,jibytei,jib-tei,jib,0,2
5328,jibytei,jib-tei,tei,1,2
5329,jiclygau,jicl-gau,jicl,0,2
5330,jiclygau,jicl-gau,gau,1,2
5331,jiclyzu'e,jicl-zu'e,jicl,0,2
5332,jiclyzu'e,jicl-zu'e,zu'e,1,2
5333,jifcipra,jif-cipra,jif,0,2
5334,jifcipra,jif-cipra,cipra,1,2
5335,jifru'a,jif-ru'a,jif,0,2
5336,jifru'a,jif-ru'a,ru'a,1,2
5337,jifselkri,jif-sel-kri,jif,0,3
5338,jifselkri,jif-sel-kri,sel,1,3
5339,jifselkri,jif-sel-kri,kri,2,3
5340,jiftigni,jif-tigni,jif,0,2
5341,jiftigni,jif-tigni,tigni,1,2
5342,jifybri,jif-bri,jif,0,2
5343,jifybri,jif-bri,bri,1,2
5344,jifydu'u,jif-du'u,jif,0,2
5345,jifydu'u,jif-du'u,du'u,1,2
5346,jifyjavje'u,jif-jav-je'u,jif,0,3
5347,jifyjavje'u,jif-jav-je'u,jav,1,3
5348,jifyjavje'u,jif-jav-je'u,je'u,2,3
5349,jifyje'u,jif-je'u,jif,0,2
5350,jifyje'u,jif-je'u,je'u,1,2
5351,jifyju'o,jif-ju'o,jif,0,2
5352,jifyju'o,jif-ju'o,ju'o,1,2
5353,jigykei,jig-kei,jig,0,2
5354,jigykei,jig-kei,kei,1,2
5355,jijvi'a,jij-vi'a,jij,0,2
5356,jijvi'a,jij-vi'a,vi'a,1,2
5357,jikce'u,jik-ce'u,jik,0,2
5358,jikce'u,jik-ce'u,ce'u,1,2
5359,jikcro,jik-cro,jik,0,2
5360,jikcro,jik-cro,cro,1,2
5361,jikfanza,jik-fanza,jik,0,2
5362,jikfanza,jik-fanza,fanza,1,2
5363,jikfau,jik-fau,jik,0,2
5364,jikfau,jik-fau,fau,1,2
5365,jikfazgau,jik-faz-gau,jik,0,3
5366,jikfazgau,jik-faz-gau,faz,1,3
5367,jikfazgau,jik-faz-gau,gau,2,3
5368,jikri'i,jik-ri'i,jik,0,2
5369,jikri'i,jik-ri'i,ri'i,1,2
5370,jikri'ipro,jik-ri'i-pro,jik,0,3
5371,jikri'ipro,jik-ri'i-pro,ri'i,1,3
5372,jikri'ipro,jik-ri'i-pro,pro,2,3
5373,jikrypinxe,jikr-pinxe,jikr,0,2
5374,jikrypinxe,jikr-pinxe,pinxe,1,2
5375,jikryxre,jikr-xre,jikr,0,2
5376,jikryxre,jikr-xre,xre,1,2
5377,jiktadji,jik-tadji,jik,0,2
5378,jiktadji,jik-tadji,tadji,1,2
5379,jiktamne,jik-tamne,jik,0,2
5380,jiktamne,jik-tamne,tamne,1,2
5381,jiktepmli,jik-tep-mli,jik,0,3
5382,jiktepmli,jik-tep-mli,tep,1,3
5383,jiktepmli,jik-tep-mli,mli,2,3
5384,jiktra,jik-tra,jik,0,2
5385,jiktra,jik-tra,tra,1,2
5386,jikydu'i,jik-du'i,jik,0,2
5387,jikydu'i,jik-du'i,du'i,1,2
5388,jikydunsi'u,jik-dun-si'u,jik,0,3
5389,jikydunsi'u,jik-dun-si'u,dun,1,3
5390,jikydunsi'u,jik-dun-si'u,si'u,2,3
5391,jikygri,jik-gri,jik,0,2
5392,jikygri,jik-gri,gri,1,2
5393,jikykei,jik-kei,jik,0,2
5394,jikykei,jik-kei,kei,1,2
5395,jimcai,jim-cai,jim,0,2
5396,jimcai,jim-cai,cai,1,2
5397,jimda'izbe,jim-da'i-zbe,jim,0,3
5398,jimda'izbe,jim-da'i-zbe,da'i,1,3
5399,jimda'izbe,jim-da'i-zbe,zbe,2,3
5400,jimdaxsna,jim-dax-sna,jim,0,3
5401,jimdaxsna,jim-dax-sna,dax,1,3
5402,jimdaxsna,jim-dax-sna,sna,2,3
5403,jimfri,jim-fri,jim,0,2
5404,jimfri,jim-fri,fri,1,2
5405,jimsko,jim-sko,jim,0,2
5406,jimsko,jim-sko,sko,1,2
5407,jimsmi,jim-smi,jim,0,2
5408,jimsmi,jim-smi,smi,1,2
5409,jimto'a,jim-to'a,jim,0,2
5410,jimto'a,jim-to'a,to'a,1,2
5411,jincla,jin-cla,jin,0,2
5412,jincla,jin-cla,cla,1,2
5413,jingle,jin-gle,jin,0,2
5414,jingle,jin-gle,gle,1,2
5415,jingri,jin-gri,jin,0,2
5416,jingri,jin-gri,gri,1,2
5417,jinsru,jin-sru,jin,0,2
5418,jinsru,jin-sru,sru,1,2
5419,jintydi'u,jint-di'u,jint,0,2
5420,jintydi'u,jint-di'u,di'u,1,2
5421,jipcyfetso'a,jipc-fet-so'a,jipc,0,3
5422,jipcyfetso'a,jipc-fet-so'a,fet,1,3
5423,jipcyfetso'a,jipc-fet-so'a,so'a,2,3
5424,jipcyso'a,jipc-so'a,jipc,0,2
5425,jipcyso'a,jipc-so'a,so'a,1,2
5426,jipfau,jip-fau,jip,0,2
5427,jipfau,jip-fau,fau,1,2
5428,jipso'a,jip-so'a,jip,0,2
5429,jipso'a,jip-so'a,so'a,1,2
5430,jiptse,jip-tse,jip,0,2
5431,jiptse,jip-tse,tse,1,2
5432,jirgau,jir-gau,jir,0,2
5433,jirgau,jir-gau,gau,1,2
5434,jirnyramxi'a,jirn-ram-xi'a,jirn,0,3
5435,jirnyramxi'a,jirn-ram-xi'a,ram,1,3
5436,jirnyramxi'a,jirn-ram-xi'a,xi'a,2,3
5437,jiryri'a,jir-ri'a,jir,0,2
5438,jiryri'a,jir-ri'a,ri'a,1,2
5439,jislunra,jis-lunra,jis,0,2
5440,jislunra,jis-lunra,lunra,1,2
5441,jisybi'o,jis-bi'o,jis,0,2
5442,jisybi'o,jis-bi'o,bi'o,1,2
5443,jisygau,jis-gau,jis,0,2
5444,jisygau,jis-gau,gau,1,2
5445,jisysa'e,jis-sa'e,jis,0,2
5446,jisysa'e,jis-sa'e,sa'e,1,2
5447,jitcau,jit-cau,jit,0,2
5448,jitcau,jit-cau,cau,1,2
5449,jitri'u,jit-ri'u,jit,0,2
5450,jitri'u,jit-ri'u,ri'u,1,2
5451,jitygau,jit-gau,jit,0,2
5452,jitygau,jit-gau,gau,1,2
5453,jityzu'e,jit-zu'e,jit,0,2
5454,jityzu'e,jit-zu'e,zu'e,1,2
5455,jivne'u,jiv-ne'u,jiv,0,2
5456,jivne'u,jiv-ne'u,ne'u,1,2
5457,jivrei,jiv-rei,jiv,0,2
5458,jivrei,jiv-rei,rei,1,2
5459,ji'icni,ji'i-cni,ji'i,0,2
5460,ji'icni,ji'i-cni,cni,1,2
5461,jizbri,jiz-bri,jiz,0,2
5462,jizbri,jiz-bri,bri,1,2
5463,jizmamta,jiz-mamta,jiz,0,2
5464,jizmamta,jiz-mamta,mamta,1,2
5465,jizyjerna,jiz-jerna,jiz,0,2
5466,jizyjerna,jiz-jerna,jerna,1,2
5467,jizyselzi'e,jiz-sel-zi'e,jiz,0,3
5468,jizyselzi'e,jiz-sel-zi'e,sel,1,3
5469,jizyselzi'e,jiz-sel-zi'e,zi'e,2,3
5470,jmaboi,jma-boi,jma,0,2
5471,jmaboi,jma-boi,boi,1,2
5472,jmaboikei,jma-boi-kei,jma,0,3
5473,jmaboikei,jma-boi-kei,boi,1,3
5474,jmaboikei,jma-boi-kei,kei,2,3
5475,jmada'i,jma-da'i,jma,0,2
5476,jmada'i,jma-da'i,da'i,1,2
5477,jmadegji,jma-degji,jma,0,2
5478,jmadegji,jma-degji,degji,1,2
5479,jmagutci,jma-gutci,jma,0,2
5480,jmagutci,jma-gutci,gutci,1,2
5481,jmatajycalku,jma-taj-calku,jma,0,3
5482,jmatajycalku,jma-taj-calku,taj,1,3
5483,jmatajycalku,jma-taj-calku,calku,2,3
5484,jmatamji,jma-tamji,jma,0,2
5485,jmatamji,jma-tamji,tamji,1,2
5486,jmati'e,jma-ti'e,jma,0,2
5487,jmati'e,jma-ti'e,ti'e,1,2
5488,jmatu'e,jma-tu'e,jma,0,2
5489,jmatu'e,jma-tu'e,tu'e,1,2
5490,jmeboi,jme-boi,jme,0,2
5491,jmeboi,jme-boi,boi,1,2
5492,jmecpi,jme-cpi,jme,0,2
5493,jmecpi,jme-cpi,cpi,1,2
5494,jmepi'a,jme-pi'a,jme,0,2
5495,jmepi'a,jme-pi'a,pi'a,1,2
5496,jmibi'o,jmi-bi'o,jmi,0,2
5497,jmibi'o,jmi-bi'o,bi'o,1,2
5498,jmicko,jmi-cko,jmi,0,2
5499,jmicko,jmi-cko,cko,1,2
5500,jmidu'a,jmi-du'a,jmi,0,2
5501,jmidu'a,jmi-du'a,du'a,1,2
5502,jmifri,jmi-fri,jmi,0,2
5503,jmifri,jmi-fri,fri,1,2
5504,jmigau,jmi-gau,jmi,0,2
5505,jmigau,jmi-gau,gau,1,2
5506,jmikli,jmi-kli,jmi,0,2
5507,jmikli,jmi-kli,kli,1,2
5508,jmimau,jmi-mau,jmi,0,2
5509,jmimau,jmi-mau,mau,1,2
5510,jmiri'a,jmi-ri'a,jmi,0,2
5511,jmiri'a,jmi-ri'a,ri'a,1,2
5512,jmisampu,jmi-sampu,jmi,0,2
5513,jmisampu,jmi-sampu,sampu,1,2
5514,jmisi'u,jmi-si'u,jmi,0,2
5515,jmisi'u,jmi-si'u,si'u,1,2
5516,jo'etci,jo'e-tci,jo'e,0,2
5517,jo'etci,jo'e-tci,tci,1,2
5518,joidre,joi-dre,joi,0,2
5519,joidre,joi-dre,dre,1,2
5520,jongau,jon-gau,jon,0,2
5521,jongau,jon-gau,gau,1,2
5522,jonja'e,jon-ja'e,jon,0,2
5523,jonja'e,jon-ja'e,ja'e,1,2
5524,jonpoi,jon-poi,jon,0,2
5525,jonpoi,jon-poi,poi,1,2
5526,jonsi'u,jon-si'u,jon,0,2
5527,jonsi'u,jon-si'u,si'u,1,2
5528,jonvelyla'a,jon-vel-la'a,jon,0,3
5529,jonvelyla'a,jon-vel-la'a,vel,1,3
5530,jonvelyla'a,jon-vel-la'a,la'a,2,3
5531,jonvla,jon-vla,jon,0,2
5532,jonvla,jon-vla,vla,1,2
5533,ju'agri,ju'a-gri,ju'a,0,2
5534,ju'agri,ju'a-gri,gri,1,2
5535,ju'ertai,ju'e-tai,ju'e,0,2
5536,ju'ertai,ju'e-tai,tai,1,2
5537,ju'icta,ju'i-cta,ju'i,0,2
5538,ju'icta,ju'i-cta,cta,1,2
5539,ju'itce,ju'i-tce,ju'i,0,2
5540,ju'itce,ju'i-tce,tce,1,2
5541,judgau,jud-gau,jud,0,2
5542,judgau,jud-gau,gau,1,2
5543,judri'a,jud-ri'a,jud,0,2
5544,judri'a,jud-ri'a,ri'a,1,2
5545,judysanji,jud-sanji,jud,0,2
5546,judysanji,jud-sanji,sanji,1,2
5547,ju'itra,ju'i-tra,ju'i,0,2
5548,ju'itra,ju'i-tra,tra,1,2
5549,judytirna,jud-tirna,jud,0,2
5550,judytirna,jud-tirna,tirna,1,2
5551,judzga,jud-zga,jud,0,2
5552,judzga,jud-zga,zga,1,2
5553,jufpau,juf-pau,juf,0,2
5554,jufpau,juf-pau,pau,1,2
5555,jufspi,juf-spi,juf,0,2
5556,jufspi,juf-spi,spi,1,2
5557,jufsu'a,juf-su'a,juf,0,2
5558,jufsu'a,juf-su'a,su'a,1,2
5559,jufyge'a,juf-ge'a,juf,0,2
5560,jufyge'a,juf-ge'a,ge'a,1,2
5561,jufygunma,juf-gunma,juf,0,2
5562,jufygunma,juf-gunma,gunma,1,2
5563,jugbau,jug-bau,jug,0,2
5564,jugbau,jug-bau,bau,1,2
5565,jugygu'e,jug-gu'e,jug,0,2
5566,jugygu'e,jug-gu'e,gu'e,1,2
5567,jugyklu,jug-klu,jug,0,2
5568,jugyklu,jug-klu,klu,1,2
5569,jugypre,jug-pre,jug,0,2
5570,jugypre,jug-pre,pre,1,2
5571,jugyseltadni,jug-sel-tadni,jug,0,3
5572,jugyseltadni,jug-sel-tadni,sel,1,3
5573,jugyseltadni,jug-sel-tadni,tadni,2,3
5574,jugytru,jug-tru,jug,0,2
5575,jugytru,jug-tru,tru,1,2
5576,jukcpi,juk-cpi,juk,0,2
5577,jukcpi,juk-cpi,cpi,1,2
5578,jukfi'i,juk-fi'i,juk,0,2
5579,jukfi'i,juk-fi'i,fi'i,1,2
5580,jukte'abi'a,juk-te'a-bi'a,juk,0,3
5581,jukte'abi'a,juk-te'a-bi'a,te'a,1,3
5582,jukte'abi'a,juk-te'a-bi'a,bi'a,2,3
5583,jukydu'i,juk-du'i,juk,0,2
5584,jukydu'i,juk-du'i,du'i,1,2
5585,juljanbe,jul-janbe,jul,0,2
5586,juljanbe,jul-janbe,janbe,1,2
5587,julra'o,jul-ra'o,jul,0,2
5588,julra'o,jul-ra'o,ra'o,1,2
5589,jultarci,jul-tarci,jul,0,2
5590,jultarci,jul-tarci,tarci,1,2
5591,jumbandu,jum-bandu,jum,0,2
5592,jumbandu,jum-bandu,bandu,1,2
5593,jumcatrytoknu,jum-catr-toknu,jum,0,3
5594,jumcatrytoknu,jum-catr-toknu,catr,1,3
5595,jumcatrytoknu,jum-catr-toknu,toknu,2,3
5596,junbe'i,jun-be'i,jun,0,2
5597,junbe'i,jun-be'i,be'i,1,2
5598,junci'a,jun-ci'a,jun,0,2
5599,junci'a,jun-ci'a,ci'a,1,2
5600,juncte,jun-cte,jun,0,2
5601,juncte,jun-cte,cte,1,2
5602,jungau,jun-gau,jun,0,2
5603,jungau,jun-gau,gau,1,2
5604,junmau,jun-mau,jun,0,2
5605,junmau,jun-mau,mau,1,2
5606,junple,jun-ple,jun,0,2
5607,junple,jun-ple,ple,1,2
5608,junri'a,jun-ri'a,jun,0,2
5609,junri'a,jun-ri'a,ri'a,1,2
5610,junske,jun-ske,jun,0,2
5611,junske,jun-ske,ske,1,2
5612,juntytri,junt-tri,junt,0,2
5613,juntytri,junt-tri,tri,1,2
5614,junydji,jun-dji,jun,0,2
5615,junydji,jun-dji,dji,1,2
5616,jupfi'i,jup-fi'i,jup,0,2
5617,jupfi'i,jup-fi'i,fi'i,1,2
5618,jupku'a,jup-ku'a,jup,0,2
5619,jupku'a,jup-ku'a,ku'a,1,2
5620,juptci,jup-tci,jup,0,2
5621,juptci,jup-tci,tci,1,2
5622,jupyvau,jup-vau,jup,0,2
5623,jupyvau,jup-vau,vau,1,2
5624,jupyzba,jup-zba,jup,0,2
5625,jupyzba,jup-zba,zba,1,2
5626,jurdri,jur-dri,jur,0,2
5627,jurdri,jur-dri,dri,1,2
5628,jurja'o,jur-ja'o,jur,0,2
5629,jurja'o,jur-ja'o,ja'o,1,2
5630,juryri'a,jur-ri'a,jur,0,2
5631,juryri'a,jur-ri'a,ri'a,1,2
5632,jutcmi,jut-cmi,jut,0,2
5633,jutcmi,jut-cmi,cmi,1,2
5634,jutste,jut-ste,jut,0,2
5635,jutste,jut-ste,ste,1,2
5636,jvajvo,jva-jvo,jva,0,2
5637,jvajvo,jva-jvo,jvo,1,2
5638,jvige'u,jvi-ge'u,jvi,0,2
5639,jvige'u,jvi-ge'u,ge'u,1,2
5640,jvikei,jvi-kei,jvi,0,2
5641,jvikei,jvi-kei,kei,1,2
5642,jvine'u,jvi-ne'u,jvi,0,2
5643,jvine'u,jvi-ne'u,ne'u,1,2
5644,jvipai,jvi-pai,jvi,0,2
5645,jvipai,jvi-pai,pai,1,2
5646,jvixi'a,jvi-xi'a,jvi,0,2
5647,jvixi'a,jvi-xi'a,xi'a,1,2
5648,jvocku,jvo-cku,jvo,0,2
5649,jvocku,jvo-cku,cku,1,2
5650,jvodatni,jvo-datni,jvo,0,2
5651,jvodatni,jvo-datni,datni,1,2
5652,jvofriti,jvo-friti,jvo,0,2
5653,jvofriti,jvo-friti,friti,1,2
5654,jvojva,jvo-jva,jvo,0,2
5655,jvojva,jvo-jva,jva,1,2
5656,jvojvi,jvo-jvi,jvo,0,2
5657,jvojvi,jvo-jvi,jvi,1,2
5658,jvoka'a,jvo-ka'a,jvo,0,2
5659,jvoka'a,jvo-ka'a,ka'a,1,2
5660,jvopre,jvo-pre,jvo,0,2
5661,jvopre,jvo-pre,pre,1,2
5662,jvoskiro'a,jvo-ski-ro'a,jvo,0,3
5663,jvoskiro'a,jvo-ski-ro'a,ski,1,3
5664,jvoskiro'a,jvo-ski-ro'a,ro'a,2,3
5665,jvoste,jvo-ste,jvo,0,2
5666,jvoste,jvo-ste,ste,1,2
5667,jvoterbri,jvo-ter-bri,jvo,0,3
5668,jvoterbri,jvo-ter-bri,ter,1,3
5669,jvoterbri,jvo-ter-bri,bri,2,3
5670,jvotertau,jvo-ter-tau,jvo,0,3
5671,jvotertau,jvo-ter-tau,ter,1,3
5672,jvotertau,jvo-ter-tau,tau,2,3
5673,jvozba,jvo-zba,jvo,0,2
5674,jvozba,jvo-zba,zba,1,2
5675,jvozbapre,jvo-zba-pre,jvo,0,3
5676,jvozbapre,jvo-zba-pre,zba,1,3
5677,jvozbapre,jvo-zba-pre,pre,2,3
5678,ka'amru,ka'a-mru,ka'a,0,2
5679,ka'amru,ka'a-mru,mru,1,2
5680,ka'anri'a,ka'a-ri'a,ka'a,0,2
5681,ka'anri'a,ka'a-ri'a,ri'a,1,2
5682,ka'arbatci,ka'a-batci,ka'a,0,2
5683,ka'arbatci,ka'a-batci,batci,1,2
5684,ka'argau,ka'a-gau,ka'a,0,2
5685,ka'argau,ka'a-gau,gau,1,2
5686,ka'arkakpa,ka'a-kakpa,ka'a,0,2
5687,ka'arkakpa,ka'a-kakpa,kakpa,1,2
5688,ka'arkomcu,ka'a-komcu,ka'a,0,2
5689,ka'arkomcu,ka'a-komcu,komcu,1,2
5690,ka'armikce,ka'a-mikce,ka'a,0,2
5691,ka'armikce,ka'a-mikce,mikce,1,2
5692,ka'arvi'u,ka'a-vi'u,ka'a,0,2
5693,ka'arvi'u,ka'a-vi'u,vi'u,1,2
5694,ka'arzu'e,ka'a-zu'e,ka'a,0,2
5695,ka'arzu'e,ka'a-zu'e,zu'e,1,2
5696,ka'ergau,ka'e-gau,ka'e,0,2
5697,ka'ergau,ka'e-gau,gau,1,2
5698,ka'erkai,ka'e-kai,ka'e,0,2
5699,ka'erkai,ka'e-kai,kai,1,2
5700,ka'erta'a,ka'e-ta'a,ka'e,0,2
5701,ka'erta'a,ka'e-ta'a,ta'a,1,2
5702,ka'inru'i,ka'i-ru'i,ka'i,0,2
5703,ka'inru'i,ka'i-ru'i,ru'i,1,2
5704,ka'ircu'a,ka'i-cu'a,ka'i,0,2
5705,ka'ircu'a,ka'i-cu'a,cu'a,1,2
5706,ka'irmupli,ka'i-mupli,ka'i,0,2
5707,ka'irmupli,ka'i-mupli,mupli,1,2
5708,ka'irpulji,ka'i-pulji,ka'i,0,2
5709,ka'irpulji,ka'i-pulji,pulji,1,2
5710,ka'itru,ka'i-tru,ka'i,0,2
5711,ka'itru,ka'i-tru,tru,1,2
5712,ka'orbi'o,ka'o-bi'o,ka'o,0,2
5713,ka'orbi'o,ka'o-bi'o,bi'o,1,2
5714,ka'unratki'i,ka'u-rat-ki'i,ka'u,0,3
5715,ka'unratki'i,ka'u-rat-ki'i,rat,1,3
5716,ka'unratki'i,ka'u-rat-ki'i,ki'i,2,3
5717,ka'unratki'ito'i,ka'u-rat-ki'i-to'i,ka'u,0,4
5718,ka'unratki'ito'i,ka'u-rat-ki'i-to'i,rat,1,4
5719,ka'unratki'ito'i,ka'u-rat-ki'i-to'i,ki'i,2,4
5720,ka'unratki'ito'i,ka'u-rat-ki'i-to'i,to'i,3,4
5721,ka'urbi'o,ka'u-bi'o,ka'u,0,2
5722,ka'urbi'o,ka'u-bi'o,bi'o,1,2
5723,ka'urdi'i,ka'u-di'i,ka'u,0,2
5724,ka'urdi'i,ka'u-di'i,di'i,1,2
5725,ka'urdi'inai,ka'u-di'i-nai,ka'u,0,3
5726,ka'urdi'inai,ka'u-di'i-nai,di'i,1,3
5727,ka'urdi'inai,ka'u-di'i-nai,nai,2,3
5728,ka'urku'e,ka'u-ku'e,ka'u,0,2
5729,ka'urku'e,ka'u-ku'e,ku'e,1,2
5730,ka'urvitci,ka'u-vitci,ka'u,0,2
5731,ka'urvitci,ka'u-vitci,vitci,1,2
5732,kabryca'u,kabr-ca'u,kabr,0,2
5733,kabryca'u,kabr-ca'u,ca'u,1,2
5734,kabrydekpu,kabr-dekpu,kabr,0,2
5735,kabrydekpu,kabr-dekpu,dekpu,1,2
5736,kabrylai,kabr-lai,kabr,0,2
5737,kabrylai,kabr-lai,lai,1,2
5738,kabryselmre,kabr-sel-mre,kabr,0,3
5739,kabryselmre,kabr-sel-mre,sel,1,3
5740,kabryselmre,kabr-sel-mre,mre,2,3
5741,kabryselylai,kabr-sel-lai,kabr,0,3
5742,kabryselylai,kabr-sel-lai,sel,1,3
5743,kabryselylai,kabr-sel-lai,lai,2,3
5744,kabybau,kab-bau,kab,0,2
5745,kabybau,kab-bau,bau,1,2
5746,karcykla,karc-kla,karc,0,2
5747,karcykla,karc-kla,kla,1,2
5748,karcyli'u,karc-li'u,karc,0,2
5749,karcyli'u,karc-li'u,li'u,1,2
5750,karcymu'u,karc-mu'u,karc,0,2
5751,karcymu'u,karc-mu'u,mu'u,1,2
5752,kacmyterxra,kacm-ter-xra,kacm,0,3
5753,kacmyterxra,kacm-ter-xra,ter,1,3
5754,kacmyterxra,kacm-ter-xra,xra,2,3
5755,kacmyxra,kacm-xra,kacm,0,2
5756,kacmyxra,kacm-xra,xra,1,2
5757,kacmyxragau,kacm-xra-gau,kacm,0,3
5758,kacmyxragau,kacm-xra-gau,xra,1,3
5759,kacmyxragau,kacm-xra-gau,gau,2,3
5760,kacmyxrazu'e,kacm-xra-zu'e,kacm,0,3
5761,kacmyxrazu'e,kacm-xra-zu'e,xra,1,3
5762,kacmyxrazu'e,kacm-xra-zu'e,zu'e,2,3
5763,kacne'i,kac-ne'i,kac,0,2
5764,kacne'i,kac-ne'i,ne'i,1,2
5765,karcylu'a,karc-lu'a,karc,0,2
5766,karcylu'a,karc-lu'a,lu'a,1,2
5767,kacpoi,kac-poi,kac,0,2
5768,kacpoi,kac-poi,poi,1,2
5769,kactro,kac-tro,kac,0,2
5770,kactro,kac-tro,tro,1,2
5771,kacyzda,kac-zda,kac,0,2
5772,kacyzda,kac-zda,zda,1,2
5773,kadjavblabi,kad-jav-blabi,kad,0,3
5774,kadjavblabi,kad-jav-blabi,jav,1,3
5775,kadjavblabi,kad-jav-blabi,blabi,2,3
5776,kadnyru'u,kadn-ru'u,kadn,0,2
5777,kadnyru'u,kadn-ru'u,ru'u,1,2
5778,kadyto'a,kad-to'a,kad,0,2
5779,kadyto'a,kad-to'a,to'a,1,2
5780,kafca'a,kaf-ca'a,kaf,0,2
5781,kafca'a,kaf-ca'a,ca'a,1,2
5782,kafcai,kaf-cai,kaf,0,2
5783,kafcai,kaf-cai,cai,1,2
5784,kafkyselsa'a,kafk-sel-sa'a,kafk,0,3
5785,kafkyselsa'a,kafk-sel-sa'a,sel,1,3
5786,kafkyselsa'a,kafk-sel-sa'a,sa'a,2,3
5787,kafkytrofli,kafk-tro-fli,kafk,0,3
5788,kafkytrofli,kafk-tro-fli,tro,1,3
5789,kafkytrofli,kafk-tro-fli,fli,2,3
5790,kafnunzu'e,kaf-nun-zu'e,kaf,0,3
5791,kafnunzu'e,kaf-nun-zu'e,nun,1,3
5792,kafnunzu'e,kaf-nun-zu'e,zu'e,2,3
5793,kafpanci,kaf-panci,kaf,0,2
5794,kafpanci,kaf-panci,panci,1,2
5795,kafpatxu,kaf-patxu,kaf,0,2
5796,kafpatxu,kaf-patxu,patxu,1,2
5797,kafspi,kaf-spi,kaf,0,2
5798,kafspi,kaf-spi,spi,1,2
5799,kafybarja,kaf-barja,kaf,0,2
5800,kafybarja,kaf-barja,barja,1,2
5801,kafybriju,kaf-briju,kaf,0,2
5802,kafybriju,kaf-briju,briju,1,2
5803,kafyzai,kaf-zai,kaf,0,2
5804,kafyzai,kaf-zai,zai,1,2
5805,kafyzda,kaf-zda,kaf,0,2
5806,kafyzda,kaf-zda,zda,1,2
5807,kaidja,kai-dja,kai,0,2
5808,kaidja,kai-dja,dja,1,2
5809,kaijbi,kai-jbi,kai,0,2
5810,kaijbi,kai-jbi,jbi,1,2
5811,kairgau,kai-gau,kai,0,2
5812,kairgau,kai-gau,gau,1,2
5813,kaismi,kai-smi,kai,0,2
5814,kaismi,kai-smi,smi,1,2
5815,kaistu,kai-stu,kai,0,2
5816,kaistu,kai-stu,stu,1,2
5817,kajmi'i,kaj-mi'i,kaj,0,2
5818,kajmi'i,kaj-mi'i,mi'i,1,2
5819,kajyfagri,kaj-fagri,kaj,0,2
5820,kajyfagri,kaj-fagri,fagri,1,2
5821,kakpyca'a,kakp-ca'a,kakp,0,2
5822,kakpyca'a,kakp-ca'a,ca'a,1,2
5823,kakpyca'a,kakp-ca'a,kakp,0,2
5824,kakpyca'a,kakp-ca'a,ca'a,1,2
5825,kakpymabru,kakp-mabru,kakp,0,2
5826,kakpymabru,kakp-mabru,mabru,1,2
5827,kakpyratcu,kakp-ratcu,kakp,0,2
5828,kakpyratcu,kakp-ratcu,ratcu,1,2
5829,kakpyricratcu,kakp-ric-ratcu,kakp,0,3
5830,kakpyricratcu,kakp-ric-ratcu,ric,1,3
5831,kakpyricratcu,kakp-ric-ratcu,ratcu,2,3
5832,kakpyzda,kakp-zda,kakp,0,2
5833,kakpyzda,kakp-zda,zda,1,2
5834,kakydirgo,kak-dirgo,kak,0,2
5835,kakydirgo,kak-dirgo,dirgo,1,2
5836,kakyjau,kak-jau,kak,0,2
5837,kakyjau,kak-jau,jau,1,2
5838,kalblaci,kal-blaci,kal,0,2
5839,kalblaci,kal-blaci,blaci,1,2
5840,kalcizra,kal-cizra,kal,0,2
5841,kalcizra,kal-cizra,cizra,1,2
5842,kalcyjoizgu,kalc-joi-zgu,kalc,0,3
5843,kalcyjoizgu,kalc-joi-zgu,joi,1,3
5844,kalcyjoizgu,kalc-joi-zgu,zgu,2,3
5845,kalfoi,kal-foi,kal,0,2
5846,kalfoi,kal-foi,foi,1,2
5847,kalgai,kal-gai,kal,0,2
5848,kalgai,kal-gai,gai,1,2
5849,kalmebri,kal-mebri,kal,0,2
5850,kalmebri,kal-mebri,mebri,1,2
5851,kalmebykre,kal-meb-kre,kal,0,3
5852,kalmebykre,kal-meb-kre,meb,1,3
5853,kalmebykre,kal-meb-kre,kre,2,3
5854,kalmikce,kal-mikce,kal,0,2
5855,kalmikce,kal-mikce,mikce,1,2
5856,kalnurgau,kal-nur-gau,kal,0,3
5857,kalnurgau,kal-nur-gau,nur,1,3
5858,kalnurgau,kal-nur-gau,gau,2,3
5859,kalsai,kal-sai,kal,0,2
5860,kalsai,kal-sai,sai,1,2
5861,kalstani,kal-stani,kal,0,2
5862,kalstani,kal-stani,stani,1,2
5863,kaltalcko,kal-tal-cko,kal,0,3
5864,kaltalcko,kal-tal-cko,tal,1,3
5865,kaltalcko,kal-tal-cko,cko,2,3
5866,kaltau,kal-tau,kal,0,2
5867,kaltau,kal-tau,tau,1,2
5868,kamba'uslepavmoi,kam-ba'u-sle-pav-moi,kam,0,5
5869,kamba'uslepavmoi,kam-ba'u-sle-pav-moi,ba'u,1,5
5870,kamba'uslepavmoi,kam-ba'u-sle-pav-moi,sle,2,5
5871,kamba'uslepavmoi,kam-ba'u-sle-pav-moi,pav,3,5
5872,kamba'uslepavmoi,kam-ba'u-sle-pav-moi,moi,4,5
5873,kambau,kam-bau,kam,0,2
5874,kambau,kam-bau,bau,1,2
5875,kambei,kam-bei,kam,0,2
5876,kambei,kam-bei,bei,1,2
5877,kambitki'u,kam-bit-ki'u,kam,0,3
5878,kambitki'u,kam-bit-ki'u,bit,1,3
5879,kambitki'u,kam-bit-ki'u,ki'u,2,3
5880,kambityki'u,kam-bit-ki'u,kam,0,3
5881,kambityki'u,kam-bit-ki'u,bit,1,3
5882,kambityki'u,kam-bit-ki'u,ki'u,2,3
5883,kambla,kam-bla,kam,0,2
5884,kambla,kam-bla,bla,1,2
5885,kambra,kam-bra,kam,0,2
5886,kambra,kam-bra,bra,1,2
5887,kambre,kam-bre,kam,0,2
5888,kambre,kam-bre,bre,1,2
5889,kambri,kam-bri,kam,0,2
5890,kambri,kam-bri,bri,1,2
5891,kambroda,kam-broda,kam,0,2
5892,kambroda,kam-broda,broda,1,2
5893,kambru,kam-bru,kam,0,2
5894,kambru,kam-bru,bru,1,2
5895,kamcai,kam-cai,kam,0,2
5896,kamcai,kam-cai,cai,1,2
5897,kamcaicpe,kam-cai-cpe,kam,0,3
5898,kamcaicpe,kam-cai-cpe,cai,1,3
5899,kamcaicpe,kam-cai-cpe,cpe,2,3
5900,kamcanja,kam-canja,kam,0,2
5901,kamcanja,kam-canja,canja,1,2
5902,kamnyceltamne,kamn-cel-tamne,kamn,0,3
5903,kamnyceltamne,kamn-cel-tamne,cel,1,3
5904,kamnyceltamne,kamn-cel-tamne,tamne,2,3
5905,kamci'u,kam-ci'u,kam,0,2
5906,kamci'u,kam-ci'u,ci'u,1,2
5907,kamcinse,kam-cinse,kam,0,2
5908,kamcinse,kam-cinse,cinse,1,2
5909,kamcizra,kam-cizra,kam,0,2
5910,kamcizra,kam-cizra,cizra,1,2
5911,kamcla,kam-cla,kam,0,2
5912,kamcla,kam-cla,cla,1,2
5913,kamcma,kam-cma,kam,0,2
5914,kamcma,kam-cma,cma,1,2
5915,kamcni,kam-cni,kam,0,2
5916,kamcni,kam-cni,cni,1,2
5917,kamcre,kam-cre,kam,0,2
5918,kamcre,kam-cre,cre,1,2
5919,kamda'o,kam-da'o,kam,0,2
5920,kamda'o,kam-da'o,da'o,1,2
5921,kamdji,kam-dji,kam,0,2
5922,kamdji,kam-dji,dji,1,2
5923,kamdra,kam-dra,kam,0,2
5924,kamdra,kam-dra,dra,1,2
5925,kamnydraci,kamn-draci,kamn,0,2
5926,kamnydraci,kamn-draci,draci,1,2
5927,kamfarvi,kam-farvi,kam,0,2
5928,kamfarvi,kam-farvi,farvi,1,2
5929,kamnyfau,kamn-fau,kamn,0,2
5930,kamnyfau,kamn-fau,fau,1,2
5931,kamfe'u,kam-fe'u,kam,0,2
5932,kamfe'u,kam-fe'u,fe'u,1,2
5933,kamfinxau,kam-fin-xau,kam,0,3
5934,kamfinxau,kam-fin-xau,fin,1,3
5935,kamfinxau,kam-fin-xau,xau,2,3
5936,kamnyfrica,kamn-frica,kamn,0,2
5937,kamnyfrica,kamn-frica,frica,1,2
5938,kamnygei,kamn-gei,kamn,0,2
5939,kamnygei,kamn-gei,gei,1,2
5940,kamgla,kam-gla,kam,0,2
5941,kamgla,kam-gla,gla,1,2
5942,kamgubga'i,kam-gub-ga'i,kam,0,3
5943,kamgubga'i,kam-gub-ga'i,gub,1,3
5944,kamgubga'i,kam-gub-ga'i,ga'i,2,3
5945,kamgubgau,kam-gub-gau,kam,0,3
5946,kamgubgau,kam-gub-gau,gub,1,3
5947,kamgubgau,kam-gub-gau,gau,2,3
5948,kamgubykemgau,kam-gub-kem-gau,kam,0,4
5949,kamgubykemgau,kam-gub-kem-gau,gub,1,4
5950,kamgubykemgau,kam-gub-kem-gau,kem,2,4
5951,kamgubykemgau,kam-gub-kem-gau,gau,3,4
5952,kamgunma,kam-gunma,kam,0,2
5953,kamgunma,kam-gunma,gunma,1,2
5954,kamjbi,kam-jbi,kam,0,2
5955,kamjbi,kam-jbi,jbi,1,2
5956,kamje'u,kam-je'u,kam,0,2
5957,kamje'u,kam-je'u,je'u,1,2
5958,kamje'uja'o,kam-je'u-ja'o,kam,0,3
5959,kamje'uja'o,kam-je'u-ja'o,je'u,1,3
5960,kamje'uja'o,kam-je'u-ja'o,ja'o,2,3
5961,kamjetcei,kam-jet-cei,kam,0,3
5962,kamjetcei,kam-jet-cei,jet,1,3
5963,kamjetcei,kam-jet-cei,cei,2,3
5964,kamnyji'e,kamn-ji'e,kamn,0,2
5965,kamnyji'e,kamn-ji'e,ji'e,1,2
5966,kamnyjikca,kamn-jikca,kamn,0,2
5967,kamnyjikca,kamn-jikca,jikca,1,2
5968,kamjinme,kam-jinme,kam,0,2
5969,kamjinme,kam-jinme,jinme,1,2
5970,kamka'e,kam-ka'e,kam,0,2
5971,kamka'e,kam-ka'e,ka'e,1,2
5972,kamnyka'o,kamn-ka'o,kamn,0,2
5973,kamnyka'o,kamn-ka'o,ka'o,1,2
5974,kamka'oxau,kam-ka'o-xau,kam,0,3
5975,kamka'oxau,kam-ka'o-xau,ka'o,1,3
5976,kamka'oxau,kam-ka'o-xau,xau,2,3
5977,kamka'u,kam-ka'u,kam,0,2
5978,kamka'u,kam-ka'u,ka'u,1,2
5979,kamkemba'uslepavmoi,kam-kem-ba'u-sle-pav-moi,kam,0,6
5980,kamkemba'uslepavmoi,kam-kem-ba'u-sle-pav-moi,kem,1,6
5981,kamkemba'uslepavmoi,kam-kem-ba'u-sle-pav-moi,ba'u,2,6
5982,kamkemba'uslepavmoi,kam-kem-ba'u-sle-pav-moi,sle,3,6
5983,kamkemba'uslepavmoi,kam-kem-ba'u-sle-pav-moi,pav,4,6
5984,kamkemba'uslepavmoi,kam-kem-ba'u-sle-pav-moi,moi,5,6
5985,kamkli,kam-kli,kam,0,2
5986,kamkli,kam-kli,kli,1,2
5987,kamklunu'i,kam-klu-nu'i,kam,0,3
5988,kamklunu'i,kam-klu-nu'i,klu,1,3
5989,kamklunu'i,kam-klu-nu'i,nu'i,2,3
5990,kamkoi,kam-koi,kam,0,2
5991,kamkoi,kam-koi,koi,1,2
5992,kamku'e,kam-ku'e,kam,0,2
5993,kamku'e,kam-ku'e,ku'e,1,2
5994,kamkukte,kam-kukte,kam,0,2
5995,kamkukte,kam-kukte,kukte,1,2
5996,kamkunti,kam-kunti,kam,0,2
5997,kamkunti,kam-kunti,kunti,1,2
5998,kamlei,kam-lei,kam,0,2
5999,kamlei,kam-lei,lei,1,2
6000,kamlo'u,kam-lo'u,kam,0,2
6001,kamlo'u,kam-lo'u,lo'u,1,2
6002,kamna'a,kam-na'a,kam,0,2
6003,kamna'a,kam-na'a,na'a,1,2
6004,kamnafcne,kam-naf-cne,kam,0,3
6005,kamnafcne,kam-naf-cne,naf,1,3
6006,kamnafcne,kam-naf-cne,cne,2,3
6007,kamnalracli,kam-nal-racli,kam,0,3
6008,kamnalracli,kam-nal-racli,nal,1,3
6009,kamnalracli,kam-nal-racli,racli,2,3
6010,kamnynei,kamn-nei,kamn,0,2
6011,kamnynei,kamn-nei,nei,1,2
6012,kamni'i,kam-ni'i,kam,0,2
6013,kamni'i,kam-ni'i,ni'i,1,2
6014,kamnu'a,kam-nu'a,kam,0,2
6015,kamnu'a,kam-nu'a,nu'a,1,2
6016,kamnynunpe'i,kamn-nun-pe'i,kamn,0,3
6017,kamnynunpe'i,kamn-nun-pe'i,nun,1,3
6018,kamnynunpe'i,kamn-nun-pe'i,pe'i,2,3
6019,kampanci,kam-panci,kam,0,2
6020,kampanci,kam-panci,panci,1,2
6021,kamparbi,kam-parbi,kam,0,2
6022,kamparbi,kam-parbi,parbi,1,2
6023,kampavyselmanri,kam-pav-sel-manri,kam,0,4
6024,kampavyselmanri,kam-pav-sel-manri,pav,1,4
6025,kampavyselmanri,kam-pav-sel-manri,sel,2,4
6026,kampavyselmanri,kam-pav-sel-manri,manri,3,4
6027,kampeikai,kam-pei-kai,kam,0,3
6028,kampeikai,kam-pei-kai,pei,1,3
6029,kampeikai,kam-pei-kai,kai,2,3
6030,kampelxu,kam-pelxu,kam,0,2
6031,kampelxu,kam-pelxu,pelxu,1,2
6032,kampijyske,kam-pij-ske,kam,0,3
6033,kampijyske,kam-pij-ske,pij,1,3
6034,kampijyske,kam-pij-ske,ske,2,3
6035,kampijytoitadni,kam-pij-toi-tadni,kam,0,4
6036,kampijytoitadni,kam-pij-toi-tadni,pij,1,4
6037,kampijytoitadni,kam-pij-toi-tadni,toi,2,4
6038,kampijytoitadni,kam-pij-toi-tadni,tadni,3,4
6039,kampre,kam-pre,kam,0,2
6040,kampre,kam-pre,pre,1,2
6041,kamprije,kam-prije,kam,0,2
6042,kamprije,kam-prije,prije,1,2
6043,kampru,kam-pru,kam,0,2
6044,kampru,kam-pru,pru,1,2
6045,kamnypu'a,kamn-pu'a,kamn,0,2
6046,kamnypu'a,kamn-pu'a,pu'a,1,2
6047,kamrau,kam-rau,kam,0,2
6048,kamrau,kam-rau,rau,1,2
6049,kamre'a,kam-re'a,kam,0,2
6050,kamre'a,kam-re'a,re'a,1,2
6051,kamri'o,kam-ri'o,kam,0,2
6052,kamri'o,kam-ri'o,ri'o,1,2
6053,kamnyse'i,kamn-se'i,kamn,0,2
6054,kamnyse'i,kamn-se'i,se'i,1,2
6055,kamselka'u,kam-sel-ka'u,kam,0,3
6056,kamselka'u,kam-sel-ka'u,sel,1,3
6057,kamselka'u,kam-sel-ka'u,ka'u,2,3
6058,kamselkai,kam-sel-kai,kam,0,3
6059,kamselkai,kam-sel-kai,sel,1,3
6060,kamselkai,kam-sel-kai,kai,2,3
6061,kamselkancu,kam-sel-kancu,kam,0,3
6062,kamselkancu,kam-sel-kancu,sel,1,3
6063,kamselkancu,kam-sel-kancu,kancu,2,3
6064,kamselmu'u,kam-sel-mu'u,kam,0,3
6065,kamselmu'u,kam-sel-mu'u,sel,1,3
6066,kamselmu'u,kam-sel-mu'u,mu'u,2,3
6067,kamselsatci,kam-sel-satci,kam,0,3
6068,kamselsatci,kam-sel-satci,sel,1,3
6069,kamselsatci,kam-sel-satci,satci,2,3
6070,kamselsi'a,kam-sel-si'a,kam,0,3
6071,kamselsi'a,kam-sel-si'a,sel,1,3
6072,kamselsi'a,kam-sel-si'a,si'a,2,3
6073,kamska,kam-ska,kam,0,2
6074,kamska,kam-ska,ska,1,2
6075,kamsmisni,kam-smi-sni,kam,0,3
6076,kamsmisni,kam-smi-sni,smi,1,3
6077,kamsmisni,kam-smi-sni,sni,2,3
6078,kamnysnera'a,kamn-sne-ra'a,kamn,0,3
6079,kamnysnera'a,kamn-sne-ra'a,sne,1,3
6080,kamnysnera'a,kamn-sne-ra'a,ra'a,2,3
6081,kamsorselmanri,kam-sor-sel-manri,kam,0,4
6082,kamsorselmanri,kam-sor-sel-manri,sor,1,4
6083,kamsorselmanri,kam-sor-sel-manri,sel,2,4
6084,kamsorselmanri,kam-sor-sel-manri,manri,3,4
6085,kamstace,kam-stace,kam,0,2
6086,kamstace,kam-stace,stace,1,2
6087,kamnysucta,kamn-sucta,kamn,0,2
6088,kamnysucta,kamn-sucta,sucta,1,2
6089,kamta'i,kam-ta'i,kam,0,2
6090,kamta'i,kam-ta'i,ta'i,1,2
6091,kamtce,kam-tce,kam,0,2
6092,kamtce,kam-tce,tce,1,2
6093,kamtcidu,kam-tcidu,kam,0,2
6094,kamtcidu,kam-tcidu,tcidu,1,2
6095,kamte'i,kam-te'i,kam,0,2
6096,kamte'i,kam-te'i,te'i,1,2
6097,kamtei,kam-tei,kam,0,2
6098,kamtei,kam-tei,tei,1,2
6099,kamterki'i,kam-ter-ki'i,kam,0,3
6100,kamterki'i,kam-ter-ki'i,ter,1,3
6101,kamterki'i,kam-ter-ki'i,ki'i,2,3
6102,kamtolba'i,kam-tol-ba'i,kam,0,3
6103,kamtolba'i,kam-tol-ba'i,tol,1,3
6104,kamtolba'i,kam-tol-ba'i,ba'i,2,3
6105,kamtolkansa,kam-tol-kansa,kam,0,3
6106,kamtolkansa,kam-tol-kansa,tol,1,3
6107,kamtolkansa,kam-tol-kansa,kansa,2,3
6108,kamtolmle,kam-tol-mle,kam,0,3
6109,kamtolmle,kam-tol-mle,tol,1,3
6110,kamtolmle,kam-tol-mle,mle,2,3
6111,kamtre,kam-tre,kam,0,2
6112,kamtre,kam-tre,tre,1,2
6113,kamvai,kam-vai,kam,0,2
6114,kamvai,kam-vai,vai,1,2
6115,kamvinji,kam-vinji,kam,0,2
6116,kamvinji,kam-vinji,vinji,1,2
6117,kamvli,kam-vli,kam,0,2
6118,kamvli,kam-vli,vli,1,2
6119,kamnyvu'e,kamn-vu'e,kamn,0,2
6120,kamnyvu'e,kamn-vu'e,vu'e,1,2
6121,kamvu'esenpi,kam-vu'e-senpi,kam,0,3
6122,kamvu'esenpi,kam-vu'e-senpi,vu'e,1,3
6123,kamvu'esenpi,kam-vu'e-senpi,senpi,2,3
6124,kamxagji,kam-xagji,kam,0,2
6125,kamxagji,kam-xagji,xagji,1,2
6126,kamxajmi,kam-xajmi,kam,0,2
6127,kamxajmi,kam-xajmi,xajmi,1,2
6128,kamxanri,kam-xanri,kam,0,2
6129,kamxanri,kam-xanri,xanri,1,2
6130,kamxu'e,kam-xu'e,kam,0,2
6131,kamxu'e,kam-xu'e,xu'e,1,2
6132,kamymaksi,kam-maksi,kam,0,2
6133,kamymaksi,kam-maksi,maksi,1,2
6134,kamnymi'o,kamn-mi'o,kamn,0,2
6135,kamnymi'o,kamn-mi'o,mi'o,1,2
6136,kamymle,kam-mle,kam,0,2
6137,kamymle,kam-mle,mle,1,2
6138,kamymo'i,kam-mo'i,kam,0,2
6139,kamymo'i,kam-mo'i,mo'i,1,2
6140,kamymre,kam-mre,kam,0,2
6141,kamymre,kam-mre,mre,1,2
6142,kamymu'o,kam-mu'o,kam,0,2
6143,kamymu'o,kam-mu'o,mu'o,1,2
6144,kamyzanfu'a,kam-zan-fu'a,kam,0,3
6145,kamyzanfu'a,kam-zan-fu'a,zan,1,3
6146,kamyzanfu'a,kam-zan-fu'a,fu'a,2,3
6147,kamyzi'e,kam-zi'e,kam,0,2
6148,kamyzi'e,kam-zi'e,zi'e,1,2
6149,kamyzilkancu,kam-zil-kancu,kam,0,3
6150,kamyzilkancu,kam-zil-kancu,zil,1,3
6151,kamyzilkancu,kam-zil-kancu,kancu,2,3
6152,kamyzunsnapoi,kam-zun-sna-poi,kam,0,4
6153,kamyzunsnapoi,kam-zun-sna-poi,zun,1,4
6154,kamyzunsnapoi,kam-zun-sna-poi,sna,2,4
6155,kamyzunsnapoi,kam-zun-sna-poi,poi,3,4
6156,kamyzva,kam-zva,kam,0,2
6157,kamyzva,kam-zva,zva,1,2
6158,kanbei,kan-bei,kan,0,2
6159,kanbei,kan-bei,bei,1,2
6160,kacygau,kac-gau,kac,0,2
6161,kacygau,kac-gau,gau,1,2
6162,kangu'a,kan-gu'a,kan,0,2
6163,kangu'a,kan-gu'a,gu'a,1,2
6164,kanjbe,kan-jbe,kan,0,2
6165,kanjbe,kan-jbe,jbe,1,2
6166,kankla,kan-kla,kan,0,2
6167,kankla,kan-kla,kla,1,2
6168,kackre,kac-kre,kac,0,2
6169,kackre,kac-kre,kre,1,2
6170,kanlai,kan-lai,kan,0,2
6171,kanlai,kan-lai,lai,1,2
6172,kanpo'e,kan-po'e,kan,0,2
6173,kanpo'e,kan-po'e,po'e,1,2
6174,kacri'a,kac-ri'a,kac,0,2
6175,kacri'a,kac-ri'a,ri'a,1,2
6176,kansai,kan-sai,kan,0,2
6177,kansai,kan-sai,sai,1,2
6178,kansi'u,kan-si'u,kan,0,2
6179,kansi'u,kan-si'u,si'u,1,2
6180,kanske,kan-ske,kan,0,2
6181,kanske,kan-ske,ske,1,2
6182,kanta'a,kan-ta'a,kan,0,2
6183,kanta'a,kan-ta'a,ta'a,1,2
6184,kanydju,kan-dju,kan,0,2
6185,kanydju,kan-dju,dju,1,2
6186,kanydzu,kan-dzu,kan,0,2
6187,kanydzu,kan-dzu,dzu,1,2
6188,kanzba,kan-zba,kan,0,2
6189,kanzba,kan-zba,zba,1,2
6190,kapke'a,kap-ke'a,kap,0,2
6191,kapke'a,kap-ke'a,ke'a,1,2
6192,kapkolsru,kap-kol-sru,kap,0,3
6193,kapkolsru,kap-kol-sru,kol,1,3
6194,kapkolsru,kap-kol-sru,sru,2,3
6195,kapsle,kap-sle,kap,0,2
6196,kapsle,kap-sle,sle,1,2
6197,kapxau,kap-xau,kap,0,2
6198,kapxau,kap-xau,xau,1,2
6199,kapxaugrasu,kap-xau-grasu,kap,0,3
6200,kapxaugrasu,kap-xau-grasu,xau,1,3
6201,kapxaugrasu,kap-xau-grasu,grasu,2,3
6202,kapyplita,kap-plita,kap,0,2
6203,kapyplita,kap-plita,plita,1,2
6204,karbai,kar-bai,kar,0,2
6205,karbai,kar-bai,bai,1,2
6206,karbi'o,kar-bi'o,kar,0,2
6207,karbi'o,kar-bi'o,bi'o,1,2
6208,karboi,kar-boi,kar,0,2
6209,karboi,kar-boi,boi,1,2
6210,karcycau,karc-cau,karc,0,2
6211,karcycau,karc-cau,cau,1,2
6212,karcydenmi,karc-denmi,karc,0,2
6213,karcydenmi,karc-denmi,denmi,1,2
6214,karcydju,karc-dju,karc,0,2
6215,karcydju,karc-dju,dju,1,2
6216,karcyfoi,karc-foi,karc,0,2
6217,karcyfoi,karc-foi,foi,1,2
6218,karcygi'a,karc-gi'a,karc,0,2
6219,karcygi'a,karc-gi'a,gi'a,1,2
6220,karcygri,karc-gri,karc,0,2
6221,karcygri,karc-gri,gri,1,2
6222,karcykla,karc-kla,karc,0,2
6223,karcykla,karc-kla,kla,1,2
6224,karcyli'u,karc-li'u,karc,0,2
6225,karcyli'u,karc-li'u,li'u,1,2
6226,karcylu'a,karc-lu'a,karc,0,2
6227,karcylu'a,karc-lu'a,lu'a,1,2
6228,karcymu'u,karc-mu'u,karc,0,2
6229,karcymu'u,karc-mu'u,mu'u,1,2
6230,karcymuvgau,karc-muv-gau,karc,0,3
6231,karcymuvgau,karc-muv-gau,muv,1,3
6232,karcymuvgau,karc-muv-gau,gau,2,3
6233,karcyne'i,karc-ne'i,karc,0,2
6234,karcyne'i,karc-ne'i,ne'i,1,2
6235,karcynunpo'u,karc-nun-po'u,karc,0,3
6236,karcynunpo'u,karc-nun-po'u,nun,1,3
6237,karcynunpo'u,karc-nun-po'u,po'u,2,3
6238,karcytro,karc-tro,karc,0,2
6239,karcytro,karc-tro,tro,1,2
6240,karcyvelyle'i,karc-vel-le'i,karc,0,3
6241,karcyvelyle'i,karc-vel-le'i,vel,1,3
6242,karcyvelyle'i,karc-vel-le'i,le'i,2,3
6243,karcyzda,karc-zda,karc,0,2
6244,karcyzda,karc-zda,zda,1,2
6245,kargau,kar-gau,kar,0,2
6246,kargau,kar-gau,gau,1,2
6247,karkemba'usle,kar-kem-ba'u-sle,kar,0,4
6248,karkemba'usle,kar-kem-ba'u-sle,kem,1,4
6249,karkemba'usle,kar-kem-ba'u-sle,ba'u,2,4
6250,karkemba'usle,kar-kem-ba'u-sle,sle,3,4
6251,karnypra,karn-pra,karn,0,2
6252,karnypra,karn-pra,pra,1,2
6253,karnysku,karn-sku,karn,0,2
6254,karnysku,karn-sku,sku,1,2
6255,karpo'i,kar-po'i,kar,0,2
6256,karpo'i,kar-po'i,po'i,1,2
6257,karsna,kar-sna,kar,0,2
6258,karsna,kar-sna,sna,1,2
6259,kartcu,kar-tcu,kar,0,2
6260,kartcu,kar-tcu,tcu,1,2
6261,karvro,kar-vro,kar,0,2
6262,karvro,kar-vro,vro,1,2
6263,karyri'a,kar-ri'a,kar,0,2
6264,karyri'a,kar-ri'a,ri'a,1,2
6265,karyri'agau,kar-ri'a-gau,kar,0,3
6266,karyri'agau,kar-ri'a-gau,ri'a,1,3
6267,karyri'agau,kar-ri'a-gau,gau,2,3
6268,kasfle,kas-fle,kas,0,2
6269,kasfle,kas-fle,fle,1,2
6270,kaskla,kas-kla,kas,0,2
6271,kaskla,kas-kla,kla,1,2
6272,kasklo,kas-klo,kas,0,2
6273,kasklo,kas-klo,klo,1,2
6274,kanpo'e,kan-po'e,kan,0,2
6275,kanpo'e,kan-po'e,po'e,1,2
6276,kasri'a,kas-ri'a,kas,0,2
6277,kasri'a,kas-ri'a,ri'a,1,2
6278,kasru'i,kas-ru'i,kas,0,2
6279,kasru'i,kas-ru'i,ru'i,1,2
6280,kanta'a,kan-ta'a,kan,0,2
6281,kanta'a,kan-ta'a,ta'a,1,2
6282,kastru,kas-tru,kas,0,2
6283,kastru,kas-tru,tru,1,2
6284,kanzutla'i,kan-zut-la'i,kan,0,3
6285,kanzutla'i,kan-zut-la'i,zut,1,3
6286,kanzutla'i,kan-zut-la'i,la'i,2,3
6287,kanbei,kan-bei,kan,0,2
6288,kanbei,kan-bei,bei,1,2
6289,kasycau,kas-cau,kas,0,2
6290,kasycau,kas-cau,cau,1,2
6291,kasydzu,kas-dzu,kas,0,2
6292,kasydzu,kas-dzu,dzu,1,2
6293,kasygau,kas-gau,kas,0,2
6294,kasygau,kas-gau,gau,1,2
6295,kasygri,kas-gri,kas,0,2
6296,kasygri,kas-gri,gri,1,2
6297,kasysu'a,kas-su'a,kas,0,2
6298,kasysu'a,kas-su'a,su'a,1,2
6299,katcinki,kat-cinki,kat,0,2
6300,katcinki,kat-cinki,cinki,1,2
6301,katcpi,kat-cpi,kat,0,2
6302,katcpi,kat-cpi,cpi,1,2
6303,katcpibra,kat-cpi-bra,kat,0,3
6304,katcpibra,kat-cpi-bra,cpi,1,3
6305,katcpibra,kat-cpi-bra,bra,2,3
6306,katmai,kat-mai,kat,0,2
6307,katmai,kat-mai,mai,1,2
6308,katstu,kat-stu,kat,0,2
6309,katstu,kat-stu,stu,1,2
6310,kaukra,kau-kra,kau,0,2
6311,kaukra,kau-kra,kra,1,2
6312,kaurpo'esi'opre,kau-po'e-si'o-pre,kau,0,4
6313,kaurpo'esi'opre,kau-po'e-si'o-pre,po'e,1,4
6314,kaurpo'esi'opre,kau-po'e-si'o-pre,si'o,2,4
6315,kaurpo'esi'opre,kau-po'e-si'o-pre,pre,3,4
6316,kavdra,kav-dra,kav,0,2
6317,kavdra,kav-dra,dra,1,2
6318,kavykri,kav-kri,kav,0,2
6319,kavykri,kav-kri,kri,1,2
6320,kavyte'i,kav-te'i,kav,0,2
6321,kavyte'i,kav-te'i,te'i,1,2
6322,kavyvi'u,kav-vi'u,kav,0,2
6323,kavyvi'u,kav-vi'u,vi'u,1,2
6324,kaxyjvavlina,kax-jva-vlina,kax,0,3
6325,kaxyjvavlina,kax-jva-vlina,jva,1,3
6326,kaxyjvavlina,kax-jva-vlina,vlina,2,3
6327,ke'acpi,ke'a-cpi,ke'a,0,2
6328,ke'acpi,ke'a-cpi,cpi,1,2
6329,kecycau,kec-cau,kec,0,2
6330,kecycau,kec-cau,cau,1,2
6331,keiblo,kei-blo,kei,0,2
6332,keiblo,kei-blo,blo,1,2
6333,keicko,kei-cko,kei,0,2
6334,keicko,kei-cko,cko,1,2
6335,keicre,kei-cre,kei,0,2
6336,keicre,kei-cre,cre,1,2
6337,keidri,kei-dri,kei,0,2
6338,keidri,kei-dri,dri,1,2
6339,keigri,kei-gri,kei,0,2
6340,keigri,kei-gri,gri,1,2
6341,keijva,kei-jva,kei,0,2
6342,keijva,kei-jva,jva,1,2
6343,keizdi,kei-zdi,kei,0,2
6344,keizdi,kei-zdi,zdi,1,2
6345,kelbe'e,kel-be'e,kel,0,2
6346,kelbe'e,kel-be'e,be'e,1,2
6347,kelci'e,kel-ci'e,kel,0,2
6348,kelci'e,kel-ci'e,ci'e,1,2
6349,kelkai,kel-kai,kel,0,2
6350,kelkai,kel-kai,kai,1,2
6351,kelkansa,kel-kansa,kel,0,2
6352,kelkansa,kel-kansa,kansa,1,2
6353,kelkarda,kel-karda,kel,0,2
6354,kelkarda,kel-karda,karda,1,2
6355,kelpi'e,kel-pi'e,kel,0,2
6356,kelpi'e,kel-pi'e,pi'e,1,2
6357,kelpoidraci,kel-poi-draci,kel,0,3
6358,kelpoidraci,kel-poi-draci,poi,1,3
6359,kelpoidraci,kel-poi-draci,draci,2,3
6360,kelsi'i,kel-si'i,kel,0,2
6361,kelsi'i,kel-si'i,si'i,1,2
6362,kelsnada,kel-snada,kel,0,2
6363,kelsnada,kel-snada,snada,1,2
6364,keltoi,kel-toi,kel,0,2
6365,keltoi,kel-toi,toi,1,2
6366,kelzu'e,kel-zu'e,kel,0,2
6367,kelzu'e,kel-zu'e,zu'e,1,2
6368,kercrida,ker-crida,ker,0,2
6369,kercrida,ker-crida,crida,1,2
6370,kercrori'a,ker-cro-ri'a,ker,0,3
6371,kercrori'a,ker-cro-ri'a,cro,1,3
6372,kercrori'a,ker-cro-ri'a,ri'a,2,3
6373,kerkla,ker-kla,ker,0,2
6374,kerkla,ker-kla,kla,1,2
6375,kertoi,ker-toi,ker,0,2
6376,kertoi,ker-toi,toi,1,2
6377,kesma'e,kes-ma'e,kes,0,2
6378,kesma'e,kes-ma'e,ma'e,1,2
6379,kesmai,kes-mai,kes,0,2
6380,kesmai,kes-mai,mai,1,2
6381,kestce,kes-tce,kes,0,2
6382,kestce,kes-tce,tce,1,2
6383,kespre,kes-pre,kes,0,2
6384,kespre,kes-pre,pre,1,2
6385,kevykakpa,kev-kakpa,kev,0,2
6386,kevykakpa,kev-kakpa,kakpa,1,2
6387,kevykalri,kev-kalri,kev,0,2
6388,kevykalri,kev-kalri,kalri,1,2
6389,kevykargau,kev-kar-gau,kev,0,3
6390,kevykargau,kev-kar-gau,kar,1,3
6391,kevykargau,kev-kar-gau,gau,2,3
6392,kevzda,kev-zda,kev,0,2
6393,kevzda,kev-zda,zda,1,2
6394,ki'irgau,ki'i-gau,ki'i,0,2
6395,ki'irgau,ki'i-gau,gau,1,2
6396,ki'ogra,ki'o-gra,ki'o,0,2
6397,ki'ogra,ki'o-gra,gra,1,2
6398,ki'orge'a,ki'o-ge'a,ki'o,0,2
6399,ki'orge'a,ki'o-ge'a,ge'a,1,2
6400,ki'orsamsrorau,ki'o-sam-sro-rau,ki'o,0,4
6401,ki'orsamsrorau,ki'o-sam-sro-rau,sam,1,4
6402,ki'orsamsrorau,ki'o-sam-sro-rau,sro,2,4
6403,ki'orsamsrorau,ki'o-sam-sro-rau,rau,3,4
6404,ki'ortupcurnu,ki'o-tup-curnu,ki'o,0,3
6405,ki'ortupcurnu,ki'o-tup-curnu,tup,1,3
6406,ki'ortupcurnu,ki'o-tup-curnu,curnu,2,3
6407,ki'otre,ki'o-tre,ki'o,0,2
6408,ki'otre,ki'o-tre,tre,1,2
6409,kicmilxykufra,kic-milx-kufra,kic,0,3
6410,kicmilxykufra,kic-milx-kufra,milx,1,3
6411,kicmilxykufra,kic-milx-kufra,kufra,2,3
6412,kijdru,kij-dru,kij,0,2
6413,kijdru,kij-dru,dru,1,2
6414,kijyspo,kij-spo,kij,0,2
6415,kijyspo,kij-spo,spo,1,2
6416,kikla'a,kik-la'a,kik,0,2
6417,kikla'a,kik-la'a,la'a,1,2
6418,kiktermifra,kik-ter-mifra,kik,0,3
6419,kiktermifra,kik-ter-mifra,ter,1,3
6420,kiktermifra,kik-ter-mifra,mifra,2,3
6421,kilbra,kil-bra,kil,0,2
6422,kilbra,kil-bra,bra,1,2
6423,kilcna,kil-cna,kil,0,2
6424,kilcna,kil-cna,cna,1,2
6425,kilga'a,kil-ga'a,kil,0,2
6426,kilga'a,kil-ga'a,ga'a,1,2
6427,kilga'axa'i,kil-ga'a-xa'i,kil,0,3
6428,kilga'axa'i,kil-ga'a-xa'i,ga'a,1,3
6429,kilga'axa'i,kil-ga'a-xa'i,xa'i,2,3
6430,kilmru,kil-mru,kil,0,2
6431,kilmru,kil-mru,mru,1,2
6432,kilpezli,kil-pezli,kil,0,2
6433,kilpezli,kil-pezli,pezli,1,2
6434,kinbei,kin-bei,kin,0,2
6435,kinbei,kin-bei,bei,1,2
6436,kindraci,kin-draci,kin,0,2
6437,kindraci,kin-draci,draci,1,2
6438,kinpau,kin-pau,kin,0,2
6439,kinpau,kin-pau,pau,1,2
6440,kinplapre,kin-pla-pre,kin,0,3
6441,kinplapre,kin-pla-pre,pla,1,3
6442,kinplapre,kin-pla-pre,pre,2,3
6443,kinski,kin-ski,kin,0,2
6444,kinski,kin-ski,ski,1,2
6445,kircpa,kir-cpa,kir,0,2
6446,kircpa,kir-cpa,cpa,1,2
6447,kirjerna,kir-jerna,kir,0,2
6448,kirjerna,kir-jerna,jerna,1,2
6449,kitmai,kit-mai,kit,0,2
6450,kitmai,kit-mai,mai,1,2
6451,kitybli,kit-bli,kit,0,2
6452,kitybli,kit-bli,bli,1,2
6453,kityzba,kit-zba,kit,0,2
6454,kityzba,kit-zba,zba,1,2
6455,kixsku,kix-sku,kix,0,2
6456,kixsku,kix-sku,sku,1,2
6457,kixycurnu,kix-curnu,kix,0,2
6458,kixycurnu,kix-curnu,curnu,1,2
6459,klabra,kla-bra,kla,0,2
6460,klabra,kla-bra,bra,1,2
6461,klacpare,kla-cpare,kla,0,2
6462,klacpare,kla-cpare,cpare,1,2
6463,klacpe,kla-cpe,kla,0,2
6464,klacpe,kla-cpe,cpe,1,2
6465,kladicra,kla-dicra,kla,0,2
6466,kladicra,kla-dicra,dicra,1,2
6467,kladji,kla-dji,kla,0,2
6468,kladji,kla-dji,dji,1,2
6469,klagau,kla-gau,kla,0,2
6470,klagau,kla-gau,gau,1,2
6471,klakansa,kla-kansa,kla,0,2
6472,klakansa,kla-kansa,kansa,1,2
6473,klali'e,kla-li'e,kla,0,2
6474,klali'e,kla-li'e,li'e,1,2
6475,klamau,kla-mau,kla,0,2
6476,klamau,kla-mau,mau,1,2
6477,klamo'u,kla-mo'u,kla,0,2
6478,klamo'u,kla-mo'u,mo'u,1,2
6479,klamu'o,kla-mu'o,kla,0,2
6480,klamu'o,kla-mu'o,mu'o,1,2
6481,klapailitce,kla-pai-litce,kla,0,3
6482,klapailitce,kla-pai-litce,pai,1,3
6483,klapailitce,kla-pai-litce,litce,2,3
6484,klari'a,kla-ri'a,kla,0,2
6485,klari'a,kla-ri'a,ri'a,1,2
6486,klasta,kla-sta,kla,0,2
6487,klasta,kla-sta,sta,1,2
6488,klasti,kla-sti,kla,0,2
6489,klasti,kla-sti,sti,1,2
6490,klastigau,kla-sti-gau,kla,0,3
6491,klastigau,kla-sti-gau,sti,1,3
6492,klastigau,kla-sti-gau,gau,2,3
6493,klato'i,kla-to'i,kla,0,2
6494,klato'i,kla-to'i,to'i,1,2
6495,klaxru,kla-xru,kla,0,2
6496,klaxru,kla-xru,xru,1,2
6497,klaze'a,kla-ze'a,kla,0,2
6498,klaze'a,kla-ze'a,ze'a,1,2
6499,klerafsi,kle-rafsi,kle,0,2
6500,klerafsi,kle-rafsi,rafsi,1,2
6501,kleri'a,kle-ri'a,kle,0,2
6502,kleri'a,kle-ri'a,ri'a,1,2
6503,klicai,kli-cai,kli,0,2
6504,klicai,kli-cai,cai,1,2
6505,klifi'e,kli-fi'e,kli,0,2
6506,klifi'e,kli-fi'e,fi'e,1,2
6507,kligau,kli-gau,kli,0,2
6508,kligau,kli-gau,gau,1,2
6509,klijmi,kli-jmi,kli,0,2
6510,klijmi,kli-jmi,jmi,1,2
6511,kliri'a,kli-ri'a,kli,0,2
6512,kliri'a,kli-ri'a,ri'a,1,2
6513,kliseljmi,kli-sel-jmi,kli,0,3
6514,kliseljmi,kli-sel-jmi,sel,1,3
6515,kliseljmi,kli-sel-jmi,jmi,2,3
6516,kliselzga,kli-sel-zga,kli,0,3
6517,kliselzga,kli-sel-zga,sel,1,3
6518,kliselzga,kli-sel-zga,zga,2,3
6519,klodikca,klo-dikca,klo,0,2
6520,klodikca,klo-dikca,dikca,1,2
6521,klofa'i,klo-fa'i,klo,0,2
6522,klofa'i,klo-fa'i,fa'i,1,2
6523,klogau,klo-gau,klo,0,2
6524,klogau,klo-gau,gau,1,2
6525,klogi'u,klo-gi'u,klo,0,2
6526,klogi'u,klo-gi'u,gi'u,1,2
6527,klokla,klo-kla,klo,0,2
6528,klokla,klo-kla,kla,1,2
6529,kloklu,klo-klu,klo,0,2
6530,kloklu,klo-klu,klu,1,2
6531,klolaigi'u,klo-lai-gi'u,klo,0,3
6532,klolaigi'u,klo-lai-gi'u,lai,1,3
6533,klolaigi'u,klo-lai-gi'u,gi'u,2,3
6534,klostu,klo-stu,klo,0,2
6535,klostu,klo-stu,stu,1,2
6536,klubandu,klu-bandu,klu,0,2
6537,klubandu,klu-bandu,bandu,1,2
6538,kludunselvli,klu-dun-sel-vli,klu,0,4
6539,kludunselvli,klu-dun-sel-vli,dun,1,4
6540,kludunselvli,klu-dun-sel-vli,sel,2,4
6541,kludunselvli,klu-dun-sel-vli,vli,3,4
6542,klulacri,klu-lacri,klu,0,2
6543,klulacri,klu-lacri,lacri,1,2
6544,klunu'i,klu-nu'i,klu,0,2
6545,klunu'i,klu-nu'i,nu'i,1,2
6546,klunulcai,klu-nul-cai,klu,0,3
6547,klunulcai,klu-nul-cai,nul,1,3
6548,klunulcai,klu-nul-cai,cai,2,3
6549,kluri'u,klu-ri'u,klu,0,2
6550,kluri'u,klu-ri'u,ri'u,1,2
6551,klurigni,klu-rigni,klu,0,2
6552,klurigni,klu-rigni,rigni,1,2
6553,kluske,klu-ske,klu,0,2
6554,kluske,klu-ske,ske,1,2
6555,klusku,klu-sku,klu,0,2
6556,klusku,klu-sku,sku,1,2
6557,klusni,klu-sni,klu,0,2
6558,klusni,klu-sni,sni,1,2
6559,klute'i,klu-te'i,klu,0,2
6560,klute'i,klu-te'i,te'i,1,2
6561,klute'isni,klu-te'i-sni,klu,0,3
6562,klute'isni,klu-te'i-sni,te'i,1,3
6563,klute'isni,klu-te'i-sni,sni,2,3
6564,kluzei,klu-zei,klu,0,2
6565,kluzei,klu-zei,zei,1,2
6566,kojgi'egi'a,koj-gi'e-gi'a,koj,0,3
6567,kojgi'egi'a,koj-gi'e-gi'a,gi'e,1,3
6568,kojgi'egi'a,koj-gi'e-gi'a,gi'a,2,3
6569,kojmru,koj-mru,koj,0,2
6570,kojmru,koj-mru,mru,1,2
6571,kojycando,koj-cando,koj,0,2
6572,kojycando,koj-cando,cando,1,2
6573,kojykackla,koj-kac-kla,koj,0,3
6574,kojykackla,koj-kac-kla,kac,1,3
6575,kojykackla,koj-kac-kla,kla,2,3
6576,koksoi,kok-soi,kok,0,2
6577,koksoi,kok-soi,soi,1,2
6578,kokykru,kok-kru,kok,0,2
6579,kokykru,kok-kru,kru,1,2
6580,komnicri'a,kom-nic-ri'a,kom,0,3
6581,komnicri'a,kom-nic-ri'a,nic,1,3
6582,komnicri'a,kom-nic-ri'a,ri'a,2,3
6583,komnicygau,kom-nic-gau,kom,0,3
6584,komnicygau,kom-nic-gau,nic,1,3
6585,komnicygau,kom-nic-gau,gau,2,3
6586,kompi'a,kom-pi'a,kom,0,2
6587,kompi'a,kom-pi'a,pi'a,1,2
6588,kompra,kom-pra,kom,0,2
6589,kompra,kom-pra,pra,1,2
6590,konclupa,kon-clupa,kon,0,2
6591,konclupa,kon-clupa,clupa,1,2
6592,konski,kon-ski,kon,0,2
6593,konski,kon-ski,ski,1,2
6594,konteiple,kon-tei-ple,kon,0,3
6595,konteiple,kon-tei-ple,tei,1,3
6596,konteiple,kon-tei-ple,ple,2,3
6597,korka'a,kor-ka'a,kor,0,2
6598,korka'a,kor-ka'a,ka'a,1,2
6599,kosycreka,kos-creka,kos,0,2
6600,kosycreka,kos-creka,creka,1,2
6601,kosycreka,kos-creka,kos,0,2
6602,kosycreka,kos-creka,creka,1,2
6603,kotnau,kot-nau,kot,0,2
6604,kotnau,kot-nau,nau,1,2
6605,kotydi'u,kot-di'u,kot,0,2
6606,kotydi'u,kot-di'u,di'u,1,2
6607,kotygu'e,kot-gu'e,kot,0,2
6608,kotygu'e,kot-gu'e,gu'e,1,2
6609,kotytcalojyzbabu,kot-tca-loj-zbabu,kot,0,4
6610,kotytcalojyzbabu,kot-tca-loj-zbabu,tca,1,4
6611,kotytcalojyzbabu,kot-tca-loj-zbabu,loj,2,4
6612,kotytcalojyzbabu,kot-tca-loj-zbabu,zbabu,3,4
6613,kracme,kra-cme,kra,0,2
6614,kracme,kra-cme,cme,1,2
6615,kraklaku,kra-klaku,kra,0,2
6616,kraklaku,kra-klaku,klaku,1,2
6617,krali'u,kra-li'u,kra,0,2
6618,krali'u,kra-li'u,li'u,1,2
6619,kranerkla,kra-ner-kla,kra,0,3
6620,kranerkla,kra-ner-kla,ner,1,3
6621,kranerkla,kra-ner-kla,kla,2,3
6622,krastu,kra-stu,kra,0,2
6623,krastu,kra-stu,stu,1,2
6624,kratentei,kra-ten-tei,kra,0,3
6625,kratentei,kra-ten-tei,ten,1,3
6626,kratentei,kra-ten-tei,tei,2,3
6627,kratertei,kra-ter-tei,kra,0,3
6628,kratertei,kra-ter-tei,ter,1,3
6629,kratertei,kra-ter-tei,tei,2,3
6630,kreblabi,kre-blabi,kre,0,2
6631,kreblabi,kre-blabi,blabi,1,2
6632,krecai,kre-cai,kre,0,2
6633,krecai,kre-cai,cai,1,2
6634,krecpa,kre-cpa,kre,0,2
6635,krecpa,kre-cpa,cpa,1,2
6636,kreka'a,kre-ka'a,kre,0,2
6637,kreka'a,kre-ka'a,ka'a,1,2
6638,kreska,kre-ska,kre,0,2
6639,kreska,kre-ska,ska,1,2
6640,kreski,kre-ski,kre,0,2
6641,kreski,kre-ski,ski,1,2
6642,kresku,kre-sku,kre,0,2
6643,kresku,kre-sku,sku,1,2
6644,kretancko,kre-tan-cko,kre,0,3
6645,kretancko,kre-tan-cko,tan,1,3
6646,kretancko,kre-tan-cko,cko,2,3
6647,kribri,kri-bri,kri,0,2
6648,kribri,kri-bri,bri,1,2
6649,kridukti,kri-dukti,kri,0,2
6650,kridukti,kri-dukti,dukti,1,2
6651,krigau,kri-gau,kri,0,2
6652,krigau,kri-gau,gau,1,2
6653,kriju'o,kri-ju'o,kri,0,2
6654,kriju'o,kri-ju'o,ju'o,1,2
6655,krina'e,kri-na'e,kri,0,2
6656,krina'e,kri-na'e,na'e,1,2
6657,kripli,kri-pli,kri,0,2
6658,kripli,kri-pli,pli,1,2
6659,kriru'a,kri-ru'a,kri,0,2
6660,kriru'a,kri-ru'a,ru'a,1,2
6661,kriselcatra,kri-sel-catra,kri,0,3
6662,kriselcatra,kri-sel-catra,sel,1,3
6663,kriselcatra,kri-sel-catra,catra,2,3
6664,kriselsku,kri-sel-sku,kri,0,3
6665,kriselsku,kri-sel-sku,sel,1,3
6666,kriselsku,kri-sel-sku,sku,2,3
6667,kriska,kri-ska,kri,0,2
6668,kriska,kri-ska,ska,1,2
6669,krisna,kri-sna,kri,0,2
6670,krisna,kri-sna,sna,1,2
6671,krista,kri-sta,kri,0,2
6672,krista,kri-sta,sta,1,2
6673,kristi,kri-sti,kri,0,2
6674,kristi,kri-sti,sti,1,2
6675,kristo,kri-sto,kri,0,2
6676,kristo,kri-sto,sto,1,2
6677,kroce'a,kro-ce'a,kro,0,2
6678,kroce'a,kro-ce'a,ce'a,1,2
6679,krogarna,kro-garna,kro,0,2
6680,krogarna,kro-garna,garna,1,2
6681,krori'a,kro-ri'a,kro,0,2
6682,krori'a,kro-ri'a,ri'a,1,2
6683,kroterjo'e,kro-ter-jo'e,kro,0,3
6684,kroterjo'e,kro-ter-jo'e,ter,1,3
6685,kroterjo'e,kro-ter-jo'e,jo'e,2,3
6686,kroxadjbi,kro-xad-jbi,kro,0,3
6687,kroxadjbi,kro-xad-jbi,xad,1,3
6688,kroxadjbi,kro-xad-jbi,jbi,2,3
6689,krudakyxa'i,kru-dak-xa'i,kru,0,3
6690,krudakyxa'i,kru-dak-xa'i,dak,1,3
6691,krudakyxa'i,kru-dak-xa'i,xa'i,2,3
6692,krukai,kru-kai,kru,0,2
6693,krukai,kru-kai,kai,1,2
6694,ku'unratcu,ku'u-ratcu,ku'u,0,2
6695,ku'unratcu,ku'u-ratcu,ratcu,1,2
6696,ku'ursmacu,ku'u-smacu,ku'u,0,2
6697,ku'ursmacu,ku'u-smacu,smacu,1,2
6698,kublai,kub-lai,kub,0,2
6699,kublai,kub-lai,lai,1,2
6700,kubmekyble,kub-mek-ble,kub,0,3
6701,kubmekyble,kub-mek-ble,mek,1,3
6702,kubmekyble,kub-mek-ble,ble,2,3
6703,kubybli,kub-bli,kub,0,2
6704,kubybli,kub-bli,bli,1,2
6705,kubycra,kub-cra,kub,0,2
6706,kubycra,kub-cra,cra,1,2
6707,kucyga'a,kuc-ga'a,kuc,0,2
6708,kucyga'a,kuc-ga'a,ga'a,1,2
6709,kufydukti,kuf-dukti,kuf,0,2
6710,kufydukti,kuf-dukti,dukti,1,2
6711,kufygau,kuf-gau,kuf,0,2
6712,kufygau,kuf-gau,gau,1,2
6713,kujmikce,kuj-mikce,kuj,0,2
6714,kujmikce,kuj-mikce,mikce,1,2
6715,kujru'i,kuj-ru'i,kuj,0,2
6716,kujru'i,kuj-ru'i,ru'i,1,2
6717,kujycau,kuj-cau,kuj,0,2
6718,kujycau,kuj-cau,cau,1,2
6719,kukrai,kuk-rai,kuk,0,2
6720,kukrai,kuk-rai,rai,1,2
6721,kukraitcati,kuk-rai-tcati,kuk,0,3
6722,kukraitcati,kuk-rai-tcati,rai,1,3
6723,kukraitcati,kuk-rai-tcati,tcati,2,3
6724,kuktce,kuk-tce,kuk,0,2
6725,kuktce,kuk-tce,tce,1,2
6726,kukydamfle,kuk-dam-fle,kuk,0,3
6727,kukydamfle,kuk-dam-fle,dam,1,3
6728,kukydamfle,kuk-dam-fle,fle,2,3
6729,kukydja,kuk-dja,kuk,0,2
6730,kukydja,kuk-dja,dja,1,2
6731,kulcipra,kul-cipra,kul,0,2
6732,kulcipra,kul-cipra,cipra,1,2
6733,kulgrudjo,kul-gru-djo,kul,0,3
6734,kulgrudjo,kul-gru-djo,gru,1,3
6735,kulgrudjo,kul-gru-djo,djo,2,3
6736,kulnunpe'i,kul-nun-pe'i,kul,0,3
6737,kulnunpe'i,kul-nun-pe'i,nun,1,3
6738,kulnunpe'i,kul-nun-pe'i,pe'i,2,3
6739,kulpikta,kul-pikta,kul,0,2
6740,kulpikta,kul-pikta,pikta,1,2
6741,kulpre,kul-pre,kul,0,2
6742,kulpre,kul-pre,pre,1,2
6743,kultadni,kul-tadni,kul,0,2
6744,kultadni,kul-tadni,tadni,1,2
6745,kultsi,kul-tsi,kul,0,2
6746,kultsi,kul-tsi,tsi,1,2
6747,kulxli,kul-xli,kul,0,2
6748,kulxli,kul-xli,xli,1,2
6749,kulzva,kul-zva,kul,0,2
6750,kulzva,kul-zva,zva,1,2
6751,kumfau,kum-fau,kum,0,2
6752,kumfau,kum-fau,fau,1,2
6753,kunbri,kun-bri,kun,0,2
6754,kunbri,kun-bri,bri,1,2
6755,kuncpastu,kun-cpa-stu,kun,0,3
6756,kuncpastu,kun-cpa-stu,cpa,1,3
6757,kuncpastu,kun-cpa-stu,stu,2,3
6758,kunkra,kun-kra,kun,0,2
6759,kunkra,kun-kra,kra,1,2
6760,kunske,kun-ske,kun,0,2
6761,kunske,kun-ske,ske,1,2
6762,kupcko,kup-cko,kup,0,2
6763,kupcko,kup-cko,cko,1,2
6764,kupka'u,kup-ka'u,kup,0,2
6765,kupka'u,kup-ka'u,ka'u,1,2
6766,kupkla,kup-kla,kup,0,2
6767,kupkla,kup-kla,kla,1,2
6768,kuptedboi,kup-ted-boi,kup,0,3
6769,kuptedboi,kup-ted-boi,ted,1,3
6770,kuptedboi,kup-ted-boi,boi,2,3
6771,kuptedjivbu,kup-ted-jivbu,kup,0,3
6772,kuptedjivbu,kup-ted-jivbu,ted,1,3
6773,kuptedjivbu,kup-ted-jivbu,jivbu,2,3
6774,kurmanydji,kur-man-dji,kur,0,3
6775,kurmanydji,kur-man-dji,man,1,3
6776,kurmanydji,kur-man-dji,dji,2,3
6777,kurmikce,kur-mikce,kur,0,2
6778,kurmikce,kur-mikce,mikce,1,2
6779,kurtre,kur-tre,kur,0,2
6780,kurtre,kur-tre,tre,1,2
6781,kurtsi,kur-tsi,kur,0,2
6782,kurtsi,kur-tsi,tsi,1,2
6783,kusyja'a,kus-ja'a,kus,0,2
6784,kusyja'a,kus-ja'a,ja'a,1,2
6785,kusyvli,kus-vli,kus,0,2
6786,kusyvli,kus-vli,vli,1,2
6787,kutclu,kut-clu,kut,0,2
6788,kutclu,kut-clu,clu,1,2
6789,kutklaji,kut-klaji,kut,0,2
6790,kutklaji,kut-klaji,klaji,1,2
6791,kutmu'e,kut-mu'e,kut,0,2
6792,kutmu'e,kut-mu'e,mu'e,1,2
6793,kutsmu,kut-smu,kut,0,2
6794,kutsmu,kut-smu,smu,1,2
6795,kutstu,kut-stu,kut,0,2
6796,kutstu,kut-stu,stu,1,2
6797,la'agle,la'a-gle,la'a,0,2
6798,la'agle,la'a-gle,gle,1,2
6799,la'arjai,la'a-jai,la'a,0,2
6800,la'arjai,la'a-jai,jai,1,2
6801,la'arjai,la'a-jai,la'a,0,2
6802,la'arjai,la'a-jai,jai,1,2
6803,la'avla,la'a-vla,la'a,0,2
6804,la'avla,la'a-vla,vla,1,2
6805,la'enrai,la'e-rai,la'e,0,2
6806,la'enrai,la'e-rai,rai,1,2
6807,la'enri'a,la'e-ri'a,la'e,0,2
6808,la'enri'a,la'e-ri'a,ri'a,1,2
6809,la'erpai,la'e-pai,la'e,0,2
6810,la'erpai,la'e-pai,pai,1,2
6811,la'orbau,la'o-bau,la'o,0,2
6812,la'orbau,la'o-bau,bau,1,2
6813,la'orla'o,la'o-la'o,la'o,0,2
6814,la'orla'o,la'o-la'o,la'o,1,2
6815,la'orle'u,la'o-le'u,la'o,0,2
6816,la'orle'u,la'o-le'u,le'u,1,2
6817,la'ornai,la'o-nai,la'o,0,2
6818,la'ornai,la'o-nai,nai,1,2
6819,labgau,lab-gau,lab,0,2
6820,labgau,lab-gau,gau,1,2
6821,labla'u,lab-la'u,lab,0,2
6822,labla'u,lab-la'u,la'u,1,2
6823,lablabno,lab-labno,lab,0,2
6824,lablabno,lab-labno,labno,1,2
6825,labnygrijalra,labn-gri-jalra,labn,0,3
6826,labnygrijalra,labn-gri-jalra,gri,1,3
6827,labnygrijalra,labn-gri-jalra,jalra,2,3
6828,labnyjalra,labn-jalra,labn,0,2
6829,labnyjalra,labn-jalra,jalra,1,2
6830,labnypi'ejalra,labn-pi'e-jalra,labn,0,3
6831,labnypi'ejalra,labn-pi'e-jalra,pi'e,1,3
6832,labnypi'ejalra,labn-pi'e-jalra,jalra,2,3
6833,labypre,lab-pre,lab,0,2
6834,labypre,lab-pre,pre,1,2
6835,labyxe'i,lab-xe'i,lab,0,2
6836,labyxe'i,lab-xe'i,xe'i,1,2
6837,labyxu'e,lab-xu'e,lab,0,2
6838,labyxu'e,lab-xu'e,xu'e,1,2
6839,lactcica,lac-tcica,lac,0,2
6840,lactcica,lac-tcica,tcica,1,2
6841,lactcicygau,lac-tcic-gau,lac,0,3
6842,lactcicygau,lac-tcic-gau,tcic,1,3
6843,lactcicygau,lac-tcic-gau,gau,2,3
6844,lactcica,lac-tcica,lac,0,2
6845,lactcica,lac-tcica,tcica,1,2
6846,laurba'u,lau-ba'u,lau,0,2
6847,laurba'u,lau-ba'u,ba'u,1,2
6848,laurbi'o,lau-bi'o,lau,0,2
6849,laurbi'o,lau-bi'o,bi'o,1,2
6850,ladmatne,lad-matne,lad,0,2
6851,ladmatne,lad-matne,matne,1,2
6852,lauzma,lau-zma,lau,0,2
6853,lauzma,lau-zma,zma,1,2
6854,ladyckafi,lad-ckafi,lad,0,2
6855,ladyckafi,lad-ckafi,ckafi,1,2
6856,laurckasu,lau-ckasu,lau,0,2
6857,laurckasu,lau-ckasu,ckasu,1,2
6858,ladydu'a,lad-du'a,lad,0,2
6859,ladydu'a,lad-du'a,du'a,1,2
6860,ladyfaigau,lad-fai-gau,lad,0,3
6861,ladyfaigau,lad-fai-gau,fai,1,3
6862,ladyfaigau,lad-fai-gau,gau,2,3
6863,lafcpa,laf-cpa,laf,0,2
6864,lafcpa,laf-cpa,cpa,1,2
6865,lafmu'u,laf-mu'u,laf,0,2
6866,lafmu'u,laf-mu'u,mu'u,1,2
6867,lafmuvgau,laf-muv-gau,laf,0,3
6868,lafmuvgau,laf-muv-gau,muv,1,3
6869,lafmuvgau,laf-muv-gau,gau,2,3
6870,lafygau,laf-gau,laf,0,2
6871,lafygau,laf-gau,gau,1,2
6872,laible,lai-ble,lai,0,2
6873,laible,lai-ble,ble,1,2
6874,lairdu'i,lai-du'i,lai,0,2
6875,lairdu'i,lai-du'i,du'i,1,2
6876,lairpai,lai-pai,lai,0,2
6877,lairpai,lai-pai,pai,1,2
6878,lairtrera'i,lai-tre-ra'i,lai,0,3
6879,lairtrera'i,lai-tre-ra'i,tre,1,3
6880,lairtrera'i,lai-tre-ra'i,ra'i,2,3
6881,laisne,lai-sne,lai,0,2
6882,laisne,lai-sne,sne,1,2
6883,lairlitce,lai-litce,lai,0,2
6884,lairlitce,lai-litce,litce,1,2
6885,laivla,lai-vla,lai,0,2
6886,laivla,lai-vla,vla,1,2
6887,lajge'u,laj-ge'u,laj,0,2
6888,lajge'u,laj-ge'u,ge'u,1,2
6889,lajragve,laj-ragve,laj,0,2
6890,lajragve,laj-ragve,ragve,1,2
6891,lajre'e,laj-re'e,laj,0,2
6892,lajre'e,laj-re'e,re'e,1,2
6893,lakmonselbu'u,lak-mon-sel-bu'u,lak,0,4
6894,lakmonselbu'u,lak-mon-sel-bu'u,mon,1,4
6895,lakmonselbu'u,lak-mon-sel-bu'u,sel,2,4
6896,lakmonselbu'u,lak-mon-sel-bu'u,bu'u,3,4
6897,laktergu'i,lak-ter-gu'i,lak,0,3
6898,laktergu'i,lak-ter-gu'i,ter,1,3
6899,laktergu'i,lak-ter-gu'i,gu'i,2,3
6900,lakyga'a,lak-ga'a,lak,0,2
6901,lakyga'a,lak-ga'a,ga'a,1,2
6902,lalcta,lal-cta,lal,0,2
6903,lalcta,lal-cta,cta,1,2
6904,lalro'a,lal-ro'a,lal,0,2
6905,lalro'a,lal-ro'a,ro'a,1,2
6906,lambavdegji,lam-bav-degji,lam,0,3
6907,lambavdegji,lam-bav-degji,bav,1,3
6908,lambavdegji,lam-bav-degji,degji,2,3
6909,lambalvi,lam-balvi,lam,0,2
6910,lambalvi,lam-balvi,balvi,1,2
6911,lambavdei,lam-bav-dei,lam,0,3
6912,lambavdei,lam-bav-dei,bav,1,3
6913,lambavdei,lam-bav-dei,dei,2,3
6914,lamgau,lam-gau,lam,0,2
6915,lamgau,lam-gau,gau,1,2
6916,lamjeftu,lam-jeftu,lam,0,2
6917,lamjeftu,lam-jeftu,jeftu,1,2
6918,lampru,lam-pru,lam,0,2
6919,lampru,lam-pru,pru,1,2
6920,lamprudei,lam-pru-dei,lam,0,3
6921,lamprudei,lam-pru-dei,pru,1,3
6922,lamprudei,lam-pru-dei,dei,2,3
6923,lamprujeftu,lam-pru-jeftu,lam,0,3
6924,lamprujeftu,lam-pru-jeftu,pru,1,3
6925,lamprujeftu,lam-pru-jeftu,jeftu,2,3
6926,lamxa'u,lam-xa'u,lam,0,2
6927,lamxa'u,lam-xa'u,xa'u,1,2
6928,lamxa'upre,lam-xa'u-pre,lam,0,3
6929,lamxa'upre,lam-xa'u-pre,xa'u,1,3
6930,lamxa'upre,lam-xa'u-pre,pre,2,3
6931,lancai,lan-cai,lan,0,2
6932,lancai,lan-cai,cai,1,2
6933,langaugre,lan-gau-gre,lan,0,3
6934,langaugre,lan-gau-gre,gau,1,3
6935,langaugre,lan-gau-gre,gre,2,3
6936,lanku'i,lan-ku'i,lan,0,2
6937,lanku'i,lan-ku'i,ku'i,1,2
6938,lanmai,lan-mai,lan,0,2
6939,lanmai,lan-mai,mai,1,2
6940,lanskapi,lan-skapi,lan,0,2
6941,lanskapi,lan-skapi,skapi,1,2
6942,lantra,lan-tra,lan,0,2
6943,lantra,lan-tra,tra,1,2
6944,lantro,lan-tro,lan,0,2
6945,lantro,lan-tro,tro,1,2
6946,larcrida,lar-crida,lar,0,2
6947,larcrida,lar-crida,crida,1,2
6948,lardai,lar-dai,lar,0,2
6949,lardai,lar-dai,dai,1,2
6950,larfi'i,lar-fi'i,lar,0,2
6951,larfi'i,lar-fi'i,fi'i,1,2
6952,larja'ostu,lar-ja'o-stu,lar,0,3
6953,larja'ostu,lar-ja'o-stu,ja'o,1,3
6954,larja'ostu,lar-ja'o-stu,stu,2,3
6955,larjdixau,lar-jdi-xau,lar,0,3
6956,larjdixau,lar-jdi-xau,jdi,1,3
6957,larjdixau,lar-jdi-xau,xau,2,3
6958,larjdixla,lar-jdi-xla,lar,0,3
6959,larjdixla,lar-jdi-xla,jdi,1,3
6960,larjdixla,lar-jdi-xla,xla,2,3
6961,larku'a,lar-ku'a,lar,0,2
6962,larku'a,lar-ku'a,ku'a,1,2
6963,larmuzga,lar-muzga,lar,0,2
6964,larmuzga,lar-muzga,muzga,1,2
6965,larnuntoi,lar-nun-toi,lar,0,3
6966,larnuntoi,lar-nun-toi,nun,1,3
6967,larnuntoi,lar-nun-toi,toi,2,3
6968,larpra,lar-pra,lar,0,2
6969,larpra,lar-pra,pra,1,2
6970,larskivla,lar-ski-vla,lar,0,3
6971,larskivla,lar-ski-vla,ski,1,3
6972,larskivla,lar-ski-vla,vla,2,3
6973,larsku,lar-sku,lar,0,2
6974,larsku,lar-sku,sku,1,2
6975,larspu,lar-spu,lar,0,2
6976,larspu,lar-spu,spu,1,2
6977,larvla,lar-vla,lar,0,2
6978,larvla,lar-vla,vla,1,2
6979,larvli,lar-vli,lar,0,2
6980,larvli,lar-vli,vli,1,2
6981,larxau,lar-xau,lar,0,2
6982,larxau,lar-xau,xau,1,2
6983,larzai,lar-zai,lar,0,2
6984,larzai,lar-zai,zai,1,2
6985,lasysilka,las-silka,las,0,2
6986,lasysilka,las-silka,silka,1,2
6987,latcribe,lat-cribe,lat,0,2
6988,latcribe,lat-cribe,cribe,1,2
6989,latpre,lat-pre,lat,0,2
6990,latpre,lat-pre,pre,1,2
6991,latxu'a,lat-xu'a,lat,0,2
6992,latxu'a,lat-xu'a,xu'a,1,2
6993,latyblo,lat-blo,lat,0,2
6994,latyblo,lat-blo,blo,1,2
6995,latysedycpi,lat-sed-cpi,lat,0,3
6996,latysedycpi,lat-sed-cpi,sed,1,3
6997,latysedycpi,lat-sed-cpi,cpi,2,3
6998,laucmo,lau-cmo,lau,0,2
6999,laucmo,lau-cmo,cmo,1,2
7000,laurba'u,lau-ba'u,lau,0,2
7001,laurba'u,lau-ba'u,ba'u,1,2
7002,laurba'u,lau-ba'u,lau,0,2
7003,laurba'u,lau-ba'u,ba'u,1,2
7004,laurbi'o,lau-bi'o,lau,0,2
7005,laurbi'o,lau-bi'o,bi'o,1,2
7006,laurckasu,lau-ckasu,lau,0,2
7007,laurckasu,lau-ckasu,ckasu,1,2
7008,laurgau,lau-gau,lau,0,2
7009,laurgau,lau-gau,gau,1,2
7010,laurgauca'a,lau-gau-ca'a,lau,0,3
7011,laurgauca'a,lau-gau-ca'a,gau,1,3
7012,laurgauca'a,lau-gau-ca'a,ca'a,2,3
7013,laurki'a,lau-ki'a,lau,0,2
7014,laurki'a,lau-ki'a,ki'a,1,2
7015,laurxajmi,lau-xajmi,lau,0,2
7016,laurxajmi,lau-xajmi,xajmi,1,2
7017,laurxampre,lau-xam-pre,lau,0,3
7018,laurxampre,lau-xam-pre,xam,1,3
7019,laurxampre,lau-xam-pre,pre,2,3
7020,lausku,lau-sku,lau,0,2
7021,lausku,lau-sku,sku,1,2
7022,lauzma,lau-zma,lau,0,2
7023,lauzma,lau-zma,zma,1,2
7024,lazbu'a,laz-bu'a,laz,0,2
7025,lazbu'a,laz-bu'a,bu'a,1,2
7026,lazgei,laz-gei,laz,0,2
7027,lazgei,laz-gei,gei,1,2
7028,lazme'e,laz-me'e,laz,0,2
7029,lazme'e,laz-me'e,me'e,1,2
7030,lazmi'u,laz-mi'u,laz,0,2
7031,lazmi'u,laz-mi'u,mi'u,1,2
7032,lazycmi,laz-cmi,laz,0,2
7033,lazycmi,laz-cmi,cmi,1,2
7034,lazypre,laz-pre,laz,0,2
7035,lazypre,laz-pre,pre,1,2
7036,lazyxa'u,laz-xa'u,laz,0,2
7037,lazyxa'u,laz-xa'u,xa'u,1,2
7038,lazyzda,laz-zda,laz,0,2
7039,lazyzda,laz-zda,zda,1,2
7040,le'ixlu,le'i-xlu,le'i,0,2
7041,le'ixlu,le'i-xlu,xlu,1,2
7042,lebjdi,leb-jdi,leb,0,2
7043,lebjdi,leb-jdi,jdi,1,2
7044,lebri'a,leb-ri'a,leb,0,2
7045,lebri'a,leb-ri'a,ri'a,1,2
7046,lebvla,leb-vla,leb,0,2
7047,lebvla,leb-vla,vla,1,2
7048,lebvlaste,leb-vla-ste,leb,0,3
7049,lebvlaste,leb-vla-ste,vla,1,3
7050,lebvlaste,leb-vla-ste,ste,2,3
7051,lebvle,leb-vle,leb,0,2
7052,lebvle,leb-vle,vle,1,2
7053,lebyka'e,leb-ka'e,leb,0,2
7054,lebyka'e,leb-ka'e,ka'e,1,2
7055,lecpi'a,lec-pi'a,lec,0,2
7056,lecpi'a,lec-pi'a,pi'a,1,2
7057,lecpi'i,lec-pi'i,lec,0,2
7058,lecpi'i,lec-pi'i,pi'i,1,2
7059,lecydo'i,lec-do'i,lec,0,2
7060,lecydo'i,lec-do'i,do'i,1,2
7061,lecysoltei,lec-sol-tei,lec,0,3
7062,lecysoltei,lec-sol-tei,sol,1,3
7063,lecysoltei,lec-sol-tei,tei,2,3
7064,ledgrute,led-grute,led,0,2
7065,ledgrute,led-grute,grute,1,2
7066,leidja,lei-dja,lei,0,2
7067,leidja,lei-dja,dja,1,2
7068,leivla,lei-vla,lei,0,2
7069,leivla,lei-vla,vla,1,2
7070,lejbai,lej-bai,lej,0,2
7071,lejbai,lej-bai,bai,1,2
7072,lejnei,lej-nei,lej,0,2
7073,lejnei,lej-nei,nei,1,2
7074,lejycau,lej-cau,lej,0,2
7075,lejycau,lej-cau,cau,1,2
7076,lejykarce,lej-karce,lej,0,2
7077,lejykarce,lej-karce,karce,1,2
7078,lejyselmu'i,lej-sel-mu'i,lej,0,3
7079,lejyselmu'i,lej-sel-mu'i,sel,1,3
7080,lejyselmu'i,lej-sel-mu'i,mu'i,2,3
7081,lekcai,lek-cai,lek,0,2
7082,lekcai,lek-cai,cai,1,2
7083,lekfri,lek-fri,lek,0,2
7084,lekfri,lek-fri,fri,1,2
7085,lekmau,lek-mau,lek,0,2
7086,lekmau,lek-mau,mau,1,2
7087,lekmi'i,lek-mi'i,lek,0,2
7088,lekmi'i,lek-mi'i,mi'i,1,2
7089,lekne'i,lek-ne'i,lek,0,2
7090,lekne'i,lek-ne'i,ne'i,1,2
7091,lekrikmi'i,lek-rik-mi'i,lek,0,3
7092,lekrikmi'i,lek-rik-mi'i,rik,1,3
7093,lekrikmi'i,lek-rik-mi'i,mi'i,2,3
7094,lekro'i,lek-ro'i,lek,0,2
7095,lekro'i,lek-ro'i,ro'i,1,2
7096,lekselta'e,lek-sel-ta'e,lek,0,3
7097,lekselta'e,lek-sel-ta'e,sel,1,3
7098,lekselta'e,lek-sel-ta'e,ta'e,2,3
7099,lekta'e,lek-ta'e,lek,0,2
7100,lekta'e,lek-ta'e,ta'e,1,2
7101,lekydu'e,lek-du'e,lek,0,2
7102,lekydu'e,lek-du'e,du'e,1,2
7103,lempre,lem-pre,lem,0,2
7104,lempre,lem-pre,pre,1,2
7105,lemste,lem-ste,lem,0,2
7106,lemste,lem-ste,ste,1,2
7107,lenga'o,len-ga'o,len,0,2
7108,lenga'o,len-ga'o,ga'o,1,2
7109,lenpli,len-pli,len,0,2
7110,lenpli,len-pli,pli,1,2
7111,lenste,len-ste,len,0,2
7112,lenste,len-ste,ste,1,2
7113,lensto,len-sto,len,0,2
7114,lensto,len-sto,sto,1,2
7115,lerbatke,ler-batke,ler,0,2
7116,lerbatke,ler-batke,batke,1,2
7117,lercu'aca'a,ler-cu'a-ca'a,ler,0,3
7118,lercu'aca'a,ler-cu'a-ca'a,cu'a,1,3
7119,lercu'aca'a,ler-cu'a-ca'a,ca'a,2,3
7120,lerli'i,ler-li'i,ler,0,2
7121,lerli'i,ler-li'i,li'i,1,2
7122,lerpoi,ler-poi,ler,0,2
7123,lerpoi,ler-poi,poi,1,2
7124,lersri,ler-sri,ler,0,2
7125,lersri,ler-sri,sri,1,2
7126,lerste,ler-ste,ler,0,2
7127,lerste,ler-ste,ste,1,2
7128,li'avro,li'a-vro,li'a,0,2
7129,li'avro,li'a-vro,vro,1,2
7130,li'erbe'a,li'e-be'a,li'e,0,2
7131,li'erbe'a,li'e-be'a,be'a,1,2
7132,li'ekla,li'e-kla,li'e,0,2
7133,li'ekla,li'e-kla,kla,1,2
7134,li'erbe'a,li'e-be'a,li'e,0,2
7135,li'erbe'a,li'e-be'a,be'a,1,2
7136,li'erbu'a,li'e-bu'a,li'e,0,2
7137,li'erbu'a,li'e-bu'a,bu'a,1,2
7138,li'ergenja,li'e-genja,li'e,0,2
7139,li'ergenja,li'e-genja,genja,1,2
7140,li'ezgi,li'e-zgi,li'e,0,2
7141,li'ezgi,li'e-zgi,zgi,1,2
7142,li'urdakli,li'u-dakli,li'u,0,2
7143,li'urdakli,li'u-dakli,dakli,1,2
7144,lidbi'e,lid-bi'e,lid,0,2
7145,lidbi'e,lid-bi'e,bi'e,1,2
7146,lidri'a,lid-ri'a,lid,0,2
7147,lidri'a,lid-ri'a,ri'a,1,2
7148,lidvru,lid-vru,lid,0,2
7149,lidvru,lid-vru,vru,1,2
7150,lidycei,lid-cei,lid,0,2
7151,lidycei,lid-cei,cei,1,2
7152,lidyclu,lid-clu,lid,0,2
7153,lidyclu,lid-clu,clu,1,2
7154,lidba'u,lid-ba'u,lid,0,2
7155,lidba'u,lid-ba'u,ba'u,1,2
7156,ligyrasygai,lig-ras-gai,lig,0,3
7157,ligyrasygai,lig-ras-gai,ras,1,3
7158,ligyrasygai,lig-ras-gai,gai,2,3
7159,lijgri,lij-gri,lij,0,2
7160,lijgri,lij-gri,gri,1,2
7161,lijvelsku,lij-vel-sku,lij,0,3
7162,lijvelsku,lij-vel-sku,vel,1,3
7163,lijvelsku,lij-vel-sku,sku,2,3
7164,lijyfa'o,lij-fa'o,lij,0,2
7165,lijyfa'o,lij-fa'o,fa'o,1,2
7166,lijyselni'a,lij-sel-ni'a,lij,0,3
7167,lijyselni'a,lij-sel-ni'a,sel,1,3
7168,lijyselni'a,lij-sel-ni'a,ni'a,2,3
7169,likseldekpu,lik-sel-dekpu,lik,0,3
7170,likseldekpu,lik-sel-dekpu,sel,1,3
7171,likseldekpu,lik-sel-dekpu,dekpu,2,3
7172,likybi'o,lik-bi'o,lik,0,2
7173,likybi'o,lik-bi'o,bi'o,1,2
7174,likygau,lik-gau,lik,0,2
7175,likygau,lik-gau,gau,1,2
7176,limdji,lim-dji,lim,0,2
7177,limdji,lim-dji,dji,1,2
7178,limjvefipnunpe'u,lim-jve-fip-nun-pe'u,lim,0,5
7179,limjvefipnunpe'u,lim-jve-fip-nun-pe'u,jve,1,5
7180,limjvefipnunpe'u,lim-jve-fip-nun-pe'u,fip,2,5
7181,limjvefipnunpe'u,lim-jve-fip-nun-pe'u,nun,3,5
7182,limjvefipnunpe'u,lim-jve-fip-nun-pe'u,pe'u,4,5
7183,limkla,lim-kla,lim,0,2
7184,limkla,lim-kla,kla,1,2
7185,limstuselski,lim-stu-sel-ski,lim,0,4
7186,limstuselski,lim-stu-sel-ski,stu,1,4
7187,limstuselski,lim-stu-sel-ski,sel,2,4
7188,limstuselski,lim-stu-sel-ski,ski,3,4
7189,lindau,lin-dau,lin,0,2
7190,lindau,lin-dau,dau,1,2
7191,lindra,lin-dra,lin,0,2
7192,lindra,lin-dra,dra,1,2
7193,linga'axa'i,lin-ga'a-xa'i,lin,0,3
7194,linga'axa'i,lin-ga'a-xa'i,ga'a,1,3
7195,linga'axa'i,lin-ga'a-xa'i,xa'i,2,3
7196,lingri,lin-gri,lin,0,2
7197,lingri,lin-gri,gri,1,2
7198,linpau,lin-pau,lin,0,2
7199,linpau,lin-pau,pau,1,2
7200,lijyselni'a,lij-sel-ni'a,lij,0,3
7201,lijyselni'a,lij-sel-ni'a,sel,1,3
7202,lijyselni'a,lij-sel-ni'a,ni'a,2,3
7203,lijysu'a,lij-su'a,lij,0,2
7204,lijysu'a,lij-su'a,su'a,1,2
7205,lintadji,lin-tadji,lin,0,2
7206,lintadji,lin-tadji,tadji,1,2
7207,lirbla,lir-bla,lir,0,2
7208,lirbla,lir-bla,bla,1,2
7209,lircinfo,lir-cinfo,lir,0,2
7210,lircinfo,lir-cinfo,cinfo,1,2
7211,lirgau,lir-gau,lir,0,2
7212,lirgau,lir-gau,gau,1,2
7213,lirgli,lir-gli,lir,0,2
7214,lirgli,lir-gli,gli,1,2
7215,lirmau,lir-mau,lir,0,2
7216,lirmau,lir-mau,mau,1,2
7217,lirnunpe'i,lir-nun-pe'i,lir,0,3
7218,lirnunpe'i,lir-nun-pe'i,nun,1,3
7219,lirnunpe'i,lir-nun-pe'i,pe'i,2,3
7220,liryrai,lir-rai,lir,0,2
7221,liryrai,lir-rai,rai,1,2
7222,linfriti,lin-friti,lin,0,2
7223,linfriti,lin-friti,friti,1,2
7224,lisfle,lis-fle,lis,0,2
7225,lisfle,lis-fle,fle,1,2
7226,lisku'a,lis-ku'a,lis,0,2
7227,lisku'a,lis-ku'a,ku'a,1,2
7228,lisnuntoi,lis-nun-toi,lis,0,3
7229,lisnuntoi,lis-nun-toi,nun,1,3
7230,lisnuntoi,lis-nun-toi,toi,2,3
7231,linra'i,lin-ra'i,lin,0,2
7232,linra'i,lin-ra'i,ra'i,1,2
7233,listigni,lis-tigni,lis,0,2
7234,listigni,lis-tigni,tigni,1,2
7235,lisycku,lis-cku,lis,0,2
7236,lisycku,lis-cku,cku,1,2
7237,lisycma,lis-cma,lis,0,2
7238,lisycma,lis-cma,cma,1,2
7239,linga'axa'i,lin-ga'a-xa'i,lin,0,3
7240,linga'axa'i,lin-ga'a-xa'i,ga'a,1,3
7241,linga'axa'i,lin-ga'a-xa'i,xa'i,2,3
7242,lisysri,lis-sri,lis,0,2
7243,lisysri,lis-sri,sri,1,2
7244,linsu'a,lin-su'a,lin,0,2
7245,linsu'a,lin-su'a,su'a,1,2
7246,lintadji,lin-tadji,lin,0,2
7247,lintadji,lin-tadji,tadji,1,2
7248,litcko,lit-cko,lit,0,2
7249,litcko,lit-cko,cko,1,2
7250,litcpe,lit-cpe,lit,0,2
7251,litcpe,lit-cpe,cpe,1,2
7252,litfoi,lit-foi,lit,0,2
7253,litfoi,lit-foi,foi,1,2
7254,litli'avla,lit-li'a-vla,lit,0,3
7255,litli'avla,lit-li'a-vla,li'a,1,3
7256,litli'avla,lit-li'a-vla,vla,2,3
7257,litpro,lit-pro,lit,0,2
7258,litpro,lit-pro,pro,1,2
7259,livbai,liv-bai,liv,0,2
7260,livbai,liv-bai,bai,1,2
7261,livbajra,liv-bajra,liv,0,2
7262,livbajra,liv-bajra,bajra,1,2
7263,livgyterbi'a,livg-ter-bi'a,livg,0,3
7264,livgyterbi'a,livg-ter-bi'a,ter,1,3
7265,livgyterbi'a,livg-ter-bi'a,bi'a,2,3
7266,livnei,liv-nei,liv,0,2
7267,livnei,liv-nei,nei,1,2
7268,livnurkai,liv-nur-kai,liv,0,3
7269,livnurkai,liv-nur-kai,nur,1,3
7270,livnurkai,liv-nur-kai,kai,2,3
7271,livri'a,liv-ri'a,liv,0,2
7272,livri'a,liv-ri'a,ri'a,1,2
7273,livrinsa,liv-rinsa,liv,0,2
7274,livrinsa,liv-rinsa,rinsa,1,2
7275,livykai,liv-kai,liv,0,2
7276,livykai,liv-kai,kai,1,2
7277,lizbroda,liz-broda,liz,0,2
7278,lizbroda,liz-broda,broda,1,2
7279,lizyjdakra,liz-jda-kra,liz,0,3
7280,lizyjdakra,liz-jda-kra,jda,1,3
7281,lizyjdakra,liz-jda-kra,kra,2,3
7282,lizysne,liz-sne,liz,0,2
7283,lizysne,liz-sne,sne,1,2
7284,lizytolpei,liz-tol-pei,liz,0,3
7285,lizytolpei,liz-tol-pei,tol,1,3
7286,lizytolpei,liz-tol-pei,pei,2,3
7287,lizyzi'e,liz-zi'e,liz,0,2
7288,lizyzi'e,liz-zi'e,zi'e,1,2
7289,lobynei,lob-nei,lob,0,2
7290,lobynei,lob-nei,nei,1,2
7291,lobynunsku,lob-nun-sku,lob,0,3
7292,lobynunsku,lob-nun-sku,nun,1,3
7293,lobynunsku,lob-nun-sku,sku,2,3
7294,lolde'u,lol-de'u,lol,0,2
7295,lolde'u,lol-de'u,de'u,1,2
7296,lojbau,loj-bau,loj,0,2
7297,lojbau,loj-bau,bau,1,2
7298,lojbaugri,loj-bau-gri,loj,0,3
7299,lojbaugri,loj-bau-gri,bau,1,3
7300,lojbaugri,loj-bau-gri,gri,2,3
7301,lojdra,loj-dra,loj,0,2
7302,lojdra,loj-dra,dra,1,2
7303,lojdramau,loj-dra-mau,loj,0,3
7304,lojdramau,loj-dra-mau,dra,1,3
7305,lojdramau,loj-dra-mau,mau,2,3
7306,lojrimni,loj-rimni,loj,0,2
7307,lojrimni,loj-rimni,rimni,1,2
7308,lojycmu,loj-cmu,loj,0,2
7309,lojycmu,loj-cmu,cmu,1,2
7310,lojycmumo'a,loj-cmu-mo'a,loj,0,3
7311,lojycmumo'a,loj-cmu-mo'a,cmu,1,3
7312,lojycmumo'a,loj-cmu-mo'a,mo'a,2,3
7313,lojypre,loj-pre,loj,0,2
7314,lojypre,loj-pre,pre,1,2
7315,lojyselcmi,loj-sel-cmi,loj,0,3
7316,lojyselcmi,loj-sel-cmi,sel,1,3
7317,lojyselcmi,loj-sel-cmi,cmi,2,3
7318,lojyste,loj-ste,loj,0,2
7319,lojyste,loj-ste,ste,1,2
7320,lojytadji,loj-tadji,loj,0,2
7321,lojytadji,loj-tadji,tadji,1,2
7322,lojyxarnu,loj-xarnu,loj,0,2
7323,lojyxarnu,loj-xarnu,xarnu,1,2
7324,lojyzbabu,loj-zbabu,loj,0,2
7325,lojyzbabu,loj-zbabu,zbabu,1,2
7326,lolbo'o,lol-bo'o,lol,0,2
7327,lolbo'o,lol-bo'o,bo'o,1,2
7328,lolbu'u,lol-bu'u,lol,0,2
7329,lolbu'u,lol-bu'u,bu'u,1,2
7330,lolcau,lol-cau,lol,0,2
7331,lolcau,lol-cau,cau,1,2
7332,lolde'u,lol-de'u,lol,0,2
7333,lolde'u,lol-de'u,de'u,1,2
7334,lolga'u,lol-ga'u,lol,0,2
7335,lolga'u,lol-ga'u,ga'u,1,2
7336,lolnalba'uboidai,lol-nal-ba'u-boi-dai,lol,0,5
7337,lolnalba'uboidai,lol-nal-ba'u-boi-dai,nal,1,5
7338,lolnalba'uboidai,lol-nal-ba'u-boi-dai,ba'u,2,5
7339,lolnalba'uboidai,lol-nal-ba'u-boi-dai,boi,3,5
7340,lolnalba'uboidai,lol-nal-ba'u-boi-dai,dai,4,5
7341,lolni'a,lol-ni'a,lol,0,2
7342,lolni'a,lol-ni'a,ni'a,1,2
7343,lolro'iboi,lol-ro'i-boi,lol,0,3
7344,lolro'iboi,lol-ro'i-boi,ro'i,1,3
7345,lolro'iboi,lol-ro'i-boi,boi,2,3
7346,lolta'e,lol-ta'e,lol,0,2
7347,lolta'e,lol-ta'e,ta'e,1,2
7348,lolzbaro'iboi,lol-zba-ro'i-boi,lol,0,4
7349,lolzbaro'iboi,lol-zba-ro'i-boi,zba,1,4
7350,lolzbaro'iboi,lol-zba-ro'i-boi,ro'i,2,4
7351,lolzbaro'iboi,lol-zba-ro'i-boi,boi,3,4
7352,lombru,lom-bru,lom,0,2
7353,lombru,lom-bru,bru,1,2
7354,lorcinta,lor-cinta,lor,0,2
7355,lorcinta,lor-cinta,cinta,1,2
7356,lorpanzi,lor-panzi,lor,0,2
7357,lorpanzi,lor-panzi,panzi,1,2
7358,lorpro,lor-pro,lor,0,2
7359,lorpro,lor-pro,pro,1,2
7360,lubyseljma,lub-sel-jma,lub,0,3
7361,lubyseljma,lub-sel-jma,sel,1,3
7362,lubyseljma,lub-sel-jma,jma,2,3
7363,lujlu'adi'u,luj-lu'a-di'u,luj,0,3
7364,lujlu'adi'u,luj-lu'a-di'u,lu'a,1,3
7365,lujlu'adi'u,luj-lu'a-di'u,di'u,2,3
7366,lujmau,luj-mau,luj,0,2
7367,lujmau,luj-mau,mau,1,2
7368,lujyca'a,luj-ca'a,luj,0,2
7369,lujyca'a,luj-ca'a,ca'a,1,2
7370,lujyjvo,luj-jvo,luj,0,2
7371,lujyjvo,luj-jvo,jvo,1,2
7372,lujlu'adi'u,luj-lu'a-di'u,luj,0,3
7373,lujlu'adi'u,luj-lu'a-di'u,lu'a,1,3
7374,lujlu'adi'u,luj-lu'a-di'u,di'u,2,3
7375,lujyzba,luj-zba,luj,0,2
7376,lujyzba,luj-zba,zba,1,2
7377,lumcribe,lum-cribe,lum,0,2
7378,lumcribe,lum-cribe,cribe,1,2
7379,lumcu'i,lum-cu'i,lum,0,2
7380,lumcu'i,lum-cu'i,cu'i,1,2
7381,lumpu'o,lum-pu'o,lum,0,2
7382,lumpu'o,lum-pu'o,pu'o,1,2
7383,lumvau,lum-vau,lum,0,2
7384,lumvau,lum-vau,vau,1,2
7385,lunkla,lun-kla,lun,0,2
7386,lunkla,lun-kla,kla,1,2
7387,lupcau,lup-cau,lup,0,2
7388,lupcau,lup-cau,cau,1,2
7389,lurba'otai,lur-ba'o-tai,lur,0,3
7390,lurba'otai,lur-ba'o-tai,ba'o,1,3
7391,lurba'otai,lur-ba'o-tai,tai,2,3
7392,lurboi,lur-boi,lur,0,2
7393,lurboi,lur-boi,boi,1,2
7394,lurcukla,lur-cukla,lur,0,2
7395,lurcukla,lur-cukla,cukla,1,2
7396,lurlamdei,lur-lam-dei,lur,0,3
7397,lurlamdei,lur-lam-dei,lam,1,3
7398,lurlamdei,lur-lam-dei,dei,2,3
7399,lurno'i,lur-no'i,lur,0,2
7400,lurno'i,lur-no'i,no'i,1,2
7401,xluta'a,xlu-ta'a,xlu,0,2
7402,xluta'a,xlu-ta'a,ta'a,1,2
7403,luryrai,lur-rai,lur,0,2
7404,luryrai,lur-rai,rai,1,2
7405,luryri'e,lur-ri'e,lur,0,2
7406,luryri'e,lur-ri'e,ri'e,1,2
7407,lutfa'o,lut-fa'o,lut,0,2
7408,lutfa'o,lut-fa'o,fa'o,1,2
7409,lutke'a,lut-ke'a,lut,0,2
7410,lutke'a,lut-ke'a,ke'a,1,2
7411,lutku'a,lut-ku'a,lut,0,2
7412,lutku'a,lut-ku'a,ku'a,1,2
7413,luzbi'o,luz-bi'o,luz,0,2
7414,luzbi'o,luz-bi'o,bi'o,1,2
7415,luzypli,luz-pli,luz,0,2
7416,luzypli,luz-pli,pli,1,2
7417,luzyski,luz-ski,luz,0,2
7418,luzyski,luz-ski,ski,1,2
7419,ma'arbi'i,ma'a-bi'i,ma'a,0,2
7420,ma'arbi'i,ma'a-bi'i,bi'i,1,2
7421,ma'arfe'a,ma'a-fe'a,ma'a,0,2
7422,ma'arfe'a,ma'a-fe'a,fe'a,1,2
7423,ma'arji'o,ma'a-ji'o,ma'a,0,2
7424,ma'arji'o,ma'a-ji'o,ji'o,1,2
7425,ma'erda'u,ma'e-da'u,ma'e,0,2
7426,ma'erda'u,ma'e-da'u,da'u,1,2
7427,ma'ersazri,ma'e-sazri,ma'e,0,2
7428,ma'ersazri,ma'e-sazri,sazri,1,2
7429,ma'irkarni,ma'i-karni,ma'i,0,2
7430,ma'irkarni,ma'i-karni,karni,1,2
7431,ma'irtei,ma'i-tei,ma'i,0,2
7432,ma'irtei,ma'i-tei,tei,1,2
7433,ma'ojvo,ma'o-jvo,ma'o,0,2
7434,ma'ojvo,ma'o-jvo,jvo,1,2
7435,ma'okle,ma'o-kle,ma'o,0,2
7436,ma'okle,ma'o-kle,kle,1,2
7437,ma'orpoi,ma'o-poi,ma'o,0,2
7438,ma'orpoi,ma'o-poi,poi,1,2
7439,ma'oste,ma'o-ste,ma'o,0,2
7440,ma'oste,ma'o-ste,ste,1,2
7441,ma'ovla,ma'o-vla,ma'o,0,2
7442,ma'ovla,ma'o-vla,vla,1,2
7443,ma'ucla,ma'u-cla,ma'u,0,2
7444,ma'ucla,ma'u-cla,cla,1,2
7445,ma'umlu,ma'u-mlu,ma'u,0,2
7446,ma'umlu,ma'u-mlu,mlu,1,2
7447,ma'urba'o,ma'u-ba'o,ma'u,0,2
7448,ma'urba'o,ma'u-ba'o,ba'o,1,2
7449,ma'uzma,ma'u-zma,ma'u,0,2
7450,ma'uzma,ma'u-zma,zma,1,2
7451,mackoi,mac-koi,mac,0,2
7452,mackoi,mac-koi,koi,1,2
7453,macri'a,mac-ri'a,mac,0,2
7454,macri'a,mac-ri'a,ri'a,1,2
7455,madycro,mad-cro,mad,0,2
7456,madycro,mad-cro,cro,1,2
7457,madzu'e,mad-zu'e,mad,0,2
7458,madzu'e,mad-zu'e,zu'e,1,2
7459,mafcre,maf-cre,maf,0,2
7460,mafcre,maf-cre,cre,1,2
7461,mafcre,maf-cre,maf,0,2
7462,mafcre,maf-cre,cre,1,2
7463,maflarcu,maf-larcu,maf,0,2
7464,maflarcu,maf-larcu,larcu,1,2
7465,mafmi'e,maf-mi'e,maf,0,2
7466,mafmi'e,maf-mi'e,mi'e,1,2
7467,mafmu'ecfi,maf-mu'e-cfi,maf,0,3
7468,mafmu'ecfi,maf-mu'e-cfi,mu'e,1,3
7469,mafmu'ecfi,maf-mu'e-cfi,cfi,2,3
7470,mafmu'examcfi,maf-mu'e-xam-cfi,maf,0,4
7471,mafmu'examcfi,maf-mu'e-xam-cfi,mu'e,1,4
7472,mafmu'examcfi,maf-mu'e-xam-cfi,xam,2,4
7473,mafmu'examcfi,maf-mu'e-xam-cfi,cfi,3,4
7474,mafyja'i,maf-ja'i,maf,0,2
7475,mafyja'i,maf-ja'i,ja'i,1,2
7476,mafyvla,maf-vla,maf,0,2
7477,mafyvla,maf-vla,vla,1,2
7478,mafyzva,maf-zva,maf,0,2
7479,mafyzva,maf-zva,zva,1,2
7480,magvla,mag-vla,mag,0,2
7481,magvla,mag-vla,vla,1,2
7482,maicpu,mai-cpu,mai,0,2
7483,maicpu,mai-cpu,cpu,1,2
7484,maircpukai,mai-cpu-kai,mai,0,3
7485,maircpukai,mai-cpu-kai,cpu,1,3
7486,maircpukai,mai-cpu-kai,kai,2,3
7487,maixra,mai-xra,mai,0,2
7488,maixra,mai-xra,xra,1,2
7489,maitre,mai-tre,mai,0,2
7490,maitre,mai-tre,tre,1,2
7491,maixra,mai-xra,mai,0,2
7492,maixra,mai-xra,xra,1,2
7493,majlapkai,maj-lap-kai,maj,0,3
7494,majlapkai,maj-lap-kai,lap,1,3
7495,majlapkai,maj-lap-kai,kai,2,3
7496,majlarselpra,maj-lar-sel-pra,maj,0,4
7497,majlarselpra,maj-lar-sel-pra,lar,1,4
7498,majlarselpra,maj-lar-sel-pra,sel,2,4
7499,majlarselpra,maj-lar-sel-pra,pra,3,4
7500,majmi'u,maj-mi'u,maj,0,2
7501,majmi'u,maj-mi'u,mi'u,1,2
7502,majmu'u,maj-mu'u,maj,0,2
7503,majmu'u,maj-mu'u,mu'u,1,2
7504,makfartci,mak-far-tci,mak,0,3
7505,makfartci,mak-far-tci,far,1,3
7506,makfartci,mak-far-tci,tci,2,3
7507,makspali,mak-spali,mak,0,2
7508,makspali,mak-spali,spali,1,2
7509,malba'i,mal-ba'i,mal,0,2
7510,malba'i,mal-ba'i,ba'i,1,2
7511,malba'o,mal-ba'o,mal,0,2
7512,malba'o,mal-ba'o,ba'o,1,2
7513,malbalba'i,mal-bal-ba'i,mal,0,3
7514,malbalba'i,mal-bal-ba'i,bal,1,3
7515,malbalba'i,mal-bal-ba'i,ba'i,2,3
7516,malbebna,mal-bebna,mal,0,2
7517,malbebna,mal-bebna,bebna,1,2
7518,malblabi,mal-blabi,mal,0,2
7519,malblabi,mal-blabi,blabi,1,2
7520,malblabypre,mal-blab-pre,mal,0,3
7521,malblabypre,mal-blab-pre,blab,1,3
7522,malblabypre,mal-blab-pre,pre,2,3
7523,malbe'a,mal-be'a,mal,0,2
7524,malbe'a,mal-be'a,be'a,1,2
7525,malbu'u,mal-bu'u,mal,0,2
7526,malbu'u,mal-bu'u,bu'u,1,2
7527,malcatra,mal-catra,mal,0,2
7528,malcatra,mal-catra,catra,1,2
7529,malcinki,mal-cinki,mal,0,2
7530,malcinki,mal-cinki,cinki,1,2
7531,malcka,mal-cka,mal,0,2
7532,malcka,mal-cka,cka,1,2
7533,malckasu,mal-ckasu,mal,0,2
7534,malckasu,mal-ckasu,ckasu,1,2
7535,malclu,mal-clu,mal,0,2
7536,malclu,mal-clu,clu,1,2
7537,malco'ujikca,mal-co'u-jikca,mal,0,3
7538,malco'ujikca,mal-co'u-jikca,co'u,1,3
7539,malco'ujikca,mal-co'u-jikca,jikca,2,3
7540,malcpa,mal-cpa,mal,0,2
7541,malcpa,mal-cpa,cpa,1,2
7542,maldimna,mal-dimna,mal,0,2
7543,maldimna,mal-dimna,dimna,1,2
7544,maldo'o,mal-do'o,mal,0,2
7545,maldo'o,mal-do'o,do'o,1,2
7546,maldu'u,mal-du'u,mal,0,2
7547,maldu'u,mal-du'u,du'u,1,2
7548,malfange,mal-fange,mal,0,2
7549,malfange,mal-fange,fange,1,2
7550,malfe'i,mal-fe'i,mal,0,2
7551,malfe'i,mal-fe'i,fe'i,1,2
7552,malfenki,mal-fenki,mal,0,2
7553,malfenki,mal-fenki,fenki,1,2
7554,malfesti,mal-festi,mal,0,2
7555,malfesti,mal-festi,festi,1,2
7556,malfri,mal-fri,mal,0,2
7557,malfri,mal-fri,fri,1,2
7558,malfu'a,mal-fu'a,mal,0,2
7559,malfu'a,mal-fu'a,fu'a,1,2
7560,malge'a,mal-ge'a,mal,0,2
7561,malge'a,mal-ge'a,ge'a,1,2
7562,malge'u,mal-ge'u,mal,0,2
7563,malge'u,mal-ge'u,ge'u,1,2
7564,malgletoi,mal-gle-toi,mal,0,3
7565,malgletoi,mal-gle-toi,gle,1,3
7566,malgletoi,mal-gle-toi,toi,2,3
7567,malgle,mal-gle,mal,0,2
7568,malgle,mal-gle,gle,1,2
7569,malgletoi,mal-gle-toi,mal,0,3
7570,malgletoi,mal-gle-toi,gle,1,3
7571,malgletoi,mal-gle-toi,toi,2,3
7572,malgli,mal-gli,mal,0,2
7573,malgli,mal-gli,gli,1,2
7574,malglibau,mal-gli-bau,mal,0,3
7575,malglibau,mal-gli-bau,gli,1,3
7576,malglibau,mal-gli-bau,bau,2,3
7577,malgre,mal-gre,mal,0,2
7578,malgre,mal-gre,gre,1,2
7579,malja'a,mal-ja'a,mal,0,2
7580,malja'a,mal-ja'a,ja'a,1,2
7581,maljbo,mal-jbo,mal,0,2
7582,maljbo,mal-jbo,jbo,1,2
7583,maljde,mal-jde,mal,0,2
7584,maljde,mal-jde,jde,1,2
7585,maljernyfri,mal-jern-fri,mal,0,3
7586,maljernyfri,mal-jern-fri,jern,1,3
7587,maljernyfri,mal-jern-fri,fri,2,3
7588,maljgi,mal-jgi,mal,0,2
7589,maljgi,mal-jgi,jgi,1,2
7590,maljgita'a,mal-jgi-ta'a,mal,0,3
7591,maljgita'a,mal-jgi-ta'a,jgi,1,3
7592,maljgita'a,mal-jgi-ta'a,ta'a,2,3
7593,maljmi,mal-jmi,mal,0,2
7594,maljmi,mal-jmi,jmi,1,2
7595,maljuxre,mal-juxre,mal,0,2
7596,maljuxre,mal-juxre,juxre,1,2
7597,maljvo,mal-jvo,mal,0,2
7598,maljvo,mal-jvo,jvo,1,2
7599,malkakpymabru,mal-kakp-mabru,mal,0,3
7600,malkakpymabru,mal-kakp-mabru,kakp,1,3
7601,malkakpymabru,mal-kakp-mabru,mabru,2,3
7602,malkalci,mal-kalci,mal,0,2
7603,malkalci,mal-kalci,kalci,1,2
7604,malkalte,mal-kalte,mal,0,2
7605,malkalte,mal-kalte,kalte,1,2
7606,malkamnyba'i,mal-kamn-ba'i,mal,0,3
7607,malkamnyba'i,mal-kamn-ba'i,kamn,1,3
7608,malkamnyba'i,mal-kamn-ba'i,ba'i,2,3
7609,malkemremra'a,mal-kem-rem-ra'a,mal,0,4
7610,malkemremra'a,mal-kem-rem-ra'a,kem,1,4
7611,malkemremra'a,mal-kem-rem-ra'a,rem,2,4
7612,malkemremra'a,mal-kem-rem-ra'a,ra'a,3,4
7613,malki'u,mal-ki'u,mal,0,2
7614,malki'u,mal-ki'u,ki'u,1,2
7615,malmakfa,mal-makfa,mal,0,2
7616,malmakfa,mal-makfa,makfa,1,2
7617,malmalgli,mal-mal-gli,mal,0,3
7618,malmalgli,mal-mal-gli,mal,1,3
7619,malmalgli,mal-mal-gli,gli,2,3
7620,malme'i,mal-me'i,mal,0,2
7621,malme'i,mal-me'i,me'i,1,2
7622,malmerko,mal-merko,mal,0,2
7623,malmerko,mal-merko,merko,1,2
7624,malmi'a,mal-mi'a,mal,0,2
7625,malmi'a,mal-mi'a,mi'a,1,2
7626,malmi'o,mal-mi'o,mal,0,2
7627,malmi'o,mal-mi'o,mi'o,1,2
7628,malmlejgi,mal-mle-jgi,mal,0,3
7629,malmlejgi,mal-mle-jgi,mle,1,3
7630,malmlejgi,mal-mle-jgi,jgi,2,3
7631,malmli,mal-mli,mal,0,2
7632,malmli,mal-mli,mli,1,2
7633,malmliselgu'i,mal-mli-sel-gu'i,mal,0,4
7634,malmliselgu'i,mal-mli-sel-gu'i,mli,1,4
7635,malmliselgu'i,mal-mli-sel-gu'i,sel,2,4
7636,malmliselgu'i,mal-mli-sel-gu'i,gu'i,3,4
7637,malmrogau,mal-mro-gau,mal,0,3
7638,malmrogau,mal-mro-gau,mro,1,3
7639,malmrogau,mal-mro-gau,gau,2,3
7640,malnalfu'a,mal-nal-fu'a,mal,0,3
7641,malnalfu'a,mal-nal-fu'a,nal,1,3
7642,malnalfu'a,mal-nal-fu'a,fu'a,2,3
7643,malne'u,mal-ne'u,mal,0,2
7644,malne'u,mal-ne'u,ne'u,1,2
7645,malnu'e,mal-nu'e,mal,0,2
7646,malnu'e,mal-nu'e,nu'e,1,2
7647,malpa'a,mal-pa'a,mal,0,2
7648,malpa'a,mal-pa'a,pa'a,1,2
7649,malpalci,mal-palci,mal,0,2
7650,malpalci,mal-palci,palci,1,2
7651,malpanci,mal-panci,mal,0,2
7652,malpanci,mal-panci,panci,1,2
7653,malpavyselbau,mal-pav-sel-bau,mal,0,4
7654,malpavyselbau,mal-pav-sel-bau,pav,1,4
7655,malpavyselbau,mal-pav-sel-bau,sel,2,4
7656,malpavyselbau,mal-pav-sel-bau,bau,3,4
7657,malpe'o,mal-pe'o,mal,0,2
7658,malpe'o,mal-pe'o,pe'o,1,2
7659,malpei,mal-pei,mal,0,2
7660,malpei,mal-pei,pei,1,2
7661,malpezli,mal-pezli,mal,0,2
7662,malpezli,mal-pezli,pezli,1,2
7663,malpinji,mal-pinji,mal,0,2
7664,malpinji,mal-pinji,pinji,1,2
7665,malplana,mal-plana,mal,0,2
7666,malplana,mal-plana,plana,1,2
7667,malple,mal-ple,mal,0,2
7668,malple,mal-ple,ple,1,2
7669,malpli,mal-pli,mal,0,2
7670,malpli,mal-pli,pli,1,2
7671,malprali,mal-prali,mal,0,2
7672,malprali,mal-prali,prali,1,2
7673,malpre,mal-pre,mal,0,2
7674,malpre,mal-pre,pre,1,2
7675,malrafsi,mal-rafsi,mal,0,2
7676,malrafsi,mal-rafsi,rafsi,1,2
7677,malrarbau,mal-rar-bau,mal,0,3
7678,malrarbau,mal-rar-bau,rar,1,3
7679,malrarbau,mal-rar-bau,bau,2,3
7680,malrarbaukai,mal-rar-bau-kai,mal,0,4
7681,malrarbaukai,mal-rar-bau-kai,rar,1,4
7682,malrarbaukai,mal-rar-bau-kai,bau,2,4
7683,malrarbaukai,mal-rar-bau-kai,kai,3,4
7684,malrarna,mal-rarna,mal,0,2
7685,malrarna,mal-rarna,rarna,1,2
7686,malrigni,mal-rigni,mal,0,2
7687,malrigni,mal-rigni,rigni,1,2
7688,malro'o,mal-ro'o,mal,0,2
7689,malro'o,mal-ro'o,ro'o,1,2
7690,malselfri,mal-sel-fri,mal,0,3
7691,malselfri,mal-sel-fri,sel,1,3
7692,malselfri,mal-sel-fri,fri,2,3
7693,malselgle,mal-sel-gle,mal,0,3
7694,malselgle,mal-sel-gle,sel,1,3
7695,malselgle,mal-sel-gle,gle,2,3
7696,malselkai,mal-sel-kai,mal,0,3
7697,malselkai,mal-sel-kai,sel,1,3
7698,malselkai,mal-sel-kai,kai,2,3
7699,malselsku,mal-sel-sku,mal,0,3
7700,malselsku,mal-sel-sku,sel,1,3
7701,malselsku,mal-sel-sku,sku,2,3
7702,malselxre,mal-sel-xre,mal,0,3
7703,malselxre,mal-sel-xre,sel,1,3
7704,malselxre,mal-sel-xre,xre,2,3
7705,malsenci,mal-senci,mal,0,2
7706,malsenci,mal-senci,senci,1,2
7707,malskami,mal-skami,mal,0,2
7708,malskami,mal-skami,skami,1,2
7709,malsku,mal-sku,mal,0,2
7710,malsku,mal-sku,sku,1,2
7711,malsno,mal-sno,mal,0,2
7712,malsno,mal-sno,sno,1,2
7713,malspano,mal-spano,mal,0,2
7714,malspano,mal-spano,spano,1,2
7715,malsto,mal-sto,mal,0,2
7716,malsto,mal-sto,sto,1,2
7717,malta'a,mal-ta'a,mal,0,2
7718,malta'a,mal-ta'a,ta'a,1,2
7719,maltcati,mal-tcati,mal,0,2
7720,maltcati,mal-tcati,tcati,1,2
7721,maltce,mal-tce,mal,0,2
7722,maltce,mal-tce,tce,1,2
7723,maltcica,mal-tcica,mal,0,2
7724,maltcica,mal-tcica,tcica,1,2
7725,maltcidu,mal-tcidu,mal,0,2
7726,maltcidu,mal-tcidu,tcidu,1,2
7727,maltermakfa,mal-ter-makfa,mal,0,3
7728,maltermakfa,mal-ter-makfa,ter,1,3
7729,maltermakfa,mal-ter-makfa,makfa,2,3
7730,malterzu'e,mal-ter-zu'e,mal,0,3
7731,malterzu'e,mal-ter-zu'e,ter,1,3
7732,malterzu'e,mal-ter-zu'e,zu'e,2,3
7733,malti'i,mal-ti'i,mal,0,2
7734,malti'i,mal-ti'i,ti'i,1,2
7735,malticta'axlu,mal-tic-ta'a-xlu,mal,0,4
7736,malticta'axlu,mal-tic-ta'a-xlu,tic,1,4
7737,malticta'axlu,mal-tic-ta'a-xlu,ta'a,2,4
7738,malticta'axlu,mal-tic-ta'a-xlu,xlu,3,4
7739,malticyzu'e,mal-tic-zu'e,mal,0,3
7740,malticyzu'e,mal-tic-zu'e,tic,1,3
7741,malticyzu'e,mal-tic-zu'e,zu'e,2,3
7742,malve'a,mal-ve'a,mal,0,2
7743,malve'a,mal-ve'a,ve'a,1,2
7744,malve'u,mal-ve'u,mal,0,2
7745,malve'u,mal-ve'u,ve'u,1,2
7746,malventoi,mal-ven-toi,mal,0,3
7747,malventoi,mal-ven-toi,ven,1,3
7748,malventoi,mal-ven-toi,toi,2,3
7749,malvla,mal-vla,mal,0,2
7750,malvla,mal-vla,vla,1,2
7751,malvonmrekemteivla,mal-von-mre-kem-tei-vla,mal,0,6
7752,malvonmrekemteivla,mal-von-mre-kem-tei-vla,von,1,6
7753,malvonmrekemteivla,mal-von-mre-kem-tei-vla,mre,2,6
7754,malvonmrekemteivla,mal-von-mre-kem-tei-vla,kem,3,6
7755,malvonmrekemteivla,mal-von-mre-kem-tei-vla,tei,4,6
7756,malvonmrekemteivla,mal-von-mre-kem-tei-vla,vla,5,6
7757,malxa'e,mal-xa'e,mal,0,2
7758,malxa'e,mal-xa'e,xa'e,1,2
7759,malxaksu,mal-xaksu,mal,0,2
7760,malxaksu,mal-xaksu,xaksu,1,2
7761,malxi'o,mal-xi'o,mal,0,2
7762,malxi'o,mal-xi'o,xi'o,1,2
7763,malxla,mal-xla,mal,0,2
7764,malxla,mal-xla,xla,1,2
7765,malxlu,mal-xlu,mal,0,2
7766,malxlu,mal-xlu,xlu,1,2
7767,malxlujikca,mal-xlu-jikca,mal,0,3
7768,malxlujikca,mal-xlu-jikca,xlu,1,3
7769,malxlujikca,mal-xlu-jikca,jikca,2,3
7770,malxlujikta'a,mal-xlu-jik-ta'a,mal,0,4
7771,malxlujikta'a,mal-xlu-jik-ta'a,xlu,1,4
7772,malxlujikta'a,mal-xlu-jik-ta'a,jik,2,4
7773,malxlujikta'a,mal-xlu-jik-ta'a,ta'a,3,4
7774,malxu'a,mal-xu'a,mal,0,2
7775,malxu'a,mal-xu'a,xu'a,1,2
7776,malxu'i,mal-xu'i,mal,0,2
7777,malxu'i,mal-xu'i,xu'i,1,2
7778,malzdo,mal-zdo,mal,0,2
7779,malzdo,mal-zdo,zdo,1,2
7780,malzi'e,mal-zi'e,mal,0,2
7781,malzi'e,mal-zi'e,zi'e,1,2
7782,mamjipci,mam-jipci,mam,0,2
7783,mamjipci,mam-jipci,jipci,1,2
7784,mamnolraitru,mam-nol-rai-tru,mam,0,4
7785,mamnolraitru,mam-nol-rai-tru,nol,1,4
7786,mamnolraitru,mam-nol-rai-tru,rai,2,4
7787,mamnolraitru,mam-nol-rai-tru,tru,3,4
7788,mampa'u,mam-pa'u,mam,0,2
7789,mampa'u,mam-pa'u,pa'u,1,2
7790,mamymamta,mam-mamta,mam,0,2
7791,mamymamta,mam-mamta,mamta,1,2
7792,mamyzei,mam-zei,mam,0,2
7793,mamyzei,mam-zei,zei,1,2
7794,manbi'o,man-bi'o,man,0,2
7795,manbi'o,man-bi'o,bi'o,1,2
7796,manbu'e,man-bu'e,man,0,2
7797,manbu'e,man-bu'e,bu'e,1,2
7798,manjoiselgu'i,man-joi-sel-gu'i,man,0,4
7799,manjoiselgu'i,man-joi-sel-gu'i,joi,1,4
7800,manjoiselgu'i,man-joi-sel-gu'i,sel,2,4
7801,manjoiselgu'i,man-joi-sel-gu'i,gu'i,3,4
7802,manlai,man-lai,man,0,2
7803,manlai,man-lai,lai,1,2
7804,manmidju,man-midju,man,0,2
7805,manmidju,man-midju,midju,1,2
7806,manrai,man-rai,man,0,2
7807,manrai,man-rai,rai,1,2
7808,manri'a,man-ri'a,man,0,2
7809,manri'a,man-ri'a,ri'a,1,2
7810,manskapi,man-skapi,man,0,2
7811,manskapi,man-skapi,skapi,1,2
7812,mansykanji,mans-kanji,mans,0,2
7813,mansykanji,mans-kanji,kanji,1,2
7814,mantra,man-tra,man,0,2
7815,mantra,man-tra,tra,1,2
7816,mantycau,mant-cau,mant,0,2
7817,mantycau,mant-cau,cau,1,2
7818,mantycti,mant-cti,mant,0,2
7819,mantycti,mant-cti,cti,1,2
7820,mantyfange,mant-fange,mant,0,2
7821,mantyfange,mant-fange,fange,1,2
7822,mantyjalra,mant-jalra,mant,0,2
7823,mantyjalra,mant-jalra,jalra,1,2
7824,mantyzda,mant-zda,mant,0,2
7825,mantyzda,mant-zda,zda,1,2
7826,manviski'u,man-vis-ki'u,man,0,3
7827,manviski'u,man-vis-ki'u,vis,1,3
7828,manviski'u,man-vis-ki'u,ki'u,2,3
7829,manyne'i,man-ne'i,man,0,2
7830,manyne'i,man-ne'i,ne'i,1,2
7831,manze'a,man-ze'a,man,0,2
7832,manze'a,man-ze'a,ze'a,1,2
7833,maprai,map-rai,map,0,2
7834,maprai,map-rai,rai,1,2
7835,mapso'e,map-so'e,map,0,2
7836,mapso'e,map-so'e,so'e,1,2
7837,marcarna,mar-carna,mar,0,2
7838,marcarna,mar-carna,carna,1,2
7839,mardikca,mar-dikca,mar,0,2
7840,mardikca,mar-dikca,dikca,1,2
7841,marnygapci,marn-gapci,marn,0,2
7842,marnygapci,marn-gapci,gapci,1,2
7843,matfra,mat-fra,mat,0,2
7844,matfra,mat-fra,fra,1,2
7845,matlygai,matl-gai,matl,0,2
7846,matlygai,matl-gai,gai,1,2
7847,matmau,mat-mau,mat,0,2
7848,matmau,mat-mau,mau,1,2
7849,matpai,mat-pai,mat,0,2
7850,matpai,mat-pai,pai,1,2
7851,matpe'i,mat-pe'i,mat,0,2
7852,matpe'i,mat-pe'i,pe'i,1,2
7853,matrai,mat-rai,mat,0,2
7854,matrai,mat-rai,rai,1,2
7855,matryso'e,matr-so'e,matr,0,2
7856,matryso'e,matr-so'e,so'e,1,2
7857,matybanzu,mat-banzu,mat,0,2
7858,matybanzu,mat-banzu,banzu,1,2
7859,matybi'o,mat-bi'o,mat,0,2
7860,matybi'o,mat-bi'o,bi'o,1,2
7861,matygau,mat-gau,mat,0,2
7862,matygau,mat-gau,gau,1,2
7863,matyzba,mat-zba,mat,0,2
7864,matyzba,mat-zba,zba,1,2
7865,maubra,mau-bra,mau,0,2
7866,maubra,mau-bra,bra,1,2
7867,maudji,mau-dji,mau,0,2
7868,maudji,mau-dji,dji,1,2
7869,maudra,mau-dra,mau,0,2
7870,maudra,mau-dra,dra,1,2
7871,maudre,mau-dre,mau,0,2
7872,maudre,mau-dre,dre,1,2
7873,maufri,mau-fri,mau,0,2
7874,maufri,mau-fri,fri,1,2
7875,zmagei,zma-gei,zma,0,2
7876,zmagei,zma-gei,gei,1,2
7877,maugli,mau-gli,mau,0,2
7878,maugli,mau-gli,gli,1,2
7879,maujmi,mau-jmi,mau,0,2
7880,maujmi,mau-jmi,jmi,1,2
7881,maupre,mau-pre,mau,0,2
7882,maupre,mau-pre,pre,1,2
7883,mausnu,mau-snu,mau,0,2
7884,mausnu,mau-snu,snu,1,2
7885,mavrafsi,mav-rafsi,mav,0,2
7886,mavrafsi,mav-rafsi,rafsi,1,2
7887,maxyvru,max-vru,max,0,2
7888,maxyvru,max-vru,vru,1,2
7889,me'ispe,me'i-spe,me'i,0,2
7890,me'ispe,me'i-spe,spe,1,2
7891,mlerai,mle-rai,mle,0,2
7892,mlerai,mle-rai,rai,1,2
7893,mebykre,meb-kre,meb,0,2
7894,mebykre,meb-kre,kre,1,2
7895,mecrai,mec-rai,mec,0,2
7896,mecrai,mec-rai,rai,1,2
7897,mecri'i,mec-ri'i,mec,0,2
7898,mecri'i,mec-ri'i,ri'i,1,2
7899,mecycai,mec-cai,mec,0,2
7900,mecycai,mec-cai,cai,1,2
7901,mecydi'a,mec-di'a,mec,0,2
7902,mecydi'a,mec-di'a,di'a,1,2
7903,mecydi'u,mec-di'u,mec,0,2
7904,mecydi'u,mec-di'u,di'u,1,2
7905,megru'u,meg-ru'u,meg,0,2
7906,megru'u,meg-ru'u,ru'u,1,2
7907,megycfu,meg-cfu,meg,0,2
7908,megycfu,meg-cfu,cfu,1,2
7909,meibra,mei-bra,mei,0,2
7910,meibra,mei-bra,bra,1,2
7911,meibre,mei-bre,mei,0,2
7912,meibre,mei-bre,bre,1,2
7913,meibro,mei-bro,mei,0,2
7914,meibro,mei-bro,bro,1,2
7915,mekpau,mek-pau,mek,0,2
7916,mekpau,mek-pau,pau,1,2
7917,memcimde,mem-cimde,mem,0,2
7918,memcimde,mem-cimde,cimde,1,2
7919,menbe'i,men-be'i,men,0,2
7920,menbe'i,men-be'i,be'i,1,2
7921,menca'a,men-ca'a,men,0,2
7922,menca'a,men-ca'a,ca'a,1,2
7923,menca'a,men-ca'a,men,0,2
7924,menca'a,men-ca'a,ca'a,1,2
7925,mencfu,men-cfu,men,0,2
7926,mencfu,men-cfu,cfu,1,2
7927,menga'i,men-ga'i,men,0,2
7928,menga'i,men-ga'i,ga'i,1,2
7929,menji'u,men-ji'u,men,0,2
7930,menji'u,men-ji'u,ji'u,1,2
7931,menjonsnu,men-jon-snu,men,0,3
7932,menjonsnu,men-jon-snu,jon,1,3
7933,menjonsnu,men-jon-snu,snu,2,3
7934,menmikce,men-mikce,men,0,2
7935,menmikce,men-mikce,mikce,1,2
7936,menmre,men-mre,men,0,2
7937,menmre,men-mre,mre,1,2
7938,menpau,men-pau,men,0,2
7939,menpau,men-pau,pau,1,2
7940,menpoi,men-poi,men,0,2
7941,menpoi,men-poi,poi,1,2
7942,menske,men-ske,men,0,2
7943,menske,men-ske,ske,1,2
7944,mentre,men-tre,men,0,2
7945,mentre,men-tre,tre,1,2
7946,menxagji,men-xagji,men,0,2
7947,menxagji,men-xagji,xagji,1,2
7948,menynicri'a,men-nic-ri'a,men,0,3
7949,menynicri'a,men-nic-ri'a,nic,1,3
7950,menynicri'a,men-nic-ri'a,ri'a,2,3
7951,menynunda'a,men-nun-da'a,men,0,3
7952,menynunda'a,men-nun-da'a,nun,1,3
7953,menynunda'a,men-nun-da'a,da'a,2,3
7954,merbau,mer-bau,mer,0,2
7955,merbau,mer-bau,bau,1,2
7956,merbru,mer-bru,mer,0,2
7957,merbru,mer-bru,bru,1,2
7958,mercme,mer-cme,mer,0,2
7959,mercme,mer-cme,cme,1,2
7960,merfra,mer-fra,mer,0,2
7961,merfra,mer-fra,fra,1,2
7962,mergu'e,mer-gu'e,mer,0,2
7963,mergu'e,mer-gu'e,gu'e,1,2
7964,mergu'epau,mer-gu'e-pau,mer,0,3
7965,mergu'epau,mer-gu'e-pau,gu'e,1,3
7966,mergu'epau,mer-gu'e-pau,pau,2,3
7967,merklu,mer-klu,mer,0,2
7968,merklu,mer-klu,klu,1,2
7969,merpre,mer-pre,mer,0,2
7970,merpre,mer-pre,pre,1,2
7971,mertrutca,mer-tru-tca,mer,0,3
7972,mertrutca,mer-tru-tca,tru,1,3
7973,mertrutca,mer-tru-tca,tca,2,3
7974,meryru'u,mer-ru'u,mer,0,2
7975,meryru'u,mer-ru'u,ru'u,1,2
7976,mexru'u,mex-ru'u,mex,0,2
7977,mexru'u,mex-ru'u,ru'u,1,2
7978,mextutra,mex-tutra,mex,0,2
7979,mextutra,mex-tutra,tutra,1,2
7980,mexygu'e,mex-gu'e,mex,0,2
7981,mexygu'e,mex-gu'e,gu'e,1,2
7982,minba'u,min-ba'u,min,0,2
7983,minba'u,min-ba'u,ba'u,1,2
7984,mi'afra,mi'a-fra,mi'a,0,2
7985,mi'afra,mi'a-fra,fra,1,2
7986,minbei,min-bei,min,0,2
7987,minbei,min-bei,bei,1,2
7988,mi'arcei,mi'a-cei,mi'a,0,2
7989,mi'arcei,mi'a-cei,cei,1,2
7990,minci'a,min-ci'a,min,0,2
7991,minci'a,min-ci'a,ci'a,1,2
7992,mi'argau,mi'a-gau,mi'a,0,2
7993,mi'argau,mi'a-gau,gau,1,2
7994,mi'arge'u,mi'a-ge'u,mi'a,0,2
7995,mi'arge'u,mi'a-ge'u,ge'u,1,2
7996,mi'ecpe,mi'e-cpe,mi'e,0,2
7997,mi'ecpe,mi'e-cpe,cpe,1,2
7998,mijycte,mij-cte,mij,0,2
7999,mijycte,mij-cte,cte,1,2
8000,mijdei,mij-dei,mij,0,2
8001,mijdei,mij-dei,dei,1,2
8002,mi'ivru,mi'i-vru,mi'i,0,2
8003,mi'ivru,mi'i-vru,vru,1,2
8004,mi'uvla,mi'u-vla,mi'u,0,2
8005,mi'uvla,mi'u-vla,vla,1,2
8006,mibdri,mib-dri,mib,0,2
8007,mibdri,mib-dri,dri,1,2
8008,mibjbi,mib-jbi,mib,0,2
8009,mibjbi,mib-jbi,jbi,1,2
8010,mibrirpa'u,mib-rir-pa'u,mib,0,3
8011,mibrirpa'u,mib-rir-pa'u,rir,1,3
8012,mibrirpa'u,mib-rir-pa'u,pa'u,2,3
8013,mibrorpa'u,mib-ror-pa'u,mib,0,3
8014,mibrorpa'u,mib-ror-pa'u,ror,1,3
8015,mibrorpa'u,mib-ror-pa'u,pa'u,2,3
8016,mibybalpre,mib-bal-pre,mib,0,3
8017,mibybalpre,mib-bal-pre,bal,1,3
8018,mibybalpre,mib-bal-pre,pre,2,3
8019,mibycmi,mib-cmi,mib,0,2
8020,mibycmi,mib-cmi,cmi,1,2
8021,mibypre,mib-pre,mib,0,2
8022,mibypre,mib-pre,pre,1,2
8023,mibyselpo'e,mib-sel-po'e,mib,0,3
8024,mibyselpo'e,mib-sel-po'e,sel,1,3
8025,mibyselpo'e,mib-sel-po'e,po'e,2,3
8026,mibyselse'u,mib-sel-se'u,mib,0,3
8027,mibyselse'u,mib-sel-se'u,sel,1,3
8028,mibyselse'u,mib-sel-se'u,se'u,2,3
8029,mibyseltu'i,mib-sel-tu'i,mib,0,3
8030,mibyseltu'i,mib-sel-tu'i,sel,1,3
8031,mibyseltu'i,mib-sel-tu'i,tu'i,2,3
8032,mibysmi,mib-smi,mib,0,2
8033,mibysmi,mib-smi,smi,1,2
8034,mibyterski,mib-ter-ski,mib,0,3
8035,mibyterski,mib-ter-ski,ter,1,3
8036,mibyterski,mib-ter-ski,ski,2,3
8037,mibzda,mib-zda,mib,0,2
8038,mibzda,mib-zda,zda,1,2
8039,micka'a,mic-ka'a,mic,0,2
8040,micka'a,mic-ka'a,ka'a,1,2
8041,micka'agau,mic-ka'a-gau,mic,0,3
8042,micka'agau,mic-ka'a-gau,ka'a,1,3
8043,micka'agau,mic-ka'a-gau,gau,2,3
8044,micka'azda,mic-ka'a-zda,mic,0,3
8045,micka'azda,mic-ka'a-zda,ka'a,1,3
8046,micka'azda,mic-ka'a-zda,zda,2,3
8047,mickarli,mic-karli,mic,0,2
8048,mickarli,mic-karli,karli,1,2
8049,miclei,mic-lei,mic,0,2
8050,miclei,mic-lei,lei,1,2
8051,micydi'u,mic-di'u,mic,0,2
8052,micydi'u,mic-di'u,di'u,1,2
8053,midnai,mid-nai,mid,0,2
8054,midnai,mid-nai,nai,1,2
8055,midvla,mid-vla,mid,0,2
8056,midvla,mid-vla,vla,1,2
8057,midyca'a,mid-ca'a,mid,0,2
8058,midyca'a,mid-ca'a,ca'a,1,2
8059,midycedra,mid-cedra,mid,0,2
8060,midycedra,mid-cedra,cedra,1,2
8061,midydau,mid-dau,mid,0,2
8062,midydau,mid-dau,dau,1,2
8063,mijdeisai,mij-dei-sai,mij,0,3
8064,mijdeisai,mij-dei-sai,dei,1,3
8065,mijdeisai,mij-dei-sai,sai,2,3
8066,mijdo'i,mij-do'i,mij,0,2
8067,mijdo'i,mij-do'i,do'i,1,2
8068,mijdorsai,mij-dor-sai,mij,0,3
8069,mijdorsai,mij-dor-sai,dor,1,3
8070,mijdorsai,mij-dor-sai,sai,2,3
8071,midykemxanpli,mid-kem-xan-pli,mid,0,4
8072,midykemxanpli,mid-kem-xan-pli,kem,1,4
8073,midykemxanpli,mid-kem-xan-pli,xan,2,4
8074,midykemxanpli,mid-kem-xan-pli,pli,3,4
8075,midyxanpli,mid-xan-pli,mid,0,3
8076,midyxanpli,mid-xan-pli,xan,1,3
8077,midyxanpli,mid-xan-pli,pli,2,3
8078,mijyxelso,mij-xelso,mij,0,2
8079,mijyxelso,mij-xelso,xelso,1,2
8080,mijdei,mij-dei,mij,0,2
8081,mijdei,mij-dei,dei,1,2
8082,mijdeisai,mij-dei-sai,mij,0,3
8083,mijdeisai,mij-dei-sai,dei,1,3
8084,mijdeisai,mij-dei-sai,sai,2,3
8085,mijdo'i,mij-do'i,mij,0,2
8086,mijdo'i,mij-do'i,do'i,1,2
8087,mijdorsai,mij-dor-sai,mij,0,3
8088,mijdorsai,mij-dor-sai,dor,1,3
8089,mijdorsai,mij-dor-sai,sai,2,3
8090,mijycte,mij-cte,mij,0,2
8091,mijycte,mij-cte,cte,1,2
8092,mijyjbo,mij-jbo,mij,0,2
8093,mijyjbo,mij-jbo,jbo,1,2
8094,mijykambra,mij-kam-bra,mij,0,3
8095,mijykambra,mij-kam-bra,kam,1,3
8096,mijykambra,mij-kam-bra,bra,2,3
8097,mijymudri,mij-mudri,mij,0,2
8098,mijymudri,mij-mudri,mudri,1,2
8099,mijypre,mij-pre,mij,0,2
8100,mijypre,mij-pre,pre,1,2
8101,mijysai,mij-sai,mij,0,2
8102,mijysai,mij-sai,sai,1,2
8103,mijytance,mij-tance,mij,0,2
8104,mijytance,mij-tance,tance,1,2
8105,mijyxelso,mij-xelso,mij,0,2
8106,mijyxelso,mij-xelso,xelso,1,2
8107,mijyxirbajra,mij-xir-bajra,mij,0,3
8108,mijyxirbajra,mij-xir-bajra,xir,1,3
8109,mijyxirbajra,mij-xir-bajra,bajra,2,3
8110,mikygra,mik-gra,mik,0,2
8111,mikygra,mik-gra,gra,1,2
8112,milbi'o,mil-bi'o,mil,0,2
8113,milbi'o,mil-bi'o,bi'o,1,2
8114,milburna,mil-burna,mil,0,2
8115,milburna,mil-burna,burna,1,2
8116,milfe'u,mil-fe'u,mil,0,2
8117,milfe'u,mil-fe'u,fe'u,1,2
8118,milylitce,mil-litce,mil,0,2
8119,milylitce,mil-litce,litce,1,2
8120,minba'u,min-ba'u,min,0,2
8121,minba'u,min-ba'u,ba'u,1,2
8122,minbei,min-bei,min,0,2
8123,minbei,min-bei,bei,1,2
8124,minci'a,min-ci'a,min,0,2
8125,minci'a,min-ci'a,ci'a,1,2
8126,mindre,min-dre,min,0,2
8127,mindre,min-dre,dre,1,2
8128,minfau,min-fau,min,0,2
8129,minfau,min-fau,fau,1,2
8130,minkarcykla,min-karc-kla,min,0,3
8131,minkarcykla,min-karc-kla,karc,1,3
8132,minkarcykla,min-karc-kla,kla,2,3
8133,minkempli,min-kem-pli,min,0,3
8134,minkempli,min-kem-pli,kem,1,3
8135,minkempli,min-kem-pli,pli,2,3
8136,minmujmle,min-muj-mle,min,0,3
8137,minmujmle,min-muj-mle,muj,1,3
8138,minmujmle,min-muj-mle,mle,2,3
8139,midyseldu'a,mid-sel-du'a,mid,0,3
8140,midyseldu'a,mid-sel-du'a,sel,1,3
8141,midyseldu'a,mid-sel-du'a,du'a,2,3
8142,mi'esku,mi'e-sku,mi'e,0,2
8143,mi'esku,mi'e-sku,sku,1,2
8144,minspu,min-spu,min,0,2
8145,minspu,min-spu,spu,1,2
8146,minsta,min-sta,min,0,2
8147,minsta,min-sta,sta,1,2
8148,mipkla,mip-kla,mip,0,2
8149,mipkla,mip-kla,kla,1,2
8150,mipklo,mip-klo,mip,0,2
8151,mipklo,mip-klo,klo,1,2
8152,mipskectu,mip-ske-ctu,mip,0,3
8153,mipskectu,mip-ske-ctu,ske,1,3
8154,mipskectu,mip-ske-ctu,ctu,2,3
8155,mipstu,mip-stu,mip,0,2
8156,mipstu,mip-stu,stu,1,2
8157,mipstupu'i,mip-stu-pu'i,mip,0,3
8158,mipstupu'i,mip-stu-pu'i,stu,1,3
8159,mipstupu'i,mip-stu-pu'i,pu'i,2,3
8160,mipxu'a,mip-xu'a,mip,0,2
8161,mipxu'a,mip-xu'a,xu'a,1,2
8162,mipygau,mip-gau,mip,0,2
8163,mipygau,mip-gau,gau,1,2
8164,mipygri,mip-gri,mip,0,2
8165,mipygri,mip-gri,gri,1,2
8166,mipypau,mip-pau,mip,0,2
8167,mipypau,mip-pau,pau,1,2
8168,mipypla,mip-pla,mip,0,2
8169,mipypla,mip-pla,pla,1,2
8170,mipypu'i,mip-pu'i,mip,0,2
8171,mipypu'i,mip-pu'i,pu'i,1,2
8172,mipyzga,mip-zga,mip,0,2
8173,mipyzga,mip-zga,zga,1,2
8174,mirboi,mir-boi,mir,0,2
8175,mirboi,mir-boi,boi,1,2
8176,mirsna,mir-sna,mir,0,2
8177,mirsna,mir-sna,sna,1,2
8178,mirsarxe,mir-sarxe,mir,0,2
8179,mirsarxe,mir-sarxe,sarxe,1,2
8180,mirsna,mir-sna,mir,0,2
8181,mirsna,mir-sna,sna,1,2
8182,misrai,mis-rai,mis,0,2
8183,misrai,mis-rai,rai,1,2
8184,mistra,mis-tra,mis,0,2
8185,mistra,mis-tra,tra,1,2
8186,misyselsi'a,mis-sel-si'a,mis,0,3
8187,misyselsi'a,mis-sel-si'a,sel,1,3
8188,misyselsi'a,mis-sel-si'a,si'a,2,3
8189,misyzau,mis-zau,mis,0,2
8190,misyzau,mis-zau,zau,1,2
8191,mitcingle,mit-cin-gle,mit,0,3
8192,mitcingle,mit-cin-gle,cin,1,3
8193,mitcingle,mit-cin-gle,gle,2,3
8194,mitcinpa'i,mit-cin-pa'i,mit,0,3
8195,mitcinpa'i,mit-cin-pa'i,cin,1,3
8196,mitcinpa'i,mit-cin-pa'i,pa'i,2,3
8197,mitfa'e,mit-fa'e,mit,0,2
8198,mitfa'e,mit-fa'e,fa'e,1,2
8199,mitfra,mit-fra,mit,0,2
8200,mitfra,mit-fra,fra,1,2
8201,mitfrica,mit-frica,mit,0,2
8202,mitfrica,mit-frica,frica,1,2
8203,mitkla,mit-kla,mit,0,2
8204,mitkla,mit-kla,kla,1,2
8205,mitkruca,mit-kruca,mit,0,2
8206,mitkruca,mit-kruca,kruca,1,2
8207,mitlanzu,mit-lanzu,mit,0,2
8208,mitlanzu,mit-lanzu,lanzu,1,2
8209,mitlei,mit-lei,mit,0,2
8210,mitlei,mit-lei,lei,1,2
8211,mitmlu,mit-mlu,mit,0,2
8212,mitmlu,mit-mlu,mlu,1,2
8213,mitmo'a,mit-mo'a,mit,0,2
8214,mitmo'a,mit-mo'a,mo'a,1,2
8215,mitnarsi'u,mit-nar-si'u,mit,0,3
8216,mitnarsi'u,mit-nar-si'u,nar,1,3
8217,mitnarsi'u,mit-nar-si'u,si'u,2,3
8218,mitpavycinglepre,mit-pav-cin-gle-pre,mit,0,5
8219,mitpavycinglepre,mit-pav-cin-gle-pre,pav,1,5
8220,mitpavycinglepre,mit-pav-cin-gle-pre,cin,2,5
8221,mitpavycinglepre,mit-pav-cin-gle-pre,gle,3,5
8222,mitpavycinglepre,mit-pav-cin-gle-pre,pre,4,5
8223,mitpavycinpampre,mit-pav-cin-pam-pre,mit,0,5
8224,mitpavycinpampre,mit-pav-cin-pam-pre,pav,1,5
8225,mitpavycinpampre,mit-pav-cin-pam-pre,cin,2,5
8226,mitpavycinpampre,mit-pav-cin-pam-pre,pam,3,5
8227,mitpavycinpampre,mit-pav-cin-pam-pre,pre,4,5
8228,mitrai,mit-rai,mit,0,2
8229,mitrai,mit-rai,rai,1,2
8230,mitsarxe,mit-sarxe,mit,0,2
8231,mitsarxe,mit-sarxe,sarxe,1,2
8232,mitselbau,mit-sel-bau,mit,0,3
8233,mitselbau,mit-sel-bau,sel,1,3
8234,mitselbau,mit-sel-bau,bau,2,3
8235,mitselzva,mit-sel-zva,mit,0,3
8236,mitselzva,mit-sel-zva,sel,1,3
8237,mitselzva,mit-sel-zva,zva,2,3
8238,mitsi'u,mit-si'u,mit,0,2
8239,mitsi'u,mit-si'u,si'u,1,2
8240,mitsmuvla,mit-smu-vla,mit,0,3
8241,mitsmuvla,mit-smu-vla,smu,1,3
8242,mitsmuvla,mit-smu-vla,vla,2,3
8243,mitybau,mit-bau,mit,0,2
8244,mitybau,mit-bau,bau,1,2
8245,mivbi'o,miv-bi'o,miv,0,2
8246,mivbi'o,miv-bi'o,bi'o,1,2
8247,mivdalmuzga,miv-dal-muzga,miv,0,3
8248,mivdalmuzga,miv-dal-muzga,dal,1,3
8249,mivdalmuzga,miv-dal-muzga,muzga,2,3
8250,mivgau,miv-gau,miv,0,2
8251,mivgau,miv-gau,gau,1,2
8252,mivlilze'e,miv-lil-ze'e,miv,0,3
8253,mivlilze'e,miv-lil-ze'e,lil,1,3
8254,mivlilze'e,miv-lil-ze'e,ze'e,2,3
8255,mivmu'e,miv-mu'e,miv,0,2
8256,mivmu'e,miv-mu'e,mu'e,1,2
8257,mivmu'i,miv-mu'i,miv,0,2
8258,mivmu'i,miv-mu'i,mu'i,1,2
8259,mivri'a,miv-ri'a,miv,0,2
8260,mivri'a,miv-ri'a,ri'a,1,2
8261,mivycai,miv-cai,miv,0,2
8262,mivycai,miv-cai,cai,1,2
8263,mivycerda,miv-cerda,miv,0,2
8264,mivycerda,miv-cerda,cerda,1,2
8265,mivylivla,miv-livla,miv,0,2
8266,mivylivla,miv-livla,livla,1,2
8267,mivyslemidju,miv-sle-midju,miv,0,3
8268,mivyslemidju,miv-sle-midju,sle,1,3
8269,mivyslemidju,miv-sle-midju,midju,2,3
8270,mivyvi'o,miv-vi'o,miv,0,2
8271,mivyvi'o,miv-vi'o,vi'o,1,2
8272,mivze'a,miv-ze'a,miv,0,2
8273,mivze'a,miv-ze'a,ze'a,1,2
8274,mlabimke'a,mla-bim-ke'a,mla,0,3
8275,mlabimke'a,mla-bim-ke'a,bim,1,3
8276,mlabimke'a,mla-bim-ke'a,ke'a,2,3
8277,mlabri,mla-bri,mla,0,2
8278,mlabri,mla-bri,bri,1,2
8279,mlafa'a,mla-fa'a,mla,0,2
8280,mlafa'a,mla-fa'a,fa'a,1,2
8281,mlafa'u,mla-fa'u,mla,0,2
8282,mlafa'u,mla-fa'u,fa'u,1,2
8283,mlakla,mla-kla,mla,0,2
8284,mlakla,mla-kla,kla,1,2
8285,mlarafsi,mla-rafsi,mla,0,2
8286,mlarafsi,mla-rafsi,rafsi,1,2
8287,mleba'i,mle-ba'i,mle,0,2
8288,mleba'i,mle-ba'i,ba'i,1,2
8289,mleburna,mle-burna,mle,0,2
8290,mleburna,mle-burna,burna,1,2
8291,mlecfu,mle-cfu,mle,0,2
8292,mlecfu,mle-cfu,cfu,1,2
8293,mlejgi,mle-jgi,mle,0,2
8294,mlejgi,mle-jgi,jgi,1,2
8295,mleme'a,mle-me'a,mle,0,2
8296,mleme'a,mle-me'a,me'a,1,2
8297,mleni'u,mle-ni'u,mle,0,2
8298,mleni'u,mle-ni'u,ni'u,1,2
8299,mlepre,mle-pre,mle,0,2
8300,mlepre,mle-pre,pre,1,2
8301,mlepurdi,mle-purdi,mle,0,2
8302,mlepurdi,mle-purdi,purdi,1,2
8303,mlerai,mle-rai,mle,0,2
8304,mlerai,mle-rai,rai,1,2
8305,mletce,mle-tce,mle,0,2
8306,mletce,mle-tce,tce,1,2
8307,mletra,mle-tra,mle,0,2
8308,mletra,mle-tra,tra,1,2
8309,mlevla,mle-vla,mle,0,2
8310,mlevla,mle-vla,vla,1,2
8311,mliba'u,mli-ba'u,mli,0,2
8312,mliba'u,mli-ba'u,ba'u,1,2
8313,mlibi'e,mli-bi'e,mli,0,2
8314,mlibi'e,mli-bi'e,bi'e,1,2
8315,mlibra,mli-bra,mli,0,2
8316,mlibra,mli-bra,bra,1,2
8317,mlibu'e,mli-bu'e,mli,0,2
8318,mlibu'e,mli-bu'e,bu'e,1,2
8319,mliburna,mli-burna,mli,0,2
8320,mliburna,mli-burna,burna,1,2
8321,mliburska,mli-bur-ska,mli,0,3
8322,mliburska,mli-bur-ska,bur,1,3
8323,mliburska,mli-bur-ska,ska,2,3
8324,mliburskami,mli-bur-skami,mli,0,3
8325,mliburskami,mli-bur-skami,bur,1,3
8326,mliburskami,mli-bur-skami,skami,2,3
8327,mlicfu,mli-cfu,mli,0,2
8328,mlicfu,mli-cfu,cfu,1,2
8329,mlicre,mli-cre,mli,0,2
8330,mlicre,mli-cre,cre,1,2
8331,mliderdesku,mli-der-desku,mli,0,3
8332,mliderdesku,mli-der-desku,der,1,3
8333,mliderdesku,mli-der-desku,desku,2,3
8334,mlifanza,mli-fanza,mli,0,2
8335,mlifanza,mli-fanza,fanza,1,2
8336,mlife'u,mli-fe'u,mli,0,2
8337,mlife'u,mli-fe'u,fe'u,1,2
8338,mlifi'u,mli-fi'u,mli,0,2
8339,mlifi'u,mli-fi'u,fi'u,1,2
8340,mlifrili,mli-frili,mli,0,2
8341,mlifrili,mli-frili,frili,1,2
8342,mligapru,mli-gapru,mli,0,2
8343,mligapru,mli-gapru,gapru,1,2
8344,mligla,mli-gla,mli,0,2
8345,mligla,mli-gla,gla,1,2
8346,mligu'a,mli-gu'a,mli,0,2
8347,mligu'a,mli-gu'a,gu'a,1,2
8348,mlika'e,mli-ka'e,mli,0,2
8349,mlika'e,mli-ka'e,ka'e,1,2
8350,mlilenku,mli-lenku,mli,0,2
8351,mlilenku,mli-lenku,lenku,1,2
8352,mlimabla,mli-mabla,mli,0,2
8353,mlimabla,mli-mabla,mabla,1,2
8354,mlimle,mli-mle,mli,0,2
8355,mlimle,mli-mle,mle,1,2
8356,mlinei,mli-nei,mli,0,2
8357,mlinei,mli-nei,nei,1,2
8358,mlino'i,mli-no'i,mli,0,2
8359,mlino'i,mli-no'i,no'i,1,2
8360,mlipindi,mli-pindi,mli,0,2
8361,mlipindi,mli-pindi,pindi,1,2
8362,mliplana,mli-plana,mli,0,2
8363,mliplana,mli-plana,plana,1,2
8364,mliri'a,mli-ri'a,mli,0,2
8365,mliri'a,mli-ri'a,ri'a,1,2
8366,mliselmabla,mli-sel-mabla,mli,0,3
8367,mliselmabla,mli-sel-mabla,sel,1,3
8368,mliselmabla,mli-sel-mabla,mabla,2,3
8369,mlisli,mli-sli,mli,0,2
8370,mlisli,mli-sli,sli,1,2
8371,mlisnosli,mli-sno-sli,mli,0,3
8372,mlisnosli,mli-sno-sli,sno,1,3
8373,mlisnosli,mli-sno-sli,sli,2,3
8374,mlisutsli,mli-sut-sli,mli,0,3
8375,mlisutsli,mli-sut-sli,sut,1,3
8376,mlisutsli,mli-sut-sli,sli,2,3
8377,mlite'a,mli-te'a,mli,0,2
8378,mlite'a,mli-te'a,te'a,1,2
8379,mlite'agau,mli-te'a-gau,mli,0,3
8380,mlite'agau,mli-te'a-gau,te'a,1,3
8381,mlite'agau,mli-te'a-gau,gau,2,3
8382,mlitoi,mli-toi,mli,0,2
8383,mlitoi,mli-toi,toi,1,2
8384,mlitoinandu,mli-toi-nandu,mli,0,3
8385,mlitoinandu,mli-toi-nandu,toi,1,3
8386,mlitoinandu,mli-toi-nandu,nandu,2,3
8387,mlivru,mli-vru,mli,0,2
8388,mlivru,mli-vru,vru,1,2
8389,mlixai,mli-xai,mli,0,2
8390,mlixai,mli-xai,xai,1,2
8391,mlixau,mli-xau,mli,0,2
8392,mlixau,mli-xau,xau,1,2
8393,mlixai,mli-xai,mli,0,2
8394,mlixai,mli-xai,xai,1,2
8395,mlixu'e,mli-xu'e,mli,0,2
8396,mlixu'e,mli-xu'e,xu'e,1,2
8397,mlizei,mli-zei,mli,0,2
8398,mlizei,mli-zei,zei,1,2
8399,mlufau,mlu-fau,mlu,0,2
8400,mlufau,mlu-fau,fau,1,2
8401,mlugau,mlu-gau,mlu,0,2
8402,mlugau,mlu-gau,gau,1,2
8403,mluri'a,mlu-ri'a,mlu,0,2
8404,mluri'a,mlu-ri'a,ri'a,1,2
8405,mluti'i,mlu-ti'i,mlu,0,2
8406,mluti'i,mlu-ti'i,ti'i,1,2
8407,mo'isti,mo'i-sti,mo'i,0,2
8408,mo'isti,mo'i-sti,sti,1,2
8409,mo'itci,mo'i-tci,mo'i,0,2
8410,mo'itci,mo'i-tci,tci,1,2
8411,mobyci'a,mob-ci'a,mob,0,2
8412,mobyci'a,mob-ci'a,ci'a,1,2
8413,mobyto'u,mob-to'u,mob,0,2
8414,mobyto'u,mob-to'u,to'u,1,2
8415,mocfau,moc-fau,moc,0,2
8416,mocfau,moc-fau,fau,1,2
8417,mocka'a,moc-ka'a,moc,0,2
8418,mocka'a,moc-ka'a,ka'a,1,2
8419,mocycai,moc-cai,moc,0,2
8420,mocycai,moc-cai,cai,1,2
8421,mojda'a,moj-da'a,moj,0,2
8422,mojda'a,moj-da'a,da'a,1,2
8423,mojgau,moj-gau,moj,0,2
8424,mojgau,moj-gau,gau,1,2
8425,mojmau,moj-mau,moj,0,2
8426,mojmau,moj-mau,mau,1,2
8427,mojmi'i,moj-mi'i,moj,0,2
8428,mojmi'i,moj-mi'i,mi'i,1,2
8429,mojrango,moj-rango,moj,0,2
8430,mojrango,moj-rango,rango,1,2
8431,mojrau,moj-rau,moj,0,2
8432,mojrau,moj-rau,rau,1,2
8433,mojri'a,moj-ri'a,moj,0,2
8434,mojri'a,moj-ri'a,ri'a,1,2
8435,mojvla,moj-vla,moj,0,2
8436,mojvla,moj-vla,vla,1,2
8437,mojyka'e,moj-ka'e,moj,0,2
8438,mojyka'e,moj-ka'e,ka'e,1,2
8439,mojypei,moj-pei,moj,0,2
8440,mojypei,moj-pei,pei,1,2
8441,mojysu'a,moj-su'a,moj,0,2
8442,mojysu'a,moj-su'a,su'a,1,2
8443,mojytadni,moj-tadni,moj,0,2
8444,mojytadni,moj-tadni,tadni,1,2
8445,mojytcita,moj-tcita,moj,0,2
8446,mojytcita,moj-tcita,tcita,1,2
8447,molca'agau,mol-ca'a-gau,mol,0,3
8448,molca'agau,mol-ca'a-gau,ca'a,1,3
8449,molca'agau,mol-ca'a-gau,gau,2,3
8450,molgle,mol-gle,mol,0,2
8451,molgle,mol-gle,gle,1,2
8452,moljirna,mol-jirna,mol,0,2
8453,moljirna,mol-jirna,jirna,1,2
8454,molkemcinpecyzukyjuvgle,mol-kem-cin-pec-zuk-juv-gle,mol,0,7
8455,molkemcinpecyzukyjuvgle,mol-kem-cin-pec-zuk-juv-gle,kem,1,7
8456,molkemcinpecyzukyjuvgle,mol-kem-cin-pec-zuk-juv-gle,cin,2,7
8457,molkemcinpecyzukyjuvgle,mol-kem-cin-pec-zuk-juv-gle,pec,3,7
8458,molkemcinpecyzukyjuvgle,mol-kem-cin-pec-zuk-juv-gle,zuk,4,7
8459,molkemcinpecyzukyjuvgle,mol-kem-cin-pec-zuk-juv-gle,juv,5,7
8460,molkemcinpecyzukyjuvgle,mol-kem-cin-pec-zuk-juv-gle,gle,6,7
8461,molko'a,mol-ko'a,mol,0,2
8462,molko'a,mol-ko'a,ko'a,1,2
8463,molnalgle,mol-nal-gle,mol,0,3
8464,molnalgle,mol-nal-gle,nal,1,3
8465,molnalgle,mol-nal-gle,gle,2,3
8466,molpanci,mol-panci,mol,0,2
8467,molpanci,mol-panci,panci,1,2
8468,molselcigla,mol-sel-cigla,mol,0,3
8469,molselcigla,mol-sel-cigla,sel,1,3
8470,molselcigla,mol-sel-cigla,cigla,2,3
8471,molselpu'u,mol-sel-pu'u,mol,0,3
8472,molselpu'u,mol-sel-pu'u,sel,1,3
8473,molselpu'u,mol-sel-pu'u,pu'u,2,3
8474,molsna,mol-sna,mol,0,2
8475,molsna,mol-sna,sna,1,2
8476,molsumne,mol-sumne,mol,0,2
8477,molsumne,mol-sumne,sumne,1,2
8478,moltaltra,mol-tal-tra,mol,0,3
8479,moltaltra,mol-tal-tra,tal,1,3
8480,moltaltra,mol-tal-tra,tra,2,3
8481,moltro,mol-tro,mol,0,2
8482,moltro,mol-tro,tro,1,2
8483,moltsa,mol-tsa,mol,0,2
8484,moltsa,mol-tsa,tsa,1,2
8485,moltu'u,mol-tu'u,mol,0,2
8486,moltu'u,mol-tu'u,tu'u,1,2
8487,mrori'a,mro-ri'a,mro,0,2
8488,mrori'a,mro-ri'a,ri'a,1,2
8489,mrorikra'u,mro-rik-ra'u,mro,0,3
8490,mrorikra'u,mro-rik-ra'u,rik,1,3
8491,mrorikra'u,mro-rik-ra'u,ra'u,2,3
8492,mondrata,mon-drata,mon,0,2
8493,mondrata,mon-drata,drata,1,2
8494,monfu'igau,mon-fu'i-gau,mon,0,3
8495,monfu'igau,mon-fu'i-gau,fu'i,1,3
8496,monfu'igau,mon-fu'i-gau,gau,2,3
8497,mongle,mon-gle,mon,0,2
8498,mongle,mon-gle,gle,1,2
8499,monsta,mon-sta,mon,0,2
8500,monsta,mon-sta,sta,1,2
8501,monsti,mon-sti,mon,0,2
8502,monsti,mon-sti,sti,1,2
8503,montadji,mon-tadji,mon,0,2
8504,montadji,mon-tadji,tadji,1,2
8505,montre,mon-tre,mon,0,2
8506,montre,mon-tre,tre,1,2
8507,montri,mon-tri,mon,0,2
8508,montri,mon-tri,tri,1,2
8509,morcko,mor-cko,mor,0,2
8510,morcko,mor-cko,cko,1,2
8511,mondrata,mon-drata,mon,0,2
8512,mondrata,mon-drata,drata,1,2
8513,monfu'i,mon-fu'i,mon,0,2
8514,monfu'i,mon-fu'i,fu'i,1,2
8515,morgau,mor-gau,mor,0,2
8516,morgau,mor-gau,gau,1,2
8517,monmuprai,mon-mup-rai,mon,0,3
8518,monmuprai,mon-mup-rai,mup,1,3
8519,monmuprai,mon-mup-rai,rai,2,3
8520,morska,mor-ska,mor,0,2
8521,morska,mor-ska,ska,1,2
8522,morski,mor-ski,mor,0,2
8523,morski,mor-ski,ski,1,2
8524,morste,mor-ste,mor,0,2
8525,morste,mor-ste,ste,1,2
8526,monsti,mon-sti,mon,0,2
8527,monsti,mon-sti,sti,1,2
8528,mosri'a,mos-ri'a,mos,0,2
8529,mosri'a,mos-ri'a,ri'a,1,2
8530,mostai,mos-tai,mos,0,2
8531,mostai,mos-tai,tai,1,2
8532,mosycpu,mos-cpu,mos,0,2
8533,mosycpu,mos-cpu,cpu,1,2
8534,mosyguska,mos-guska,mos,0,2
8535,mosyguska,mos-guska,guska,1,2
8536,mosyvi'u,mos-vi'u,mos,0,2
8537,mosyvi'u,mos-vi'u,vi'u,1,2
8538,mrajymledi,mraj-mledi,mraj,0,2
8539,mrajymledi,mraj-mledi,mledi,1,2
8540,mrasfe,mra-sfe,mra,0,2
8541,mrasfe,mra-sfe,sfe,1,2
8542,mrecli,mre-cli,mre,0,2
8543,mrecli,mre-cli,cli,1,2
8544,mrepli,mre-pli,mre,0,2
8545,mrepli,mre-pli,pli,1,2
8546,mribe'i,mri-be'i,mri,0,2
8547,mribe'i,mri-be'i,be'i,1,2
8548,mrije'i,mri-je'i,mri,0,2
8549,mrije'i,mri-je'i,je'i,1,2
8550,mrika'e,mri-ka'e,mri,0,2
8551,mrika'e,mri-ka'e,ka'e,1,2
8552,mrikarda,mri-karda,mri,0,2
8553,mrikarda,mri-karda,karda,1,2
8554,mriru'e,mri-ru'e,mri,0,2
8555,mriru'e,mri-ru'e,ru'e,1,2
8556,mrisku,mri-sku,mri,0,2
8557,mrisku,mri-sku,sku,1,2
8558,mriste,mri-ste,mri,0,2
8559,mriste,mri-ste,ste,1,2
8560,mristu,mri-stu,mri,0,2
8561,mristu,mri-stu,stu,1,2
8562,mrita'e,mri-ta'e,mri,0,2
8563,mrita'e,mri-ta'e,ta'e,1,2
8564,mritcidu,mri-tcidu,mri,0,2
8565,mritcidu,mri-tcidu,tcidu,1,2
8566,mritcita,mri-tcita,mri,0,2
8567,mritcita,mri-tcita,tcita,1,2
8568,mrobi'o,mro-bi'o,mro,0,2
8569,mrobi'o,mro-bi'o,bi'o,1,2
8570,mrobixsla,mro-bix-sla,mro,0,3
8571,mrobixsla,mro-bix-sla,bix,1,3
8572,mrobixsla,mro-bix-sla,sla,2,3
8573,mrocanci,mro-canci,mro,0,2
8574,mrocanci,mro-canci,canci,1,2
8575,mrocoldandu,mro-col-dandu,mro,0,3
8576,mrocoldandu,mro-col-dandu,col,1,3
8577,mrocoldandu,mro-col-dandu,dandu,2,3
8578,mrofanta,mro-fanta,mro,0,2
8579,mrofanta,mro-fanta,fanta,1,2
8580,mrofi'a,mro-fi'a,mro,0,2
8581,mrofi'a,mro-fi'a,fi'a,1,2
8582,mrofoi,mro-foi,mro,0,2
8583,mrofoi,mro-foi,foi,1,2
8584,mrojbe,mro-jbe,mro,0,2
8585,mrojbe,mro-jbe,jbe,1,2
8586,mroke'a,mro-ke'a,mro,0,2
8587,mroke'a,mro-ke'a,ke'a,1,2
8588,mromu'e,mro-mu'e,mro,0,2
8589,mromu'e,mro-mu'e,mu'e,1,2
8590,mropra,mro-pra,mro,0,2
8591,mropra,mro-pra,pra,1,2
8592,mrori'a,mro-ri'a,mro,0,2
8593,mrori'a,mro-ri'a,ri'a,1,2
8594,mrori'i,mro-ri'i,mro,0,2
8595,mrori'i,mro-ri'i,ri'i,1,2
8596,mrorikra'u,mro-rik-ra'u,mro,0,3
8597,mrorikra'u,mro-rik-ra'u,rik,1,3
8598,mrorikra'u,mro-rik-ra'u,ra'u,2,3
8599,mroru'i,mro-ru'i,mro,0,2
8600,mroru'i,mro-ru'i,ru'i,1,2
8601,mroruxpre,mro-rux-pre,mro,0,3
8602,mroruxpre,mro-rux-pre,rux,1,3
8603,mroruxpre,mro-rux-pre,pre,2,3
8604,mroselmo'i,mro-sel-mo'i,mro,0,3
8605,mroselmo'i,mro-sel-mo'i,sel,1,3
8606,mroselmo'i,mro-sel-mo'i,mo'i,2,3
8607,mroselri'a,mro-sel-ri'a,mro,0,3
8608,mroselri'a,mro-sel-ri'a,sel,1,3
8609,mroselri'a,mro-sel-ri'a,ri'a,2,3
8610,mroselspe,mro-sel-spe,mro,0,3
8611,mroselspe,mro-sel-spe,sel,1,3
8612,mroselspe,mro-sel-spe,spe,2,3
8613,mrospita,mro-spita,mro,0,2
8614,mrospita,mro-spita,spita,1,2
8615,mrostafoi,mro-sta-foi,mro,0,3
8616,mrostafoi,mro-sta-foi,sta,1,3
8617,mrostafoi,mro-sta-foi,foi,2,3
8618,mroste,mro-ste,mro,0,2
8619,mroste,mro-ste,ste,1,2
8620,mrostu,mro-stu,mro,0,2
8621,mrostu,mro-stu,stu,1,2
8622,mrotsutci,mro-tsu-tci,mro,0,3
8623,mrotsutci,mro-tsu-tci,tsu,1,3
8624,mrotsutci,mro-tsu-tci,tci,2,3
8625,mrovau,mro-vau,mro,0,2
8626,mrovau,mro-vau,vau,1,2
8627,mu'ecmu,mu'e-cmu,mu'e,0,2
8628,mu'ecmu,mu'e-cmu,cmu,1,2
8629,mu'epre,mu'e-pre,mu'e,0,2
8630,mu'epre,mu'e-pre,pre,1,2
8631,mu'etru,mu'e-tru,mu'e,0,2
8632,mu'etru,mu'e-tru,tru,1,2
8633,mu'ezba,mu'e-zba,mu'e,0,2
8634,mu'ezba,mu'e-zba,zba,1,2
8635,mu'ezda,mu'e-zda,mu'e,0,2
8636,mu'ezda,mu'e-zda,zda,1,2
8637,mu'uxra,mu'u-xra,mu'u,0,2
8638,mu'uxra,mu'u-xra,xra,1,2
8639,mu'uxru,mu'u-xru,mu'u,0,2
8640,mu'uxru,mu'u-xru,xru,1,2
8641,muclei,muc-lei,muc,0,2
8642,muclei,muc-lei,lei,1,2
8643,mucrai,muc-rai,muc,0,2
8644,mucrai,muc-rai,rai,1,2
8645,mucydekpu,muc-dekpu,muc,0,2
8646,mucydekpu,muc-dekpu,dekpu,1,2
8647,mucyseldekpu,muc-sel-dekpu,muc,0,3
8648,mucyseldekpu,muc-sel-dekpu,sel,1,3
8649,mucyseldekpu,muc-sel-dekpu,dekpu,2,3
8650,mudbli,mud-bli,mud,0,2
8651,mudbli,mud-bli,bli,1,2
8652,mudycticinki,mud-cti-cinki,mud,0,3
8653,mudycticinki,mud-cti-cinki,cti,1,3
8654,mudycticinki,mud-cti-cinki,cinki,2,3
8655,mudyctijalra,mud-cti-jalra,mud,0,3
8656,mudyctijalra,mud-cti-jalra,cti,1,3
8657,mudyctijalra,mud-cti-jalra,jalra,2,3
8658,mudydakfu,mud-dakfu,mud,0,2
8659,mudydakfu,mud-dakfu,dakfu,1,2
8660,mudyka'a,mud-ka'a,mud,0,2
8661,mudyka'a,mud-ka'a,ka'a,1,2
8662,mudypexsilka,mud-pex-silka,mud,0,3
8663,mudypexsilka,mud-pex-silka,pex,1,3
8664,mudypexsilka,mud-pex-silka,silka,2,3
8665,mudypexsilka,mud-pex-silka,mud,0,3
8666,mudypexsilka,mud-pex-silka,pex,1,3
8667,mudypexsilka,mud-pex-silka,silka,2,3
8668,mudytercrepu,mud-ter-crepu,mud,0,3
8669,mudytercrepu,mud-ter-crepu,ter,1,3
8670,mudytercrepu,mud-ter-crepu,crepu,2,3
8671,mufcipra,muf-cipra,muf,0,2
8672,mufcipra,muf-cipra,cipra,1,2
8673,mufkansa,muf-kansa,muf,0,2
8674,mufkansa,muf-kansa,kansa,1,2
8675,mufnazne'i,muf-naz-ne'i,muf,0,3
8676,mufnazne'i,muf-naz-ne'i,naz,1,3
8677,mufnazne'i,muf-naz-ne'i,ne'i,2,3
8678,mufpe'i,muf-pe'i,muf,0,2
8679,mufpe'i,muf-pe'i,pe'i,1,2
8680,mufspe,muf-spe,muf,0,2
8681,mufspe,muf-spe,spe,1,2
8682,mufspebi'o,muf-spe-bi'o,muf,0,3
8683,mufspebi'o,muf-spe-bi'o,spe,1,3
8684,mufspebi'o,muf-spe-bi'o,bi'o,2,3
8685,mufsti,muf-sti,muf,0,2
8686,mufsti,muf-sti,sti,1,2
8687,muftcica,muf-tcica,muf,0,2
8688,muftcica,muf-tcica,tcica,1,2
8689,mufybre,muf-bre,muf,0,2
8690,mufybre,muf-bre,bre,1,2
8691,mufybroda,muf-broda,muf,0,2
8692,mufybroda,muf-broda,broda,1,2
8693,mufyjanli,muf-janli,muf,0,2
8694,mufyjanli,muf-janli,janli,1,2
8695,mufyvlile,muf-vlile,muf,0,2
8696,mufyvlile,muf-vlile,vlile,1,2
8697,mufyzu'e,muf-zu'e,muf,0,2
8698,mufyzu'e,muf-zu'e,zu'e,1,2
8699,mujbi'i,muj-bi'i,muj,0,2
8700,mujbi'i,muj-bi'i,bi'i,1,2
8701,mujgau,muj-gau,muj,0,2
8702,mujgau,muj-gau,gau,1,2
8703,tcegei,tce-gei,tce,0,2
8704,tcegei,tce-gei,gei,1,2
8705,mujgri,muj-gri,muj,0,2
8706,mujgri,muj-gri,gri,1,2
8707,mujmu'a,muj-mu'a,muj,0,2
8708,mujmu'a,muj-mu'a,mu'a,1,2
8709,mujnunzu'e,muj-nun-zu'e,muj,0,3
8710,mujnunzu'e,muj-nun-zu'e,nun,1,3
8711,mujnunzu'e,muj-nun-zu'e,zu'e,2,3
8712,mujrijno,muj-rijno,muj,0,2
8713,mujrijno,muj-rijno,rijno,1,2
8714,mujyfai,muj-fai,muj,0,2
8715,mujyfai,muj-fai,fai,1,2
8716,mujyfaigau,muj-fai-gau,muj,0,3
8717,mujyfaigau,muj-fai-gau,fai,1,3
8718,mujyfaigau,muj-fai-gau,gau,2,3
8719,mujypau,muj-pau,muj,0,2
8720,mujypau,muj-pau,pau,1,2
8721,tceta'i,tce-ta'i,tce,0,2
8722,tceta'i,tce-ta'i,ta'i,1,2
8723,mujytadji,muj-tadji,muj,0,2
8724,mujytadji,muj-tadji,tadji,1,2
8725,mujytisyba'o,muj-tis-ba'o,muj,0,3
8726,mujytisyba'o,muj-tis-ba'o,tis,1,3
8727,mujytisyba'o,muj-tis-ba'o,ba'o,2,3
8728,mukcau,muk-cau,muk,0,2
8729,mukcau,muk-cau,cau,1,2
8730,mulbei,mul-bei,mul,0,2
8731,mulbei,mul-bei,bei,1,2
8732,mulbi'o,mul-bi'o,mul,0,2
8733,mulbi'o,mul-bi'o,bi'o,1,2
8734,mulbri,mul-bri,mul,0,2
8735,mulbri,mul-bri,bri,1,2
8736,mulcau,mul-cau,mul,0,2
8737,mulcau,mul-cau,cau,1,2
8738,mulcta,mul-cta,mul,0,2
8739,mulcta,mul-cta,cta,1,2
8740,mulfau,mul-fau,mul,0,2
8741,mulfau,mul-fau,fau,1,2
8742,mulgau,mul-gau,mul,0,2
8743,mulgau,mul-gau,gau,1,2
8744,mulri'a,mul-ri'a,mul,0,2
8745,mulri'a,mul-ri'a,ri'a,1,2
8746,mulri'agau,mul-ri'a-gau,mul,0,3
8747,mulri'agau,mul-ri'a-gau,ri'a,1,3
8748,mulri'agau,mul-ri'a-gau,gau,2,3
8749,mulselyle'i,mul-sel-le'i,mul,0,3
8750,mulselyle'i,mul-sel-le'i,sel,1,3
8751,mulselyle'i,mul-sel-le'i,le'i,2,3
8752,mulstigau,mul-sti-gau,mul,0,3
8753,mulstigau,mul-sti-gau,sti,1,3
8754,mulstigau,mul-sti-gau,gau,2,3
8755,mulsudgau,mul-sud-gau,mul,0,3
8756,mulsudgau,mul-sud-gau,sud,1,3
8757,mulsudgau,mul-sud-gau,gau,2,3
8758,multrotru,mul-tro-tru,mul,0,3
8759,multrotru,mul-tro-tru,tro,1,3
8760,multrotru,mul-tro-tru,tru,2,3
8761,mulzu'e,mul-zu'e,mul,0,2
8762,mulzu'e,mul-zu'e,zu'e,1,2
8763,mumna'a,mum-na'a,mum,0,2
8764,mumna'a,mum-na'a,na'a,1,2
8765,mumnoncitsi,mum-non-citsi,mum,0,3
8766,mumnoncitsi,mum-non-citsi,non,1,3
8767,mumnoncitsi,mum-non-citsi,citsi,2,3
8768,mumplini,mum-plini,mum,0,2
8769,mumplini,mum-plini,plini,1,2
8770,mumymenli,mum-menli,mum,0,2
8771,mumymenli,mum-menli,menli,1,2
8772,mupski,mup-ski,mup,0,2
8773,mupski,mup-ski,ski,1,2
8774,murkanla,mur-kanla,mur,0,2
8775,murkanla,mur-kanla,kanla,1,2
8776,mursybla,murs-bla,murs,0,2
8777,mursybla,murs-bla,bla,1,2
8778,musklo,mus-klo,mus,0,2
8779,musklo,mus-klo,klo,1,2
8780,musmalsi,mus-malsi,mus,0,2
8781,musmalsi,mus-malsi,malsi,1,2
8782,muspre,mus-pre,mus,0,2
8783,muspre,mus-pre,pre,1,2
8784,tceci'i,tce-ci'i,tce,0,2
8785,tceci'i,tce-ci'i,ci'i,1,2
8786,tcecla,tce-cla,tce,0,2
8787,tcecla,tce-cla,cla,1,2
8788,tcecli,tce-cli,tce,0,2
8789,tcecli,tce-cli,cli,1,2
8790,tcecne,tce-cne,tce,0,2
8791,tcecne,tce-cne,cne,1,2
8792,tceci'i,tce-ci'i,tce,0,2
8793,tceci'i,tce-ci'i,ci'i,1,2
8794,tcefri,tce-fri,tce,0,2
8795,tcefri,tce-fri,fri,1,2
8796,mutmi'i,mut-mi'i,mut,0,2
8797,mutmi'i,mut-mi'i,mi'i,1,2
8798,mutmi'ifinpla,mut-mi'i-fin-pla,mut,0,4
8799,mutmi'ifinpla,mut-mi'i-fin-pla,mi'i,1,4
8800,mutmi'ifinpla,mut-mi'i-fin-pla,fin,2,4
8801,mutmi'ifinpla,mut-mi'i-fin-pla,pla,3,4
8802,mutmi'ipla,mut-mi'i-pla,mut,0,3
8803,mutmi'ipla,mut-mi'i-pla,mi'i,1,3
8804,mutmi'ipla,mut-mi'i-pla,pla,2,3
8805,mutmi'isfe,mut-mi'i-sfe,mut,0,3
8806,mutmi'isfe,mut-mi'i-sfe,mi'i,1,3
8807,mutmi'isfe,mut-mi'i-sfe,sfe,2,3
8808,mutmi'iterci'e,mut-mi'i-ter-ci'e,mut,0,4
8809,mutmi'iterci'e,mut-mi'i-ter-ci'e,mi'i,1,4
8810,mutmi'iterci'e,mut-mi'i-ter-ci'e,ter,2,4
8811,mutmi'iterci'e,mut-mi'i-ter-ci'e,ci'e,3,4
8812,mutpra,mut-pra,mut,0,2
8813,mutpra,mut-pra,pra,1,2
8814,mutpuncko,mut-pun-cko,mut,0,3
8815,mutpuncko,mut-pun-cko,pun,1,3
8816,mutpuncko,mut-pun-cko,cko,2,3
8817,tceselspaji,tce-sel-spaji,tce,0,3
8818,tceselspaji,tce-sel-spaji,sel,1,3
8819,tceselspaji,tce-sel-spaji,spaji,2,3
8820,mutsla,mut-sla,mut,0,2
8821,mutsla,mut-sla,sla,1,2
8822,tcesnosli,tce-sno-sli,tce,0,3
8823,tcesnosli,tce-sno-sli,sno,1,3
8824,tcesnosli,tce-sno-sli,sli,2,3
8825,muvdikca,muv-dikca,muv,0,2
8826,muvdikca,muv-dikca,dikca,1,2
8827,muvga'i,muv-ga'i,muv,0,2
8828,muvga'i,muv-ga'i,ga'i,1,2
8829,muvgau,muv-gau,muv,0,2
8830,muvgau,muv-gau,gau,1,2
8831,muvmo'a,muv-mo'a,muv,0,2
8832,muvmo'a,muv-mo'a,mo'a,1,2
8833,muvri'a,muv-ri'a,muv,0,2
8834,muvri'a,muv-ri'a,ri'a,1,2
8835,muvycne,muv-cne,muv,0,2
8836,muvycne,muv-cne,cne,1,2
8837,muvycnesutra,muv-cne-sutra,muv,0,3
8838,muvycnesutra,muv-cne-sutra,cne,1,3
8839,muvycnesutra,muv-cne-sutra,sutra,2,3
8840,muvycutci,muv-cutci,muv,0,2
8841,muvycutci,muv-cutci,cutci,1,2
8842,muvyselbai,muv-sel-bai,muv,0,3
8843,muvyselbai,muv-sel-bai,sel,1,3
8844,muvyselbai,muv-sel-bai,bai,2,3
8845,muvytai,muv-tai,muv,0,2
8846,muvytai,muv-tai,tai,1,2
8847,muzypra,muz-pra,muz,0,2
8848,muzypra,muz-pra,pra,1,2
8849,na'acto,na'a-cto,na'a,0,2
8850,na'acto,na'a-cto,cto,1,2
8851,na'arcartu,na'a-cartu,na'a,0,2
8852,na'arcartu,na'a-cartu,cartu,1,2
8853,na'arcfadetri,na'a-cfa-detri,na'a,0,3
8854,na'arcfadetri,na'a-cfa-detri,cfa,1,3
8855,na'arcfadetri,na'a-cfa-detri,detri,2,3
8856,na'arcitsydei,na'a-cits-dei,na'a,0,3
8857,na'arcitsydei,na'a-cits-dei,cits,1,3
8858,na'arcitsydei,na'a-cits-dei,dei,2,3
8859,na'arke'udei,na'a-ke'u-dei,na'a,0,3
8860,na'arke'udei,na'a-ke'u-dei,ke'u,1,3
8861,na'arke'udei,na'a-ke'u-dei,dei,2,3
8862,na'arme'a,na'a-me'a,na'a,0,2
8863,na'arme'a,na'a-me'a,me'a,1,2
8864,nabzba,nab-zba,nab,0,2
8865,nabzba,nab-zba,zba,1,2
8866,na'irgu'e,na'i-gu'e,na'i,0,2
8867,na'irgu'e,na'i-gu'e,gu'e,1,2
8868,na'opre,na'o-pre,na'o,0,2
8869,na'opre,na'o-pre,pre,1,2
8870,na'orme'a,na'o-me'a,na'o,0,2
8871,na'orme'a,na'o-me'a,me'a,1,2
8872,na'acto,na'a-cto,na'a,0,2
8873,na'acto,na'a-cto,cto,1,2
8874,na'ujbi,na'u-jbi,na'u,0,2
8875,na'ujbi,na'u-jbi,jbi,1,2
8876,na'asni,na'a-sni,na'a,0,2
8877,na'asni,na'a-sni,sni,1,2
8878,na'uvla,na'u-vla,na'u,0,2
8879,na'uvla,na'u-vla,vla,1,2
8880,nabysnuji,nab-snuji,nab,0,2
8881,nabysnuji,nab-snuji,snuji,1,2
8882,nabzba,nab-zba,nab,0,2
8883,nabzba,nab-zba,zba,1,2
8884,nacli'i,nac-li'i,nac,0,2
8885,nacli'i,nac-li'i,li'i,1,2
8886,nacpoi,nac-poi,nac,0,2
8887,nacpoi,nac-poi,poi,1,2
8888,nacpoiba'u,nac-poi-ba'u,nac,0,3
8889,nacpoiba'u,nac-poi-ba'u,poi,1,3
8890,nacpoiba'u,nac-poi-ba'u,ba'u,2,3
8891,nadgau,nad-gau,nad,0,2
8892,nadgau,nad-gau,gau,1,2
8893,nadmau,nad-mau,nad,0,2
8894,nadmau,nad-mau,mau,1,2
8895,nadme'e,nad-me'e,nad,0,2
8896,nadme'e,nad-me'e,me'e,1,2
8897,nadmo'i,nad-mo'i,nad,0,2
8898,nadmo'i,nad-mo'i,mo'i,1,2
8899,nadrai,nad-rai,nad,0,2
8900,nadrai,nad-rai,rai,1,2
8901,nadva'u,nad-va'u,nad,0,2
8902,nadva'u,nad-va'u,va'u,1,2
8903,nadyci'a,nad-ci'a,nad,0,2
8904,nadyci'a,nad-ci'a,ci'a,1,2
8905,nafka'e,naf-ka'e,naf,0,2
8906,nafka'e,naf-ka'e,ka'e,1,2
8907,nafmupli,naf-mupli,naf,0,2
8908,nafmupli,naf-mupli,mupli,1,2
8909,nafyvau,naf-vau,naf,0,2
8910,nafyvau,naf-vau,vau,1,2
8911,nagdembi,nag-dembi,nag,0,2
8912,nagdembi,nag-dembi,dembi,1,2
8913,nagypopselpli,nag-pop-sel-pli,nag,0,4
8914,nagypopselpli,nag-pop-sel-pli,pop,1,4
8915,nagypopselpli,nag-pop-sel-pli,sel,2,4
8916,nagypopselpli,nag-pop-sel-pli,pli,3,4
8917,naicmi,nai-cmi,nai,0,2
8918,naicmi,nai-cmi,cmi,1,2
8919,naidru,nai-dru,nai,0,2
8920,naidru,nai-dru,dru,1,2
8921,nairbau,nai-bau,nai,0,2
8922,nairbau,nai-bau,bau,1,2
8923,nairgu'e,nai-gu'e,nai,0,2
8924,nairgu'e,nai-gu'e,gu'e,1,2
8925,nairterfi'a,nai-ter-fi'a,nai,0,3
8926,nairterfi'a,nai-ter-fi'a,ter,1,3
8927,nairterfi'a,nai-ter-fi'a,fi'a,2,3
8928,naiske,nai-ske,nai,0,2
8929,naiske,nai-ske,ske,1,2
8930,najna'i,naj-na'i,naj,0,2
8931,najna'i,naj-na'i,na'i,1,2
8932,nakpinji,nak-pinji,nak,0,2
8933,nakpinji,nak-pinji,pinji,1,2
8934,nakspe,nak-spe,nak,0,2
8935,nakspe,nak-spe,spe,1,2
8936,nakybakni,nak-bakni,nak,0,2
8937,nakybakni,nak-bakni,bakni,1,2
8938,nakykemcinctu,nak-kem-cin-ctu,nak,0,4
8939,nakykemcinctu,nak-kem-cin-ctu,kem,1,4
8940,nakykemcinctu,nak-kem-cin-ctu,cin,2,4
8941,nakykemcinctu,nak-kem-cin-ctu,ctu,3,4
8942,nakyxarju,nak-xarju,nak,0,2
8943,nakyxarju,nak-xarju,xarju,1,2
8944,nalbanzu,nal-banzu,nal,0,2
8945,nalbanzu,nal-banzu,banzu,1,2
8946,nalbartu,nal-bartu,nal,0,2
8947,nalbartu,nal-bartu,bartu,1,2
8948,nalbebna,nal-bebna,nal,0,2
8949,nalbebna,nal-bebna,bebna,1,2
8950,nalbirti,nal-birti,nal,0,2
8951,nalbirti,nal-birti,birti,1,2
8952,nalbra,nal-bra,nal,0,2
8953,nalbra,nal-bra,bra,1,2
8954,nalbro,nal-bro,nal,0,2
8955,nalbro,nal-bro,bro,1,2
8956,nalbroda,nal-broda,nal,0,2
8957,nalbroda,nal-broda,broda,1,2
8958,nalca'i,nal-ca'i,nal,0,2
8959,nalca'i,nal-ca'i,ca'i,1,2
8960,nalcafne,nal-cafne,nal,0,2
8961,nalcafne,nal-cafne,cafne,1,2
8962,nalcapstu,nal-cap-stu,nal,0,3
8963,nalcapstu,nal-cap-stu,cap,1,3
8964,nalcapstu,nal-cap-stu,stu,2,3
8965,nalci'i,nal-ci'i,nal,0,2
8966,nalci'i,nal-ci'i,ci'i,1,2
8967,nalci'o,nal-ci'o,nal,0,2
8968,nalci'o,nal-ci'o,ci'o,1,2
8969,nalcimni,nal-cimni,nal,0,2
8970,nalcimni,nal-cimni,cimni,1,2
8971,nalcinse,nal-cinse,nal,0,2
8972,nalcinse,nal-cinse,cinse,1,2
8973,nalcitsi,nal-citsi,nal,0,2
8974,nalcitsi,nal-citsi,citsi,1,2
8975,nalckape,nal-ckape,nal,0,2
8976,nalckape,nal-ckape,ckape,1,2
8977,nalcku,nal-cku,nal,0,2
8978,nalcku,nal-cku,cku,1,2
8979,nalclite,nal-clite,nal,0,2
8980,nalclite,nal-clite,clite,1,2
8981,nalclu,nal-clu,nal,0,2
8982,nalclu,nal-clu,clu,1,2
8983,nalcmu,nal-cmu,nal,0,2
8984,nalcmu,nal-cmu,cmu,1,2
8985,nalcne,nal-cne,nal,0,2
8986,nalcne,nal-cne,cne,1,2
8987,nalcni,nal-cni,nal,0,2
8988,nalcni,nal-cni,cni,1,2
8989,nalcpa,nal-cpa,nal,0,2
8990,nalcpa,nal-cpa,cpa,1,2
8991,nalcu'i,nal-cu'i,nal,0,2
8992,nalcu'i,nal-cu'i,cu'i,1,2
8993,nalcumfanva,nal-cum-fanva,nal,0,3
8994,nalcumfanva,nal-cum-fanva,cum,1,3
8995,nalcumfanva,nal-cum-fanva,fanva,2,3
8996,nalcumselfanva,nal-cum-sel-fanva,nal,0,4
8997,nalcumselfanva,nal-cum-sel-fanva,cum,1,4
8998,nalcumselfanva,nal-cum-sel-fanva,sel,2,4
8999,nalcumselfanva,nal-cum-sel-fanva,fanva,3,4
9000,naldasri'a,nal-das-ri'a,nal,0,3
9001,naldasri'a,nal-das-ri'a,das,1,3
9002,naldasri'a,nal-das-ri'a,ri'a,2,3
9003,naldasygau,nal-das-gau,nal,0,3
9004,naldasygau,nal-das-gau,das,1,3
9005,naldasygau,nal-das-gau,gau,2,3
9006,nalde'a,nal-de'a,nal,0,2
9007,nalde'a,nal-de'a,de'a,1,2
9008,naldejni,nal-dejni,nal,0,2
9009,naldejni,nal-dejni,dejni,1,2
9010,naldikni,nal-dikni,nal,0,2
9011,naldikni,nal-dikni,dikni,1,2
9012,naldikyjvo,nal-dik-jvo,nal,0,3
9013,naldikyjvo,nal-dik-jvo,dik,1,3
9014,naldikyjvo,nal-dik-jvo,jvo,2,3
9015,naldji,nal-dji,nal,0,2
9016,naldji,nal-dji,dji,1,2
9017,naldju,nal-dju,nal,0,2
9018,naldju,nal-dju,dju,1,2
9019,naldra,nal-dra,nal,0,2
9020,naldra,nal-dra,dra,1,2
9021,naldrata,nal-drata,nal,0,2
9022,naldrata,nal-drata,drata,1,2
9023,naldu'e,nal-du'e,nal,0,2
9024,naldu'e,nal-du'e,du'e,1,2
9025,naldu'i,nal-du'i,nal,0,2
9026,naldu'i,nal-du'i,du'i,1,2
9027,naldu'o,nal-du'o,nal,0,2
9028,naldu'o,nal-du'o,du'o,1,2
9029,naldukti,nal-dukti,nal,0,2
9030,naldukti,nal-dukti,dukti,1,2
9031,nalfadni,nal-fadni,nal,0,2
9032,nalfadni,nal-fadni,fadni,1,2
9033,nalfadysmato'a,nal-fad-sma-to'a,nal,0,4
9034,nalfadysmato'a,nal-fad-sma-to'a,fad,1,4
9035,nalfadysmato'a,nal-fad-sma-to'a,sma,2,4
9036,nalfadysmato'a,nal-fad-sma-to'a,to'a,3,4
9037,nalfange,nal-fange,nal,0,2
9038,nalfange,nal-fange,fange,1,2
9039,nalfi'i,nal-fi'i,nal,0,2
9040,nalfi'i,nal-fi'i,fi'i,1,2
9041,nalfi'umau,nal-fi'u-mau,nal,0,3
9042,nalfi'umau,nal-fi'u-mau,fi'u,1,3
9043,nalfi'umau,nal-fi'u-mau,mau,2,3
9044,nalfrinyna'u,nal-frin-na'u,nal,0,3
9045,nalfrinyna'u,nal-frin-na'u,frin,1,3
9046,nalfrinyna'u,nal-frin-na'u,na'u,2,3
9047,nalgaixai,nal-gai-xai,nal,0,3
9048,nalgaixai,nal-gai-xai,gai,1,3
9049,nalgaixai,nal-gai-xai,xai,2,3
9050,nalgau,nal-gau,nal,0,2
9051,nalgau,nal-gau,gau,1,2
9052,nalge'a,nal-ge'a,nal,0,2
9053,nalge'a,nal-ge'a,ge'a,1,2
9054,nalgei,nal-gei,nal,0,2
9055,nalgei,nal-gei,gei,1,2
9056,nalgeiflira,nal-gei-flira,nal,0,3
9057,nalgeiflira,nal-gei-flira,gei,1,3
9058,nalgeiflira,nal-gei-flira,flira,2,3
9059,nalgla,nal-gla,nal,0,2
9060,nalgla,nal-gla,gla,1,2
9061,nalgle,nal-gle,nal,0,2
9062,nalgle,nal-gle,gle,1,2
9063,nalgli,nal-gli,nal,0,2
9064,nalgli,nal-gli,gli,1,2
9065,nalgu'a,nal-gu'a,nal,0,2
9066,nalgu'a,nal-gu'a,gu'a,1,2
9067,nalgubni,nal-gubni,nal,0,2
9068,nalgubni,nal-gubni,gubni,1,2
9069,nalgundei,nal-gun-dei,nal,0,3
9070,nalgundei,nal-gun-dei,gun,1,3
9071,nalgundei,nal-gun-dei,dei,2,3
9072,nalguntei,nal-gun-tei,nal,0,3
9073,nalguntei,nal-gun-tei,gun,1,3
9074,nalguntei,nal-gun-tei,tei,2,3
9075,naljbo,nal-jbo,nal,0,2
9076,naljbo,nal-jbo,jbo,1,2
9077,naljbovla,nal-jbo-vla,nal,0,3
9078,naljbovla,nal-jbo-vla,jbo,1,3
9079,naljbovla,nal-jbo-vla,vla,2,3
9080,naljibri,nal-jibri,nal,0,2
9081,naljibri,nal-jibri,jibri,1,2
9082,naljijnu,nal-jijnu,nal,0,2
9083,naljijnu,nal-jijnu,jijnu,1,2
9084,naljikca,nal-jikca,nal,0,2
9085,naljikca,nal-jikca,jikca,1,2
9086,naljinsa,nal-jinsa,nal,0,2
9087,naljinsa,nal-jinsa,jinsa,1,2
9088,naljizykai,nal-jiz-kai,nal,0,3
9089,naljizykai,nal-jiz-kai,jiz,1,3
9090,naljizykai,nal-jiz-kai,kai,2,3
9091,naljmi,nal-jmi,nal,0,2
9092,naljmi,nal-jmi,jmi,1,2
9093,nalju'i,nal-ju'i,nal,0,2
9094,nalju'i,nal-ju'i,ju'i,1,2
9095,nalju'o,nal-ju'o,nal,0,2
9096,nalju'o,nal-ju'o,ju'o,1,2
9097,naljursa,nal-jursa,nal,0,2
9098,naljursa,nal-jursa,jursa,1,2
9099,nalka'e,nal-ka'e,nal,0,2
9100,nalka'e,nal-ka'e,ka'e,1,2
9101,nalka'o,nal-ka'o,nal,0,2
9102,nalka'o,nal-ka'o,ka'o,1,2
9103,nalkalsa,nal-kalsa,nal,0,2
9104,nalkalsa,nal-kalsa,kalsa,1,2
9105,nalkargu,nal-kargu,nal,0,2
9106,nalkargu,nal-kargu,kargu,1,2
9107,nalkiryri'a,nal-kir-ri'a,nal,0,3
9108,nalkiryri'a,nal-kir-ri'a,kir,1,3
9109,nalkiryri'a,nal-kir-ri'a,ri'a,2,3
9110,nalklufactoi,nal-klu-fac-toi,nal,0,4
9111,nalklufactoi,nal-klu-fac-toi,klu,1,4
9112,nalklufactoi,nal-klu-fac-toi,fac,2,4
9113,nalklufactoi,nal-klu-fac-toi,toi,3,4
9114,nalku'i,nal-ku'i,nal,0,2
9115,nalku'i,nal-ku'i,ku'i,1,2
9116,nalku'ipu'i,nal-ku'i-pu'i,nal,0,3
9117,nalku'ipu'i,nal-ku'i-pu'i,ku'i,1,3
9118,nalku'ipu'i,nal-ku'i-pu'i,pu'i,2,3
9119,nalkufygau,nal-kuf-gau,nal,0,3
9120,nalkufygau,nal-kuf-gau,kuf,1,3
9121,nalkufygau,nal-kuf-gau,gau,2,3
9122,nalma'ukai,nal-ma'u-kai,nal,0,3
9123,nalma'ukai,nal-ma'u-kai,ma'u,1,3
9124,nalma'ukai,nal-ma'u-kai,kai,2,3
9125,nalmadle'a,nal-mad-le'a,nal,0,3
9126,nalmadle'a,nal-mad-le'a,mad,1,3
9127,nalmadle'a,nal-mad-le'a,le'a,2,3
9128,nalmanci,nal-manci,nal,0,2
9129,nalmanci,nal-manci,manci,1,2
9130,nalmanfo,nal-manfo,nal,0,2
9131,nalmanfo,nal-manfo,manfo,1,2
9132,nalmapti,nal-mapti,nal,0,2
9133,nalmapti,nal-mapti,mapti,1,2
9134,nalmatryma'e,nal-matr-ma'e,nal,0,3
9135,nalmatryma'e,nal-matr-ma'e,matr,1,3
9136,nalmatryma'e,nal-matr-ma'e,ma'e,2,3
9137,nalmatryma'e,nal-matr-ma'e,nal,0,3
9138,nalmatryma'e,nal-matr-ma'e,matr,1,3
9139,nalmatryma'e,nal-matr-ma'e,ma'e,2,3
9140,nalmerko,nal-merko,nal,0,2
9141,nalmerko,nal-merko,merko,1,2
9142,nalmipri,nal-mipri,nal,0,2
9143,nalmipri,nal-mipri,mipri,1,2
9144,nalmle,nal-mle,nal,0,2
9145,nalmle,nal-mle,mle,1,2
9146,nalmli,nal-mli,nal,0,2
9147,nalmli,nal-mli,mli,1,2
9148,nalmo'i,nal-mo'i,nal,0,2
9149,nalmo'i,nal-mo'i,mo'i,1,2
9150,nalmromipri,nal-mro-mipri,nal,0,3
9151,nalmromipri,nal-mro-mipri,mro,1,3
9152,nalmromipri,nal-mro-mipri,mipri,2,3
9153,naltce,nal-tce,nal,0,2
9154,naltce,nal-tce,tce,1,2
9155,nalmu'o,nal-mu'o,nal,0,2
9156,nalmu'o,nal-mu'o,mu'o,1,2
9157,nalne'i,nal-ne'i,nal,0,2
9158,nalne'i,nal-ne'i,ne'i,1,2
9159,nalnei,nal-nei,nal,0,2
9160,nalnei,nal-nei,nei,1,2
9161,nalneidu'e,nal-nei-du'e,nal,0,3
9162,nalneidu'e,nal-nei-du'e,nei,1,3
9163,nalneidu'e,nal-nei-du'e,du'e,2,3
9164,nalneiri'adu'e,nal-nei-ri'a-du'e,nal,0,4
9165,nalneiri'adu'e,nal-nei-ri'a-du'e,nei,1,4
9166,nalneiri'adu'e,nal-nei-ri'a-du'e,ri'a,2,4
9167,nalneiri'adu'e,nal-nei-ri'a-du'e,du'e,3,4
9168,nalnerkla,nal-ner-kla,nal,0,3
9169,nalnerkla,nal-ner-kla,ner,1,3
9170,nalnerkla,nal-ner-kla,kla,2,3
9171,nalnictersu'i,nal-nic-ter-su'i,nal,0,4
9172,nalnictersu'i,nal-nic-ter-su'i,nic,1,4
9173,nalnictersu'i,nal-nic-ter-su'i,ter,2,4
9174,nalnictersu'i,nal-nic-ter-su'i,su'i,3,4
9175,nalnoi,nal-noi,nal,0,2
9176,nalnoi,nal-noi,noi,1,2
9177,nalnu'i,nal-nu'i,nal,0,2
9178,nalnu'i,nal-nu'i,nu'i,1,2
9179,nalnunsku,nal-nun-sku,nal,0,3
9180,nalnunsku,nal-nun-sku,nun,1,3
9181,nalnunsku,nal-nun-sku,sku,2,3
9182,nalpa'a,nal-pa'a,nal,0,2
9183,nalpa'a,nal-pa'a,pa'a,1,2
9184,nalpa'e,nal-pa'e,nal,0,2
9185,nalpa'e,nal-pa'e,pa'e,1,2
9186,nalpe'o,nal-pe'o,nal,0,2
9187,nalpe'o,nal-pe'o,pe'o,1,2
9188,nalpe'u,nal-pe'u,nal,0,2
9189,nalpe'u,nal-pe'u,pe'u,1,2
9190,nalpi'o,nal-pi'o,nal,0,2
9191,nalpi'o,nal-pi'o,pi'o,1,2
9192,nalpli,nal-pli,nal,0,2
9193,nalpli,nal-pli,pli,1,2
9194,nalplita,nal-plita,nal,0,2
9195,nalplita,nal-plita,plita,1,2
9196,nalpluja,nal-pluja,nal,0,2
9197,nalpluja,nal-pluja,pluja,1,2
9198,nalpre,nal-pre,nal,0,2
9199,nalpre,nal-pre,pre,1,2
9200,nalpruselpli,nal-pru-sel-pli,nal,0,4
9201,nalpruselpli,nal-pru-sel-pli,pru,1,4
9202,nalpruselpli,nal-pru-sel-pli,sel,2,4
9203,nalpruselpli,nal-pru-sel-pli,pli,3,4
9204,nalpu'a,nal-pu'a,nal,0,2
9205,nalpu'a,nal-pu'a,pu'a,1,2
9206,nalpu'i,nal-pu'i,nal,0,2
9207,nalpu'i,nal-pu'i,pu'i,1,2
9208,nalra'a,nal-ra'a,nal,0,2
9209,nalra'a,nal-ra'a,ra'a,1,2
9210,nalracli,nal-racli,nal,0,2
9211,nalracli,nal-racli,racli,1,2
9212,nalrarkai,nal-rar-kai,nal,0,3
9213,nalrarkai,nal-rar-kai,rar,1,3
9214,nalrarkai,nal-rar-kai,kai,2,3
9215,nalrarna,nal-rarna,nal,0,2
9216,nalrarna,nal-rarna,rarna,1,2
9217,nalre'ucti,nal-re'u-cti,nal,0,3
9218,nalre'ucti,nal-re'u-cti,re'u,1,3
9219,nalre'ucti,nal-re'u-cti,cti,2,3
9220,nalri'i,nal-ri'i,nal,0,2
9221,nalri'i,nal-ri'i,ri'i,1,2
9222,nalro'o,nal-ro'o,nal,0,2
9223,nalro'o,nal-ro'o,ro'o,1,2
9224,nalrolmei,nal-rol-mei,nal,0,3
9225,nalrolmei,nal-rol-mei,rol,1,3
9226,nalrolmei,nal-rol-mei,mei,2,3
9227,nalrolmeilei,nal-rol-mei-lei,nal,0,4
9228,nalrolmeilei,nal-rol-mei-lei,rol,1,4
9229,nalrolmeilei,nal-rol-mei-lei,mei,2,4
9230,nalrolmeilei,nal-rol-mei-lei,lei,3,4
9231,nalrutstagi,nal-rut-stagi,nal,0,3
9232,nalrutstagi,nal-rut-stagi,rut,1,3
9233,nalrutstagi,nal-rut-stagi,stagi,2,3
9234,nalsa'u,nal-sa'u,nal,0,2
9235,nalsa'u,nal-sa'u,sa'u,1,2
9236,nalsajypei,nal-saj-pei,nal,0,3
9237,nalsajypei,nal-saj-pei,saj,1,3
9238,nalsajypei,nal-saj-pei,pei,2,3
9239,nalsanji,nal-sanji,nal,0,2
9240,nalsanji,nal-sanji,sanji,1,2
9241,nalsatci,nal-satci,nal,0,2
9242,nalsatci,nal-satci,satci,1,2
9243,nalsatcyninje'u,nal-satc-nin-je'u,nal,0,4
9244,nalsatcyninje'u,nal-satc-nin-je'u,satc,1,4
9245,nalsatcyninje'u,nal-satc-nin-je'u,nin,2,4
9246,nalsatcyninje'u,nal-satc-nin-je'u,je'u,3,4
9247,nalsau,nal-sau,nal,0,2
9248,nalsau,nal-sau,sau,1,2
9249,nalse'itro,nal-se'i-tro,nal,0,3
9250,nalse'itro,nal-se'i-tro,se'i,1,3
9251,nalse'itro,nal-se'i-tro,tro,2,3
9252,nalselbau,nal-sel-bau,nal,0,3
9253,nalselbau,nal-sel-bau,sel,1,3
9254,nalselbau,nal-sel-bau,bau,2,3
9255,nalselbirti,nal-sel-birti,nal,0,3
9256,nalselbirti,nal-sel-birti,sel,1,3
9257,nalselbirti,nal-sel-birti,birti,2,3
9258,nalselci'a,nal-sel-ci'a,nal,0,3
9259,nalselci'a,nal-sel-ci'a,sel,1,3
9260,nalselci'a,nal-sel-ci'a,ci'a,2,3
9261,nalselci'i,nal-sel-ci'i,nal,0,3
9262,nalselci'i,nal-sel-ci'i,sel,1,3
9263,nalselci'i,nal-sel-ci'i,ci'i,2,3
9264,nalselci'i,nal-sel-ci'i,nal,0,3
9265,nalselci'i,nal-sel-ci'i,sel,1,3
9266,nalselci'i,nal-sel-ci'i,ci'i,2,3
9267,nalselfa'i,nal-sel-fa'i,nal,0,3
9268,nalselfa'i,nal-sel-fa'i,sel,1,3
9269,nalselfa'i,nal-sel-fa'i,fa'i,2,3
9270,nalselfla,nal-sel-fla,nal,0,3
9271,nalselfla,nal-sel-fla,sel,1,3
9272,nalselfla,nal-sel-fla,fla,2,3
9273,nalselga'i,nal-sel-ga'i,nal,0,3
9274,nalselga'i,nal-sel-ga'i,sel,1,3
9275,nalselga'i,nal-sel-ga'i,ga'i,2,3
9276,nalselgu'i,nal-sel-gu'i,nal,0,3
9277,nalselgu'i,nal-sel-gu'i,sel,1,3
9278,nalselgu'i,nal-sel-gu'i,gu'i,2,3
9279,nalseljde,nal-sel-jde,nal,0,3
9280,nalseljde,nal-sel-jde,sel,1,3
9281,nalseljde,nal-sel-jde,jde,2,3
9282,nalseljmi,nal-sel-jmi,nal,0,3
9283,nalseljmi,nal-sel-jmi,sel,1,3
9284,nalseljmi,nal-sel-jmi,jmi,2,3
9285,nalseljukpa,nal-sel-jukpa,nal,0,3
9286,nalseljukpa,nal-sel-jukpa,sel,1,3
9287,nalseljukpa,nal-sel-jukpa,jukpa,2,3
9288,nalseljuncizra,nal-sel-jun-cizra,nal,0,4
9289,nalseljuncizra,nal-sel-jun-cizra,sel,1,4
9290,nalseljuncizra,nal-sel-jun-cizra,jun,2,4
9291,nalseljuncizra,nal-sel-jun-cizra,cizra,3,4
9292,nalseljva,nal-sel-jva,nal,0,3
9293,nalseljva,nal-sel-jva,sel,1,3
9294,nalseljva,nal-sel-jva,jva,2,3
9295,nalselka'e,nal-sel-ka'e,nal,0,3
9296,nalselka'e,nal-sel-ka'e,sel,1,3
9297,nalselka'e,nal-sel-ka'e,ka'e,2,3
9298,nalselkai,nal-sel-kai,nal,0,3
9299,nalselkai,nal-sel-kai,sel,1,3
9300,nalselkai,nal-sel-kai,kai,2,3
9301,nalselki'u,nal-sel-ki'u,nal,0,3
9302,nalselki'u,nal-sel-ki'u,sel,1,3
9303,nalselki'u,nal-sel-ki'u,ki'u,2,3
9304,nalselmu'i,nal-sel-mu'i,nal,0,3
9305,nalselmu'i,nal-sel-mu'i,sel,1,3
9306,nalselmu'i,nal-sel-mu'i,mu'i,2,3
9307,nalselmu'u,nal-sel-mu'u,nal,0,3
9308,nalselmu'u,nal-sel-mu'u,sel,1,3
9309,nalselmu'u,nal-sel-mu'u,mu'u,2,3
9310,nalselna'i,nal-sel-na'i,nal,0,3
9311,nalselna'i,nal-sel-na'i,sel,1,3
9312,nalselna'i,nal-sel-na'i,na'i,2,3
9313,nalselpei,nal-sel-pei,nal,0,3
9314,nalselpei,nal-sel-pei,sel,1,3
9315,nalselpei,nal-sel-pei,pei,2,3
9316,nalselpi'o,nal-sel-pi'o,nal,0,3
9317,nalselpi'o,nal-sel-pi'o,sel,1,3
9318,nalselpi'o,nal-sel-pi'o,pi'o,2,3
9319,nalselpukselflira,nal-sel-puk-sel-flira,nal,0,5
9320,nalselpukselflira,nal-sel-puk-sel-flira,sel,1,5
9321,nalselpukselflira,nal-sel-puk-sel-flira,puk,2,5
9322,nalselpukselflira,nal-sel-puk-sel-flira,sel,3,5
9323,nalselpukselflira,nal-sel-puk-sel-flira,flira,4,5
9324,nalselri'u,nal-sel-ri'u,nal,0,3
9325,nalselri'u,nal-sel-ri'u,sel,1,3
9326,nalselri'u,nal-sel-ri'u,ri'u,2,3
9327,nalselsanji,nal-sel-sanji,nal,0,3
9328,nalselsanji,nal-sel-sanji,sel,1,3
9329,nalselsanji,nal-sel-sanji,sanji,2,3
9330,nalselsau,nal-sel-sau,nal,0,3
9331,nalselsau,nal-sel-sau,sel,1,3
9332,nalselsau,nal-sel-sau,sau,2,3
9333,nalselsku,nal-sel-sku,nal,0,3
9334,nalselsku,nal-sel-sku,sel,1,3
9335,nalselsku,nal-sel-sku,sku,2,3
9336,nalselstufa'i,nal-sel-stu-fa'i,nal,0,4
9337,nalselstufa'i,nal-sel-stu-fa'i,sel,1,4
9338,nalselstufa'i,nal-sel-stu-fa'i,stu,2,4
9339,nalselstufa'i,nal-sel-stu-fa'i,fa'i,3,4
9340,nalseltcica,nal-sel-tcica,nal,0,3
9341,nalseltcica,nal-sel-tcica,sel,1,3
9342,nalseltcica,nal-sel-tcica,tcica,2,3
9343,nalseltro,nal-sel-tro,nal,0,3
9344,nalseltro,nal-sel-tro,sel,1,3
9345,nalseltro,nal-sel-tro,tro,2,3
9346,nalselva'i,nal-sel-va'i,nal,0,3
9347,nalselva'i,nal-sel-va'i,sel,1,3
9348,nalselva'i,nal-sel-va'i,va'i,2,3
9349,nalselvi'a,nal-sel-vi'a,nal,0,3
9350,nalselvi'a,nal-sel-vi'a,sel,1,3
9351,nalselvi'a,nal-sel-vi'a,vi'a,2,3
9352,nalselxlu,nal-sel-xlu,nal,0,3
9353,nalselxlu,nal-sel-xlu,sel,1,3
9354,nalselxlu,nal-sel-xlu,xlu,2,3
9355,nalselxu'a,nal-sel-xu'a,nal,0,3
9356,nalselxu'a,nal-sel-xu'a,sel,1,3
9357,nalselxu'a,nal-sel-xu'a,xu'a,2,3
9358,nalselzau,nal-sel-zau,nal,0,3
9359,nalselzau,nal-sel-zau,sel,1,3
9360,nalselzau,nal-sel-zau,zau,2,3
9361,nalsenpi,nal-senpi,nal,0,2
9362,nalsenpi,nal-senpi,senpi,1,2
9363,nalsimcabna,nal-sim-cabna,nal,0,3
9364,nalsimcabna,nal-sim-cabna,sim,1,3
9365,nalsimcabna,nal-sim-cabna,cabna,2,3
9366,nalsimpa'i,nal-sim-pa'i,nal,0,3
9367,nalsimpa'i,nal-sim-pa'i,sim,1,3
9368,nalsimpa'i,nal-sim-pa'i,pa'i,2,3
9369,nalsimsarxe,nal-sim-sarxe,nal,0,3
9370,nalsimsarxe,nal-sim-sarxe,sim,1,3
9371,nalsimsarxe,nal-sim-sarxe,sarxe,2,3
9372,nalsipna,nal-sipna,nal,0,2
9373,nalsipna,nal-sipna,sipna,1,2
9374,nalsirji,nal-sirji,nal,0,2
9375,nalsirji,nal-sirji,sirji,1,2
9376,nalsirkla,nal-sir-kla,nal,0,3
9377,nalsirkla,nal-sir-kla,sir,1,3
9378,nalsirkla,nal-sir-kla,kla,2,3
9379,nalsku,nal-sku,nal,0,2
9380,nalsku,nal-sku,sku,1,2
9381,nalsma,nal-sma,nal,0,2
9382,nalsma,nal-sma,sma,1,2
9383,nalsmu,nal-smu,nal,0,2
9384,nalsmu,nal-smu,smu,1,2
9385,nalsnada,nal-snada,nal,0,2
9386,nalsnada,nal-snada,snada,1,2
9387,nalsnisku,nal-sni-sku,nal,0,3
9388,nalsnisku,nal-sni-sku,sni,1,3
9389,nalsnisku,nal-sni-sku,sku,2,3
9390,nalsnuti,nal-snuti,nal,0,2
9391,nalsnuti,nal-snuti,snuti,1,2
9392,nalsra,nal-sra,nal,0,2
9393,nalsra,nal-sra,sra,1,2
9394,nalsti,nal-sti,nal,0,2
9395,nalsti,nal-sti,sti,1,2
9396,nalsucta,nal-sucta,nal,0,2
9397,nalsucta,nal-sucta,sucta,1,2
9398,naltcaci,nal-tcaci,nal,0,2
9399,naltcaci,nal-tcaci,tcaci,1,2
9400,naltce,nal-tce,nal,0,2
9401,naltce,nal-tce,tce,1,2
9402,nalte'a,nal-te'a,nal,0,2
9403,nalte'a,nal-te'a,te'a,1,2
9404,nalte'i,nal-te'i,nal,0,2
9405,nalte'i,nal-te'i,te'i,1,2
9406,naltedypre,nal-ted-pre,nal,0,3
9407,naltedypre,nal-ted-pre,ted,1,3
9408,naltedypre,nal-ted-pre,pre,2,3
9409,nalterbasna,nal-ter-basna,nal,0,3
9410,nalterbasna,nal-ter-basna,ter,1,3
9411,nalterbasna,nal-ter-basna,basna,2,3
9412,nalterju'o,nal-ter-ju'o,nal,0,3
9413,nalterju'o,nal-ter-ju'o,ter,1,3
9414,nalterju'o,nal-ter-ju'o,ju'o,2,3
9415,nalterpli,nal-ter-pli,nal,0,3
9416,nalterpli,nal-ter-pli,ter,1,3
9417,nalterpli,nal-ter-pli,pli,2,3
9418,naltinsa,nal-tinsa,nal,0,2
9419,naltinsa,nal-tinsa,tinsa,1,2
9420,naltirna,nal-tirna,nal,0,2
9421,naltirna,nal-tirna,tirna,1,2
9422,naltro,nal-tro,nal,0,2
9423,naltro,nal-tro,tro,1,2
9424,naltu'i,nal-tu'i,nal,0,2
9425,naltu'i,nal-tu'i,tu'i,1,2
9426,nalva'i,nal-va'i,nal,0,2
9427,nalva'i,nal-va'i,va'i,1,2
9428,nalvai,nal-vai,nal,0,2
9429,nalvai,nal-vai,vai,1,2
9430,nalvi'o,nal-vi'o,nal,0,2
9431,nalvi'o,nal-vi'o,vi'o,1,2
9432,nalvla,nal-vla,nal,0,2
9433,nalvla,nal-vla,vla,1,2
9434,nalvli,nal-vli,nal,0,2
9435,nalvli,nal-vli,vli,1,2
9436,nalvlile,nal-vlile,nal,0,2
9437,nalvlile,nal-vlile,vlile,1,2
9438,nalvo'aba'ubinselba'u,nal-vo'a-ba'u-bin-sel-ba'u,nal,0,6
9439,nalvo'aba'ubinselba'u,nal-vo'a-ba'u-bin-sel-ba'u,vo'a,1,6
9440,nalvo'aba'ubinselba'u,nal-vo'a-ba'u-bin-sel-ba'u,ba'u,2,6
9441,nalvo'aba'ubinselba'u,nal-vo'a-ba'u-bin-sel-ba'u,bin,3,6
9442,nalvo'aba'ubinselba'u,nal-vo'a-ba'u-bin-sel-ba'u,sel,4,6
9443,nalvo'aba'ubinselba'u,nal-vo'a-ba'u-bin-sel-ba'u,ba'u,5,6
9444,nalvo'ajbiselba'u,nal-vo'a-jbi-sel-ba'u,nal,0,5
9445,nalvo'ajbiselba'u,nal-vo'a-jbi-sel-ba'u,vo'a,1,5
9446,nalvo'ajbiselba'u,nal-vo'a-jbi-sel-ba'u,jbi,2,5
9447,nalvo'ajbiselba'u,nal-vo'a-jbi-sel-ba'u,sel,3,5
9448,nalvo'ajbiselba'u,nal-vo'a-jbi-sel-ba'u,ba'u,4,5
9449,nalvo'ajbiselba'u,nal-vo'a-jbi-sel-ba'u,nal,0,5
9450,nalvo'ajbiselba'u,nal-vo'a-jbi-sel-ba'u,vo'a,1,5
9451,nalvo'ajbiselba'u,nal-vo'a-jbi-sel-ba'u,jbi,2,5
9452,nalvo'ajbiselba'u,nal-vo'a-jbi-sel-ba'u,sel,3,5
9453,nalvo'ajbiselba'u,nal-vo'a-jbi-sel-ba'u,ba'u,4,5
9454,nalvo'aba'ubinselba'u,nal-vo'a-ba'u-bin-sel-ba'u,nal,0,6
9455,nalvo'aba'ubinselba'u,nal-vo'a-ba'u-bin-sel-ba'u,vo'a,1,6
9456,nalvo'aba'ubinselba'u,nal-vo'a-ba'u-bin-sel-ba'u,ba'u,2,6
9457,nalvo'aba'ubinselba'u,nal-vo'a-ba'u-bin-sel-ba'u,bin,3,6
9458,nalvo'aba'ubinselba'u,nal-vo'a-ba'u-bin-sel-ba'u,sel,4,6
9459,nalvo'aba'ubinselba'u,nal-vo'a-ba'u-bin-sel-ba'u,ba'u,5,6
9460,nalvoksli,nal-vok-sli,nal,0,3
9461,nalvoksli,nal-vok-sli,vok,1,3
9462,nalvoksli,nal-vok-sli,sli,2,3
9463,nalxadni,nal-xadni,nal,0,2
9464,nalxadni,nal-xadni,xadni,1,2
9465,nalxai,nal-xai,nal,0,2
9466,nalxai,nal-xai,xai,1,2
9467,nalxau,nal-xau,nal,0,2
9468,nalxau,nal-xau,xau,1,2
9469,nalxaumau,nal-xau-mau,nal,0,3
9470,nalxaumau,nal-xau-mau,xau,1,3
9471,nalxaumau,nal-xau-mau,mau,2,3
9472,nalxe'o,nal-xe'o,nal,0,2
9473,nalxe'o,nal-xe'o,xe'o,1,2
9474,nalxre,nal-xre,nal,0,2
9475,nalxre,nal-xre,xre,1,2
9476,nalylau,nal-lau,nal,0,2
9477,nalylau,nal-lau,lau,1,2
9478,nalyle'i,nal-le'i,nal,0,2
9479,nalyle'i,nal-le'i,le'i,1,2
9480,nalylogji,nal-logji,nal,0,2
9481,nalylogji,nal-logji,logji,1,2
9482,nalylumcu'i,nal-lum-cu'i,nal,0,3
9483,nalylumcu'i,nal-lum-cu'i,lum,1,3
9484,nalylumcu'i,nal-lum-cu'i,cu'i,2,3
9485,nalza'i,nal-za'i,nal,0,2
9486,nalza'i,nal-za'i,za'i,1,2
9487,nalzau,nal-zau,nal,0,2
9488,nalzau,nal-zau,zau,1,2
9489,nalzi'e,nal-zi'e,nal,0,2
9490,nalzi'e,nal-zi'e,zi'e,1,2
9491,nalzu'i,nal-zu'i,nal,0,2
9492,nalzu'i,nal-zu'i,zu'i,1,2
9493,nalzva,nal-zva,nal,0,2
9494,nalzva,nal-zva,zva,1,2
9495,namselkei,nam-sel-kei,nam,0,3
9496,namselkei,nam-sel-kei,sel,1,3
9497,namselkei,nam-sel-kei,kei,2,3
9498,nando'ogu'e,nan-do'o-gu'e,nan,0,3
9499,nando'ogu'e,nan-do'o-gu'e,do'o,1,3
9500,nando'ogu'e,nan-do'o-gu'e,gu'e,2,3
9501,navyka'a,nav-ka'a,nav,0,2
9502,navyka'a,nav-ka'a,ka'a,1,2
9503,nanko'o,nan-ko'o,nan,0,2
9504,nanko'o,nan-ko'o,ko'o,1,2
9505,nanmerko,nan-merko,nan,0,2
9506,nanmerko,nan-merko,merko,1,2
9507,nanrai,nan-rai,nan,0,2
9508,nanrai,nan-rai,rai,1,2
9509,nanstici,nan-stici,nan,0,2
9510,nanstici,nan-stici,stici,1,2
9511,nanstuna,nan-stuna,nan,0,2
9512,nanstuna,nan-stuna,stuna,1,2
9513,narbroda,nar-broda,nar,0,2
9514,narbroda,nar-broda,broda,1,2
9515,narcne,nar-cne,nar,0,2
9516,narcne,nar-cne,cne,1,2
9517,narcru,nar-cru,nar,0,2
9518,narcru,nar-cru,cru,1,2
9519,nardra,nar-dra,nar,0,2
9520,nardra,nar-dra,dra,1,2
9521,nardu'e,nar-du'e,nar,0,2
9522,nardu'e,nar-du'e,du'e,1,2
9523,narjbo,nar-jbo,nar,0,2
9524,narjbo,nar-jbo,jbo,1,2
9525,narjda,nar-jda,nar,0,2
9526,narjda,nar-jda,jda,1,2
9527,narjmi,nar-jmi,nar,0,2
9528,narjmi,nar-jmi,jmi,1,2
9529,narju'i,nar-ju'i,nar,0,2
9530,narju'i,nar-ju'i,ju'i,1,2
9531,narju'o,nar-ju'o,nar,0,2
9532,narju'o,nar-ju'o,ju'o,1,2
9533,narkiryri'a,nar-kir-ri'a,nar,0,3
9534,narkiryri'a,nar-kir-ri'a,kir,1,3
9535,narkiryri'a,nar-kir-ri'a,ri'a,2,3
9536,narkri,nar-kri,nar,0,2
9537,narkri,nar-kri,kri,1,2
9538,narli'u,nar-li'u,nar,0,2
9539,narli'u,nar-li'u,li'u,1,2
9540,narmitsi'u,nar-mit-si'u,nar,0,3
9541,narmitsi'u,nar-mit-si'u,mit,1,3
9542,narmitsi'u,nar-mit-si'u,si'u,2,3
9543,narmu'ucmu,nar-mu'u-cmu,nar,0,3
9544,narmu'ucmu,nar-mu'u-cmu,mu'u,1,3
9545,narmu'ucmu,nar-mu'u-cmu,cmu,2,3
9546,narpanci,nar-panci,nar,0,2
9547,narpanci,nar-panci,panci,1,2
9548,narpei,nar-pei,nar,0,2
9549,narpei,nar-pei,pei,1,2
9550,narpi'o,nar-pi'o,nar,0,2
9551,narpi'o,nar-pi'o,pi'o,1,2
9552,narpre,nar-pre,nar,0,2
9553,narpre,nar-pre,pre,1,2
9554,narselmipri,nar-sel-mipri,nar,0,3
9555,narselmipri,nar-sel-mipri,sel,1,3
9556,narselmipri,nar-sel-mipri,mipri,2,3
9557,narselpu'a,nar-sel-pu'a,nar,0,3
9558,narselpu'a,nar-sel-pu'a,sel,1,3
9559,narselpu'a,nar-sel-pu'a,pu'a,2,3
9560,narselsku,nar-sel-sku,nar,0,3
9561,narselsku,nar-sel-sku,sel,1,3
9562,narselsku,nar-sel-sku,sku,2,3
9563,narselvi'a,nar-sel-vi'a,nar,0,3
9564,narselvi'a,nar-sel-vi'a,sel,1,3
9565,narselvi'a,nar-sel-vi'a,vi'a,2,3
9566,narskugau,nar-sku-gau,nar,0,3
9567,narskugau,nar-sku-gau,sku,1,3
9568,narskugau,nar-sku-gau,gau,2,3
9569,narsmu,nar-smu,nar,0,2
9570,narsmu,nar-smu,smu,1,2
9571,narsti,nar-sti,nar,0,2
9572,narsti,nar-sti,sti,1,2
9573,narsumji,nar-sumji,nar,0,2
9574,narsumji,nar-sumji,sumji,1,2
9575,narterci'i,nar-ter-ci'i,nar,0,3
9576,narterci'i,nar-ter-ci'i,ter,1,3
9577,narterci'i,nar-ter-ci'i,ci'i,2,3
9578,narterge'a,nar-ter-ge'a,nar,0,3
9579,narterge'a,nar-ter-ge'a,ter,1,3
9580,narterge'a,nar-ter-ge'a,ge'a,2,3
9581,nartinri'a,nar-tin-ri'a,nar,0,3
9582,nartinri'a,nar-tin-ri'a,tin,1,3
9583,nartinri'a,nar-tin-ri'a,ri'a,2,3
9584,nartunba,nar-tunba,nar,0,2
9585,nartunba,nar-tunba,tunba,1,2
9586,narxa'u,nar-xa'u,nar,0,2
9587,narxa'u,nar-xa'u,xa'u,1,2
9588,narxalka,nar-xalka,nar,0,2
9589,narxalka,nar-xalka,xalka,1,2
9590,narxau,nar-xau,nar,0,2
9591,narxau,nar-xau,xau,1,2
9592,narzva,nar-zva,nar,0,2
9593,narzva,nar-zva,zva,1,2
9594,natpau,nat-pau,nat,0,2
9595,natpau,nat-pau,pau,1,2
9596,natxelso,nat-xelso,nat,0,2
9597,natxelso,nat-xelso,xelso,1,2
9598,naugri,nau-gri,nau,0,2
9599,naugri,nau-gri,gri,1,2
9600,naurbroda,nau-broda,nau,0,2
9601,naurbroda,nau-broda,broda,1,2
9602,naurkai,nau-kai,nau,0,2
9603,naurkai,nau-kai,kai,1,2
9604,nebdadyta'u,neb-dad-ta'u,neb,0,3
9605,nebdadyta'u,neb-dad-ta'u,dad,1,3
9606,nebdadyta'u,neb-dad-ta'u,ta'u,2,3
9607,nebdandu,neb-dandu,neb,0,2
9608,nebdandu,neb-dandu,dandu,1,2
9609,nebja'i,neb-ja'i,neb,0,2
9610,nebja'i,neb-ja'i,ja'i,1,2
9611,nebmirli,neb-mirli,neb,0,2
9612,nebmirli,neb-mirli,mirli,1,2
9613,nebybakni,neb-bakni,neb,0,2
9614,nebybakni,neb-bakni,bakni,1,2
9615,nebybukmlu,neb-buk-mlu,neb,0,3
9616,nebybukmlu,neb-buk-mlu,buk,1,3
9617,nebybukmlu,neb-buk-mlu,mlu,2,3
9618,neikla,nei-kla,nei,0,2
9619,neikla,nei-kla,kla,1,2
9620,neikra,nei-kra,nei,0,2
9621,neikra,nei-kra,kra,1,2
9622,neitce,nei-tce,nei,0,2
9623,neitce,nei-tce,tce,1,2
9624,neizma,nei-zma,nei,0,2
9625,neizma,nei-zma,zma,1,2
9626,nelcai,nel-cai,nel,0,2
9627,nelcai,nel-cai,cai,1,2
9628,nelcu'a,nel-cu'a,nel,0,2
9629,nelcu'a,nel-cu'a,cu'a,1,2
9630,nelrai,nel-rai,nel,0,2
9631,nelrai,nel-rai,rai,1,2
9632,nelsi'u,nel-si'u,nel,0,2
9633,nelsi'u,nel-si'u,si'u,1,2
9634,nemselva'i,nem-sel-va'i,nem,0,3
9635,nemselva'i,nem-sel-va'i,sel,1,3
9636,nemselva'i,nem-sel-va'i,va'i,2,3
9637,nenbei,nen-bei,nen,0,2
9638,nenbei,nen-bei,bei,1,2
9639,nenfagyflo,nen-fag-flo,nen,0,3
9640,nenfagyflo,nen-fag-flo,fag,1,3
9641,nenfagyflo,nen-fag-flo,flo,2,3
9642,nenka'a,nen-ka'a,nen,0,2
9643,nenka'a,nen-ka'a,ka'a,1,2
9644,nenkla,nen-kla,nen,0,2
9645,nenkla,nen-kla,kla,1,2
9646,nenli'i,nen-li'i,nen,0,2
9647,nenli'i,nen-li'i,li'i,1,2
9648,nerbi'o,ner-bi'o,ner,0,2
9649,nerbi'o,ner-bi'o,bi'o,1,2
9650,nerca'e,ner-ca'e,ner,0,2
9651,nerca'e,ner-ca'e,ca'e,1,2
9652,nercpu,ner-cpu,ner,0,2
9653,nercpu,ner-cpu,cpu,1,2
9654,nercreka,ner-creka,ner,0,2
9655,nercreka,ner-creka,creka,1,2
9656,nercreka,ner-creka,ner,0,2
9657,nercreka,ner-creka,creka,1,2
9658,nercti,ner-cti,ner,0,2
9659,nercti,ner-cti,cti,1,2
9660,nerdjo,ner-djo,ner,0,2
9661,nerdjo,ner-djo,djo,1,2
9662,nerdzukla,ner-dzu-kla,ner,0,3
9663,nerdzukla,ner-dzu-kla,dzu,1,3
9664,nerdzukla,ner-dzu-kla,kla,2,3
9665,nerfa'a,ner-fa'a,ner,0,2
9666,nerfa'a,ner-fa'a,fa'a,1,2
9667,nerfle,ner-fle,ner,0,2
9668,nerfle,ner-fle,fle,1,2
9669,nergu'egau,ner-gu'e-gau,ner,0,3
9670,nergu'egau,ner-gu'e-gau,gu'e,1,3
9671,nergu'egau,ner-gu'e-gau,gau,2,3
9672,nerkla,ner-kla,ner,0,2
9673,nerkla,ner-kla,kla,1,2
9674,nerkladzu,ner-kla-dzu,ner,0,3
9675,nerkladzu,ner-kla-dzu,kla,1,3
9676,nerkladzu,ner-kla-dzu,dzu,2,3
9677,nermoi,ner-moi,ner,0,2
9678,nermoi,ner-moi,moi,1,2
9679,nerpre,ner-pre,ner,0,2
9680,nerpre,ner-pre,pre,1,2
9681,nerpu'i,ner-pu'i,ner,0,2
9682,nerpu'i,ner-pu'i,pu'i,1,2
9683,nersfe,ner-sfe,ner,0,2
9684,nersfe,ner-sfe,sfe,1,2
9685,nertulvai,ner-tul-vai,ner,0,3
9686,nertulvai,ner-tul-vai,tul,1,3
9687,nertulvai,ner-tul-vai,vai,2,3
9688,neryre'o,ner-re'o,ner,0,2
9689,neryre'o,ner-re'o,re'o,1,2
9690,ni'ablo,ni'a-blo,ni'a,0,2
9691,ni'ablo,ni'a-blo,blo,1,2
9692,nibypei,nib-pei,nib,0,2
9693,nibypei,nib-pei,pei,1,2
9694,nibypoi,nib-poi,nib,0,2
9695,nibypoi,nib-poi,poi,1,2
9696,niclei,nic-lei,nic,0,2
9697,niclei,nic-lei,lei,1,2
9698,nicri'a,nic-ri'a,nic,0,2
9699,nicri'a,nic-ri'a,ri'a,1,2
9700,nicygai,nic-gai,nic,0,2
9701,nicygai,nic-gai,gai,1,2
9702,nicygau,nic-gau,nic,0,2
9703,nicygau,nic-gau,gau,1,2
9704,nidnidykemtre,nid-nid-kem-tre,nid,0,4
9705,nidnidykemtre,nid-nid-kem-tre,nid,1,4
9706,nidnidykemtre,nid-nid-kem-tre,kem,2,4
9707,nidnidykemtre,nid-nid-kem-tre,tre,3,4
9708,nidnidytre,nid-nid-tre,nid,0,3
9709,nidnidytre,nid-nid-tre,nid,1,3
9710,nidnidytre,nid-nid-tre,tre,2,3
9711,nidykemrapli,nid-kem-rapli,nid,0,3
9712,nidykemrapli,nid-kem-rapli,kem,1,3
9713,nidykemrapli,nid-kem-rapli,rapli,2,3
9714,nidykemtre,nid-kem-tre,nid,0,3
9715,nidykemtre,nid-kem-tre,kem,1,3
9716,nidykemtre,nid-kem-tre,tre,2,3
9717,nidytre,nid-tre,nid,0,2
9718,nidytre,nid-tre,tre,1,2
9719,nilbandu,nil-bandu,nil,0,2
9720,nilbandu,nil-bandu,bandu,1,2
9721,nilboi,nil-boi,nil,0,2
9722,nilboi,nil-boi,boi,1,2
9723,nilbra,nil-bra,nil,0,2
9724,nilbra,nil-bra,bra,1,2
9725,nilbroda,nil-broda,nil,0,2
9726,nilbroda,nil-broda,broda,1,2
9727,nilci'o,nil-ci'o,nil,0,2
9728,nilci'o,nil-ci'o,ci'o,1,2
9729,nilcla,nil-cla,nil,0,2
9730,nilcla,nil-cla,cla,1,2
9731,nilda'o,nil-da'o,nil,0,2
9732,nilda'o,nil-da'o,da'o,1,2
9733,nildro,nil-dro,nil,0,2
9734,nildro,nil-dro,dro,1,2
9735,nilfagyctu,nil-fag-ctu,nil,0,3
9736,nilfagyctu,nil-fag-ctu,fag,1,3
9737,nilfagyctu,nil-fag-ctu,ctu,2,3
9738,nilfatci,nil-fatci,nil,0,2
9739,nilfatci,nil-fatci,fatci,1,2
9740,ni'egla,ni'e-gla,ni'e,0,2
9741,ni'egla,ni'e-gla,gla,1,2
9742,nilgu'i,nil-gu'i,nil,0,2
9743,nilgu'i,nil-gu'i,gu'i,1,2
9744,ni'erje'u,ni'e-je'u,ni'e,0,2
9745,ni'erje'u,ni'e-je'u,je'u,1,2
9746,nilji'a,nil-ji'a,nil,0,2
9747,nilji'a,nil-ji'a,ji'a,1,2
9748,nilji'arau,nil-ji'a-rau,nil,0,3
9749,nilji'arau,nil-ji'a-rau,ji'a,1,3
9750,nilji'arau,nil-ji'a-rau,rau,2,3
9751,niljigzgi,nil-jig-zgi,nil,0,3
9752,niljigzgi,nil-jig-zgi,jig,1,3
9753,niljigzgi,nil-jig-zgi,zgi,2,3
9754,nilmle,nil-mle,nil,0,2
9755,nilmle,nil-mle,mle,1,2
9756,nilnalci'o,nil-nal-ci'o,nil,0,3
9757,nilnalci'o,nil-nal-ci'o,nal,1,3
9758,nilnalci'o,nil-nal-ci'o,ci'o,2,3
9759,nilsau,nil-sau,nil,0,2
9760,nilsau,nil-sau,sau,1,2
9761,niltei,nil-tei,nil,0,2
9762,niltei,nil-tei,tei,1,2
9763,nilto'u,nil-to'u,nil,0,2
9764,nilto'u,nil-to'u,to'u,1,2
9765,nilxa'u,nil-xa'u,nil,0,2
9766,nilxa'u,nil-xa'u,xa'u,1,2
9767,nilyla'e,nil-la'e,nil,0,2
9768,nilyla'e,nil-la'e,la'e,1,2
9769,nilyle'u,nil-le'u,nil,0,2
9770,nilyle'u,nil-le'u,le'u,1,2
9771,nimbau,nim-bau,nim,0,2
9772,nimbau,nim-bau,bau,1,2
9773,nimcei,nim-cei,nim,0,2
9774,nimcei,nim-cei,cei,1,2
9775,nimci'o,nim-ci'o,nim,0,2
9776,nimci'o,nim-ci'o,ci'o,1,2
9777,nimdze,nim-dze,nim,0,2
9778,nimdze,nim-dze,dze,1,2
9779,nimnau,nim-nau,nim,0,2
9780,nimnau,nim-nau,nau,1,2
9781,nimtolci'o,nim-tol-ci'o,nim,0,3
9782,nimtolci'o,nim-tol-ci'o,tol,1,3
9783,nimtolci'o,nim-tol-ci'o,ci'o,2,3
9784,nimymikce,nim-mikce,nim,0,2
9785,nimymikce,nim-mikce,mikce,1,2
9786,nincre,nin-cre,nin,0,2
9787,nincre,nin-cre,cre,1,2
9788,nincinfo,nin-cinfo,nin,0,2
9789,nincinfo,nin-cinfo,cinfo,1,2
9790,nincme,nin-cme,nin,0,2
9791,nincme,nin-cme,cme,1,2
9792,ninda'ibandu,nin-da'i-bandu,nin,0,3
9793,ninda'ibandu,nin-da'i-bandu,da'i,1,3
9794,ninda'ibandu,nin-da'i-bandu,bandu,2,3
9795,ninda'ibandu,nin-da'i-bandu,nin,0,3
9796,ninda'ibandu,nin-da'i-bandu,da'i,1,3
9797,ninda'ibandu,nin-da'i-bandu,bandu,2,3
9798,nindatni,nin-datni,nin,0,2
9799,nindatni,nin-datni,datni,1,2
9800,ningau,nin-gau,nin,0,2
9801,ningau,nin-gau,gau,1,2
9802,ningimste,nin-gim-ste,nin,0,3
9803,ningimste,nin-gim-ste,gim,1,3
9804,ningimste,nin-gim-ste,ste,2,3
9805,ninja'o,nin-ja'o,nin,0,2
9806,ninja'o,nin-ja'o,ja'o,1,2
9807,ninje'u,nin-je'u,nin,0,2
9808,ninje'u,nin-je'u,je'u,1,2
9809,ninmafcai,nin-maf-cai,nin,0,3
9810,ninmafcai,nin-maf-cai,maf,1,3
9811,ninmafcai,nin-maf-cai,cai,2,3
9812,ninpai,nin-pai,nin,0,2
9813,ninpai,nin-pai,pai,1,2
9814,ninpaireckai,nin-pai-rec-kai,nin,0,4
9815,ninpaireckai,nin-pai-rec-kai,pai,1,4
9816,ninpaireckai,nin-pai-rec-kai,rec,2,4
9817,ninpaireckai,nin-pai-rec-kai,kai,3,4
9818,ninpe'i,nin-pe'i,nin,0,2
9819,ninpe'i,nin-pe'i,pe'i,1,2
9820,ninpemci,nin-pemci,nin,0,2
9821,ninpemci,nin-pemci,pemci,1,2
9822,ninpengau,nin-pen-gau,nin,0,3
9823,ninpengau,nin-pen-gau,pen,1,3
9824,ninpengau,nin-pen-gau,gau,2,3
9825,ninpra,nin-pra,nin,0,2
9826,ninpra,nin-pra,pra,1,2
9827,ninrai,nin-rai,nin,0,2
9828,ninrai,nin-rai,rai,1,2
9829,ninre'i,nin-re'i,nin,0,2
9830,ninre'i,nin-re'i,re'i,1,2
9831,ninsei,nin-sei,nin,0,2
9832,ninsei,nin-sei,sei,1,2
9833,ninselkakpa,nin-sel-kakpa,nin,0,3
9834,ninselkakpa,nin-sel-kakpa,sel,1,3
9835,ninselkakpa,nin-sel-kakpa,kakpa,2,3
9836,ninske,nin-ske,nin,0,2
9837,ninske,nin-ske,ske,1,2
9838,ninsau,nin-sau,nin,0,2
9839,ninsau,nin-sau,sau,1,2
9840,nintadji,nin-tadji,nin,0,2
9841,nintadji,nin-tadji,tadji,1,2
9842,nintei,nin-tei,nin,0,2
9843,nintei,nin-tei,tei,1,2
9844,ninyna'a,nin-na'a,nin,0,2
9845,ninyna'a,nin-na'a,na'a,1,2
9846,ninzba,nin-zba,nin,0,2
9847,ninzba,nin-zba,zba,1,2
9848,ninzga,nin-zga,nin,0,2
9849,ninzga,nin-zga,zga,1,2
9850,nipybu'uvau,nip-bu'u-vau,nip,0,3
9851,nipybu'uvau,nip-bu'u-vau,bu'u,1,3
9852,nipybu'uvau,nip-bu'u-vau,vau,2,3
9853,nipsrisro,nip-sri-sro,nip,0,3
9854,nipsrisro,nip-sri-sro,sri,1,3
9855,nipsrisro,nip-sri-sro,sro,2,3
9856,nirbi'a,nir-bi'a,nir,0,2
9857,nirbi'a,nir-bi'a,bi'a,1,2
9858,nirci'e,nir-ci'e,nir,0,2
9859,nirci'e,nir-ci'e,ci'e,1,2
9860,nirterbi'a,nir-ter-bi'a,nir,0,3
9861,nirterbi'a,nir-ter-bi'a,ter,1,3
9862,nirterbi'a,nir-ter-bi'a,bi'a,2,3
9863,nirviljenca,nir-vil-jenca,nir,0,3
9864,nirviljenca,nir-vil-jenca,vil,1,3
9865,nirviljenca,nir-vil-jenca,jenca,2,3
9866,nistru,nis-tru,nis,0,2
9867,nistru,nis-tru,tru,1,2
9868,nitca'o,nit-ca'o,nit,0,2
9869,nitca'o,nit-ca'o,ca'o,1,2
9870,nitcau,nit-cau,nit,0,2
9871,nitcau,nit-cau,cau,1,2
9872,nitcpare,nit-cpare,nit,0,2
9873,nitcpare,nit-cpare,cpare,1,2
9874,nitcreka,nit-creka,nit,0,2
9875,nitcreka,nit-creka,creka,1,2
9876,nitflevoi,nit-fle-voi,nit,0,3
9877,nitflevoi,nit-fle-voi,fle,1,3
9878,nitflevoi,nit-fle-voi,voi,2,3
9879,nitkla,nit-kla,nit,0,2
9880,nitkla,nit-kla,kla,1,2
9881,nitkro,nit-kro,nit,0,2
9882,nitkro,nit-kro,kro,1,2
9883,nitli'a,nit-li'a,nit,0,2
9884,nitli'a,nit-li'a,li'a,1,2
9885,nitli'i,nit-li'i,nit,0,2
9886,nitli'i,nit-li'i,li'i,1,2
9887,nitmu'e,nit-mu'e,nit,0,2
9888,nitmu'e,nit-mu'e,mu'e,1,2
9889,nitmu'u,nit-mu'u,nit,0,2
9890,nitmu'u,nit-mu'u,mu'u,1,2
9891,nitnaltu'u,nit-nal-tu'u,nit,0,3
9892,nitnaltu'u,nit-nal-tu'u,nal,1,3
9893,nitnaltu'u,nit-nal-tu'u,tu'u,2,3
9894,nitrai,nit-rai,nit,0,2
9895,nitrai,nit-rai,rai,1,2
9896,nitre'e,nit-re'e,nit,0,2
9897,nitre'e,nit-re'e,re'e,1,2
9898,nitsa'o,nit-sa'o,nit,0,2
9899,nitsa'o,nit-sa'o,sa'o,1,2
9900,nitseltcidu,nit-sel-tcidu,nit,0,3
9901,nitseltcidu,nit-sel-tcidu,sel,1,3
9902,nitseltcidu,nit-sel-tcidu,tcidu,2,3
9903,nitspa,nit-spa,nit,0,2
9904,nitspa,nit-spa,spa,1,2
9905,nitybu'u,nit-bu'u,nit,0,2
9906,nitybu'u,nit-bu'u,bu'u,1,2
9907,nitygapru,nit-gapru,nit,0,2
9908,nitygapru,nit-gapru,gapru,1,2
9909,nitytu'u,nit-tu'u,nit,0,2
9910,nitytu'u,nit-tu'u,tu'u,1,2
9911,noicku,noi-cku,noi,0,2
9912,noicku,noi-cku,cku,1,2
9913,notcreka,not-creka,not,0,2
9914,notcreka,not-creka,creka,1,2
9915,noigli,noi-gli,noi,0,2
9916,noigli,noi-gli,gli,1,2
9917,noirji'atamne,noi-ji'a-tamne,noi,0,3
9918,noirji'atamne,noi-ji'a-tamne,ji'a,1,3
9919,noirji'atamne,noi-ji'a-tamne,tamne,2,3
9920,noirtamne,noi-tamne,noi,0,2
9921,noirtamne,noi-tamne,tamne,1,2
9922,nolcre,nol-cre,nol,0,2
9923,nolcre,nol-cre,cre,1,2
9924,nolcei,nol-cei,nol,0,2
9925,nolcei,nol-cei,cei,1,2
9926,nolcrecmi,nol-cre-cmi,nol,0,3
9927,nolcrecmi,nol-cre-cmi,cre,1,3
9928,nolcrecmi,nol-cre-cmi,cmi,2,3
9929,nolcmi,nol-cmi,nol,0,2
9930,nolcmi,nol-cmi,cmi,1,2
9931,nolmapku,nol-mapku,nol,0,2
9932,nolmapku,nol-mapku,mapku,1,2
9933,nolnau,nol-nau,nol,0,2
9934,nolnau,nol-nau,nau,1,2
9935,nolni'u,nol-ni'u,nol,0,2
9936,nolni'u,nol-ni'u,ni'u,1,2
9937,nolrai,nol-rai,nol,0,2
9938,nolrai,nol-rai,rai,1,2
9939,nolrainanla,nol-rai-nanla,nol,0,3
9940,nolrainanla,nol-rai-nanla,rai,1,3
9941,nolrainanla,nol-rai-nanla,nanla,2,3
9942,nolraiti'u,nol-rai-ti'u,nol,0,3
9943,nolraiti'u,nol-rai-ti'u,rai,1,3
9944,nolraiti'u,nol-rai-ti'u,ti'u,2,3
9945,nolraitru,nol-rai-tru,nol,0,3
9946,nolraitru,nol-rai-tru,rai,1,3
9947,nolraitru,nol-rai-tru,tru,2,3
9948,nolraitrube'a,nol-rai-tru-be'a,nol,0,4
9949,nolraitrube'a,nol-rai-tru-be'a,rai,1,4
9950,nolraitrube'a,nol-rai-tru-be'a,tru,2,4
9951,nolraitrube'a,nol-rai-tru-be'a,be'a,3,4
9952,nolraitruti'u,nol-rai-tru-ti'u,nol,0,4
9953,nolraitruti'u,nol-rai-tru-ti'u,rai,1,4
9954,nolraitruti'u,nol-rai-tru-ti'u,tru,2,4
9955,nolraitruti'u,nol-rai-tru-ti'u,ti'u,3,4
9956,nolraixli,nol-rai-xli,nol,0,3
9957,nolraixli,nol-rai-xli,rai,1,3
9958,nolraixli,nol-rai-xli,xli,2,3
9959,nolraizda,nol-rai-zda,nol,0,3
9960,nolraizda,nol-rai-zda,rai,1,3
9961,nolraizda,nol-rai-zda,zda,2,3
9962,nolselzdi,nol-sel-zdi,nol,0,3
9963,nolselzdi,nol-sel-zdi,sel,1,3
9964,nolselzdi,nol-sel-zdi,zdi,2,3
9965,nolvai,nol-vai,nol,0,2
9966,nolvai,nol-vai,vai,1,2
9967,nolzda,nol-zda,nol,0,2
9968,nolzda,nol-zda,zda,1,2
9969,noncme,non-cme,non,0,2
9970,noncme,non-cme,cme,1,2
9971,nondei,non-dei,non,0,2
9972,nondei,non-dei,dei,1,2
9973,nonmeipei,non-mei-pei,non,0,3
9974,nonmeipei,non-mei-pei,mei,1,3
9975,nonmeipei,non-mei-pei,pei,2,3
9976,nonseldi'a,non-sel-di'a,non,0,3
9977,nonseldi'a,non-sel-di'a,sel,1,3
9978,nonseldi'a,non-sel-di'a,di'a,2,3
9979,nonselve'u,non-sel-ve'u,non,0,3
9980,nonselve'u,non-sel-ve'u,sel,1,3
9981,nonselve'u,non-sel-ve'u,ve'u,2,3
9982,norbau,nor-bau,nor,0,2
9983,norbau,nor-bau,bau,1,2
9984,norbli,nor-bli,nor,0,2
9985,norbli,nor-bli,bli,1,2
9986,norbra,nor-bra,nor,0,2
9987,norbra,nor-bra,bra,1,2
9988,norbu'o,nor-bu'o,nor,0,2
9989,norbu'o,nor-bu'o,bu'o,1,2
9990,norcikybi'o,nor-cik-bi'o,nor,0,3
9991,norcikybi'o,nor-cik-bi'o,cik,1,3
9992,norcikybi'o,nor-cik-bi'o,bi'o,2,3
9993,norcilmo,nor-cilmo,nor,0,2
9994,norcilmo,nor-cilmo,cilmo,1,2
9995,norcro,nor-cro,nor,0,2
9996,norcro,nor-cro,cro,1,2
9997,norcte,nor-cte,nor,0,2
9998,norcte,nor-cte,cte,1,2
9999,norcu'a,nor-cu'a,nor,0,2
10000,norcu'a,nor-cu'a,cu'a,1,2
10001,nordre,nor-dre,nor,0,2
10002,nordre,nor-dre,dre,1,2
10003,nordri,nor-dri,nor,0,2
10004,nordri,nor-dri,dri,1,2
10005,norgla,nor-gla,nor,0,2
10006,norgla,nor-gla,gla,1,2
10007,norgu'i,nor-gu'i,nor,0,2
10008,norgu'i,nor-gu'i,gu'i,1,2
10009,norjda,nor-jda,nor,0,2
10010,norjda,nor-jda,jda,1,2
10011,norjmi,nor-jmi,nor,0,2
10012,norjmi,nor-jmi,jmi,1,2
10013,norlainanla,nor-lai-nanla,nor,0,3
10014,norlainanla,nor-lai-nanla,lai,1,3
10015,norlainanla,nor-lai-nanla,nanla,2,3
10016,norma'u,nor-ma'u,nor,0,2
10017,norma'u,nor-ma'u,ma'u,1,2
10018,normo'i,nor-mo'i,nor,0,2
10019,normo'i,nor-mo'i,mo'i,1,2
10020,normro,nor-mro,nor,0,2
10021,normro,nor-mro,mro,1,2
10022,normromi'e,nor-mro-mi'e,nor,0,3
10023,normromi'e,nor-mro-mi'e,mro,1,3
10024,normromi'e,nor-mro-mi'e,mi'e,2,3
10025,normu'o,nor-mu'o,nor,0,2
10026,normu'o,nor-mu'o,mu'o,1,2
10027,nornungu'i,nor-nun-gu'i,nor,0,3
10028,nornungu'i,nor-nun-gu'i,nun,1,3
10029,nornungu'i,nor-nun-gu'i,gu'i,2,3
10030,norpa'a,nor-pa'a,nor,0,2
10031,norpa'a,nor-pa'a,pa'a,1,2
10032,norpante,nor-pante,nor,0,2
10033,norpante,nor-pante,pante,1,2
10034,norpei,nor-pei,nor,0,2
10035,norpei,nor-pei,pei,1,2
10036,norsanji,nor-sanji,nor,0,2
10037,norsanji,nor-sanji,sanji,1,2
10038,norselsaifa'u,nor-sel-sai-fa'u,nor,0,4
10039,norselsaifa'u,nor-sel-sai-fa'u,sel,1,4
10040,norselsaifa'u,nor-sel-sai-fa'u,sai,2,4
10041,norselsaifa'u,nor-sel-sai-fa'u,fa'u,3,4
10042,norsiclai,nor-sic-lai,nor,0,3
10043,norsiclai,nor-sic-lai,sic,1,3
10044,norsiclai,nor-sic-lai,lai,2,3
10045,norsku,nor-sku,nor,0,2
10046,norsku,nor-sku,sku,1,2
10047,norsnosli,nor-sno-sli,nor,0,3
10048,norsnosli,nor-sno-sli,sno,1,3
10049,norsnosli,nor-sno-sli,sli,2,3
10050,norsutsli,nor-sut-sli,nor,0,3
10051,norsutsli,nor-sut-sli,sut,1,3
10052,norsutsli,nor-sut-sli,sli,2,3
10053,nortca,nor-tca,nor,0,2
10054,nortca,nor-tca,tca,1,2
10055,nortce,nor-tce,nor,0,2
10056,nortce,nor-tce,tce,1,2
10057,norvaismu,nor-vai-smu,nor,0,3
10058,norvaismu,nor-vai-smu,vai,1,3
10059,norvaismu,nor-vai-smu,smu,2,3
10060,norve'a,nor-ve'a,nor,0,2
10061,norve'a,nor-ve'a,ve'a,1,2
10062,norvercro,nor-ver-cro,nor,0,3
10063,norvercro,nor-ver-cro,ver,1,3
10064,norvercro,nor-ver-cro,cro,2,3
10065,norxau,nor-xau,nor,0,2
10066,norxau,nor-xau,xau,1,2
10067,norxu'a,nor-xu'a,nor,0,2
10068,norxu'a,nor-xu'a,xu'a,1,2
10069,noryra'e,nor-ra'e,nor,0,2
10070,noryra'e,nor-ra'e,ra'e,1,2
10071,noryre'u,nor-re'u,nor,0,2
10072,noryre'u,nor-re'u,re'u,1,2
10073,noryru'i,nor-ru'i,nor,0,2
10074,noryru'i,nor-ru'i,ru'i,1,2
10075,notcatlu,not-catlu,not,0,2
10076,notcatlu,not-catlu,catlu,1,2
10077,notcreka,not-creka,not,0,2
10078,notcreka,not-creka,creka,1,2
10079,notcrida,not-crida,not,0,2
10080,notcrida,not-crida,crida,1,2
10081,notkei,not-kei,not,0,2
10082,notkei,not-kei,kei,1,2
10083,notlarja'ostu,not-lar-ja'o-stu,not,0,4
10084,notlarja'ostu,not-lar-ja'o-stu,lar,1,4
10085,notlarja'ostu,not-lar-ja'o-stu,ja'o,2,4
10086,notlarja'ostu,not-lar-ja'o-stu,stu,3,4
10087,notpai,not-pai,not,0,2
10088,notpai,not-pai,pai,1,2
10089,notskina,not-skina,not,0,2
10090,notskina,not-skina,skina,1,2
10091,nujdja,nuj-dja,nuj,0,2
10092,nujdja,nuj-dja,dja,1,2
10093,numbermei,num-ber-mei,num,0,3
10094,numbermei,num-ber-mei,ber,1,3
10095,numbermei,num-ber-mei,mei,2,3
10096,numxa'u,num-xa'u,num,0,2
10097,numxa'u,num-xa'u,xa'u,1,2
10098,nunba'u,nun-ba'u,nun,0,2
10099,nunba'u,nun-ba'u,ba'u,1,2
10100,nunbajra,nun-bajra,nun,0,2
10101,nunbajra,nun-bajra,bajra,1,2
10102,nunbasti,nun-basti,nun,0,2
10103,nunbasti,nun-basti,basti,1,2
10104,nunbatci,nun-batci,nun,0,2
10105,nunbatci,nun-batci,batci,1,2
10106,nunbatkyci'a,nun-batk-ci'a,nun,0,3
10107,nunbatkyci'a,nun-batk-ci'a,batk,1,3
10108,nunbatkyci'a,nun-batk-ci'a,ci'a,2,3
10109,nunbavyfi'a,nun-bav-fi'a,nun,0,3
10110,nunbavyfi'a,nun-bav-fi'a,bav,1,3
10111,nunbavyfi'a,nun-bav-fi'a,fi'a,2,3
10112,nunbei,nun-bei,nun,0,2
10113,nunbei,nun-bei,bei,1,2
10114,nunbi'a,nun-bi'a,nun,0,2
10115,nunbi'a,nun-bi'a,bi'a,1,2
10116,nunbi'o,nun-bi'o,nun,0,2
10117,nunbi'o,nun-bi'o,bi'o,1,2
10118,nunblozeile'a,nun-blo-zei-le'a,nun,0,4
10119,nunblozeile'a,nun-blo-zei-le'a,blo,1,4
10120,nunblozeile'a,nun-blo-zei-le'a,zei,2,4
10121,nunblozeile'a,nun-blo-zei-le'a,le'a,3,4
10122,nunboitipyjvikezboi,nun-boi-tip-jvi-kez-boi,nun,0,6
10123,nunboitipyjvikezboi,nun-boi-tip-jvi-kez-boi,boi,1,6
10124,nunboitipyjvikezboi,nun-boi-tip-jvi-kez-boi,tip,2,6
10125,nunboitipyjvikezboi,nun-boi-tip-jvi-kez-boi,jvi,3,6
10126,nunboitipyjvikezboi,nun-boi-tip-jvi-kez-boi,kez,4,6
10127,nunboitipyjvikezboi,nun-boi-tip-jvi-kez-boi,boi,5,6
10128,nunbroda,nun-broda,nun,0,2
10129,nunbroda,nun-broda,broda,1,2
10130,nuncaitoi,nun-cai-toi,nun,0,3
10131,nuncaitoi,nun-cai-toi,cai,1,3
10132,nuncaitoi,nun-cai-toi,toi,2,3
10133,nunce'a,nun-ce'a,nun,0,2
10134,nunce'a,nun-ce'a,ce'a,1,2
10135,nunce'i,nun-ce'i,nun,0,2
10136,nunce'i,nun-ce'i,ce'i,1,2
10137,nuncesygau,nun-ces-gau,nun,0,3
10138,nuncesygau,nun-ces-gau,ces,1,3
10139,nuncesygau,nun-ces-gau,gau,2,3
10140,nuncfa,nun-cfa,nun,0,2
10141,nuncfa,nun-cfa,cfa,1,2
10142,nuncinba,nun-cinba,nun,0,2
10143,nuncinba,nun-cinba,cinba,1,2
10144,nuncipra,nun-cipra,nun,0,2
10145,nuncipra,nun-cipra,cipra,1,2
10146,nunckasu,nun-ckasu,nun,0,2
10147,nunckasu,nun-ckasu,ckasu,1,2
10148,nuncku,nun-cku,nun,0,2
10149,nuncku,nun-cku,cku,1,2
10150,nuncla,nun-cla,nun,0,2
10151,nuncla,nun-cla,cla,1,2
10152,nunclapi'e,nun-cla-pi'e,nun,0,3
10153,nunclapi'e,nun-cla-pi'e,cla,1,3
10154,nunclapi'e,nun-cla-pi'e,pi'e,2,3
10155,nuncmo,nun-cmo,nun,0,2
10156,nuncmo,nun-cmo,cmo,1,2
10157,nuncni,nun-cni,nun,0,2
10158,nuncni,nun-cni,cni,1,2
10159,nunci'icro,nun-ci'i-cro,nun,0,3
10160,nunci'icro,nun-ci'i-cro,ci'i,1,3
10161,nunci'icro,nun-ci'i-cro,cro,2,3
10162,nunco'acme,nun-co'a-cme,nun,0,3
10163,nunco'acme,nun-co'a-cme,co'a,1,3
10164,nunco'acme,nun-co'a-cme,cme,2,3
10165,nunco'aspe,nun-co'a-spe,nun,0,3
10166,nunco'aspe,nun-co'a-spe,co'a,1,3
10167,nunco'aspe,nun-co'a-spe,spe,2,3
10168,nunco'e,nun-co'e,nun,0,2
10169,nunco'e,nun-co'e,co'e,1,2
10170,nuncombroda,nun-com-broda,nun,0,3
10171,nuncombroda,nun-com-broda,com,1,3
10172,nuncombroda,nun-com-broda,broda,2,3
10173,nuncpe,nun-cpe,nun,0,2
10174,nuncpe,nun-cpe,cpe,1,2
10175,nuncre,nun-cre,nun,0,2
10176,nuncre,nun-cre,cre,1,2
10177,nuncro,nun-cro,nun,0,2
10178,nuncro,nun-cro,cro,1,2
10179,nuncti,nun-cti,nun,0,2
10180,nuncti,nun-cti,cti,1,2
10181,nunctikezgau,nun-cti-kez-gau,nun,0,4
10182,nunctikezgau,nun-cti-kez-gau,cti,1,4
10183,nunctikezgau,nun-cti-kez-gau,kez,2,4
10184,nunctikezgau,nun-cti-kez-gau,gau,3,4
10185,nunctu,nun-ctu,nun,0,2
10186,nunctu,nun-ctu,ctu,1,2
10187,nuncu'i,nun-cu'i,nun,0,2
10188,nuncu'i,nun-cu'i,cu'i,1,2
10189,nunda'a,nun-da'a,nun,0,2
10190,nunda'a,nun-da'a,da'a,1,2
10191,nunda'i,nun-da'i,nun,0,2
10192,nunda'i,nun-da'i,da'i,1,2
10193,nundansu,nun-dansu,nun,0,2
10194,nundansu,nun-dansu,dansu,1,2
10195,nundau,nun-dau,nun,0,2
10196,nundau,nun-dau,dau,1,2
10197,nunde'a,nun-de'a,nun,0,2
10198,nunde'a,nun-de'a,de'a,1,2
10199,nundra,nun-dra,nun,0,2
10200,nundra,nun-dra,dra,1,2
10201,nundraci,nun-draci,nun,0,2
10202,nundraci,nun-draci,draci,1,2
10203,nundraselgau,nun-dra-sel-gau,nun,0,4
10204,nundraselgau,nun-dra-sel-gau,dra,1,4
10205,nundraselgau,nun-dra-sel-gau,sel,2,4
10206,nundraselgau,nun-dra-sel-gau,gau,3,4
10207,nundunra,nun-dunra,nun,0,2
10208,nundunra,nun-dunra,dunra,1,2
10209,nunfanva,nun-fanva,nun,0,2
10210,nunfanva,nun-fanva,fanva,1,2
10211,nunfarvi,nun-farvi,nun,0,2
10212,nunfarvi,nun-farvi,farvi,1,2
10213,nunfe'o,nun-fe'o,nun,0,2
10214,nunfe'o,nun-fe'o,fe'o,1,2
10215,nunfe'u,nun-fe'u,nun,0,2
10216,nunfe'u,nun-fe'u,fe'u,1,2
10217,nunfenki,nun-fenki,nun,0,2
10218,nunfenki,nun-fenki,fenki,1,2
10219,nunfi'i,nun-fi'i,nun,0,2
10220,nunfi'i,nun-fi'i,fi'i,1,2
10221,nunfli,nun-fli,nun,0,2
10222,nunfli,nun-fli,fli,1,2
10223,nunfonta'a,nun-fon-ta'a,nun,0,3
10224,nunfonta'a,nun-fon-ta'a,fon,1,3
10225,nunfonta'a,nun-fon-ta'a,ta'a,2,3
10226,nunfrica,nun-frica,nun,0,2
10227,nunfrica,nun-frica,frica,1,2
10228,nunfru,nun-fru,nun,0,2
10229,nunfru,nun-fru,fru,1,2
10230,nunga'e,nun-ga'e,nun,0,2
10231,nunga'e,nun-ga'e,ga'e,1,2
10232,nunga'i,nun-ga'i,nun,0,2
10233,nunga'i,nun-ga'i,ga'i,1,2
10234,nunga'igau,nun-ga'i-gau,nun,0,3
10235,nunga'igau,nun-ga'i-gau,ga'i,1,3
10236,nunga'igau,nun-ga'i-gau,gau,2,3
10237,nungau,nun-gau,nun,0,2
10238,nungau,nun-gau,gau,1,2
10239,nungei,nun-gei,nun,0,2
10240,nungei,nun-gei,gei,1,2
10241,nungei,nun-gei,nun,0,2
10242,nungei,nun-gei,gei,1,2
10243,nungrijdi,nun-gri-jdi,nun,0,3
10244,nungrijdi,nun-gri-jdi,gri,1,3
10245,nungrijdi,nun-gri-jdi,jdi,2,3
10246,nungu'a,nun-gu'a,nun,0,2
10247,nungu'a,nun-gu'a,gu'a,1,2
10248,nungumsladansu,nun-gum-sla-dansu,nun,0,4
10249,nungumsladansu,nun-gum-sla-dansu,gum,1,4
10250,nungumsladansu,nun-gum-sla-dansu,sla,2,4
10251,nungumsladansu,nun-gum-sla-dansu,dansu,3,4
10252,nungumsladansu,nun-gum-sla-dansu,nun,0,4
10253,nungumsladansu,nun-gum-sla-dansu,gum,1,4
10254,nungumsladansu,nun-gum-sla-dansu,sla,2,4
10255,nungumsladansu,nun-gum-sla-dansu,dansu,3,4
10256,nungunta,nun-gunta,nun,0,2
10257,nungunta,nun-gunta,gunta,1,2
10258,nungutsuksa,nun-gut-suksa,nun,0,3
10259,nungutsuksa,nun-gut-suksa,gut,1,3
10260,nungutsuksa,nun-gut-suksa,suksa,2,3
10261,nunja'o,nun-ja'o,nun,0,2
10262,nunja'o,nun-ja'o,ja'o,1,2
10263,nunjamna,nun-jamna,nun,0,2
10264,nunjamna,nun-jamna,jamna,1,2
10265,nunjaugacpe'a,nun-jau-gac-pe'a,nun,0,4
10266,nunjaugacpe'a,nun-jau-gac-pe'a,jau,1,4
10267,nunjaugacpe'a,nun-jau-gac-pe'a,gac,2,4
10268,nunjaugacpe'a,nun-jau-gac-pe'a,pe'a,3,4
10269,nunjaugacpu'u,nun-jau-gac-pu'u,nun,0,4
10270,nunjaugacpu'u,nun-jau-gac-pu'u,jau,1,4
10271,nunjaugacpu'u,nun-jau-gac-pu'u,gac,2,4
10272,nunjaugacpu'u,nun-jau-gac-pu'u,pu'u,3,4
10273,nunjaugacyse'a,nun-jau-gac-se'a,nun,0,4
10274,nunjaugacyse'a,nun-jau-gac-se'a,jau,1,4
10275,nunjaugacyse'a,nun-jau-gac-se'a,gac,2,4
10276,nunjaugacyse'a,nun-jau-gac-se'a,se'a,3,4
10277,nunjbe,nun-jbe,nun,0,2
10278,nunjbe,nun-jbe,jbe,1,2
10279,nunje'aga'ibai,nun-je'a-ga'i-bai,nun,0,4
10280,nunje'aga'ibai,nun-je'a-ga'i-bai,je'a,1,4
10281,nunje'aga'ibai,nun-je'a-ga'i-bai,ga'i,2,4
10282,nunje'aga'ibai,nun-je'a-ga'i-bai,bai,3,4
10283,nunje'i,nun-je'i,nun,0,2
10284,nunje'i,nun-je'i,je'i,1,2
10285,nunji'e,nun-ji'e,nun,0,2
10286,nunji'e,nun-ji'e,ji'e,1,2
10287,nunjikca,nun-jikca,nun,0,2
10288,nunjikca,nun-jikca,jikca,1,2
10289,nunjitfa,nun-jitfa,nun,0,2
10290,nunjitfa,nun-jitfa,jitfa,1,2
10291,nunjmaji,nun-jmaji,nun,0,2
10292,nunjmaji,nun-jmaji,jmaji,1,2
10293,nunjmi,nun-jmi,nun,0,2
10294,nunjmi,nun-jmi,jmi,1,2
10295,nunjmina,nun-jmina,nun,0,2
10296,nunjmina,nun-jmina,jmina,1,2
10297,nunjmitsa,nun-jmi-tsa,nun,0,3
10298,nunjmitsa,nun-jmi-tsa,jmi,1,3
10299,nunjmitsa,nun-jmi-tsa,tsa,2,3
10300,nunjo'e,nun-jo'e,nun,0,2
10301,nunjo'e,nun-jo'e,jo'e,1,2
10302,nunju'i,nun-ju'i,nun,0,2
10303,nunju'i,nun-ju'i,ju'i,1,2
10304,nunjupca'u,nun-jup-ca'u,nun,0,3
10305,nunjupca'u,nun-jup-ca'u,jup,1,3
10306,nunjupca'u,nun-jup-ca'u,ca'u,2,3
10307,nunjvi,nun-jvi,nun,0,2
10308,nunjvi,nun-jvi,jvi,1,2
10309,nunjvofi'i,nun-jvo-fi'i,nun,0,3
10310,nunjvofi'i,nun-jvo-fi'i,jvo,1,3
10311,nunjvofi'i,nun-jvo-fi'i,fi'i,2,3
10312,nunka'a,nun-ka'a,nun,0,2
10313,nunka'a,nun-ka'a,ka'a,1,2
10314,nunkalte,nun-kalte,nun,0,2
10315,nunkalte,nun-kalte,kalte,1,2
10316,nunkanjbe,nun-kan-jbe,nun,0,3
10317,nunkanjbe,nun-kan-jbe,kan,1,3
10318,nunkanjbe,nun-kan-jbe,jbe,2,3
10319,nunkarcyne'i,nun-karc-ne'i,nun,0,3
10320,nunkarcyne'i,nun-karc-ne'i,karc,1,3
10321,nunkarcyne'i,nun-karc-ne'i,ne'i,2,3
10322,nunke'i,nun-ke'i,nun,0,2
10323,nunke'i,nun-ke'i,ke'i,1,2
10324,nunkei,nun-kei,nun,0,2
10325,nunkei,nun-kei,kei,1,2
10326,nunkeici'e,nun-kei-ci'e,nun,0,3
10327,nunkeici'e,nun-kei-ci'e,kei,1,3
10328,nunkeici'e,nun-kei-ci'e,ci'e,2,3
10329,nunkemymrostu,nun-kem-mro-stu,nun,0,4
10330,nunkemymrostu,nun-kem-mro-stu,kem,1,4
10331,nunkemymrostu,nun-kem-mro-stu,mro,2,4
10332,nunkemymrostu,nun-kem-mro-stu,stu,3,4
10333,nunki'a,nun-ki'a,nun,0,2
10334,nunki'a,nun-ki'a,ki'a,1,2
10335,nunki'i,nun-ki'i,nun,0,2
10336,nunki'i,nun-ki'i,ki'i,1,2
10337,nunkla,nun-kla,nun,0,2
10338,nunkla,nun-kla,kla,1,2
10339,nunklacpe,nun-kla-cpe,nun,0,3
10340,nunklacpe,nun-kla-cpe,kla,1,3
10341,nunklacpe,nun-kla-cpe,cpe,2,3
10342,nunkli,nun-kli,nun,0,2
10343,nunkli,nun-kli,kli,1,2
10344,nunklunu'i,nun-klu-nu'i,nun,0,3
10345,nunklunu'i,nun-klu-nu'i,klu,1,3
10346,nunklunu'i,nun-klu-nu'i,nu'i,2,3
10347,nunkri,nun-kri,nun,0,2
10348,nunkri,nun-kri,kri,1,2
10349,nunkufra,nun-kufra,nun,0,2
10350,nunkufra,nun-kufra,kufra,1,2
10351,nunlazgei,nun-laz-gei,nun,0,3
10352,nunlazgei,nun-laz-gei,laz,1,3
10353,nunlazgei,nun-laz-gei,gei,2,3
10354,nunlazgei,nun-laz-gei,nun,0,3
10355,nunlazgei,nun-laz-gei,laz,1,3
10356,nunlazgei,nun-laz-gei,gei,2,3
10357,nunle'a,nun-le'a,nun,0,2
10358,nunle'a,nun-le'a,le'a,1,2
10359,nunle'akemvla,nun-le'a-kem-vla,nun,0,4
10360,nunle'akemvla,nun-le'a-kem-vla,le'a,1,4
10361,nunle'akemvla,nun-le'a-kem-vla,kem,2,4
10362,nunle'akemvla,nun-le'a-kem-vla,vla,3,4
10363,nunlenku,nun-lenku,nun,0,2
10364,nunlenku,nun-lenku,lenku,1,2
10365,nunli'a,nun-li'a,nun,0,2
10366,nunli'a,nun-li'a,li'a,1,2
10367,nunli'u,nun-li'u,nun,0,2
10368,nunli'u,nun-li'u,li'u,1,2
10369,nunma'u,nun-ma'u,nun,0,2
10370,nunma'u,nun-ma'u,ma'u,1,2
10371,nunmafyjoida'a,nun-maf-joi-da'a,nun,0,4
10372,nunmafyjoida'a,nun-maf-joi-da'a,maf,1,4
10373,nunmafyjoida'a,nun-maf-joi-da'a,joi,2,4
10374,nunmafyjoida'a,nun-maf-joi-da'a,da'a,3,4
10375,nunmafyjveda'a,nun-maf-jve-da'a,nun,0,4
10376,nunmafyjveda'a,nun-maf-jve-da'a,maf,1,4
10377,nunmafyjveda'a,nun-maf-jve-da'a,jve,2,4
10378,nunmafyjveda'a,nun-maf-jve-da'a,da'a,3,4
10379,nunmakfa,nun-makfa,nun,0,2
10380,nunmakfa,nun-makfa,makfa,1,2
10381,nunmanci,nun-manci,nun,0,2
10382,nunmanci,nun-manci,manci,1,2
10383,nunmarde,nun-marde,nun,0,2
10384,nunmarde,nun-marde,marde,1,2
10385,nunmenmikce,nun-men-mikce,nun,0,3
10386,nunmenmikce,nun-men-mikce,men,1,3
10387,nunmenmikce,nun-men-mikce,mikce,2,3
10388,nunmenxru,nun-men-xru,nun,0,3
10389,nunmenxru,nun-men-xru,men,1,3
10390,nunmenxru,nun-men-xru,xru,2,3
10391,nunmidju,nun-midju,nun,0,2
10392,nunmidju,nun-midju,midju,1,2
10393,nunmle,nun-mle,nun,0,2
10394,nunmle,nun-mle,mle,1,2
10395,nunmro,nun-mro,nun,0,2
10396,nunmro,nun-mro,mro,1,2
10397,nunmrori'i,nun-mro-ri'i,nun,0,3
10398,nunmrori'i,nun-mro-ri'i,mro,1,3
10399,nunmrori'i,nun-mro-ri'i,ri'i,2,3
10400,nunmro,nun-mro,nun,0,2
10401,nunmro,nun-mro,mro,1,2
10402,nunmrokezystu,nun-mro-kez-stu,nun,0,4
10403,nunmrokezystu,nun-mro-kez-stu,mro,1,4
10404,nunmrokezystu,nun-mro-kez-stu,kez,2,4
10405,nunmrokezystu,nun-mro-kez-stu,stu,3,4
10406,nunmrori'i,nun-mro-ri'i,nun,0,3
10407,nunmrori'i,nun-mro-ri'i,mro,1,3
10408,nunmrori'i,nun-mro-ri'i,ri'i,2,3
10409,nunmroru'i,nun-mro-ru'i,nun,0,3
10410,nunmroru'i,nun-mro-ru'i,mro,1,3
10411,nunmroru'i,nun-mro-ru'i,ru'i,2,3
10412,nunmrostu,nun-mro-stu,nun,0,3
10413,nunmrostu,nun-mro-stu,mro,1,3
10414,nunmrostu,nun-mro-stu,stu,2,3
10415,nunmu'o,nun-mu'o,nun,0,2
10416,nunmu'o,nun-mu'o,mu'o,1,2
10417,nunmu'u,nun-mu'u,nun,0,2
10418,nunmu'u,nun-mu'u,mu'u,1,2
10419,nunpa'a,nun-pa'a,nun,0,2
10420,nunpa'a,nun-pa'a,pa'a,1,2
10421,nunpanzi,nun-panzi,nun,0,2
10422,nunpanzi,nun-panzi,panzi,1,2
10423,nunpajgunta,nun-paj-gunta,nun,0,3
10424,nunpajgunta,nun-paj-gunta,paj,1,3
10425,nunpajgunta,nun-paj-gunta,gunta,2,3
10426,nunpalci,nun-palci,nun,0,2
10427,nunpalci,nun-palci,palci,1,2
10428,nunpanpi,nun-panpi,nun,0,2
10429,nunpanpi,nun-panpi,panpi,1,2
10430,nunpante,nun-pante,nun,0,2
10431,nunpante,nun-pante,pante,1,2
10432,nunpe'i,nun-pe'i,nun,0,2
10433,nunpe'i,nun-pe'i,pe'i,1,2
10434,nunpeiri'a,nun-pei-ri'a,nun,0,3
10435,nunpeiri'a,nun-pei-ri'a,pei,1,3
10436,nunpeiri'a,nun-pei-ri'a,ri'a,2,3
10437,nunpencku,nun-pen-cku,nun,0,3
10438,nunpencku,nun-pen-cku,pen,1,3
10439,nunpencku,nun-pen-cku,cku,2,3
10440,nunpenta'a,nun-pen-ta'a,nun,0,3
10441,nunpenta'a,nun-pen-ta'a,pen,1,3
10442,nunpenta'a,nun-pen-ta'a,ta'a,2,3
10443,nunpijypanzi,nun-pij-panzi,nun,0,3
10444,nunpijypanzi,nun-pij-panzi,pij,1,3
10445,nunpijypanzi,nun-pij-panzi,panzi,2,3
10446,nunpli,nun-pli,nun,0,2
10447,nunpli,nun-pli,pli,1,2
10448,nunpliske,nun-pli-ske,nun,0,3
10449,nunpliske,nun-pli-ske,pli,1,3
10450,nunpliske,nun-pli-ske,ske,2,3
10451,nunposnei,nun-pos-nei,nun,0,3
10452,nunposnei,nun-pos-nei,pos,1,3
10453,nunposnei,nun-pos-nei,nei,2,3
10454,nunpra,nun-pra,nun,0,2
10455,nunpra,nun-pra,pra,1,2
10456,nunpre,nun-pre,nun,0,2
10457,nunpre,nun-pre,pre,1,2
10458,nunpro,nun-pro,nun,0,2
10459,nunpro,nun-pro,pro,1,2
10460,nunra'i,nun-ra'i,nun,0,2
10461,nunra'i,nun-ra'i,ra'i,1,2
10462,nunracli,nun-racli,nun,0,2
10463,nunracli,nun-racli,racli,1,2
10464,nunre'i,nun-re'i,nun,0,2
10465,nunre'i,nun-re'i,re'i,1,2
10466,nunri'ipe'i,nun-ri'i-pe'i,nun,0,3
10467,nunri'ipe'i,nun-ri'i-pe'i,ri'i,1,3
10468,nunri'ipe'i,nun-ri'i-pe'i,pe'i,2,3
10469,nunrodgau,nun-rod-gau,nun,0,3
10470,nunrodgau,nun-rod-gau,rod,1,3
10471,nunrodgau,nun-rod-gau,gau,2,3
10472,nunsa'a,nun-sa'a,nun,0,2
10473,nunsa'a,nun-sa'a,sa'a,1,2
10474,nunsladansu,nun-sla-dansu,nun,0,3
10475,nunsladansu,nun-sla-dansu,sla,1,3
10476,nunsladansu,nun-sla-dansu,dansu,2,3
10477,nunsampla,nun-sam-pla,nun,0,3
10478,nunsampla,nun-sam-pla,sam,1,3
10479,nunsampla,nun-sam-pla,pla,2,3
10480,nunsamymi'e,nun-sam-mi'e,nun,0,3
10481,nunsamymi'e,nun-sam-mi'e,sam,1,3
10482,nunsamymi'e,nun-sam-mi'e,mi'e,2,3
10483,nunse'a,nun-se'a,nun,0,2
10484,nunse'a,nun-se'a,se'a,1,2
10485,nunselcatra,nun-sel-catra,nun,0,3
10486,nunselcatra,nun-sel-catra,sel,1,3
10487,nunselcatra,nun-sel-catra,catra,2,3
10488,nunselctu,nun-sel-ctu,nun,0,3
10489,nunselctu,nun-sel-ctu,sel,1,3
10490,nunselctu,nun-sel-ctu,ctu,2,3
10491,nunselga'e,nun-sel-ga'e,nun,0,3
10492,nunselga'e,nun-sel-ga'e,sel,1,3
10493,nunselga'e,nun-sel-ga'e,ga'e,2,3
10494,nunselga'i,nun-sel-ga'i,nun,0,3
10495,nunselga'i,nun-sel-ga'i,sel,1,3
10496,nunselga'i,nun-sel-ga'i,ga'i,2,3
10497,nunselmansa,nun-sel-mansa,nun,0,3
10498,nunselmansa,nun-sel-mansa,sel,1,3
10499,nunselmansa,nun-sel-mansa,mansa,2,3
10500,nunselpri,nun-sel-pri,nun,0,3
10501,nunselpri,nun-sel-pri,sel,1,3
10502,nunselpri,nun-sel-pri,pri,2,3
10503,nunseltickri,nun-sel-tic-kri,nun,0,4
10504,nunseltickri,nun-sel-tic-kri,sel,1,4
10505,nunseltickri,nun-sel-tic-kri,tic,2,4
10506,nunseltickri,nun-sel-tic-kri,kri,3,4
10507,nunsfa,nun-sfa,nun,0,2
10508,nunsfa,nun-sfa,sfa,1,2
10509,nunsi'a,nun-si'a,nun,0,2
10510,nunsi'a,nun-si'a,si'a,1,2
10511,nunsimpe'i,nun-sim-pe'i,nun,0,3
10512,nunsimpe'i,nun-sim-pe'i,sim,1,3
10513,nunsimpe'i,nun-sim-pe'i,pe'i,2,3
10514,nunsimpro,nun-sim-pro,nun,0,3
10515,nunsimpro,nun-sim-pro,sim,1,3
10516,nunsimpro,nun-sim-pro,pro,2,3
10517,nunsimta'a,nun-sim-ta'a,nun,0,3
10518,nunsimta'a,nun-sim-ta'a,sim,1,3
10519,nunsimta'a,nun-sim-ta'a,ta'a,2,3
10520,nunsisku,nun-sisku,nun,0,2
10521,nunsisku,nun-sisku,sisku,1,2
10522,nunsitna,nun-sitna,nun,0,2
10523,nunsitna,nun-sitna,sitna,1,2
10524,nunskexau,nun-ske-xau,nun,0,3
10525,nunskexau,nun-ske-xau,ske,1,3
10526,nunskexau,nun-ske-xau,xau,2,3
10527,nunski,nun-ski,nun,0,2
10528,nunski,nun-ski,ski,1,2
10529,nunsku,nun-sku,nun,0,2
10530,nunsku,nun-sku,sku,1,2
10531,nunsla,nun-sla,nun,0,2
10532,nunsla,nun-sla,sla,1,2
10533,nunsladansu,nun-sla-dansu,nun,0,3
10534,nunsladansu,nun-sla-dansu,sla,1,3
10535,nunsladansu,nun-sla-dansu,dansu,2,3
10536,nunsma,nun-sma,nun,0,2
10537,nunsma,nun-sma,sma,1,2
10538,nunsmi,nun-smi,nun,0,2
10539,nunsmi,nun-smi,smi,1,2
10540,nunsmu,nun-smu,nun,0,2
10541,nunsmu,nun-smu,smu,1,2
10542,nunsne,nun-sne,nun,0,2
10543,nunsne,nun-sne,sne,1,2
10544,nunsnera'a,nun-sne-ra'a,nun,0,3
10545,nunsnera'a,nun-sne-ra'a,sne,1,3
10546,nunsnera'a,nun-sne-ra'a,ra'a,2,3
10547,nunsnu,nun-snu,nun,0,2
10548,nunsnu,nun-snu,snu,1,2
10549,nunsoidji,nun-soi-dji,nun,0,3
10550,nunsoidji,nun-soi-dji,soi,1,3
10551,nunsoidji,nun-soi-dji,dji,2,3
10552,nunsoinei,nun-soi-nei,nun,0,3
10553,nunsoinei,nun-soi-nei,soi,1,3
10554,nunsoinei,nun-soi-nei,nei,2,3
10555,nunsolcanci,nun-sol-canci,nun,0,3
10556,nunsolcanci,nun-sol-canci,sol,1,3
10557,nunsolcanci,nun-sol-canci,canci,2,3
10558,nunsorkla,nun-sor-kla,nun,0,3
10559,nunsorkla,nun-sor-kla,sor,1,3
10560,nunsorkla,nun-sor-kla,kla,2,3
10561,nunspe,nun-spe,nun,0,2
10562,nunspe,nun-spe,spe,1,2
10563,nunspebi'o,nun-spe-bi'o,nun,0,3
10564,nunspebi'o,nun-spe-bi'o,spe,1,3
10565,nunspebi'o,nun-spe-bi'o,bi'o,2,3
10566,nunspo,nun-spo,nun,0,2
10567,nunspo,nun-spo,spo,1,2
10568,nunsre,nun-sre,nun,0,2
10569,nunsre,nun-sre,sre,1,2
10570,nunstapa,nun-stapa,nun,0,2
10571,nunstapa,nun-stapa,stapa,1,2
10572,nunsti,nun-sti,nun,0,2
10573,nunsti,nun-sti,sti,1,2
10574,nunsucta,nun-sucta,nun,0,2
10575,nunsucta,nun-sucta,sucta,1,2
10576,nunsurvi'e,nun-sur-vi'e,nun,0,3
10577,nunsurvi'e,nun-sur-vi'e,sur,1,3
10578,nunsurvi'e,nun-sur-vi'e,vi'e,2,3
10579,nunta'a,nun-ta'a,nun,0,2
10580,nunta'a,nun-ta'a,ta'a,1,2
10581,nuntadni,nun-tadni,nun,0,2
10582,nuntadni,nun-tadni,tadni,1,2
10583,nuntalsa,nun-talsa,nun,0,2
10584,nuntalsa,nun-talsa,talsa,1,2
10585,nunte'a,nun-te'a,nun,0,2
10586,nunte'a,nun-te'a,te'a,1,2
10587,nunteprai,nun-tep-rai,nun,0,3
10588,nunteprai,nun-tep-rai,tep,1,3
10589,nunteprai,nun-tep-rai,rai,2,3
10590,nunti'i,nun-ti'i,nun,0,2
10591,nunti'i,nun-ti'i,ti'i,1,2
10592,nuntirna,nun-tirna,nun,0,2
10593,nuntirna,nun-tirna,tirna,1,2
10594,nuntoi,nun-toi,nun,0,2
10595,nuntoi,nun-toi,toi,1,2
10596,nuntolmu'i,nun-tol-mu'i,nun,0,3
10597,nuntolmu'i,nun-tol-mu'i,tol,1,3
10598,nuntolmu'i,nun-tol-mu'i,mu'i,2,3
10599,nuntolpa'a,nun-tol-pa'a,nun,0,3
10600,nuntolpa'a,nun-tol-pa'a,tol,1,3
10601,nuntolpa'a,nun-tol-pa'a,pa'a,2,3
10602,nuntoltu'i,nun-tol-tu'i,nun,0,3
10603,nuntoltu'i,nun-tol-tu'i,tol,1,3
10604,nuntoltu'i,nun-tol-tu'i,tu'i,2,3
10605,nuntra,nun-tra,nun,0,2
10606,nuntra,nun-tra,tra,1,2
10607,nuntru,nun-tru,nun,0,2
10608,nuntru,nun-tru,tru,1,2
10609,nuntrutadji,nun-tru-tadji,nun,0,3
10610,nuntrutadji,nun-tru-tadji,tru,1,3
10611,nuntrutadji,nun-tru-tadji,tadji,2,3
10612,nuntu'i,nun-tu'i,nun,0,2
10613,nuntu'i,nun-tu'i,tu'i,1,2
10614,nunva'u,nun-va'u,nun,0,2
10615,nunva'u,nun-va'u,va'u,1,2
10616,nunve'u,nun-ve'u,nun,0,2
10617,nunve'u,nun-ve'u,ve'u,1,2
10618,nunveikezgau,nun-vei-kez-gau,nun,0,4
10619,nunveikezgau,nun-vei-kez-gau,vei,1,4
10620,nunveikezgau,nun-vei-kez-gau,kez,2,4
10621,nunveikezgau,nun-vei-kez-gau,gau,3,4
10622,nunvelcu'e,nun-vel-cu'e,nun,0,3
10623,nunvelcu'e,nun-vel-cu'e,vel,1,3
10624,nunvelcu'e,nun-vel-cu'e,cu'e,2,3
10625,nunvlile,nun-vlile,nun,0,2
10626,nunvlile,nun-vlile,vlile,1,2
10627,nunvoi,nun-voi,nun,0,2
10628,nunvoi,nun-voi,voi,1,2
10629,nunxai,nun-xai,nun,0,2
10630,nunxai,nun-xai,xai,1,2
10631,nunxau,nun-xau,nun,0,2
10632,nunxau,nun-xau,xau,1,2
10633,nunxe'u,nun-xe'u,nun,0,2
10634,nunxe'u,nun-xe'u,xe'u,1,2
10635,nunxeldraci,nun-xel-draci,nun,0,3
10636,nunxeldraci,nun-xel-draci,xel,1,3
10637,nunxeldraci,nun-xel-draci,draci,2,3
10638,nunxru,nun-xru,nun,0,2
10639,nunxru,nun-xru,xru,1,2
10640,nunxumsne,nun-xum-sne,nun,0,3
10641,nunxumsne,nun-xum-sne,xum,1,3
10642,nunxumsne,nun-xum-sne,sne,2,3
10643,nunxumsne,nun-xum-sne,nun,0,3
10644,nunxumsne,nun-xum-sne,xum,1,3
10645,nunxumsne,nun-xum-sne,sne,2,3
10646,nunydji,nun-dji,nun,0,2
10647,nunydji,nun-dji,dji,1,2
10648,nunydju,nun-dju,nun,0,2
10649,nunydju,nun-dju,dju,1,2
10650,nunynalclite,nun-nal-clite,nun,0,3
10651,nunynalclite,nun-nal-clite,nal,1,3
10652,nunynalclite,nun-nal-clite,clite,2,3
10653,nunynordimna,nun-nor-dimna,nun,0,3
10654,nunynordimna,nun-nor-dimna,nor,1,3
10655,nunynordimna,nun-nor-dimna,dimna,2,3
10656,nunytcena,nun-tcena,nun,0,2
10657,nunytcena,nun-tcena,tcena,1,2
10658,nunytcidu,nun-tcidu,nun,0,2
10659,nunytcidu,nun-tcidu,tcidu,1,2
10660,nunytse,nun-tse,nun,0,2
10661,nunytse,nun-tse,tse,1,2
10662,nunzausku,nun-zau-sku,nun,0,3
10663,nunzausku,nun-zau-sku,zau,1,3
10664,nunzausku,nun-zau-sku,sku,2,3
10665,nunzba,nun-zba,nun,0,2
10666,nunzba,nun-zba,zba,1,2
10667,nunzdane'i,nun-zda-ne'i,nun,0,3
10668,nunzdane'i,nun-zda-ne'i,zda,1,3
10669,nunzdane'i,nun-zda-ne'i,ne'i,2,3
10670,nunzdi,nun-zdi,nun,0,2
10671,nunzdi,nun-zdi,zdi,1,2
10672,nunzga,nun-zga,nun,0,2
10673,nunzga,nun-zga,zga,1,2
10674,nunzgaju'a,nun-zga-ju'a,nun,0,3
10675,nunzgaju'a,nun-zga-ju'a,zga,1,3
10676,nunzgaju'a,nun-zga-ju'a,ju'a,2,3
10677,nunzgajurme,nun-zga-jurme,nun,0,3
10678,nunzgajurme,nun-zga-jurme,zga,1,3
10679,nunzgajurme,nun-zga-jurme,jurme,2,3
10680,nunzgi,nun-zgi,nun,0,2
10681,nunzgi,nun-zgi,zgi,1,2
10682,nunzu'e,nun-zu'e,nun,0,2
10683,nunzu'e,nun-zu'e,zu'e,1,2
10684,nunzva,nun-zva,nun,0,2
10685,nunzva,nun-zva,zva,1,2
10686,nunzvaju'o,nun-zva-ju'o,nun,0,3
10687,nunzvaju'o,nun-zva-ju'o,zva,1,3
10688,nunzvaju'o,nun-zva-ju'o,ju'o,2,3
10689,nunzvakezyju'o,nun-zva-kez-ju'o,nun,0,4
10690,nunzvakezyju'o,nun-zva-kez-ju'o,zva,1,4
10691,nunzvakezyju'o,nun-zva-kez-ju'o,kez,2,4
10692,nunzvakezyju'o,nun-zva-kez-ju'o,ju'o,3,4
10693,nuptutra,nup-tutra,nup,0,2
10694,nuptutra,nup-tutra,tutra,1,2
10695,nupyjdace'u,nup-jda-ce'u,nup,0,3
10696,nupyjdace'u,nup-jda-ce'u,jda,1,3
10697,nupyjdace'u,nup-jda-ce'u,ce'u,2,3
10698,nurbe'i,nur-be'i,nur,0,2
10699,nurbe'i,nur-be'i,be'i,1,2
10700,nurbra,nur-bra,nur,0,2
10701,nurbra,nur-bra,bra,1,2
10702,nurcau,nur-cau,nur,0,2
10703,nurcau,nur-cau,cau,1,2
10704,nurgau,nur-gau,nur,0,2
10705,nurgau,nur-gau,gau,1,2
10706,nurkai,nur-kai,nur,0,2
10707,nurkai,nur-kai,kai,1,2
10708,nuzyki'a,nuz-ki'a,nuz,0,2
10709,nuzyki'a,nuz-ki'a,ki'a,1,2
10710,nurmapku,nur-mapku,nur,0,2
10711,nurmapku,nur-mapku,mapku,1,2
10712,nurnoikei,nur-noi-kei,nur,0,3
10713,nurnoikei,nur-noi-kei,noi,1,3
10714,nurnoikei,nur-noi-kei,kei,2,3
10715,nurnordja,nur-nor-dja,nur,0,3
10716,nurnordja,nur-nor-dja,nor,1,3
10717,nurnordja,nur-nor-dja,dja,2,3
10718,nurprecau,nur-pre-cau,nur,0,3
10719,nurprecau,nur-pre-cau,pre,1,3
10720,nurprecau,nur-pre-cau,cau,2,3
10721,nurpu'i,nur-pu'i,nur,0,2
10722,nurpu'i,nur-pu'i,pu'i,1,2
10723,nursri,nur-sri,nur,0,2
10724,nursri,nur-sri,sri,1,2
10725,nurstapa,nur-stapa,nur,0,2
10726,nurstapa,nur-stapa,stapa,1,2
10727,nurveldru,nur-vel-dru,nur,0,3
10728,nurveldru,nur-vel-dru,vel,1,3
10729,nurveldru,nur-vel-dru,dru,2,3
10730,nutkla,nut-kla,nut,0,2
10731,nutkla,nut-kla,kla,1,2
10732,nutli'a,nut-li'a,nut,0,2
10733,nutli'a,nut-li'a,li'a,1,2
10734,nutlu'a,nut-lu'a,nut,0,2
10735,nutlu'a,nut-lu'a,lu'a,1,2
10736,nutyzga,nut-zga,nut,0,2
10737,nutyzga,nut-zga,zga,1,2
10738,nuzdu'a,nuz-du'a,nuz,0,2
10739,nuzdu'a,nuz-du'a,du'a,1,2
10740,nuzykarni,nuz-karni,nuz,0,2
10741,nuzykarni,nuz-karni,karni,1,2
10742,nuzyki'a,nuz-ki'a,nuz,0,2
10743,nuzyki'a,nuz-ki'a,ki'a,1,2
10744,nuzyski,nuz-ski,nuz,0,2
10745,nuzyski,nuz-ski,ski,1,2
10746,nuzyxagji,nuz-xagji,nuz,0,2
10747,nuzyxagji,nuz-xagji,xagji,1,2
10748,pa'anrango,pa'a-rango,pa'a,0,2
10749,pa'anrango,pa'a-rango,rango,1,2
10750,pa'anri'a,pa'a-ri'a,pa'a,0,2
10751,pa'anri'a,pa'a-ri'a,ri'a,1,2
10752,pa'arbau,pa'a-bau,pa'a,0,2
10753,pa'arbau,pa'a-bau,bau,1,2
10754,pa'arcau,pa'a-cau,pa'a,0,2
10755,pa'arcau,pa'a-cau,cau,1,2
10756,pa'arpei,pa'a-pei,pa'a,0,2
10757,pa'arpei,pa'a-pei,pei,1,2
10758,pa'ergau,pa'e-gau,pa'e,0,2
10759,pa'ergau,pa'e-gau,gau,1,2
10760,pa'ezma,pa'e-zma,pa'e,0,2
10761,pa'ezma,pa'e-zma,zma,1,2
10762,pa'imro,pa'i-mro,pa'i,0,2
10763,pa'imro,pa'i-mro,mro,1,2
10764,pabna'u,pab-na'u,pab,0,2
10765,pabna'u,pab-na'u,na'u,1,2
10766,pacnunzu'e,pac-nun-zu'e,pac,0,3
10767,pacnunzu'e,pac-nun-zu'e,nun,1,3
10768,pacnunzu'e,pac-nun-zu'e,zu'e,2,3
10769,pacpi'a,pac-pi'a,pac,0,2
10770,pacpi'a,pac-pi'a,pi'a,1,2
10771,pactercei,pac-ter-cei,pac,0,3
10772,pactercei,pac-ter-cei,ter,1,3
10773,pactercei,pac-ter-cei,cei,2,3
10774,pacyruxyklo,pac-rux-klo,pac,0,3
10775,pacyruxyklo,pac-rux-klo,rux,1,3
10776,pacyruxyklo,pac-rux-klo,klo,2,3
10777,pacyselzu'e,pac-sel-zu'e,pac,0,3
10778,pacyselzu'e,pac-sel-zu'e,sel,1,3
10779,pacyselzu'e,pac-sel-zu'e,zu'e,2,3
10780,pacystu,pac-stu,pac,0,2
10781,pacystu,pac-stu,stu,1,2
10782,pacyxlu,pac-xlu,pac,0,2
10783,pacyxlu,pac-xlu,xlu,1,2
10784,pacyzu'e,pac-zu'e,pac,0,2
10785,pacyzu'e,pac-zu'e,zu'e,1,2
10786,pafmamta,paf-mamta,paf,0,2
10787,pafmamta,paf-mamta,mamta,1,2
10788,pafpa'u,paf-pa'u,paf,0,2
10789,pafpa'u,paf-pa'u,pa'u,1,2
10790,pafpafpa'u,paf-paf-pa'u,paf,0,3
10791,pafpafpa'u,paf-paf-pa'u,paf,1,3
10792,pafpafpa'u,paf-paf-pa'u,pa'u,2,3
10793,pafpo'e,paf-po'e,paf,0,2
10794,pafpo'e,paf-po'e,po'e,1,2
10795,pafybesmamcibytamnyfe'i,paf-bes-mam-cib-tamn-fe'i,paf,0,6
10796,pafybesmamcibytamnyfe'i,paf-bes-mam-cib-tamn-fe'i,bes,1,6
10797,pafybesmamcibytamnyfe'i,paf-bes-mam-cib-tamn-fe'i,mam,2,6
10798,pafybesmamcibytamnyfe'i,paf-bes-mam-cib-tamn-fe'i,cib,3,6
10799,pafybesmamcibytamnyfe'i,paf-bes-mam-cib-tamn-fe'i,tamn,4,6
10800,pafybesmamcibytamnyfe'i,paf-bes-mam-cib-tamn-fe'i,fe'i,5,6
10801,pafygu'e,paf-gu'e,paf,0,2
10802,pafygu'e,paf-gu'e,gu'e,1,2
10803,pagbi'o,pag-bi'o,pag,0,2
10804,pagbi'o,pag-bi'o,bi'o,1,2
10805,pagri'a,pag-ri'a,pag,0,2
10806,pagri'a,pag-ri'a,ri'a,1,2
10807,pairkai,pai-kai,pai,0,2
10808,pairkai,pai-kai,kai,1,2
10809,pairkamni,pai-kamni,pai,0,2
10810,pairkamni,pai-kamni,kamni,1,2
10811,pairle'a,pai-le'a,pai,0,2
10812,pairle'a,pai-le'a,le'a,1,2
10813,pairvu'e,pai-vu'e,pai,0,2
10814,pairvu'e,pai-vu'e,vu'e,1,2
10815,pairgunta,pai-gunta,pai,0,2
10816,pairgunta,pai-gunta,gunta,1,2
10817,pairle'a,pai-le'a,pai,0,2
10818,pairle'a,pai-le'a,le'a,1,2
10819,pairvu'e,pai-vu'e,pai,0,2
10820,pairvu'e,pai-vu'e,vu'e,1,2
10821,pajycfa,paj-cfa,paj,0,2
10822,pajycfa,paj-cfa,cfa,1,2
10823,pajycu'o,paj-cu'o,paj,0,2
10824,pajycu'o,paj-cu'o,cu'o,1,2
10825,paksri,pak-sri,pak,0,2
10826,paksri,pak-sri,sri,1,2
10827,palcau,pal-cau,pal,0,2
10828,palcau,pal-cau,cau,1,2
10829,palcauxaksu,pal-cau-xaksu,pal,0,3
10830,palcauxaksu,pal-cau-xaksu,cau,1,3
10831,palcauxaksu,pal-cau-xaksu,xaksu,2,3
10832,paltydamri,palt-damri,palt,0,2
10833,paltydamri,palt-damri,damri,1,2
10834,paltylu'i,palt-lu'i,palt,0,2
10835,paltylu'i,palt-lu'i,lu'i,1,2
10836,pambasti,pam-basti,pam,0,2
10837,pambasti,pam-basti,basti,1,2
10838,pamble,pam-ble,pam,0,2
10839,pamble,pam-ble,ble,1,2
10840,pambybasti,pamb-basti,pamb,0,2
10841,pambybasti,pamb-basti,basti,1,2
10842,pamcinse,pam-cinse,pam,0,2
10843,pamcinse,pam-cinse,cinse,1,2
10844,pamcni,pam-cni,pam,0,2
10845,pamcni,pam-cni,cni,1,2
10846,pamcri,pam-cri,pam,0,2
10847,pamcri,pam-cri,cri,1,2
10848,pamgle,pam-gle,pam,0,2
10849,pamgle,pam-gle,gle,1,2
10850,pamjai,pam-jai,pam,0,2
10851,pamjai,pam-jai,jai,1,2
10852,pamjoixei,pam-joi-xei,pam,0,3
10853,pamjoixei,pam-joi-xei,joi,1,3
10854,pamjoixei,pam-joi-xei,xei,2,3
10855,pamki'i,pam-ki'i,pam,0,2
10856,pamki'i,pam-ki'i,ki'i,1,2
10857,pamnabmi,pam-nabmi,pam,0,2
10858,pamnabmi,pam-nabmi,nabmi,1,2
10859,pampe'o,pam-pe'o,pam,0,2
10860,pampe'o,pam-pe'o,pe'o,1,2
10861,pampemyzba,pam-pem-zba,pam,0,3
10862,pampemyzba,pam-pem-zba,pem,1,3
10863,pampemyzba,pam-pem-zba,zba,2,3
10864,pamrai,pam-rai,pam,0,2
10865,pamrai,pam-rai,rai,1,2
10866,pamsa'e,pam-sa'e,pam,0,2
10867,pamsa'e,pam-sa'e,sa'e,1,2
10868,pamselcni,pam-sel-cni,pam,0,3
10869,pamselcni,pam-sel-cni,sel,1,3
10870,pamselcni,pam-sel-cni,cni,2,3
10871,pamselparmei,pam-sel-par-mei,pam,0,4
10872,pamselparmei,pam-sel-par-mei,sel,1,4
10873,pamselparmei,pam-sel-par-mei,par,2,4
10874,pamselparmei,pam-sel-par-mei,mei,3,4
10875,pamta'a,pam-ta'a,pam,0,2
10876,pamta'a,pam-ta'a,ta'a,1,2
10877,sanbauvla,san-bau-vla,san,0,3
10878,sanbauvla,san-bau-vla,bau,1,3
10879,sanbauvla,san-bau-vla,vla,2,3
10880,pancau,pan-cau,pan,0,2
10881,pancau,pan-cau,cau,1,2
10882,pancaucfu,pan-cau-cfu,pan,0,3
10883,pancaucfu,pan-cau-cfu,cau,1,3
10884,pancaucfu,pan-cau-cfu,cfu,2,3
10885,sange'u,san-ge'u,san,0,2
10886,sange'u,san-ge'u,ge'u,1,2
10887,sankai,san-kai,san,0,2
10888,sankai,san-kai,kai,1,2
10889,pankyju'i,pank-ju'i,pank,0,2
10890,pankyju'i,pank-ju'i,ju'i,1,2
10891,panpra,pan-pra,pan,0,2
10892,panpra,pan-pra,pra,1,2
10893,panrysi'u,panr-si'u,panr,0,2
10894,panrysi'u,panr-si'u,si'u,1,2
10895,panxrula,pan-xrula,pan,0,2
10896,panxrula,pan-xrula,xrula,1,2
10897,papcpi,pap-cpi,pap,0,2
10898,papcpi,pap-cpi,cpi,1,2
10899,papkai,pap-kai,pap,0,2
10900,papkai,pap-kai,kai,1,2
10901,papku'i,pap-ku'i,pap,0,2
10902,papku'i,pap-ku'i,ku'i,1,2
10903,papkufra,pap-kufra,pap,0,2
10904,papkufra,pap-kufra,kufra,1,2
10905,papri'a,pap-ri'a,pap,0,2
10906,papri'a,pap-ri'a,ri'a,1,2
10907,paprykamju,papr-kamju,papr,0,2
10908,paprykamju,papr-kamju,kamju,1,2
10909,papryseltcidu,papr-sel-tcidu,papr,0,3
10910,papryseltcidu,papr-sel-tcidu,sel,1,3
10911,papryseltcidu,papr-sel-tcidu,tcidu,2,3
10912,paprysfe,papr-sfe,papr,0,2
10913,paprysfe,papr-sfe,sfe,1,2
10914,paprysfelai,papr-sfe-lai,papr,0,3
10915,paprysfelai,papr-sfe-lai,sfe,1,3
10916,paprysfelai,papr-sfe-lai,lai,2,3
10917,paprytidlai,papr-tid-lai,papr,0,3
10918,paprytidlai,papr-tid-lai,tid,1,3
10919,paprytidlai,papr-tid-lai,lai,2,3
10920,papygei,pap-gei,pap,0,2
10921,papygei,pap-gei,gei,1,2
10922,parfaicte,par-fai-cte,par,0,3
10923,parfaicte,par-fai-cte,fai,1,3
10924,parfaicte,par-fai-cte,cte,2,3
10925,parlante,par-lante,par,0,2
10926,parlante,par-lante,lante,1,2
10927,partci,par-tci,par,0,2
10928,partci,par-tci,tci,1,2
10929,partoi,par-toi,par,0,2
10930,partoi,par-toi,toi,1,2
10931,paslinku'i,pas-lin-ku'i,pas,0,3
10932,paslinku'i,pas-lin-ku'i,lin,1,3
10933,paslinku'i,pas-lin-ku'i,ku'i,2,3
10934,pasnai,pas-nai,pas,0,2
10935,pasnai,pas-nai,nai,1,2
10936,pastro,pas-tro,pas,0,2
10937,pastro,pas-tro,tro,1,2
10938,paltylu'i,palt-lu'i,palt,0,2
10939,paltylu'i,palt-lu'i,lu'i,1,2
10940,patroi,pat-roi,pat,0,2
10941,patroi,pat-roi,roi,1,2
10942,paltysku,palt-sku,palt,0,2
10943,paltysku,palt-sku,sku,1,2
10944,patydzu,pat-dzu,pat,0,2
10945,patydzu,pat-dzu,dzu,1,2
10946,paudre,pau-dre,pau,0,2
10947,paudre,pau-dre,dre,1,2
10948,paurpo'e,pau-po'e,pau,0,2
10949,paurpo'e,pau-po'e,po'e,1,2
10950,paurslanu,pau-slanu,pau,0,2
10951,paurslanu,pau-slanu,slanu,1,2
10952,paurtu'i,pau-tu'i,pau,0,2
10953,paurtu'i,pau-tu'i,tu'i,1,2
10954,pauvla,pau-vla,pau,0,2
10955,pauvla,pau-vla,vla,1,2
10956,pauvre,pau-vre,pau,0,2
10957,pauvre,pau-vre,vre,1,2
10958,pavbramluni,pav-bra-mluni,pav,0,3
10959,pavbramluni,pav-bra-mluni,bra,1,3
10960,pavbramluni,pav-bra-mluni,mluni,2,3
10961,pavbu'o,pav-bu'o,pav,0,2
10962,pavbu'o,pav-bu'o,bu'o,1,2
10963,pavdegji,pav-degji,pav,0,2
10964,pavdegji,pav-degji,degji,1,2
10965,pavdegji,pav-degji,pav,0,2
10966,pavdegji,pav-degji,degji,1,2
10967,pavdei,pav-dei,pav,0,2
10968,pavdei,pav-dei,dei,1,2
10969,pavdeicitsi,pav-dei-citsi,pav,0,3
10970,pavdeicitsi,pav-dei-citsi,dei,1,3
10971,pavdeicitsi,pav-dei-citsi,citsi,2,3
10972,pavganra,pav-ganra,pav,0,2
10973,pavganra,pav-ganra,ganra,1,2
10974,pavgri,pav-gri,pav,0,2
10975,pavgri,pav-gri,gri,1,2
10976,pavjavrelkle,pav-jav-rel-kle,pav,0,4
10977,pavjavrelkle,pav-jav-rel-kle,jav,1,4
10978,pavjavrelkle,pav-jav-rel-kle,rel,2,4
10979,pavjavrelkle,pav-jav-rel-kle,kle,3,4
10980,pavjbe,pav-jbe,pav,0,2
10981,pavjbe,pav-jbe,jbe,1,2
10982,pavjirna,pav-jirna,pav,0,2
10983,pavjirna,pav-jirna,jirna,1,2
10984,pavjirnyxi'a,pav-jirn-xi'a,pav,0,3
10985,pavjirnyxi'a,pav-jirn-xi'a,jirn,1,3
10986,pavjirnyxi'a,pav-jirn-xi'a,xi'a,2,3
10987,pavmeijbe,pav-mei-jbe,pav,0,3
10988,pavmeijbe,pav-mei-jbe,mei,1,3
10989,pavmeijbe,pav-mei-jbe,jbe,2,3
10990,pavmoijbe,pav-moi-jbe,pav,0,3
10991,pavmoijbe,pav-moi-jbe,moi,1,3
10992,pavmoijbe,pav-moi-jbe,jbe,2,3
10993,pavnonynonynontupcurnu,pav-non-non-non-tup-curnu,pav,0,6
10994,pavnonynonynontupcurnu,pav-non-non-non-tup-curnu,non,1,6
10995,pavnonynonynontupcurnu,pav-non-non-non-tup-curnu,non,2,6
10996,pavnonynonynontupcurnu,pav-non-non-non-tup-curnu,non,3,6
10997,pavnonynonynontupcurnu,pav-non-non-non-tup-curnu,tup,4,6
10998,pavnonynonynontupcurnu,pav-non-non-non-tup-curnu,curnu,5,6
10999,pavycacra,pav-cacra,pav,0,2
11000,pavycacra,pav-cacra,cacra,1,2
11001,pavycibybizypavysozna'a,pav-cib-biz-pav-soz-na'a,pav,0,6
11002,pavycibybizypavysozna'a,pav-cib-biz-pav-soz-na'a,cib,1,6
11003,pavycibybizypavysozna'a,pav-cib-biz-pav-soz-na'a,biz,2,6
11004,pavycibybizypavysozna'a,pav-cib-biz-pav-soz-na'a,pav,3,6
11005,pavycibybizypavysozna'a,pav-cib-biz-pav-soz-na'a,soz,4,6
11006,pavycibybizypavysozna'a,pav-cib-biz-pav-soz-na'a,na'a,5,6
11007,pavycinglepre,pav-cin-gle-pre,pav,0,4
11008,pavycinglepre,pav-cin-gle-pre,cin,1,4
11009,pavycinglepre,pav-cin-gle-pre,gle,2,4
11010,pavycinglepre,pav-cin-gle-pre,pre,3,4
11011,pavykai,pav-kai,pav,0,2
11012,pavykai,pav-kai,kai,1,2
11013,pavyklu,pav-klu,pav,0,2
11014,pavyklu,pav-klu,klu,1,2
11015,pavypruda'i,pav-pru-da'i,pav,0,3
11016,pavypruda'i,pav-pru-da'i,pru,1,3
11017,pavypruda'i,pav-pru-da'i,da'i,2,3
11018,pavysei,pav-sei,pav,0,2
11019,pavysei,pav-sei,sei,1,2
11020,pavyseljerna,pav-sel-jerna,pav,0,3
11021,pavyseljerna,pav-sel-jerna,sel,1,3
11022,pavyseljerna,pav-sel-jerna,jerna,2,3
11023,pavyseljirna,pav-sel-jirna,pav,0,3
11024,pavyseljirna,pav-sel-jirna,sel,1,3
11025,pavyseljirna,pav-sel-jirna,jirna,2,3
11026,pavyselklu,pav-sel-klu,pav,0,3
11027,pavyselklu,pav-sel-klu,sel,1,3
11028,pavyselklu,pav-sel-klu,klu,2,3
11029,pavyselstedu,pav-sel-stedu,pav,0,3
11030,pavyselstedu,pav-sel-stedu,sel,1,3
11031,pavyselstedu,pav-sel-stedu,stedu,2,3
11032,pavyskojmavra,pav-sko-jma-vra,pav,0,4
11033,pavyskojmavra,pav-sko-jma-vra,sko,1,4
11034,pavyskojmavra,pav-sko-jma-vra,jma,2,4
11035,pavyskojmavra,pav-sko-jma-vra,vra,3,4
11036,pavyslejirna,pav-sle-jirna,pav,0,3
11037,pavyslejirna,pav-sle-jirna,sle,1,3
11038,pavyslejirna,pav-sle-jirna,jirna,2,3
11039,pavysu'i,pav-su'i,pav,0,2
11040,pavysu'i,pav-su'i,su'i,1,2
11041,pavyterlisri,pav-ter-lisri,pav,0,3
11042,pavyterlisri,pav-ter-lisri,ter,1,3
11043,pavyterlisri,pav-ter-lisri,lisri,2,3
11044,pavyvla,pav-vla,pav,0,2
11045,pavyvla,pav-vla,vla,1,2
11046,pavyxelma'e,pav-xel-ma'e,pav,0,3
11047,pavyxelma'e,pav-xel-ma'e,xel,1,3
11048,pavyxelma'e,pav-xel-ma'e,ma'e,2,3
11049,pazbu'a,paz-bu'a,paz,0,2
11050,pazbu'a,paz-bu'a,bu'a,1,2
11051,pazme'i,paz-me'i,paz,0,2
11052,pazme'i,paz-me'i,me'i,1,2
11053,pazvau,paz-vau,paz,0,2
11054,pazvau,paz-vau,vau,1,2
11055,peitse,pei-tse,pei,0,2
11056,peitse,pei-tse,tse,1,2
11057,pecke'a,pec-ke'a,pec,0,2
11058,pecke'a,pec-ke'a,ke'a,1,2
11059,peckevgai,pec-kev-gai,pec,0,3
11060,peckevgai,pec-kev-gai,kev,1,3
11061,peckevgai,pec-kev-gai,gai,2,3
11062,pecta'o,pec-ta'o,pec,0,2
11063,pecta'o,pec-ta'o,ta'o,1,2
11064,pecta'ose'u,pec-ta'o-se'u,pec,0,3
11065,pecta'ose'u,pec-ta'o-se'u,ta'o,1,3
11066,pecta'ose'u,pec-ta'o-se'u,se'u,2,3
11067,pecta'osle,pec-ta'o-sle,pec,0,3
11068,pecta'osle,pec-ta'o-sle,ta'o,1,3
11069,pecta'osle,pec-ta'o-sle,sle,2,3
11070,pectcu,pec-tcu,pec,0,2
11071,pectcu,pec-tcu,tcu,1,2
11072,pecycpina,pec-cpina,pec,0,2
11073,pecycpina,pec-cpina,cpina,1,2
11074,pedgle,ped-gle,ped,0,2
11075,pedgle,ped-gle,gle,1,2
11076,pedrai,ped-rai,ped,0,2
11077,pedrai,ped-rai,rai,1,2
11078,pedyfe'i,ped-fe'i,ped,0,2
11079,pedyfe'i,ped-fe'i,fe'i,1,2
11080,peifli,pei-fli,pei,0,2
11081,peifli,pei-fli,fli,1,2
11082,peinrespa,pei-respa,pei,0,2
11083,peinrespa,pei-respa,respa,1,2
11084,peircauji'i,pei-cau-ji'i,pei,0,3
11085,peircauji'i,pei-cau-ji'i,cau,1,3
11086,peircauji'i,pei-cau-ji'i,ji'i,2,3
11087,peirgau,pei-gau,pei,0,2
11088,peirgau,pei-gau,gau,1,2
11089,peirselra'u,pei-sel-ra'u,pei,0,3
11090,peirselra'u,pei-sel-ra'u,sel,1,3
11091,peirselra'u,pei-sel-ra'u,ra'u,2,3
11092,peisre,pei-sre,pei,0,2
11093,peisre,pei-sre,sre,1,2
11094,peitse,pei-tse,pei,0,2
11095,peitse,pei-tse,tse,1,2
11096,pejgau,pej-gau,pej,0,2
11097,pejgau,pej-gau,gau,1,2
11098,pejri'a,pej-ri'a,pej,0,2
11099,pejri'a,pej-ri'a,ri'a,1,2
11100,peljdu,pel-jdu,pel,0,2
11101,peljdu,pel-jdu,jdu,1,2
11102,pelmanku,pel-manku,pel,0,2
11103,pelmanku,pel-manku,manku,1,2
11104,pelnimre,pel-nimre,pel,0,2
11105,pelnimre,pel-nimre,nimre,1,2
11106,pelri'o,pel-ri'o,pel,0,2
11107,pelri'o,pel-ri'o,ri'o,1,2
11108,pelselkre,pel-sel-kre,pel,0,3
11109,pelselkre,pel-sel-kre,sel,1,3
11110,pelselkre,pel-sel-kre,kre,2,3
11111,pelselstedu,pel-sel-stedu,pel,0,3
11112,pelselstedu,pel-sel-stedu,sel,1,3
11113,pelselstedu,pel-sel-stedu,stedu,2,3
11114,pelstedu,pel-stedu,pel,0,2
11115,pelstedu,pel-stedu,stedu,1,2
11116,pelxu'e,pel-xu'e,pel,0,2
11117,pelxu'e,pel-xu'e,xu'e,1,2
11118,pelzi'u,pel-zi'u,pel,0,2
11119,pelzi'u,pel-zi'u,zi'u,1,2
11120,penydjuxa'a,pen-dju-xa'a,pen,0,3
11121,penydjuxa'a,pen-dju-xa'a,dju,1,3
11122,penydjuxa'a,pen-dju-xa'a,xa'a,2,3
11123,pemfi'i,pem-fi'i,pem,0,2
11124,pemfi'i,pem-fi'i,fi'i,1,2
11125,pemfi'idji,pem-fi'i-dji,pem,0,3
11126,pemfi'idji,pem-fi'i-dji,fi'i,1,3
11127,pemfi'idji,pem-fi'i-dji,dji,2,3
11128,penfrinycaspemci,pen-frin-cas-pemci,pen,0,4
11129,penfrinycaspemci,pen-frin-cas-pemci,frin,1,4
11130,penfrinycaspemci,pen-frin-cas-pemci,cas,2,4
11131,penfrinycaspemci,pen-frin-cas-pemci,pemci,3,4
11132,pengri,pen-gri,pen,0,2
11133,pengri,pen-gri,gri,1,2
11134,pemjavro'a,pem-jav-ro'a,pem,0,3
11135,pemjavro'a,pem-jav-ro'a,jav,1,3
11136,pemjavro'a,pem-jav-ro'a,ro'a,2,3
11137,pemkai,pem-kai,pem,0,2
11138,pemkai,pem-kai,kai,1,2
11139,pemlarcu,pem-larcu,pem,0,2
11140,pemlarcu,pem-larcu,larcu,1,2
11141,pempau,pem-pau,pem,0,2
11142,pempau,pem-pau,pau,1,2
11143,pempra,pem-pra,pem,0,2
11144,pempra,pem-pra,pra,1,2
11145,pemsa'a,pem-sa'a,pem,0,2
11146,pemsa'a,pem-sa'a,sa'a,1,2
11147,peircauji'i,pei-cau-ji'i,pei,0,3
11148,peircauji'i,pei-cau-ji'i,cau,1,3
11149,peircauji'i,pei-cau-ji'i,ji'i,2,3
11150,peircurnu,pei-curnu,pei,0,2
11151,peircurnu,pei-curnu,curnu,1,2
11152,pendi'u,pen-di'u,pen,0,2
11153,pendi'u,pen-di'u,di'u,1,2
11154,penfli,pen-fli,pen,0,2
11155,penfli,pen-fli,fli,1,2
11156,pengri,pen-gri,pen,0,2
11157,pengri,pen-gri,gri,1,2
11158,penjdi,pen-jdi,pen,0,2
11159,penjdi,pen-jdi,jdi,1,2
11160,penklo,pen-klo,pen,0,2
11161,penklo,pen-klo,klo,1,2
11162,penri'a,pen-ri'a,pen,0,2
11163,penri'a,pen-ri'a,ri'a,1,2
11164,peirselra'u,pei-sel-ra'u,pei,0,3
11165,peirselra'u,pei-sel-ra'u,sel,1,3
11166,peirselra'u,pei-sel-ra'u,ra'u,2,3
11167,peirsnidu,pei-snidu,pei,0,2
11168,peirsnidu,pei-snidu,snidu,1,2
11169,penste,pen-ste,pen,0,2
11170,penste,pen-ste,ste,1,2
11171,pentei,pen-tei,pen,0,2
11172,pentei,pen-tei,tei,1,2
11173,pesti'i,pes-ti'i,pes,0,2
11174,pesti'i,pes-ti'i,ti'i,1,2
11175,pentri,pen-tri,pen,0,2
11176,pentri,pen-tri,tri,1,2
11177,pentru,pen-tru,pen,0,2
11178,pentru,pen-tru,tru,1,2
11179,penydjuxa'a,pen-dju-xa'a,pen,0,3
11180,penydjuxa'a,pen-dju-xa'a,dju,1,3
11181,penydjuxa'a,pen-dju-xa'a,xa'a,2,3
11182,percei,per-cei,per,0,2
11183,percei,per-cei,cei,1,2
11184,perdja,per-dja,per,0,2
11185,perdja,per-dja,dja,1,2
11186,perdra,per-dra,per,0,2
11187,perdra,per-dra,dra,1,2
11188,perdre,per-dre,per,0,2
11189,perdre,per-dre,dre,1,2
11190,permai,per-mai,per,0,2
11191,permai,per-mai,mai,1,2
11192,perspi,per-spi,per,0,2
11193,perspi,per-spi,spi,1,2
11194,pesnunzu'e,pes-nun-zu'e,pes,0,3
11195,pesnunzu'e,pes-nun-zu'e,nun,1,3
11196,pesnunzu'e,pes-nun-zu'e,zu'e,2,3
11197,pespemci,pes-pemci,pes,0,2
11198,pespemci,pes-pemci,pemci,1,2
11199,pesrei,pes-rei,pes,0,2
11200,pesrei,pes-rei,rei,1,2
11201,pesri'a,pes-ri'a,pes,0,2
11202,pesri'a,pes-ri'a,ri'a,1,2
11203,pesti'i,pes-ti'i,pes,0,2
11204,pesti'i,pes-ti'i,ti'i,1,2
11205,petsku,pet-sku,pet,0,2
11206,petsku,pet-sku,sku,1,2
11207,pevba'o,pev-ba'o,pev,0,2
11208,pevba'o,pev-ba'o,ba'o,1,2
11209,pevbakykalci,pev-bak-kalci,pev,0,3
11210,pevbakykalci,pev-bak-kalci,bak,1,3
11211,pevbakykalci,pev-bak-kalci,kalci,2,3
11212,pevbancu,pev-bancu,pev,0,2
11213,pevbancu,pev-bancu,bancu,1,2
11214,pevbatci,pev-batci,pev,0,2
11215,pevbatci,pev-batci,batci,1,2
11216,pevbaubancu,pev-bau-bancu,pev,0,3
11217,pevbaubancu,pev-bau-bancu,bau,1,3
11218,pevbaubancu,pev-bau-bancu,bancu,2,3
11219,pevblo,pev-blo,pev,0,2
11220,pevblo,pev-blo,blo,1,2
11221,pevda'afagri,pev-da'a-fagri,pev,0,3
11222,pevda'afagri,pev-da'a-fagri,da'a,1,3
11223,pevda'afagri,pev-da'a-fagri,fagri,2,3
11224,pevdaski,pev-daski,pev,0,2
11225,pevdaski,pev-daski,daski,1,2
11226,pevdo'i,pev-do'i,pev,0,2
11227,pevdo'i,pev-do'i,do'i,1,2
11228,pevdzu,pev-dzu,pev,0,2
11229,pevdzu,pev-dzu,dzu,1,2
11230,pevjamfagri,pev-jam-fagri,pev,0,3
11231,pevjamfagri,pev-jam-fagri,jam,1,3
11232,pevjamfagri,pev-jam-fagri,fagri,2,3
11233,pevjbi,pev-jbi,pev,0,2
11234,pevjbi,pev-jbi,jbi,1,2
11235,pevjbikla,pev-jbi-kla,pev,0,3
11236,pevjbikla,pev-jbi-kla,jbi,1,3
11237,pevjbikla,pev-jbi-kla,kla,2,3
11238,pevji'u,pev-ji'u,pev,0,2
11239,pevji'u,pev-ji'u,ji'u,1,2
11240,pevjicla,pev-jicla,pev,0,2
11241,pevjicla,pev-jicla,jicla,1,2
11242,pevmijyklu,pev-mij-klu,pev,0,3
11243,pevmijyklu,pev-mij-klu,mij,1,3
11244,pevmijyklu,pev-mij-klu,klu,2,3
11245,pevnau,pev-nau,pev,0,2
11246,pevnau,pev-nau,nau,1,2
11247,pevrisnyjelca,pev-risn-jelca,pev,0,3
11248,pevrisnyjelca,pev-risn-jelca,risn,1,3
11249,pevrisnyjelca,pev-risn-jelca,jelca,2,3
11250,pevyckafi,pev-ckafi,pev,0,2
11251,pevyckafi,pev-ckafi,ckafi,1,2
11252,pevycuvgau,pev-cuv-gau,pev,0,3
11253,pevycuvgau,pev-cuv-gau,cuv,1,3
11254,pevycuvgau,pev-cuv-gau,gau,2,3
11255,pevyfenki,pev-fenki,pev,0,2
11256,pevyfenki,pev-fenki,fenki,1,2
11257,pevykemsolkrakepklu,pev-kem-sol-kra-kep-klu,pev,0,6
11258,pevykemsolkrakepklu,pev-kem-sol-kra-kep-klu,kem,1,6
11259,pevykemsolkrakepklu,pev-kem-sol-kra-kep-klu,sol,2,6
11260,pevykemsolkrakepklu,pev-kem-sol-kra-kep-klu,kra,3,6
11261,pevykemsolkrakepklu,pev-kem-sol-kra-kep-klu,kep,4,6
11262,pevykemsolkrakepklu,pev-kem-sol-kra-kep-klu,klu,5,6
11263,pevylivla,pev-livla,pev,0,2
11264,pevylivla,pev-livla,livla,1,2
11265,pevysa'e,pev-sa'e,pev,0,2
11266,pevysa'e,pev-sa'e,sa'e,1,2
11267,pevyso'aseltai,pev-so'a-sel-tai,pev,0,4
11268,pevyso'aseltai,pev-so'a-sel-tai,so'a,1,4
11269,pevyso'aseltai,pev-so'a-sel-tai,sel,2,4
11270,pevyso'aseltai,pev-so'a-sel-tai,tai,3,4
11271,pevytcati,pev-tcati,pev,0,2
11272,pevytcati,pev-tcati,tcati,1,2
11273,pevyvelvei,pev-vel-vei,pev,0,3
11274,pevyvelvei,pev-vel-vei,vel,1,3
11275,pevyvelvei,pev-vel-vei,vei,2,3
11276,pevyvli,pev-vli,pev,0,2
11277,pevyvli,pev-vli,vli,1,2
11278,pevyvro,pev-vro,pev,0,2
11279,pevyvro,pev-vro,vro,1,2
11280,pevyxagji,pev-xagji,pev,0,2
11281,pevyxagji,pev-xagji,xagji,1,2
11282,pevyxarju,pev-xarju,pev,0,2
11283,pevyxarju,pev-xarju,xarju,1,2
11284,pevzda,pev-zda,pev,0,2
11285,pevzda,pev-zda,zda,1,2
11286,pevzi'u,pev-zi'u,pev,0,2
11287,pevzi'u,pev-zi'u,zi'u,1,2
11288,pevzirjbo,pev-zir-jbo,pev,0,3
11289,pevzirjbo,pev-zir-jbo,zir,1,3
11290,pevzirjbo,pev-zir-jbo,jbo,2,3
11291,pelselkre,pel-sel-kre,pel,0,3
11292,pelselkre,pel-sel-kre,sel,1,3
11293,pelselkre,pel-sel-kre,kre,2,3
11294,peljdu,pel-jdu,pel,0,2
11295,peljdu,pel-jdu,jdu,1,2
11296,pevbatci,pev-batci,pev,0,2
11297,pevbatci,pev-batci,batci,1,2
11298,pevyckafi,pev-ckafi,pev,0,2
11299,pevyckafi,pev-ckafi,ckafi,1,2
11300,pevycuvgau,pev-cuv-gau,pev,0,3
11301,pevycuvgau,pev-cuv-gau,cuv,1,3
11302,pevycuvgau,pev-cuv-gau,gau,2,3
11303,pevjicla,pev-jicla,pev,0,2
11304,pevjicla,pev-jicla,jicla,1,2
11305,pezyjukni,pez-jukni,pez,0,2
11306,pezyjukni,pez-jukni,jukni,1,2
11307,pezyxruba,pez-xruba,pez,0,2
11308,pezyxruba,pez-xruba,xruba,1,2
11309,pevzda,pev-zda,pev,0,2
11310,pevzda,pev-zda,zda,1,2
11311,pi'ejvi,pi'e-jvi,pi'e,0,2
11312,pi'ejvi,pi'e-jvi,jvi,1,2
11313,pi'erbanfi,pi'e-banfi,pi'e,0,2
11314,pi'erbanfi,pi'e-banfi,banfi,1,2
11315,pi'orci'a,pi'o-ci'a,pi'o,0,2
11316,pi'orci'a,pi'o-ci'a,ci'a,1,2
11317,piclei,pic-lei,pic,0,2
11318,piclei,pic-lei,lei,1,2
11319,pidrai,pid-rai,pid,0,2
11320,pidrai,pid-rai,rai,1,2
11321,pifyzda,pif-zda,pif,0,2
11322,pifyzda,pif-zda,zda,1,2
11323,pifyzi'edi'a,pif-zi'e-di'a,pif,0,3
11324,pifyzi'edi'a,pif-zi'e-di'a,zi'e,1,3
11325,pifyzi'edi'a,pif-zi'e-di'a,di'a,2,3
11326,pijlarkemcajyzu'e,pij-lar-kem-caj-zu'e,pij,0,5
11327,pijlarkemcajyzu'e,pij-lar-kem-caj-zu'e,lar,1,5
11328,pijlarkemcajyzu'e,pij-lar-kem-caj-zu'e,kem,2,5
11329,pijlarkemcajyzu'e,pij-lar-kem-caj-zu'e,caj,3,5
11330,pijlarkemcajyzu'e,pij-lar-kem-caj-zu'e,zu'e,4,5
11331,pijmau,pij-mau,pij,0,2
11332,pijmau,pij-mau,mau,1,2
11333,pijveldi'a,pij-vel-di'a,pij,0,3
11334,pijveldi'a,pij-vel-di'a,vel,1,3
11335,pijveldi'a,pij-vel-di'a,di'a,2,3
11336,pijvri,pij-vri,pij,0,2
11337,pijvri,pij-vri,vri,1,2
11338,pijvritra,pij-vri-tra,pij,0,3
11339,pijvritra,pij-vri-tra,vri,1,3
11340,pijvritra,pij-vri-tra,tra,2,3
11341,pijvritra,pij-vri-tra,pij,0,3
11342,pijvritra,pij-vri-tra,vri,1,3
11343,pijvritra,pij-vri-tra,tra,2,3
11344,pijypeilarcu,pij-pei-larcu,pij,0,3
11345,pijypeilarcu,pij-pei-larcu,pei,1,3
11346,pijypeilarcu,pij-pei-larcu,larcu,2,3
11347,pijypeilarcu,pij-pei-larcu,pij,0,3
11348,pijypeilarcu,pij-pei-larcu,pei,1,3
11349,pijypeilarcu,pij-pei-larcu,larcu,2,3
11350,pijysisku,pij-sisku,pij,0,2
11351,pijysisku,pij-sisku,sisku,1,2
11352,pijyske,pij-ske,pij,0,2
11353,pijyske,pij-ske,ske,1,2
11354,pijytca,pij-tca,pij,0,2
11355,pijytca,pij-tca,tca,1,2
11356,piksku,pik-sku,pik,0,2
11357,piksku,pik-sku,sku,1,2
11358,pikyva'i,pik-va'i,pik,0,2
11359,pikyva'i,pik-va'i,va'i,1,2
11360,xrakarni,xra-karni,xra,0,2
11361,xrakarni,xra-karni,karni,1,2
11362,pilselgu'i,pil-sel-gu'i,pil,0,3
11363,pilselgu'i,pil-sel-gu'i,sel,1,3
11364,pilselgu'i,pil-sel-gu'i,gu'i,2,3
11365,pimvoi,pim-voi,pim,0,2
11366,pimvoi,pim-voi,voi,1,2
11367,pincypra,pinc-pra,pinc,0,2
11368,pincypra,pinc-pra,pra,1,2
11369,pinflani,pin-flani,pin,0,2
11370,pinflani,pin-flani,flani,1,2
11371,pinke'a,pin-ke'a,pin,0,2
11372,pinke'a,pin-ke'a,ke'a,1,2
11373,pinvlagri,pin-vla-gri,pin,0,3
11374,pinvlagri,pin-vla-gri,vla,1,3
11375,pinvlagri,pin-vla-gri,gri,2,3
11376,pipkavbu,pip-kavbu,pip,0,2
11377,pipkavbu,pip-kavbu,kavbu,1,2
11378,pipmabru,pip-mabru,pip,0,2
11379,pipmabru,pip-mabru,mabru,1,2
11380,pipybajra,pip-bajra,pip,0,2
11381,pipybajra,pip-bajra,bajra,1,2
11382,pipybajykla,pip-baj-kla,pip,0,3
11383,pipybajykla,pip-baj-kla,baj,1,3
11384,pipybajykla,pip-baj-kla,kla,2,3
11385,pipybanfi,pip-banfi,pip,0,2
11386,pipybanfi,pip-banfi,banfi,1,2
11387,pipyjalra,pip-jalra,pip,0,2
11388,pipyjalra,pip-jalra,jalra,1,2
11389,pipyvelbajra,pip-vel-bajra,pip,0,3
11390,pipyvelbajra,pip-vel-bajra,vel,1,3
11391,pipyvelbajra,pip-vel-bajra,bajra,2,3
11392,pitnanba,pit-nanba,pit,0,2
11393,pitnanba,pit-nanba,nanba,1,2
11394,pitybli,pit-bli,pit,0,2
11395,pitybli,pit-bli,bli,1,2
11396,pitytu'a,pit-tu'a,pit,0,2
11397,pitytu'a,pit-tu'a,tu'a,1,2
11398,pixri'a,pix-ri'a,pix,0,2
11399,pixri'a,pix-ri'a,ri'a,1,2
11400,pixsla,pix-sla,pix,0,2
11401,pixsla,pix-sla,sla,1,2
11402,pixydji,pix-dji,pix,0,2
11403,pixydji,pix-dji,dji,1,2
11404,pizysomtei,piz-som-tei,piz,0,3
11405,pizysomtei,piz-som-tei,som,1,3
11406,pizysomtei,piz-som-tei,tei,2,3
11407,plafi'i,pla-fi'i,pla,0,2
11408,plafi'i,pla-fi'i,fi'i,1,2
11409,plagau,pla-gau,pla,0,2
11410,plagau,pla-gau,gau,1,2
11411,plamau,pla-mau,pla,0,2
11412,plamau,pla-mau,mau,1,2
11413,planunkla,pla-nun-kla,pla,0,3
11414,planunkla,pla-nun-kla,nun,1,3
11415,planunkla,pla-nun-kla,kla,2,3
11416,planydu'e,plan-du'e,plan,0,2
11417,planydu'e,plan-du'e,du'e,1,2
11418,plapli,pla-pli,pla,0,2
11419,plapli,pla-pli,pli,1,2
11420,plaski,pla-ski,pla,0,2
11421,plaski,pla-ski,ski,1,2
11422,plasta,pla-sta,pla,0,2
11423,plasta,pla-sta,sta,1,2
11424,plazba,pla-zba,pla,0,2
11425,plazba,pla-zba,zba,1,2
11426,plebi'o,ple-bi'o,ple,0,2
11427,plebi'o,ple-bi'o,bi'o,1,2
11428,plebo'o,ple-bo'o,ple,0,2
11429,plebo'o,ple-bo'o,bo'o,1,2
11430,plectu,ple-ctu,ple,0,2
11431,plectu,ple-ctu,ctu,1,2
11432,pledi'i,ple-di'i,ple,0,2
11433,pledi'i,ple-di'i,di'i,1,2
11434,plesigja,ple-sigja,ple,0,2
11435,plesigja,ple-sigja,sigja,1,2
11436,plexa'a,ple-xa'a,ple,0,2
11437,plexa'a,ple-xa'a,xa'a,1,2
11438,plicli,pli-cli,pli,0,2
11439,plicli,pli-cli,cli,1,2
11440,plicru,pli-cru,pli,0,2
11441,plicru,pli-cru,cru,1,2
11442,plika'e,pli-ka'e,pli,0,2
11443,plika'e,pli-ka'e,ka'e,1,2
11444,plilarcu,pli-larcu,pli,0,2
11445,plilarcu,pli-larcu,larcu,1,2
11446,plimalpli,pli-mal-pli,pli,0,3
11447,plimalpli,pli-mal-pli,mal,1,3
11448,plimalpli,pli-mal-pli,pli,2,3
11449,plinalxau,pli-nal-xau,pli,0,3
11450,plinalxau,pli-nal-xau,nal,1,3
11451,plinalxau,pli-nal-xau,xau,2,3
11452,plinylu'a,plin-lu'a,plin,0,2
11453,plinylu'a,plin-lu'a,lu'a,1,2
11454,pliri'a,pli-ri'a,pli,0,2
11455,pliri'a,pli-ri'a,ri'a,1,2
11456,pliski,pli-ski,pli,0,2
11457,pliski,pli-ski,ski,1,2
11458,plisri,pli-sri,pli,0,2
11459,plisri,pli-sri,sri,1,2
11460,plisytricu,plis-tricu,plis,0,2
11461,plisytricu,plis-tricu,tricu,1,2
11462,plitadji,pli-tadji,pli,0,2
11463,plitadji,pli-tadji,tadji,1,2
11464,plivla,pli-vla,pli,0,2
11465,plivla,pli-vla,vla,1,2
11466,plixau,pli-xau,pli,0,2
11467,plixau,pli-xau,xau,1,2
11468,plogau,plo-gau,plo,0,2
11469,plogau,plo-gau,gau,1,2
11470,plokarlycreka,plo-karl-creka,plo,0,3
11471,plokarlycreka,plo-karl-creka,karl,1,3
11472,plokarlycreka,plo-karl-creka,creka,2,3
11473,plokarlycreka,plo-karl-creka,plo,0,3
11474,plokarlycreka,plo-karl-creka,karl,1,3
11475,plokarlycreka,plo-karl-creka,creka,2,3
11476,plozu'e,plo-zu'e,plo,0,2
11477,plozu'e,plo-zu'e,zu'e,1,2
11478,lutfa'o,lut-fa'o,lut,0,2
11479,lutfa'o,lut-fa'o,fa'o,1,2
11480,lutke'a,lut-ke'a,lut,0,2
11481,lutke'a,lut-ke'a,ke'a,1,2
11482,lutku'a,lut-ku'a,lut,0,2
11483,lutku'a,lut-ku'a,ku'a,1,2
11484,po'aspo,po'a-spo,po'a,0,2
11485,po'aspo,po'a-spo,spo,1,2
11486,po'edji,po'e-dji,po'e,0,2
11487,po'edji,po'e-dji,dji,1,2
11488,po'esfa,po'e-sfa,po'e,0,2
11489,po'esfa,po'e-sfa,sfa,1,2
11490,po'igre,po'i-gre,po'i,0,2
11491,po'igre,po'i-gre,gre,1,2
11492,pofygau,pof-gau,pof,0,2
11493,pofygau,pof-gau,gau,1,2
11494,pofyzu'e,pof-zu'e,pof,0,2
11495,pofyzu'e,pof-zu'e,zu'e,1,2
11496,poirbancu,poi-bancu,poi,0,2
11497,poirbancu,poi-bancu,bancu,1,2
11498,poirxoi,poi-xoi,poi,0,2
11499,poirxoi,poi-xoi,xoi,1,2
11500,poismu,poi-smu,poi,0,2
11501,poismu,poi-smu,smu,1,2
11502,poivre,poi-vre,poi,0,2
11503,poivre,poi-vre,vre,1,2
11504,pojgau,poj-gau,poj,0,2
11505,pojgau,poj-gau,gau,1,2
11506,pojri'a,poj-ri'a,poj,0,2
11507,pojri'a,poj-ri'a,ri'a,1,2
11508,pojyca'a,poj-ca'a,poj,0,2
11509,pojyca'a,poj-ca'a,ca'a,1,2
11510,pojyfa'u,poj-fa'u,poj,0,2
11511,pojyfa'u,poj-fa'u,fa'u,1,2
11512,polgai,pol-gai,pol,0,2
11513,polgai,pol-gai,gai,1,2
11514,pongu'e,pon-gu'e,pon,0,2
11515,pongu'e,pon-gu'e,gu'e,1,2
11516,ponlai,pon-lai,pon,0,2
11517,ponlai,pon-lai,lai,1,2
11518,ponsei,pon-sei,pon,0,2
11519,ponsei,pon-sei,sei,1,2
11520,ponytse,pon-tse,pon,0,2
11521,ponytse,pon-tse,tse,1,2
11522,popri'a,pop-ri'a,pop,0,2
11523,popri'a,pop-ri'a,ri'a,1,2
11524,poprikselpi'o,pop-rik-sel-pi'o,pop,0,4
11525,poprikselpi'o,pop-rik-sel-pi'o,rik,1,4
11526,poprikselpi'o,pop-rik-sel-pi'o,sel,2,4
11527,poprikselpi'o,pop-rik-sel-pi'o,pi'o,3,4
11528,popselgu'i,pop-sel-gu'i,pop,0,3
11529,popselgu'i,pop-sel-gu'i,sel,1,3
11530,popselgu'i,pop-sel-gu'i,gu'i,2,3
11531,popselpi'o,pop-sel-pi'o,pop,0,3
11532,popselpi'o,pop-sel-pi'o,sel,1,3
11533,popselpi'o,pop-sel-pi'o,pi'o,2,3
11534,popsiclei,pop-sic-lei,pop,0,3
11535,popsiclei,pop-sic-lei,sic,1,3
11536,popsiclei,pop-sic-lei,lei,2,3
11537,popsna,pop-sna,pop,0,2
11538,popsna,pop-sna,sna,1,2
11539,poptru,pop-tru,pop,0,2
11540,poptru,pop-tru,tru,1,2
11541,popygau,pop-gau,pop,0,2
11542,popygau,pop-gau,gau,1,2
11543,porja'e,por-ja'e,por,0,2
11544,porja'e,por-ja'e,ja'e,1,2
11545,porjmina,por-jmina,por,0,2
11546,porjmina,por-jmina,jmina,1,2
11547,porjo'e,por-jo'e,por,0,2
11548,porjo'e,por-jo'e,jo'e,1,2
11549,porkancu,por-kancu,por,0,2
11550,porkancu,por-kancu,kancu,1,2
11551,porkansa,por-kansa,por,0,2
11552,porkansa,por-kansa,kansa,1,2
11553,porla'i,por-la'i,por,0,2
11554,porla'i,por-la'i,la'i,1,2
11555,porjmina,por-jmina,por,0,2
11556,porjmina,por-jmina,jmina,1,2
11557,porseltivni,por-sel-tivni,por,0,3
11558,porseltivni,por-sel-tivni,sel,1,3
11559,porseltivni,por-sel-tivni,tivni,2,3
11560,posle'a,pos-le'a,pos,0,2
11561,posle'a,pos-le'a,le'a,1,2
11562,posne'u,pos-ne'u,pos,0,2
11563,posne'u,pos-ne'u,ne'u,1,2
11564,posnei,pos-nei,pos,0,2
11565,posnei,pos-nei,nei,1,2
11566,pospei,pos-pei,pos,0,2
11567,pospei,pos-pei,pei,1,2
11568,posprali,pos-prali,pos,0,2
11569,posprali,pos-prali,prali,1,2
11570,posri'a,pos-ri'a,pos,0,2
11571,posri'a,pos-ri'a,ri'a,1,2
11572,posterve'u,pos-ter-ve'u,pos,0,3
11573,posterve'u,pos-ter-ve'u,ter,1,3
11574,posterve'u,pos-ter-ve'u,ve'u,2,3
11575,posycanja,pos-canja,pos,0,2
11576,posycanja,pos-canja,canja,1,2
11577,posyselva'i,pos-sel-va'i,pos,0,3
11578,posyselva'i,pos-sel-va'i,sel,1,3
11579,posyselva'i,pos-sel-va'i,va'i,2,3
11580,posyselve'u,pos-sel-ve'u,pos,0,3
11581,posyselve'u,pos-sel-ve'u,sel,1,3
11582,posyselve'u,pos-sel-ve'u,ve'u,2,3
11583,posyva'i,pos-va'i,pos,0,2
11584,posyva'i,pos-va'i,va'i,1,2
11585,posyve'u,pos-ve'u,pos,0,2
11586,posyve'u,pos-ve'u,ve'u,1,2
11587,posyvelne'u,pos-vel-ne'u,pos,0,3
11588,posyvelne'u,pos-vel-ne'u,vel,1,3
11589,posyvelne'u,pos-vel-ne'u,ne'u,2,3
11590,posyvlatai,pos-vla-tai,pos,0,3
11591,posyvlatai,pos-vla-tai,vla,1,3
11592,posyvlatai,pos-vla-tai,tai,2,3
11593,potybau,pot-bau,pot,0,2
11594,potybau,pot-bau,bau,1,2
11595,prable,pra-ble,pra,0,2
11596,prable,pra-ble,ble,1,2
11597,practi,pra-cti,pra,0,2
11598,practi,pra-cti,cti,1,2
11599,pranabmi,pra-nabmi,pra,0,2
11600,pranabmi,pra-nabmi,nabmi,1,2
11601,pratci,pra-tci,pra,0,2
11602,pratci,pra-tci,tci,1,2
11603,pratcu,pra-tcu,pra,0,2
11604,pratcu,pra-tcu,tcu,1,2
11605,pravai,pra-vai,pra,0,2
11606,pravai,pra-vai,vai,1,2
11607,precau,pre-cau,pre,0,2
11608,precau,pre-cau,cau,1,2
11609,preda'u,pre-da'u,pre,0,2
11610,preda'u,pre-da'u,da'u,1,2
11611,predalcne,pre-dal-cne,pre,0,3
11612,predalcne,pre-dal-cne,dal,1,3
11613,predalcne,pre-dal-cne,cne,2,3
11614,predei,pre-dei,pre,0,2
11615,predei,pre-dei,dei,1,2
11616,pregau,pre-gau,pre,0,2
11617,pregau,pre-gau,gau,1,2
11618,pregri,pre-gri,pre,0,2
11619,pregri,pre-gri,gri,1,2
11620,prekai,pre-kai,pre,0,2
11621,prekai,pre-kai,kai,1,2
11622,prekrasno,pre-kra-sno,pre,0,3
11623,prekrasno,pre-kra-sno,kra,1,3
11624,prekrasno,pre-kra-sno,sno,2,3
11625,premu'o,pre-mu'o,pre,0,2
11626,premu'o,pre-mu'o,mu'o,1,2
11627,preri'a,pre-ri'a,pre,0,2
11628,preri'a,pre-ri'a,ri'a,1,2
11629,preru'i,pre-ru'i,pre,0,2
11630,preru'i,pre-ru'i,ru'i,1,2
11631,preselbri,pre-sel-bri,pre,0,3
11632,preselbri,pre-sel-bri,sel,1,3
11633,preselbri,pre-sel-bri,bri,2,3
11634,preske,pre-ske,pre,0,2
11635,preske,pre-ske,ske,1,2
11636,presku,pre-sku,pre,0,2
11637,presku,pre-sku,sku,1,2
11638,presni,pre-sni,pre,0,2
11639,presni,pre-sni,sni,1,2
11640,preso'i,pre-so'i,pre,0,2
11641,preso'i,pre-so'i,so'i,1,2
11642,pretai,pre-tai,pre,0,2
11643,pretai,pre-tai,tai,1,2
11644,pretcita,pre-tcita,pre,0,2
11645,pretcita,pre-tcita,tcita,1,2
11646,preteksto,pre-tek-sto,pre,0,3
11647,preteksto,pre-tek-sto,tek,1,3
11648,preteksto,pre-tek-sto,sto,2,3
11649,preterki'i,pre-ter-ki'i,pre,0,3
11650,preterki'i,pre-ter-ki'i,ter,1,3
11651,preterki'i,pre-ter-ki'i,ki'i,2,3
11652,pretai,pre-tai,pre,0,2
11653,pretai,pre-tai,tai,1,2
11654,pretre,pre-tre,pre,0,2
11655,pretre,pre-tre,tre,1,2
11656,prevelma'e,pre-vel-ma'e,pre,0,3
11657,prevelma'e,pre-vel-ma'e,vel,1,3
11658,prevelma'e,pre-vel-ma'e,ma'e,2,3
11659,previ'i,pre-vi'i,pre,0,2
11660,previ'i,pre-vi'i,vi'i,1,2
11661,prezda,pre-zda,pre,0,2
11662,prezda,pre-zda,zda,1,2
11663,prici'a,pri-ci'a,pri,0,2
11664,prici'a,pri-ci'a,ci'a,1,2
11665,pricne,pri-cne,pri,0,2
11666,pricne,pri-cne,cne,1,2
11667,prigau,pri-gau,pri,0,2
11668,prigau,pri-gau,gau,1,2
11669,pripai,pri-pai,pri,0,2
11670,pripai,pri-pai,pai,1,2
11671,pritycarna,prit-carna,prit,0,2
11672,pritycarna,prit-carna,carna,1,2
11673,prityjei,prit-jei,prit,0,2
11674,prityjei,prit-jei,jei,1,2
11675,pritytercarna,prit-ter-carna,prit,0,3
11676,pritytercarna,prit-ter-carna,ter,1,3
11677,pritytercarna,prit-ter-carna,carna,2,3
11678,prityxa'e,prit-xa'e,prit,0,2
11679,prityxa'e,prit-xa'e,xa'e,1,2
11680,proble,pro-ble,pro,0,2
11681,proble,pro-ble,ble,1,2
11682,procrasti,pro-cra-sti,pro,0,3
11683,procrasti,pro-cra-sti,cra,1,3
11684,procrasti,pro-cra-sti,sti,2,3
11685,proda'a,pro-da'a,pro,0,2
11686,proda'a,pro-da'a,da'a,1,2
11687,progre,pro-gre,pro,0,2
11688,progre,pro-gre,gre,1,2
11689,prokrasti,pro-kra-sti,pro,0,3
11690,prokrasti,pro-kra-sti,kra,1,3
11691,prokrasti,pro-kra-sti,sti,2,3
11692,prolanxe,pro-lanxe,pro,0,2
11693,prolanxe,pro-lanxe,lanxe,1,2
11694,propra,pro-pra,pro,0,2
11695,propra,pro-pra,pra,1,2
11696,propre,pro-pre,pro,0,2
11697,propre,pro-pre,pre,1,2
11698,prosti,pro-sti,pro,0,2
11699,prosti,pro-sti,sti,1,2
11700,prosu'i,pro-su'i,pro,0,2
11701,prosu'i,pro-su'i,su'i,1,2
11702,prucedra,pru-cedra,pru,0,2
11703,prucedra,pru-cedra,cedra,1,2
11704,prucedrylisri,pru-cedr-lisri,pru,0,3
11705,prucedrylisri,pru-cedr-lisri,cedr,1,3
11706,prucedrylisri,pru-cedr-lisri,lisri,2,3
11707,prucimri'a,pru-cim-ri'a,pru,0,3
11708,prucimri'a,pru-cim-ri'a,cim,1,3
11709,prucimri'a,pru-cim-ri'a,ri'a,2,3
11710,prudo'o,pru-do'o,pru,0,2
11711,prudo'o,pru-do'o,do'o,1,2
11712,prujbe,pru-jbe,pru,0,2
11713,prujbe,pru-jbe,jbe,1,2
11714,prujbima'i,pru-jbi-ma'i,pru,0,3
11715,prujbima'i,pru-jbi-ma'i,jbi,1,3
11716,prujbima'i,pru-jbi-ma'i,ma'i,2,3
11717,prujbina'a,pru-jbi-na'a,pru,0,3
11718,prujbina'a,pru-jbi-na'a,jbi,1,3
11719,prujbina'a,pru-jbi-na'a,na'a,2,3
11720,prujbo,pru-jbo,pru,0,2
11721,prujbo,pru-jbo,jbo,1,2
11722,prujeftu,pru-jeftu,pru,0,2
11723,prujeftu,pru-jeftu,jeftu,1,2
11724,prukei,pru-kei,pru,0,2
11725,prukei,pru-kei,kei,1,2
11726,prukespre,pru-kes-pre,pru,0,3
11727,prukespre,pru-kes-pre,kes,1,3
11728,prukespre,pru-kes-pre,pre,2,3
11729,prukla,pru-kla,pru,0,2
11730,prukla,pru-kla,kla,1,2
11731,prula'i,pru-la'i,pru,0,2
11732,prula'i,pru-la'i,la'i,1,2
11733,prulaicte,pru-lai-cte,pru,0,3
11734,prulaicte,pru-lai-cte,lai,1,3
11735,prulaicte,pru-lai-cte,cte,2,3
11736,prulamcte,pru-lam-cte,pru,0,3
11737,prulamcte,pru-lam-cte,lam,1,3
11738,prulamcte,pru-lam-cte,cte,2,3
11739,prulamdei,pru-lam-dei,pru,0,3
11740,prulamdei,pru-lam-dei,lam,1,3
11741,prulamdei,pru-lam-dei,dei,2,3
11742,prulamjeftu,pru-lam-jeftu,pru,0,3
11743,prulamjeftu,pru-lam-jeftu,lam,1,3
11744,prulamjeftu,pru-lam-jeftu,jeftu,2,3
11745,prulamna'a,pru-lam-na'a,pru,0,3
11746,prulamna'a,pru-lam-na'a,lam,1,3
11747,prulamna'a,pru-lam-na'a,na'a,2,3
11748,prulamrai,pru-lam-rai,pru,0,3
11749,prulamrai,pru-lam-rai,lam,1,3
11750,prulamrai,pru-lam-rai,rai,2,3
11751,prupla,pru-pla,pru,0,2
11752,prupla,pru-pla,pla,1,2
11753,pruple,pru-ple,pru,0,2
11754,pruple,pru-ple,ple,1,2
11755,prupre,pru-pre,pru,0,2
11756,prupre,pru-pre,pre,1,2
11757,prura'a,pru-ra'a,pru,0,2
11758,prura'a,pru-ra'a,ra'a,1,2
11759,pruseljbe,pru-sel-jbe,pru,0,3
11760,pruseljbe,pru-sel-jbe,sel,1,3
11761,pruseljbe,pru-sel-jbe,jbe,2,3
11762,pruselpli,pru-sel-pli,pru,0,3
11763,pruselpli,pru-sel-pli,sel,1,3
11764,pruselpli,pru-sel-pli,pli,2,3
11765,pruselpo'e,pru-sel-po'e,pru,0,3
11766,pruselpo'e,pru-sel-po'e,sel,1,3
11767,pruselpo'e,pru-sel-po'e,po'e,2,3
11768,pruselyli'a,pru-sel-li'a,pru,0,3
11769,pruselyli'a,pru-sel-li'a,sel,1,3
11770,pruselyli'a,pru-sel-li'a,li'a,2,3
11771,prusoi,pru-soi,pru,0,2
11772,prusoi,pru-soi,soi,1,2
11773,pruste,pru-ste,pru,0,2
11774,pruste,pru-ste,ste,1,2
11775,pu'ecpa,pu'e-cpa,pu'e,0,2
11776,pu'ecpa,pu'e-cpa,cpa,1,2
11777,pudji'e,pud-ji'e,pud,0,2
11778,pudji'e,pud-ji'e,ji'e,1,2
11779,pudyku'i,pud-ku'i,pud,0,2
11780,pudyku'i,pud-ku'i,ku'i,1,2
11781,pukmau,puk-mau,puk,0,2
11782,pukmau,puk-mau,mau,1,2
11783,pukrai,puk-rai,puk,0,2
11784,pukrai,puk-rai,rai,1,2
11785,puksku,puk-sku,puk,0,2
11786,puksku,puk-sku,sku,1,2
11787,pukygau,puk-gau,puk,0,2
11788,pukygau,puk-gau,gau,1,2
11789,pukykufra,puk-kufra,puk,0,2
11790,pukykufra,puk-kufra,kufra,1,2
11791,pulgau,pul-gau,pul,0,2
11792,pulgau,pul-gau,gau,1,2
11793,puljyklo,pulj-klo,pulj,0,2
11794,puljyklo,pulj-klo,klo,1,2
11795,puljyralju,pulj-ralju,pulj,0,2
11796,puljyralju,pulj-ralju,ralju,1,2
11797,puljyselsoi,pulj-sel-soi,pulj,0,3
11798,puljyselsoi,pulj-sel-soi,sel,1,3
11799,puljyselsoi,pulj-sel-soi,soi,2,3
11800,puljysoi,pulj-soi,pulj,0,2
11801,puljysoi,pulj-soi,soi,1,2
11802,puljyterganzu,pulj-ter-ganzu,pulj,0,3
11803,puljyterganzu,pulj-ter-ganzu,ter,1,3
11804,puljyterganzu,pulj-ter-ganzu,ganzu,2,3
11805,pulkra,pul-kra,pul,0,2
11806,pulkra,pul-kra,kra,1,2
11807,punkra,pun-kra,pun,0,2
11808,punkra,pun-kra,kra,1,2
11809,pursezyselplicfagau,pur-sez-sel-pli-cfa-gau,pur,0,6
11810,pursezyselplicfagau,pur-sez-sel-pli-cfa-gau,sez,1,6
11811,pursezyselplicfagau,pur-sez-sel-pli-cfa-gau,sel,2,6
11812,pursezyselplicfagau,pur-sez-sel-pli-cfa-gau,pli,3,6
11813,pursezyselplicfagau,pur-sez-sel-pli-cfa-gau,cfa,4,6
11814,pursezyselplicfagau,pur-sez-sel-pli-cfa-gau,gau,5,6
11815,pusmi'i,pus-mi'i,pus,0,2
11816,pusmi'i,pus-mi'i,mi'i,1,2
11817,puvbroda,puv-broda,puv,0,2
11818,puvbroda,puv-broda,broda,1,2
11819,puvjbe,puv-jbe,puv,0,2
11820,puvjbe,puv-jbe,jbe,1,2
11821,puvji'e,puv-ji'e,puv,0,2
11822,puvji'e,puv-ji'e,ji'e,1,2
11823,puvjmina,puv-jmina,puv,0,2
11824,puvjmina,puv-jmina,jmina,1,2
11825,puvragve,puv-ragve,puv,0,2
11826,puvragve,puv-ragve,ragve,1,2
11827,puvycne,puv-cne,puv,0,2
11828,puvycne,puv-cne,cne,1,2
11829,puvypei,puv-pei,puv,0,2
11830,puvypei,puv-pei,pei,1,2
11831,puvyprije,puv-prije,puv,0,2
11832,puvyprije,puv-prije,prije,1,2
11833,ra'artei,ra'a-tei,ra'a,0,2
11834,ra'artei,ra'a-tei,tei,1,2
11835,ra'irdrata,ra'i-drata,ra'i,0,2
11836,ra'irdrata,ra'i-drata,drata,1,2
11837,ra'irgau,ra'i-gau,ra'i,0,2
11838,ra'irgau,ra'i-gau,gau,1,2
11839,ra'irta'a,ra'i-ta'a,ra'i,0,2
11840,ra'irta'a,ra'i-ta'a,ta'a,1,2
11841,ra'irtrigru,ra'i-tri-gru,ra'i,0,3
11842,ra'irtrigru,ra'i-tri-gru,tri,1,3
11843,ra'irtrigru,ra'i-tri-gru,gru,2,3
11844,ra'isku,ra'i-sku,ra'i,0,2
11845,ra'isku,ra'i-sku,sku,1,2
11846,ra'udri,ra'u-dri,ra'u,0,2
11847,ra'udri,ra'u-dri,dri,1,2
11848,rabybau,rab-bau,rab,0,2
11849,rabybau,rab-bau,bau,1,2
11850,rabykumte,rab-kumte,rab,0,2
11851,rabykumte,rab-kumte,kumte,1,2
11852,rabzukta'i,rab-zuk-ta'i,rab,0,3
11853,rabzukta'i,rab-zuk-ta'i,zuk,1,3
11854,rabzukta'i,rab-zuk-ta'i,ta'i,2,3
11855,racmau,rac-mau,rac,0,2
11856,racmau,rac-mau,mau,1,2
11857,radzinski,rad-zin-ski,rad,0,3
11858,radzinski,rad-zin-ski,zin,1,3
11859,radzinski,rad-zin-ski,ski,2,3
11860,rafni'o,raf-ni'o,raf,0,2
11861,rafni'o,raf-ni'o,ni'o,1,2
11862,rafrafrafsi,raf-raf-rafsi,raf,0,3
11863,rafrafrafsi,raf-raf-rafsi,raf,1,3
11864,rafrafrafsi,raf-raf-rafsi,rafsi,2,3
11865,rafsi'o,raf-si'o,raf,0,2
11866,rafsi'o,raf-si'o,si'o,1,2
11867,rafsmi,raf-smi,raf,0,2
11868,rafsmi,raf-smi,smi,1,2
11869,rafste,raf-ste,raf,0,2
11870,rafste,raf-ste,ste,1,2
11871,rafydra,raf-dra,raf,0,2
11872,rafydra,raf-dra,dra,1,2
11873,rafyjvema'o,raf-jve-ma'o,raf,0,3
11874,rafyjvema'o,raf-jve-ma'o,jve,1,3
11875,rafyjvema'o,raf-jve-ma'o,ma'o,2,3
11876,ragdja,rag-dja,rag,0,2
11877,ragdja,rag-dja,dja,1,2
11878,raibra,rai-bra,rai,0,2
11879,raibra,rai-bra,bra,1,2
11880,rairdenmi,rai-denmi,rai,0,2
11881,rairdenmi,rai-denmi,denmi,1,2
11882,rairnau,rai-nau,rai,0,2
11883,rairnau,rai-nau,nau,1,2
11884,rairpu'a,rai-pu'a,rai,0,2
11885,rairpu'a,rai-pu'a,pu'a,1,2
11886,rairsutra,rai-sutra,rai,0,2
11887,rairsutra,rai-sutra,sutra,1,2
11888,rairxau,rai-xau,rai,0,2
11889,rairxau,rai-xau,xau,1,2
11890,raitru,rai-tru,rai,0,2
11891,raitru,rai-tru,tru,1,2
11892,raitsa,rai-tsa,rai,0,2
11893,raitsa,rai-tsa,tsa,1,2
11894,rajmre,raj-mre,raj,0,2
11895,rajmre,raj-mre,mre,1,2
11896,ra'inraipre,ra'i-rai-pre,ra'i,0,3
11897,ra'inraipre,ra'i-rai-pre,rai,1,3
11898,ra'inraipre,ra'i-rai-pre,pre,2,3
11899,rajyflani,raj-flani,raj,0,2
11900,rajyflani,raj-flani,flani,1,2
11901,rajyke'a,raj-ke'a,raj,0,2
11902,rajyke'a,raj-ke'a,ke'a,1,2
11903,rajykevloi,raj-kev-loi,raj,0,3
11904,rajykevloi,raj-kev-loi,kev,1,3
11905,rajykevloi,raj-kev-loi,loi,2,3
11906,rajysirdra,raj-sir-dra,raj,0,3
11907,rajysirdra,raj-sir-dra,sir,1,3
11908,rajysirdra,raj-sir-dra,dra,2,3
11909,ra'irta'a,ra'i-ta'a,ra'i,0,2
11910,ra'irta'a,ra'i-ta'a,ta'a,1,2
11911,rajytu'a,raj-tu'a,raj,0,2
11912,rajytu'a,raj-tu'a,tu'a,1,2
11913,rakpli,rak-pli,rak,0,2
11914,rakpli,rak-pli,pli,1,2
11915,raksku,rak-sku,rak,0,2
11916,raksku,rak-sku,sku,1,2
11917,raksyje'a,raks-je'a,raks,0,2
11918,raksyje'a,raks-je'a,je'a,1,2
11919,raksynai,raks-nai,raks,0,2
11920,raksynai,raks-nai,nai,1,2
11921,raksypre,raks-pre,raks,0,2
11922,raksypre,raks-pre,pre,1,2
11923,raktcu,rak-tcu,rak,0,2
11924,raktcu,rak-tcu,tcu,1,2
11925,rakyga'i,rak-ga'i,rak,0,2
11926,rakyga'i,rak-ga'i,ga'i,1,2
11927,rakygau,rak-gau,rak,0,2
11928,rakygau,rak-gau,gau,1,2
11929,raksyje'a,raks-je'a,raks,0,2
11930,raksyje'a,raks-je'a,je'a,1,2
11931,ralfau,ral-fau,ral,0,2
11932,ralfau,ral-fau,fau,1,2
11933,ralgau,ral-gau,ral,0,2
11934,ralgau,ral-gau,gau,1,2
11935,ralja'a,ral-ja'a,ral,0,2
11936,ralja'a,ral-ja'a,ja'a,1,2
11937,ralmu'i,ral-mu'i,ral,0,2
11938,ralmu'i,ral-mu'i,mu'i,1,2
11939,ralsagzgi,ral-sag-zgi,ral,0,3
11940,ralsagzgi,ral-sag-zgi,sag,1,3
11941,ralsagzgi,ral-sag-zgi,zgi,2,3
11942,ralselpra,ral-sel-pra,ral,0,3
11943,ralselpra,ral-sel-pra,sel,1,3
11944,ralselpra,ral-sel-pra,pra,2,3
11945,raltca,ral-tca,ral,0,2
11946,raltca,ral-tca,tca,1,2
11947,raltca,ral-tca,ral,0,2
11948,raltca,ral-tca,tca,1,2
11949,ralterbe'e,ral-ter-be'e,ral,0,3
11950,ralterbe'e,ral-ter-be'e,ter,1,3
11951,ralterbe'e,ral-ter-be'e,be'e,2,3
11952,ralva'i,ral-va'i,ral,0,2
11953,ralva'i,ral-va'i,va'i,1,2
11954,rambalrespa,ram-bal-respa,ram,0,3
11955,rambalrespa,ram-bal-respa,bal,1,3
11956,rambalrespa,ram-bal-respa,respa,2,3
11957,rambalsince,ram-bal-since,ram,0,3
11958,rambalsince,ram-bal-since,bal,1,3
11959,rambalsince,ram-bal-since,since,2,3
11960,pamcri,pam-cri,pam,0,2
11961,pamcri,pam-cri,cri,1,2
11962,ramda'u,ram-da'u,ram,0,2
11963,ramda'u,ram-da'u,da'u,1,2
11964,ramjoixei,ram-joi-xei,ram,0,3
11965,ramjoixei,ram-joi-xei,joi,1,3
11966,ramjoixei,ram-joi-xei,xei,2,3
11967,pamnabmi,pam-nabmi,pam,0,2
11968,pamnabmi,pam-nabmi,nabmi,1,2
11969,pampemyzba,pam-pem-zba,pam,0,3
11970,pampemyzba,pam-pem-zba,pem,1,3
11971,pampemyzba,pam-pem-zba,zba,2,3
11972,pamta'a,pam-ta'a,pam,0,2
11973,pamta'a,pam-ta'a,ta'a,1,2
11974,ranbo'u,ran-bo'u,ran,0,2
11975,ranbo'u,ran-bo'u,bo'u,1,2
11976,rancimde'u,ran-cim-de'u,ran,0,3
11977,rancimde'u,ran-cim-de'u,cim,1,3
11978,rancimde'u,ran-cim-de'u,de'u,2,3
11979,rancimderke'a,ran-cim-der-ke'a,ran,0,4
11980,rancimderke'a,ran-cim-der-ke'a,cim,1,4
11981,rancimderke'a,ran-cim-der-ke'a,der,2,4
11982,rancimderke'a,ran-cim-der-ke'a,ke'a,3,4
11983,rancimde'u,ran-cim-de'u,ran,0,3
11984,rancimde'u,ran-cim-de'u,cim,1,3
11985,rancimde'u,ran-cim-de'u,de'u,2,3
11986,rancindu,ran-cindu,ran,0,2
11987,rancindu,ran-cindu,cindu,1,2
11988,ranki'e,ran-ki'e,ran,0,2
11989,ranki'e,ran-ki'e,ki'e,1,2
11990,ranlei,ran-lei,ran,0,2
11991,ranlei,ran-lei,lei,1,2
11992,ranloi,ran-loi,ran,0,2
11993,ranloi,ran-loi,loi,1,2
11994,ranste,ran-ste,ran,0,2
11995,ranste,ran-ste,ste,1,2
11996,rapcalku,rap-calku,rap,0,2
11997,rapcalku,rap-calku,calku,1,2
11998,rapcki,rap-cki,rap,0,2
11999,rapcki,rap-cki,cki,1,2
12000,rapcpe,rap-cpe,rap,0,2
12001,rapcpe,rap-cpe,cpe,1,2
12002,rapfa'i,rap-fa'i,rap,0,2
12003,rapfa'i,rap-fa'i,fa'i,1,2
12004,rapfri,rap-fri,rap,0,2
12005,rapfri,rap-fri,fri,1,2
12006,rapkembrezu'e,rap-kem-bre-zu'e,rap,0,4
12007,rapkembrezu'e,rap-kem-bre-zu'e,kem,1,4
12008,rapkembrezu'e,rap-kem-bre-zu'e,bre,2,4
12009,rapkembrezu'e,rap-kem-bre-zu'e,zu'e,3,4
12010,rapkru,rap-kru,rap,0,2
12011,rapkru,rap-kru,kru,1,2
12012,rapmo'izu'e,rap-mo'i-zu'e,rap,0,3
12013,rapmo'izu'e,rap-mo'i-zu'e,mo'i,1,3
12014,rapmo'izu'e,rap-mo'i-zu'e,zu'e,2,3
12015,rapnerpluja,rap-ner-pluja,rap,0,3
12016,rapnerpluja,rap-ner-pluja,ner,1,3
12017,rapnerpluja,rap-ner-pluja,pluja,2,3
12018,rapsmu,rap-smu,rap,0,2
12019,rapsmu,rap-smu,smu,1,2
12020,raptadni,rap-tadni,rap,0,2
12021,raptadni,rap-tadni,tadni,1,2
12022,rapxelcli,rap-xel-cli,rap,0,3
12023,rapxelcli,rap-xel-cli,xel,1,3
12024,rapxelcli,rap-xel-cli,cli,2,3
12025,rapyda'i,rap-da'i,rap,0,2
12026,rapyda'i,rap-da'i,da'i,1,2
12027,rapyga'i,rap-ga'i,rap,0,2
12028,rapyga'i,rap-ga'i,ga'i,1,2
12029,rapygau,rap-gau,rap,0,2
12030,rapygau,rap-gau,gau,1,2
12031,rapype'u,rap-pe'u,rap,0,2
12032,rapype'u,rap-pe'u,pe'u,1,2
12033,rapyzu'e,rap-zu'e,rap,0,2
12034,rapyzu'e,rap-zu'e,zu'e,1,2
12035,rapyzukmo'i,rap-zuk-mo'i,rap,0,3
12036,rapyzukmo'i,rap-zuk-mo'i,zuk,1,3
12037,rapyzukmo'i,rap-zuk-mo'i,mo'i,2,3
12038,rarbau,rar-bau,rar,0,2
12039,rarbau,rar-bau,bau,1,2
12040,rarfla,rar-fla,rar,0,2
12041,rarfla,rar-fla,fla,1,2
12042,rarge'a,rar-ge'a,rar,0,2
12043,rarge'a,rar-ge'a,ge'a,1,2
12044,rarlalske,rar-lal-ske,rar,0,3
12045,rarlalske,rar-lal-ske,lal,1,3
12046,rarlalske,rar-lal-ske,ske,2,3
12047,rarmi'e,rar-mi'e,rar,0,2
12048,rarmi'e,rar-mi'e,mi'e,1,2
12049,rarpo'e,rar-po'e,rar,0,2
12050,rarpo'e,rar-po'e,po'e,1,2
12051,rarske,rar-ske,rar,0,2
12052,rarske,rar-ske,ske,1,2
12053,raslai,ras-lai,ras,0,2
12054,raslai,ras-lai,lai,1,2
12055,rastci,ras-tci,ras,0,2
12056,rastci,ras-tci,tci,1,2
12057,rastergu'i,ras-ter-gu'i,ras,0,3
12058,rastergu'i,ras-ter-gu'i,ter,1,3
12059,rastergu'i,ras-ter-gu'i,gu'i,2,3
12060,rasyjukpa,ras-jukpa,ras,0,2
12061,rasyjukpa,ras-jukpa,jukpa,1,2
12062,rasyselgai,ras-sel-gai,ras,0,3
12063,rasyselgai,ras-sel-gai,sel,1,3
12064,rasyselgai,ras-sel-gai,gai,2,3
12065,rasyselmosra,ras-sel-mosra,ras,0,3
12066,rasyselmosra,ras-sel-mosra,sel,1,3
12067,rasyselmosra,ras-sel-mosra,mosra,2,3
12068,rasyselpi'a,ras-sel-pi'a,ras,0,3
12069,rasyselpi'a,ras-sel-pi'a,sel,1,3
12070,rasyselpi'a,ras-sel-pi'a,pi'a,2,3
12071,ratmidju,rat-midju,rat,0,2
12072,ratmidju,rat-midju,midju,1,2
12073,ratnejni,rat-nejni,rat,0,2
12074,ratnejni,rat-nejni,nejni,1,2
12075,ratnenxa'i,rat-nen-xa'i,rat,0,3
12076,ratnenxa'i,rat-nen-xa'i,nen,1,3
12077,ratnenxa'i,rat-nen-xa'i,xa'i,2,3
12078,ratske,rat-ske,rat,0,2
12079,ratske,rat-ske,ske,1,2
12080,ratsu'a,rat-su'a,rat,0,2
12081,ratsu'a,rat-su'a,su'a,1,2
12082,raurnundau,rau-nun-dau,rau,0,3
12083,raurnundau,rau-nun-dau,nun,1,3
12084,raurnundau,rau-nun-dau,dau,2,3
12085,ravdzu,rav-dzu,rav,0,2
12086,ravdzu,rav-dzu,dzu,1,2
12087,ravycta,rav-cta,rav,0,2
12088,ravycta,rav-cta,cta,1,2
12089,ravypi'e,rav-pi'e,rav,0,2
12090,ravypi'e,rav-pi'e,pi'e,1,2
12091,raxyklu,rax-klu,rax,0,2
12092,raxyklu,rax-klu,klu,1,2
12093,razgu'e,raz-gu'e,raz,0,2
12094,razgu'e,raz-gu'e,gu'e,1,2
12095,razvi'e,raz-vi'e,raz,0,2
12096,razvi'e,raz-vi'e,vi'e,1,2
12097,razyjbopre,raz-jbo-pre,raz,0,3
12098,razyjbopre,raz-jbo-pre,jbo,1,3
12099,razyjbopre,raz-jbo-pre,pre,2,3
12100,razypre,raz-pre,raz,0,2
12101,razypre,raz-pre,pre,1,2
12102,re'azda,re'a-zda,re'a,0,2
12103,re'azda,re'a-zda,zda,1,2
12104,re'icla,re'i-cla,re'i,0,2
12105,re'icla,re'i-cla,cla,1,2
12106,recnarcti,rec-nar-cti,rec,0,3
12107,recnarcti,rec-nar-cti,nar,1,3
12108,recnarcti,rec-nar-cti,cti,2,3
12109,recyjupcarca'a,rec-jup-car-ca'a,rec,0,4
12110,recyjupcarca'a,rec-jup-car-ca'a,jup,1,4
12111,recyjupcarca'a,rec-jup-car-ca'a,car,2,4
12112,recyjupcarca'a,rec-jup-car-ca'a,ca'a,3,4
12113,recyjupcarca'a,rec-jup-car-ca'a,rec,0,4
12114,recyjupcarca'a,rec-jup-car-ca'a,jup,1,4
12115,recyjupcarca'a,rec-jup-car-ca'a,car,2,4
12116,recyjupcarca'a,rec-jup-car-ca'a,ca'a,3,4
12117,redgau,red-gau,red,0,2
12118,redgau,red-gau,gau,1,2
12119,redyrapyzu'e,red-rap-zu'e,red,0,3
12120,redyrapyzu'e,red-rap-zu'e,rap,1,3
12121,redyrapyzu'e,red-rap-zu'e,zu'e,2,3
12122,refcfa,ref-cfa,ref,0,2
12123,refcfa,ref-cfa,cfa,1,2
12124,refcpa,ref-cpa,ref,0,2
12125,refcpa,ref-cpa,cpa,1,2
12126,refpau,ref-pau,ref,0,2
12127,refpau,ref-pau,pau,1,2
12128,refpe'i,ref-pe'i,ref,0,2
12129,refpe'i,ref-pe'i,pe'i,1,2
12130,refselta'a,ref-sel-ta'a,ref,0,3
12131,refselta'a,ref-sel-ta'a,sel,1,3
12132,refselta'a,ref-sel-ta'a,ta'a,2,3
12133,refsipna,ref-sipna,ref,0,2
12134,refsipna,ref-sipna,sipna,1,2
12135,refsku,ref-sku,ref,0,2
12136,refsku,ref-sku,sku,1,2
12137,reftcidu,ref-tcidu,ref,0,2
12138,reftcidu,ref-tcidu,tcidu,1,2
12139,refterlisri,ref-ter-lisri,ref,0,3
12140,refterlisri,ref-ter-lisri,ter,1,3
12141,refterlisri,ref-ter-lisri,lisri,2,3
12142,reftoi,ref-toi,ref,0,2
12143,reftoi,ref-toi,toi,1,2
12144,refxu'a,ref-xu'a,ref,0,2
12145,refxu'a,ref-xu'a,xu'a,1,2
12146,refyda'i,ref-da'i,ref,0,2
12147,refyda'i,ref-da'i,da'i,1,2
12148,refygau,ref-gau,ref,0,2
12149,refygau,ref-gau,gau,1,2
12150,refyjo'e,ref-jo'e,ref,0,2
12151,refyjo'e,ref-jo'e,jo'e,1,2
12152,reible,rei-ble,rei,0,2
12153,reible,rei-ble,ble,1,2
12154,reirsisku,rei-sisku,rei,0,2
12155,reirsisku,rei-sisku,sisku,1,2
12156,reisku,rei-sku,rei,0,2
12157,reisku,rei-sku,sku,1,2
12158,reispu,rei-spu,rei,0,2
12159,reispu,rei-spu,spu,1,2
12160,rejgau,rej-gau,rej,0,2
12161,rejgau,rej-gau,gau,1,2
12162,rejri'a,rej-ri'a,rej,0,2
12163,rejri'a,rej-ri'a,ri'a,1,2
12164,rejvi'u,rej-vi'u,rej,0,2
12165,rejvi'u,rej-vi'u,vi'u,1,2
12166,relba'eka'a,rel-ba'e-ka'a,rel,0,3
12167,relba'eka'a,rel-ba'e-ka'a,ba'e,1,3
12168,relba'eka'a,rel-ba'e-ka'a,ka'a,2,3
12169,relcalku,rel-calku,rel,0,2
12170,relcalku,rel-calku,calku,1,2
12171,relcinglepre,rel-cin-gle-pre,rel,0,4
12172,relcinglepre,rel-cin-gle-pre,cin,1,4
12173,relcinglepre,rel-cin-gle-pre,gle,2,4
12174,relcinglepre,rel-cin-gle-pre,pre,3,4
12175,relcinpampre,rel-cin-pam-pre,rel,0,4
12176,relcinpampre,rel-cin-pam-pre,cin,1,4
12177,relcinpampre,rel-cin-pam-pre,pam,2,4
12178,relcinpampre,rel-cin-pam-pre,pre,3,4
12179,relcinpampre,rel-cin-pam-pre,rel,0,4
12180,relcinpampre,rel-cin-pam-pre,cin,1,4
12181,relcinpampre,rel-cin-pam-pre,pam,2,4
12182,relcinpampre,rel-cin-pam-pre,pre,3,4
12183,relcinglepre,rel-cin-gle-pre,rel,0,4
12184,relcinglepre,rel-cin-gle-pre,cin,1,4
12185,relcinglepre,rel-cin-gle-pre,gle,2,4
12186,relcinglepre,rel-cin-gle-pre,pre,3,4
12187,relfei,rel-fei,rel,0,2
12188,relfei,rel-fei,fei,1,2
12189,relfrinu,rel-frinu,rel,0,2
12190,relfrinu,rel-frinu,frinu,1,2
12191,relgimtau,rel-gim-tau,rel,0,3
12192,relgimtau,rel-gim-tau,gim,1,3
12193,relgimtau,rel-gim-tau,tau,2,3
12194,reljeftu,rel-jeftu,rel,0,2
12195,reljeftu,rel-jeftu,jeftu,1,2
12196,relki'o,rel-ki'o,rel,0,2
12197,relki'o,rel-ki'o,ki'o,1,2
12198,relmeijerzda,rel-mei-jer-zda,rel,0,4
12199,relmeijerzda,rel-mei-jer-zda,mei,1,4
12200,relmeijerzda,rel-mei-jer-zda,jer,2,4
12201,relmeijerzda,rel-mei-jer-zda,zda,3,4
12202,relmeiselcimde,rel-mei-sel-cimde,rel,0,4
12203,relmeiselcimde,rel-mei-sel-cimde,mei,1,4
12204,relmeiselcimde,rel-mei-sel-cimde,sel,2,4
12205,relmeiselcimde,rel-mei-sel-cimde,cimde,3,4
12206,relmla,rel-mla,rel,0,2
12207,relmla,rel-mla,mla,1,2
12208,relmlakai,rel-mla-kai,rel,0,3
12209,relmlakai,rel-mla-kai,mla,1,3
12210,relmlakai,rel-mla-kai,kai,2,3
12211,relmrocte,rel-mro-cte,rel,0,3
12212,relmrocte,rel-mro-cte,mro,1,3
12213,relmrocte,rel-mro-cte,cte,2,3
12214,relna'a,rel-na'a,rel,0,2
12215,relna'a,rel-na'a,na'a,1,2
12216,relnidykemtre,rel-nid-kem-tre,rel,0,4
12217,relnidykemtre,rel-nid-kem-tre,nid,1,4
12218,relnidykemtre,rel-nid-kem-tre,kem,2,4
12219,relnidykemtre,rel-nid-kem-tre,tre,3,4
12220,relpi'i,rel-pi'i,rel,0,2
12221,relpi'i,rel-pi'i,pi'i,1,2
12222,relprevelma'e,rel-pre-vel-ma'e,rel,0,4
12223,relprevelma'e,rel-pre-vel-ma'e,pre,1,4
12224,relprevelma'e,rel-pre-vel-ma'e,vel,2,4
12225,relprevelma'e,rel-pre-vel-ma'e,ma'e,3,4
12226,relpru,rel-pru,rel,0,2
12227,relpru,rel-pru,pru,1,2
12228,relpruda'i,rel-pru-da'i,rel,0,3
12229,relpruda'i,rel-pru-da'i,pru,1,3
12230,relpruda'i,rel-pru-da'i,da'i,2,3
12231,relrau,rel-rau,rel,0,2
12232,relrau,rel-rau,rau,1,2
12233,relselfendi,rel-sel-fendi,rel,0,3
12234,relselfendi,rel-sel-fendi,sel,1,3
12235,relselfendi,rel-sel-fendi,fendi,2,3
12236,relselmla,rel-sel-mla,rel,0,3
12237,relselmla,rel-sel-mla,sel,1,3
12238,relselmla,rel-sel-mla,mla,2,3
12239,relselse'u,rel-sel-se'u,rel,0,3
12240,relselse'u,rel-sel-se'u,sel,1,3
12241,relselse'u,rel-sel-se'u,se'u,2,3
12242,relselstedu,rel-sel-stedu,rel,0,3
12243,relselstedu,rel-sel-stedu,sel,1,3
12244,relselstedu,rel-sel-stedu,stedu,2,3
12245,relselxi'u,rel-sel-xi'u,rel,0,3
12246,relselxi'u,rel-sel-xi'u,sel,1,3
12247,relselxi'u,rel-sel-xi'u,xi'u,2,3
12248,relskosa'e,rel-sko-sa'e,rel,0,3
12249,relskosa'e,rel-sko-sa'e,sko,1,3
12250,relskosa'e,rel-sko-sa'e,sa'e,2,3
12251,relskosna,rel-sko-sna,rel,0,3
12252,relskosna,rel-sko-sna,sko,1,3
12253,relskosna,rel-sko-sna,sna,2,3
12254,relsmu,rel-smu,rel,0,2
12255,relsmu,rel-smu,smu,1,2
12256,relstedu,rel-stedu,rel,0,2
12257,relstedu,rel-stedu,stedu,1,2
12258,relterlisri,rel-ter-lisri,rel,0,3
12259,relterlisri,rel-ter-lisri,ter,1,3
12260,relterlisri,rel-ter-lisri,lisri,2,3
12261,reltre,rel-tre,rel,0,2
12262,reltre,rel-tre,tre,1,2
12263,relxagri,rel-xagri,rel,0,2
12264,relxagri,rel-xagri,xagri,1,2
12265,relxi'u,rel-xi'u,rel,0,2
12266,relxi'u,rel-xi'u,xi'u,1,2
12267,relxilma'e,rel-xil-ma'e,rel,0,3
12268,relxilma'e,rel-xil-ma'e,xil,1,3
12269,relxilma'e,rel-xil-ma'e,ma'e,2,3
12270,rembau,rem-bau,rem,0,2
12271,rembau,rem-bau,bau,1,2
12272,rembi'o,rem-bi'o,rem,0,2
12273,rembi'o,rem-bi'o,bi'o,1,2
12274,remdja,rem-dja,rem,0,2
12275,remdja,rem-dja,dja,1,2
12276,remgri,rem-gri,rem,0,2
12277,remgri,rem-gri,gri,1,2
12278,rempli,rem-pli,rem,0,2
12279,rempli,rem-pli,pli,1,2
12280,rempre,rem-pre,rem,0,2
12281,rempre,rem-pre,pre,1,2
12282,remra'a,rem-ra'a,rem,0,2
12283,remra'a,rem-ra'a,ra'a,1,2
12284,remre'u,rem-re'u,rem,0,2
12285,remre'u,rem-re'u,re'u,1,2
12286,remsnidu,rem-snidu,rem,0,2
12287,remsnidu,rem-snidu,snidu,1,2
12288,remska,rem-ska,rem,0,2
12289,remska,rem-ska,ska,1,2
12290,remskapi,rem-skapi,rem,0,2
12291,remskapi,rem-skapi,skapi,1,2
12292,remsmi,rem-smi,rem,0,2
12293,remsmi,rem-smi,smi,1,2
12294,remsto,rem-sto,rem,0,2
12295,remsto,rem-sto,sto,1,2
12296,remtai,rem-tai,rem,0,2
12297,remtai,rem-tai,tai,1,2
12298,remtemzazytugjoljmi,rem-tem-zaz-tug-jol-jmi,rem,0,6
12299,remtemzazytugjoljmi,rem-tem-zaz-tug-jol-jmi,tem,1,6
12300,remtemzazytugjoljmi,rem-tem-zaz-tug-jol-jmi,zaz,2,6
12301,remtemzazytugjoljmi,rem-tem-zaz-tug-jol-jmi,tug,3,6
12302,remtemzazytugjoljmi,rem-tem-zaz-tug-jol-jmi,jol,4,6
12303,remtemzazytugjoljmi,rem-tem-zaz-tug-jol-jmi,jmi,5,6
12304,remterdi,rem-terdi,rem,0,2
12305,remterdi,rem-terdi,terdi,1,2
12306,remtai,rem-tai,rem,0,2
12307,remtai,rem-tai,tai,1,2
12308,remvru,rem-vru,rem,0,2
12309,remvru,rem-vru,vru,1,2
12310,remyladydu'a,rem-lad-du'a,rem,0,3
12311,remyladydu'a,rem-lad-du'a,lad,1,3
12312,remyladydu'a,rem-lad-du'a,du'a,2,3
12313,remyma'utei,rem-ma'u-tei,rem,0,3
12314,remyma'utei,rem-ma'u-tei,ma'u,1,3
12315,remyma'utei,rem-ma'u-tei,tei,2,3
12316,rencoitri,ren-coi-tri,ren,0,3
12317,rencoitri,ren-coi-tri,coi,1,3
12318,rencoitri,ren-coi-tri,tri,2,3
12319,rendra,ren-dra,ren,0,2
12320,rendra,ren-dra,dra,1,2
12321,rendre,ren-dre,ren,0,2
12322,rendre,ren-dre,dre,1,2
12323,renkla,ren-kla,ren,0,2
12324,renkla,ren-kla,kla,1,2
12325,rerce'a,rer-ce'a,rer,0,2
12326,rerce'a,rer-ce'a,ce'a,1,2
12327,rerjvi,rer-jvi,rer,0,2
12328,rerjvi,rer-jvi,jvi,1,2
12329,respli,res-pli,res,0,2
12330,respli,res-pli,pli,1,2
12331,respo'e,res-po'e,res,0,2
12332,respo'e,res-po'e,po'e,1,2
12333,resycrida,res-crida,res,0,2
12334,resycrida,res-crida,crida,1,2
12335,retpei,ret-pei,ret,0,2
12336,retpei,ret-pei,pei,1,2
12337,ri'emla,ri'e-mla,ri'e,0,2
12338,ri'emla,ri'e-mla,mla,1,2
12339,ri'erkrajinto,ri'e-kra-jinto,ri'e,0,3
12340,ri'erkrajinto,ri'e-kra-jinto,kra,1,3
12341,ri'erkrajinto,ri'e-kra-jinto,jinto,2,3
12342,ri'erla'i,ri'e-la'i,ri'e,0,2
12343,ri'erla'i,ri'e-la'i,la'i,1,2
12344,ri'erxarju,ri'e-xarju,ri'e,0,2
12345,ri'erxarju,ri'e-xarju,xarju,1,2
12346,ri'erxi'a,ri'e-xi'a,ri'e,0,2
12347,ri'erxi'a,ri'e-xi'a,xi'a,1,2
12348,ri'ezgi,ri'e-zgi,ri'e,0,2
12349,ri'ezgi,ri'e-zgi,zgi,1,2
12350,ri'irju'a,ri'i-ju'a,ri'i,0,2
12351,ri'irju'a,ri'i-ju'a,ju'a,1,2
12352,ri'ixra,ri'i-xra,ri'i,0,2
12353,ri'ixra,ri'i-xra,xra,1,2
12354,ri'irsarxe,ri'i-sarxe,ri'i,0,2
12355,ri'irsarxe,ri'i-sarxe,sarxe,1,2
12356,ri'irselti'i,ri'i-sel-ti'i,ri'i,0,3
12357,ri'irselti'i,ri'i-sel-ti'i,sel,1,3
12358,ri'irselti'i,ri'i-sel-ti'i,ti'i,2,3
12359,ri'irti'i,ri'i-ti'i,ri'i,0,2
12360,ri'irti'i,ri'i-ti'i,ti'i,1,2
12361,ri'ixra,ri'i-xra,ri'i,0,2
12362,ri'ixra,ri'i-xra,xra,1,2
12363,ri'obla,ri'o-bla,ri'o,0,2
12364,ri'obla,ri'o-bla,bla,1,2
12365,ri'ortcati,ri'o-tcati,ri'o,0,2
12366,ri'ortcati,ri'o-tcati,tcati,1,2
12367,ri'orviknu,ri'o-viknu,ri'o,0,2
12368,ri'orviknu,ri'o-viknu,viknu,1,2
12369,ri'urgau,ri'u-gau,ri'u,0,2
12370,ri'urgau,ri'u-gau,gau,1,2
12371,ri'ursrutu'o,ri'u-sru-tu'o,ri'u,0,3
12372,ri'ursrutu'o,ri'u-sru-tu'o,sru,1,3
12373,ri'ursrutu'o,ri'u-sru-tu'o,tu'o,2,3
12374,ri'urzu'e,ri'u-zu'e,ri'u,0,2
12375,ri'urzu'e,ri'u-zu'e,zu'e,1,2
12376,ribnau,rib-nau,rib,0,2
12377,ribnau,rib-nau,nau,1,2
12378,ricfoi,ric-foi,ric,0,2
12379,ricfoi,ric-foi,foi,1,2
12380,ricre'a,ric-re'a,ric,0,2
12381,ricre'a,ric-re'a,re'a,1,2
12382,rictu'a,ric-tu'a,ric,0,2
12383,rictu'a,ric-tu'a,tu'a,1,2
12384,rictuncpi,ric-tun-cpi,ric,0,3
12385,rictuncpi,ric-tun-cpi,tun,1,3
12386,rictuncpi,ric-tun-cpi,cpi,2,3
12387,rictunta,ric-tunta,ric,0,2
12388,rictunta,ric-tunta,tunta,1,2
12389,ricybanfi,ric-banfi,ric,0,2
12390,ricybanfi,ric-banfi,banfi,1,2
12391,ricyblutu'u,ric-blu-tu'u,ric,0,3
12392,ricyblutu'u,ric-blu-tu'u,blu,1,3
12393,ricyblutu'u,ric-blu-tu'u,tu'u,2,3
12394,ricyce'u,ric-ce'u,ric,0,2
12395,ricyce'u,ric-ce'u,ce'u,1,2
12396,ricyci'e,ric-ci'e,ric,0,2
12397,ricyci'e,ric-ci'e,ci'e,1,2
12398,ricycrida,ric-crida,ric,0,2
12399,ricycrida,ric-crida,crida,1,2
12400,ricydadmabru,ric-dad-mabru,ric,0,3
12401,ricydadmabru,ric-dad-mabru,dad,1,3
12402,ricydadmabru,ric-dad-mabru,mabru,2,3
12403,ricydandu,ric-dandu,ric,0,2
12404,ricydandu,ric-dandu,dandu,1,2
12405,ricydegji,ric-degji,ric,0,2
12406,ricydegji,ric-degji,degji,1,2
12407,ricyjma,ric-jma,ric,0,2
12408,ricyjma,ric-jma,jma,1,2
12409,ricypipybanfi,ric-pip-banfi,ric,0,3
12410,ricypipybanfi,ric-pip-banfi,pip,1,3
12411,ricypipybanfi,ric-pip-banfi,banfi,2,3
12412,ricyratcu,ric-ratcu,ric,0,2
12413,ricyratcu,ric-ratcu,ratcu,1,2
12414,ricyzbe,ric-zbe,ric,0,2
12415,ricyzbe,ric-zbe,zbe,1,2
12416,ridrirni,rid-rirni,rid,0,2
12417,ridrirni,rid-rirni,rirni,1,2
12418,ridvla,rid-vla,rid,0,2
12419,ridvla,rid-vla,vla,1,2
12420,ridyxa'u,rid-xa'u,rid,0,2
12421,ridyxa'u,rid-xa'u,xa'u,1,2
12422,rigjau,rig-jau,rig,0,2
12423,rigjau,rig-jau,jau,1,2
12424,rijysi'a,rij-si'a,rij,0,2
12425,rijysi'a,rij-si'a,si'a,1,2
12426,rijyska,rij-ska,rij,0,2
12427,rijyska,rij-ska,ska,1,2
12428,rikybauske,rik-bau-ske,rik,0,3
12429,rikybauske,rik-bau-ske,bau,1,3
12430,rikybauske,rik-bau-ske,ske,2,3
12431,rikygau,rik-gau,rik,0,2
12432,rikygau,rik-gau,gau,1,2
12433,rikyjveselri'a,rik-jve-sel-ri'a,rik,0,4
12434,rikyjveselri'a,rik-jve-sel-ri'a,jve,1,4
12435,rikyjveselri'a,rik-jve-sel-ri'a,sel,2,4
12436,rikyjveselri'a,rik-jve-sel-ri'a,ri'a,3,4
12437,rildzube'e,ril-dzu-be'e,ril,0,3
12438,rildzube'e,ril-dzu-be'e,dzu,1,3
12439,rildzube'e,ril-dzu-be'e,be'e,2,3
12440,rimste,rim-ste,rim,0,2
12441,rimste,rim-ste,ste,1,2
12442,rimvla,rim-vla,rim,0,2
12443,rimvla,rim-vla,vla,1,2
12444,rinbre,rin-bre,rin,0,2
12445,rinbre,rin-bre,bre,1,2
12446,rincikna,rin-cikna,rin,0,2
12447,rincikna,rin-cikna,cikna,1,2
12448,rincpe,rin-cpe,rin,0,2
12449,rincpe,rin-cpe,cpe,1,2
12450,rindandu,rin-dandu,rin,0,2
12451,rindandu,rin-dandu,dandu,1,2
12452,rinselfraxu,rin-sel-fraxu,rin,0,3
12453,rinselfraxu,rin-sel-fraxu,sel,1,3
12454,rinselfraxu,rin-sel-fraxu,fraxu,2,3
12455,rinsycu'u,rins-cu'u,rins,0,2
12456,rinsycu'u,rins-cu'u,cu'u,1,2
12457,rinte'a,rin-te'a,rin,0,2
12458,rinte'a,rin-te'a,te'a,1,2
12459,rinxaumau,rin-xau-mau,rin,0,3
12460,rinxaumau,rin-xau-mau,xau,1,3
12461,rinxaumau,rin-xau-mau,mau,2,3
12462,ripstizu,rip-stizu,rip,0,2
12463,ripstizu,rip-stizu,stizu,1,2
12464,rirbu'a,rir-bu'a,rir,0,2
12465,rirbu'a,rir-bu'a,bu'a,1,2
12466,rircymau,rirc-mau,rirc,0,2
12467,rircymau,rirc-mau,mau,1,2
12468,rirmau,rir-mau,rir,0,2
12469,rirmau,rir-mau,mau,1,2
12470,rirme'i,rir-me'i,rir,0,2
12471,rirme'i,rir-me'i,me'i,1,2
12472,riryriryrirni,rir-rir-rirni,rir,0,3
12473,riryriryrirni,rir-rir-rirni,rir,1,3
12474,riryriryrirni,rir-rir-rirni,rirni,2,3
12475,risnyfoi,risn-foi,risn,0,2
12476,risnyfoi,risn-foi,foi,1,2
12477,risnyjelca,risn-jelca,risn,0,2
12478,risnyjelca,risn-jelca,jelca,1,2
12479,risnyju'a,risn-ju'a,risn,0,2
12480,risnyju'a,risn-ju'a,ju'a,1,2
12481,risycakla,ris-cakla,ris,0,2
12482,risycakla,ris-cakla,cakla,1,2
12483,risysle,ris-sle,ris,0,2
12484,risysle,ris-sle,sle,1,2
12485,ritkemna'aterjvi,rit-kem-na'a-ter-jvi,rit,0,5
12486,ritkemna'aterjvi,rit-kem-na'a-ter-jvi,kem,1,5
12487,ritkemna'aterjvi,rit-kem-na'a-ter-jvi,na'a,2,5
12488,ritkemna'aterjvi,rit-kem-na'a-ter-jvi,ter,3,5
12489,ritkemna'aterjvi,rit-kem-na'a-ter-jvi,jvi,4,5
12490,ritna'aterjvi,rit-na'a-ter-jvi,rit,0,4
12491,ritna'aterjvi,rit-na'a-ter-jvi,na'a,1,4
12492,ritna'aterjvi,rit-na'a-ter-jvi,ter,2,4
12493,ritna'aterjvi,rit-na'a-ter-jvi,jvi,3,4
12494,ritnai,rit-nai,rit,0,2
12495,ritnai,rit-nai,nai,1,2
12496,ritpre,rit-pre,rit,0,2
12497,ritpre,rit-pre,pre,1,2
12498,ritru'u,rit-ru'u,rit,0,2
12499,ritru'u,rit-ru'u,ru'u,1,2
12500,ritygu'e,rit-gu'e,rit,0,2
12501,ritygu'e,rit-gu'e,gu'e,1,2
12502,rityjbo,rit-jbo,rit,0,2
12503,rityjbo,rit-jbo,jbo,1,2
12504,rivli'a,riv-li'a,riv,0,2
12505,rivli'a,riv-li'a,li'a,1,2
12506,rixfarbi'e,rix-far-bi'e,rix,0,3
12507,rixfarbi'e,rix-far-bi'e,far,1,3
12508,rixfarbi'e,rix-far-bi'e,bi'e,2,3
12509,rixstu,rix-stu,rix,0,2
12510,rixstu,rix-stu,stu,1,2
12511,rixtu'e,rix-tu'e,rix,0,2
12512,rixtu'e,rix-tu'e,tu'e,1,2
12513,rixybakfu,rix-bakfu,rix,0,2
12514,rixybakfu,rix-bakfu,bakfu,1,2
12515,rixykansa,rix-kansa,rix,0,2
12516,rixykansa,rix-kansa,kansa,1,2
12517,ro'izda,ro'i-zda,ro'i,0,2
12518,ro'izda,ro'i-zda,zda,1,2
12519,rodgau,rod-gau,rod,0,2
12520,rodgau,rod-gau,gau,1,2
12521,rodjbi,rod-jbi,rod,0,2
12522,rodjbi,rod-jbi,jbi,1,2
12523,rodmi'u,rod-mi'u,rod,0,2
12524,rodmi'u,rod-mi'u,mi'u,1,2
12525,rodrai,rod-rai,rod,0,2
12526,rodrai,rod-rai,rai,1,2
12527,rodvla,rod-vla,rod,0,2
12528,rodvla,rod-vla,vla,1,2
12529,roikra,roi-kra,roi,0,2
12530,roikra,roi-kra,kra,1,2
12531,rokspi,rok-spi,rok,0,2
12532,rokspi,rok-spi,spi,1,2
12533,rokcinfo,rok-cinfo,rok,0,2
12534,rokcinfo,rok-cinfo,cinfo,1,2
12535,rokcmaplini,rok-cma-plini,rok,0,3
12536,rokcmaplini,rok-cma-plini,cma,1,3
12537,rokcmaplini,rok-cma-plini,plini,2,3
12538,rokfanta,rok-fanta,rok,0,2
12539,rokfanta,rok-fanta,fanta,1,2
12540,roklarcu,rok-larcu,rok,0,2
12541,roklarcu,rok-larcu,larcu,1,2
12542,rokpexyvelyla'a,rok-pex-vel-la'a,rok,0,4
12543,rokpexyvelyla'a,rok-pex-vel-la'a,pex,1,4
12544,rokpexyvelyla'a,rok-pex-vel-la'a,vel,2,4
12545,rokpexyvelyla'a,rok-pex-vel-la'a,la'a,3,4
12546,rokpu'o,rok-pu'o,rok,0,2
12547,rokpu'o,rok-pu'o,pu'o,1,2
12548,rokre'o,rok-re'o,rok,0,2
12549,rokre'o,rok-re'o,re'o,1,2
12550,rokseldanti,rok-sel-danti,rok,0,3
12551,rokseldanti,rok-sel-danti,sel,1,3
12552,rokseldanti,rok-sel-danti,danti,2,3
12553,rokspi,rok-spi,rok,0,2
12554,rokspi,rok-spi,spi,1,2
12555,roktu'u,rok-tu'u,rok,0,2
12556,roktu'u,rok-tu'u,tu'u,1,2
12557,rokybei,rok-bei,rok,0,2
12558,rokybei,rok-bei,bei,1,2
12559,rokykai,rok-kai,rok,0,2
12560,rokykai,rok-kai,kai,1,2
12561,rokyvei,rok-vei,rok,0,2
12562,rokyvei,rok-vei,vei,1,2
12563,rolbau,rol-bau,rol,0,2
12564,rolbau,rol-bau,bau,1,2
12565,rolbaukai,rol-bau-kai,rol,0,3
12566,rolbaukai,rol-bau-kai,bau,1,3
12567,rolbaukai,rol-bau-kai,kai,2,3
12568,rolcfa,rol-cfa,rol,0,2
12569,rolcfa,rol-cfa,cfa,1,2
12570,rolcte,rol-cte,rol,0,2
12571,rolcte,rol-cte,cte,1,2
12572,rolcu'a,rol-cu'a,rol,0,2
12573,rolcu'a,rol-cu'a,cu'a,1,2
12574,roldei,rol-dei,rol,0,2
12575,roldei,rol-dei,dei,1,2
12576,roldeikai,rol-dei-kai,rol,0,3
12577,roldeikai,rol-dei-kai,dei,1,3
12578,roldeikai,rol-dei-kai,kai,2,3
12579,roldeike'u,rol-dei-ke'u,rol,0,3
12580,roldeike'u,rol-dei-ke'u,dei,1,3
12581,roldeike'u,rol-dei-ke'u,ke'u,2,3
12582,rolfoi,rol-foi,rol,0,2
12583,rolfoi,rol-foi,foi,1,2
12584,rolgri,rol-gri,rol,0,2
12585,rolgri,rol-gri,gri,1,2
12586,rolgu'e,rol-gu'e,rol,0,2
12587,rolgu'e,rol-gu'e,gu'e,1,2
12588,rolgugjamna,rol-gug-jamna,rol,0,3
12589,rolgugjamna,rol-gug-jamna,gug,1,3
12590,rolgugjamna,rol-gug-jamna,jamna,2,3
12591,rolje'u,rol-je'u,rol,0,2
12592,rolje'u,rol-je'u,je'u,1,2
12593,roljmi,rol-jmi,rol,0,2
12594,roljmi,rol-jmi,jmi,1,2
12595,rolju'o,rol-ju'o,rol,0,2
12596,rolju'o,rol-ju'o,ju'o,1,2
12597,rolka'itru,rol-ka'i-tru,rol,0,3
12598,rolka'itru,rol-ka'i-tru,ka'i,1,3
12599,rolka'itru,rol-ka'i-tru,tru,2,3
12600,rolka'itrusi'o,rol-ka'i-tru-si'o,rol,0,4
12601,rolka'itrusi'o,rol-ka'i-tru-si'o,ka'i,1,4
12602,rolka'itrusi'o,rol-ka'i-tru-si'o,tru,2,4
12603,rolka'itrusi'o,rol-ka'i-tru-si'o,si'o,3,4
12604,rolmeigri,rol-mei-gri,rol,0,3
12605,rolmeigri,rol-mei-gri,mei,1,3
12606,rolmeigri,rol-mei-gri,gri,2,3
12607,rolmu'e,rol-mu'e,rol,0,2
12608,rolmu'e,rol-mu'e,mu'e,1,2
12609,rolna'a,rol-na'a,rol,0,2
12610,rolna'a,rol-na'a,na'a,1,2
12611,rolpre,rol-pre,rol,0,2
12612,rolpre,rol-pre,pre,1,2
12613,rolremyzda,rol-rem-zda,rol,0,3
12614,rolremyzda,rol-rem-zda,rem,1,3
12615,rolremyzda,rol-rem-zda,zda,2,3
12616,rolseltru,rol-sel-tru,rol,0,3
12617,rolseltru,rol-sel-tru,sel,1,3
12618,rolseltru,rol-sel-tru,tru,2,3
12619,rolsmisei,rol-smi-sei,rol,0,3
12620,rolsmisei,rol-smi-sei,smi,1,3
12621,rolsmisei,rol-smi-sei,sei,2,3
12622,rolstu,rol-stu,rol,0,2
12623,rolstu,rol-stu,stu,1,2
12624,roltei,rol-tei,rol,0,2
12625,roltei,rol-tei,tei,1,2
12626,rolterdi,rol-terdi,rol,0,2
12627,rolterdi,rol-terdi,terdi,1,2
12628,roltru,rol-tru,rol,0,2
12629,roltru,rol-tru,tru,1,2
12630,roltrusi'o,rol-tru-si'o,rol,0,3
12631,roltrusi'o,rol-tru-si'o,tru,1,3
12632,roltrusi'o,rol-tru-si'o,si'o,2,3
12633,rolvau,rol-vau,rol,0,2
12634,rolvau,rol-vau,vau,1,2
12635,rolvli,rol-vli,rol,0,2
12636,rolvli,rol-vli,vli,1,2
12637,rolzda,rol-zda,rol,0,2
12638,rolzda,rol-zda,zda,1,2
12639,rolzdanau,rol-zda-nau,rol,0,3
12640,rolzdanau,rol-zda-nau,zda,1,3
12641,rolzdanau,rol-zda-nau,nau,2,3
12642,rompante,rom-pante,rom,0,2
12643,rompante,rom-pante,pante,1,2
12644,rompe'o,rom-pe'o,rom,0,2
12645,rompe'o,rom-pe'o,pe'o,1,2
12646,romre'o,rom-re'o,rom,0,2
12647,romre'o,rom-re'o,re'o,1,2
12648,ronbau,ron-bau,ron,0,2
12649,ronbau,ron-bau,bau,1,2
12650,rontu'a,ron-tu'a,ron,0,2
12651,rontu'a,ron-tu'a,tu'a,1,2
12652,rorgrujmi,ror-gru-jmi,ror,0,3
12653,rorgrujmi,ror-gru-jmi,gru,1,3
12654,rorgrujmi,ror-gru-jmi,jmi,2,3
12655,rorlei,ror-lei,ror,0,2
12656,rorlei,ror-lei,lei,1,2
12657,rorpa'u,ror-pa'u,ror,0,2
12658,rorpa'u,ror-pa'u,pa'u,1,2
12659,roryru'i,ror-ru'i,ror,0,2
12660,roryru'i,ror-ru'i,ru'i,1,2
12661,ro'acfi,ro'a-cfi,ro'a,0,2
12662,ro'acfi,ro'a-cfi,cfi,1,2
12663,rostro,ros-tro,ros,0,2
12664,rostro,ros-tro,tro,1,2
12665,ru'ecpa,ru'e-cpa,ru'e,0,2
12666,ru'ecpa,ru'e-cpa,cpa,1,2
12667,ru'iklu,ru'i-klu,ru'i,0,2
12668,ru'iklu,ru'i-klu,klu,1,2
12669,rufydri,ruf-dri,ruf,0,2
12670,rufydri,ruf-dri,dri,1,2
12671,rukpre,ruk-pre,ruk,0,2
12672,rukpre,ruk-pre,pre,1,2
12673,rukru'u,ruk-ru'u,ruk,0,2
12674,rukru'u,ruk-ru'u,ru'u,1,2
12675,ruktca,ruk-tca,ruk,0,2
12676,ruktca,ruk-tca,tca,1,2
12677,rukybau,ruk-bau,ruk,0,2
12678,rukybau,ruk-bau,bau,1,2
12679,rukygu'e,ruk-gu'e,ruk,0,2
12680,rukygu'e,ruk-gu'e,gu'e,1,2
12681,rulja'o,rul-ja'o,rul,0,2
12682,rulja'o,rul-ja'o,ja'o,1,2
12683,rulpezli,rul-pezli,rul,0,2
12684,rulpezli,rul-pezli,pezli,1,2
12685,rulpurdi,rul-purdi,rul,0,2
12686,rulpurdi,rul-purdi,purdi,1,2
12687,rulzda,rul-zda,rul,0,2
12688,rulzda,rul-zda,zda,1,2
12689,rumjongau,rum-jon-gau,rum,0,3
12690,rumjongau,rum-jon-gau,jon,1,3
12691,rumjongau,rum-jon-gau,gau,2,3
12692,rumpe'a,rum-pe'a,rum,0,2
12693,rumpe'a,rum-pe'a,pe'a,1,2
12694,rumro'i,rum-ro'i,rum,0,2
12695,rumro'i,rum-ro'i,ro'i,1,2
12696,rumro'i,rum-ro'i,rum,0,2
12697,rumro'i,rum-ro'i,ro'i,1,2
12698,runbau,run-bau,run,0,2
12699,runbau,run-bau,bau,1,2
12700,runbautadni,run-bau-tadni,run,0,3
12701,runbautadni,run-bau-tadni,bau,1,3
12702,runbautadni,run-bau-tadni,tadni,2,3
12703,runge'a,run-ge'a,run,0,2
12704,runge'a,run-ge'a,ge'a,1,2
12705,runska,run-ska,run,0,2
12706,runska,run-ska,ska,1,2
12707,runsro,run-sro,run,0,2
12708,runsro,run-sro,sro,1,2
12709,runtyctirango,runt-cti-rango,runt,0,3
12710,runtyctirango,runt-cti-rango,cti,1,3
12711,runtyctirango,runt-cti-rango,rango,2,3
12712,runtyrango,runt-rango,runt,0,2
12713,runtyrango,runt-rango,rango,1,2
12714,rukpre,ruk-pre,ruk,0,2
12715,rukpre,ruk-pre,pre,1,2
12716,ruktca,ruk-tca,ruk,0,2
12717,ruktca,ruk-tca,tca,1,2
12718,rusta'u,rus-ta'u,rus,0,2
12719,rusta'u,rus-ta'u,ta'u,1,2
12720,rusxirxelkla,rus-xir-xel-kla,rus,0,4
12721,rusxirxelkla,rus-xir-xel-kla,xir,1,4
12722,rusxirxelkla,rus-xir-xel-kla,xel,2,4
12723,rusxirxelkla,rus-xir-xel-kla,kla,3,4
12724,rutmatne,rut-matne,rut,0,2
12725,rutmatne,rut-matne,matne,1,2
12726,rutytricu,rut-tricu,rut,0,2
12727,rutytricu,rut-tricu,tricu,1,2
12728,ruxmapti,rux-mapti,rux,0,2
12729,ruxmapti,rux-mapti,mapti,1,2
12730,ruxnaisku,rux-nai-sku,rux,0,3
12731,ruxnaisku,rux-nai-sku,nai,1,3
12732,ruxnaisku,rux-nai-sku,sku,2,3
12733,ruxpe'i,rux-pe'i,rux,0,2
12734,ruxpe'i,rux-pe'i,pe'i,1,2
12735,ruxpre,rux-pre,rux,0,2
12736,ruxpre,rux-pre,pre,1,2
12737,ruxse'i,rux-se'i,rux,0,2
12738,ruxse'i,rux-se'i,se'i,1,2
12739,ruxta'a,rux-ta'a,rux,0,2
12740,ruxta'a,rux-ta'a,ta'a,1,2
12741,ruxycrida,rux-crida,rux,0,2
12742,ruxycrida,rux-crida,crida,1,2
12743,ruxykansa,rux-kansa,rux,0,2
12744,ruxykansa,rux-kansa,kansa,1,2
12745,ruxyzau,rux-zau,rux,0,2
12746,ruxyzau,rux-zau,zau,1,2
12747,ruxyzu'e,rux-zu'e,rux,0,2
12748,ruxyzu'e,rux-zu'e,zu'e,1,2
12749,sa'acpi,sa'a-cpi,sa'a,0,2
12750,sa'acpi,sa'a-cpi,cpi,1,2
12751,tapkla,tap-kla,tap,0,2
12752,tapkla,tap-kla,kla,1,2
12753,sa'asku,sa'a-sku,sa'a,0,2
12754,sa'asku,sa'a-sku,sku,1,2
12755,sa'erjgita,sa'e-jgita,sa'e,0,2
12756,sa'erjgita,sa'e-jgita,jgita,1,2
12757,sa'irjalra,sa'i-jalra,sa'i,0,2
12758,sa'irjalra,sa'i-jalra,jalra,1,2
12759,saisla,sai-sla,sai,0,2
12760,saisla,sai-sla,sla,1,2
12761,sa'orgau,sa'o-gau,sa'o,0,2
12762,sa'orgau,sa'o-gau,gau,1,2
12763,sa'orle'u,sa'o-le'u,sa'o,0,2
12764,sa'orle'u,sa'o-le'u,le'u,1,2
12765,sa'unri'a,sa'u-ri'a,sa'u,0,2
12766,sa'unri'a,sa'u-ri'a,ri'a,1,2
12767,sa'urmi'e,sa'u-mi'e,sa'u,0,2
12768,sa'urmi'e,sa'u-mi'e,mi'e,1,2
12769,sabzu'e,sab-zu'e,sab,0,2
12770,sabzu'e,sab-zu'e,zu'e,1,2
12771,sa'urmi'e,sa'u-mi'e,sa'u,0,2
12772,sa'urmi'e,sa'u-mi'e,mi'e,1,2
12773,sa'unri'a,sa'u-ri'a,sa'u,0,2
12774,sa'unri'a,sa'u-ri'a,ri'a,1,2
12775,sacysku,sac-sku,sac,0,2
12776,sacysku,sac-sku,sku,1,2
12777,sadmau,sad-mau,sad,0,2
12778,sadmau,sad-mau,mau,1,2
12779,sadmi'o,sad-mi'o,sad,0,2
12780,sadmi'o,sad-mi'o,mi'o,1,2
12781,sadmikce,sad-mikce,sad,0,2
12782,sadmikce,sad-mikce,mikce,1,2
12783,sadvelmikce,sad-vel-mikce,sad,0,3
12784,sadvelmikce,sad-vel-mikce,vel,1,3
12785,sadvelmikce,sad-vel-mikce,mikce,2,3
12786,sadycipra,sad-cipra,sad,0,2
12787,sadycipra,sad-cipra,cipra,1,2
12788,sadyselmikce,sad-sel-mikce,sad,0,3
12789,sadyselmikce,sad-sel-mikce,sel,1,3
12790,sadyselmikce,sad-sel-mikce,mikce,2,3
12791,sagbarja,sag-barja,sag,0,2
12792,sagbarja,sag-barja,barja,1,2
12793,sagdraci,sag-draci,sag,0,2
12794,sagdraci,sag-draci,draci,1,2
12795,sagycinki,sag-cinki,sag,0,2
12796,sagycinki,sag-cinki,cinki,1,2
12797,sainrai,sai-rai,sai,0,2
12798,sainrai,sai-rai,rai,1,2
12799,sraki'e,sra-ki'e,sra,0,2
12800,sraki'e,sra-ki'e,ki'e,1,2
12801,saisla,sai-sla,sai,0,2
12802,saisla,sai-sla,sla,1,2
12803,sajbi'o,saj-bi'o,saj,0,2
12804,sajbi'o,saj-bi'o,bi'o,1,2
12805,sajgau,saj-gau,saj,0,2
12806,sajgau,saj-gau,gau,1,2
12807,sajri'a,saj-ri'a,saj,0,2
12808,sajri'a,saj-ri'a,ri'a,1,2
12809,sajykalri,saj-kalri,saj,0,2
12810,sajykalri,saj-kalri,kalri,1,2
12811,sakcpu,sak-cpu,sak,0,2
12812,sakcpu,sak-cpu,cpu,1,2
12813,sakcurve,sak-curve,sak,0,2
12814,sakcurve,sak-curve,curve,1,2
12815,sakcuvbi'o,sak-cuv-bi'o,sak,0,3
12816,sakcuvbi'o,sak-cuv-bi'o,cuv,1,3
12817,sakcuvbi'o,sak-cuv-bi'o,bi'o,2,3
12818,sakle'a,sak-le'a,sak,0,2
12819,sakle'a,sak-le'a,le'a,1,2
12820,sakmu'u,sak-mu'u,sak,0,2
12821,sakmu'u,sak-mu'u,mu'u,1,2
12822,sakmuvgau,sak-muv-gau,sak,0,3
12823,sakmuvgau,sak-muv-gau,muv,1,3
12824,sakmuvgau,sak-muv-gau,gau,2,3
12825,sakselylu'i,sak-sel-lu'i,sak,0,3
12826,sakselylu'i,sak-sel-lu'i,sel,1,3
12827,sakselylu'i,sak-sel-lu'i,lu'i,2,3
12828,saksto,sak-sto,sak,0,2
12829,saksto,sak-sto,sto,1,2
12830,saktadji,sak-tadji,sak,0,2
12831,saktadji,sak-tadji,tadji,1,2
12832,sakto'a,sak-to'a,sak,0,2
12833,sakto'a,sak-to'a,to'a,1,2
12834,sakybasti,sak-basti,sak,0,2
12835,sakybasti,sak-basti,basti,1,2
12836,sakygau,sak-gau,sak,0,2
12837,sakygau,sak-gau,gau,1,2
12838,slacti,sla-cti,sla,0,2
12839,slacti,sla-cti,cti,1,2
12840,sladei,sla-dei,sla,0,2
12841,sladei,sla-dei,dei,1,2
12842,saldzu,sal-dzu,sal,0,2
12843,saldzu,sal-dzu,dzu,1,2
12844,salgau,sal-gau,sal,0,2
12845,salgau,sal-gau,gau,1,2
12846,slagei,sla-gei,sla,0,2
12847,slagei,sla-gei,gei,1,2
12848,salgre,sal-gre,sal,0,2
12849,salgre,sal-gre,gre,1,2
12850,slapemci,sla-pemci,sla,0,2
12851,slapemci,sla-pemci,pemci,1,2
12852,slasa'a,sla-sa'a,sla,0,2
12853,slasa'a,sla-sa'a,sa'a,1,2
12854,salsilca'a,sal-sil-ca'a,sal,0,3
12855,salsilca'a,sal-sil-ca'a,sil,1,3
12856,salsilca'a,sal-sil-ca'a,ca'a,2,3
12857,salsilca'a,sal-sil-ca'a,sal,0,3
12858,salsilca'a,sal-sil-ca'a,sil,1,3
12859,salsilca'a,sal-sil-ca'a,ca'a,2,3
12860,saltu'u,sal-tu'u,sal,0,2
12861,saltu'u,sal-tu'u,tu'u,1,2
12862,sambau,sam-bau,sam,0,2
12863,sambau,sam-bau,bau,1,2
12864,samca'i,sam-ca'i,sam,0,2
12865,samca'i,sam-ca'i,ca'i,1,2
12866,samca'o,sam-ca'o,sam,0,2
12867,samca'o,sam-ca'o,ca'o,1,2
12868,samcfagau,sam-cfa-gau,sam,0,3
12869,samcfagau,sam-cfa-gau,cfa,1,3
12870,samcfagau,sam-cfa-gau,gau,2,3
12871,samci'a,sam-ci'a,sam,0,2
12872,samci'a,sam-ci'a,ci'a,1,2
12873,samci'asku,sam-ci'a-sku,sam,0,3
12874,samci'asku,sam-ci'a-sku,ci'a,1,3
12875,samci'asku,sam-ci'a-sku,sku,2,3
12876,samci'e,sam-ci'e,sam,0,2
12877,samci'e,sam-ci'e,ci'e,1,2
12878,samclupa,sam-clupa,sam,0,2
12879,samclupa,sam-clupa,clupa,1,2
12880,samcupterjo'e,sam-cup-ter-jo'e,sam,0,4
12881,samcupterjo'e,sam-cup-ter-jo'e,cup,1,4
12882,samcupterjo'e,sam-cup-ter-jo'e,ter,2,4
12883,samcupterjo'e,sam-cup-ter-jo'e,jo'e,3,4
12884,samdatnysro,sam-datn-sro,sam,0,3
12885,samdatnysro,sam-datn-sro,datn,1,3
12886,samdatnysro,sam-datn-sro,sro,2,3
12887,samdi'u,sam-di'u,sam,0,2
12888,samdi'u,sam-di'u,di'u,1,2
12889,samfonveljo'e,sam-fon-vel-jo'e,sam,0,4
12890,samfonveljo'e,sam-fon-vel-jo'e,fon,1,4
12891,samfonveljo'e,sam-fon-vel-jo'e,vel,2,4
12892,samfonveljo'e,sam-fon-vel-jo'e,jo'e,3,4
12893,samgri,sam-gri,sam,0,2
12894,samgri,sam-gri,gri,1,2
12895,samgrikei,sam-gri-kei,sam,0,3
12896,samgrikei,sam-gri-kei,gri,1,3
12897,samgrikei,sam-gri-kei,kei,2,3
12898,samjo'e,sam-jo'e,sam,0,2
12899,samjo'e,sam-jo'e,jo'e,1,2
12900,samjonci'eci'e,sam-jon-ci'e-ci'e,sam,0,4
12901,samjonci'eci'e,sam-jon-ci'e-ci'e,jon,1,4
12902,samjonci'eci'e,sam-jon-ci'e-ci'e,ci'e,2,4
12903,samjonci'eci'e,sam-jon-ci'e-ci'e,ci'e,3,4
12904,samju'eta'a,sam-ju'e-ta'a,sam,0,3
12905,samju'eta'a,sam-ju'e-ta'a,ju'e,1,3
12906,samju'eta'a,sam-ju'e-ta'a,ta'a,2,3
12907,samju'i,sam-ju'i,sam,0,2
12908,samju'i,sam-ju'i,ju'i,1,2
12909,samjudri,sam-judri,sam,0,2
12910,samjudri,sam-judri,judri,1,2
12911,samju'eta'a,sam-ju'e-ta'a,sam,0,3
12912,samju'eta'a,sam-ju'e-ta'a,ju'e,1,3
12913,samju'eta'a,sam-ju'e-ta'a,ta'a,2,3
12914,samjvoste,sam-jvo-ste,sam,0,3
12915,samjvoste,sam-jvo-ste,jvo,1,3
12916,samjvoste,sam-jvo-ste,ste,2,3
12917,samkei,sam-kei,sam,0,2
12918,samkei,sam-kei,kei,1,2
12919,samkeici'e,sam-kei-ci'e,sam,0,3
12920,samkeici'e,sam-kei-ci'e,kei,1,3
12921,samkeici'e,sam-kei-ci'e,ci'e,2,3
12922,samki'o,sam-ki'o,sam,0,2
12923,samki'o,sam-ki'o,ki'o,1,2
12924,samla'a,sam-la'a,sam,0,2
12925,samla'a,sam-la'a,la'a,1,2
12926,samnoi,sam-noi,sam,0,2
12927,samnoi,sam-noi,noi,1,2
12928,sampe'i,sam-pe'i,sam,0,2
12929,sampe'i,sam-pe'i,pe'i,1,2
12930,sampla,sam-pla,sam,0,2
12931,sampla,sam-pla,pla,1,2
12932,sampli,sam-pli,sam,0,2
12933,sampli,sam-pli,pli,1,2
12934,sampliklu,sam-pli-klu,sam,0,3
12935,sampliklu,sam-pli-klu,pli,1,3
12936,sampliklu,sam-pli-klu,klu,2,3
12937,sampu'e,sam-pu'e,sam,0,2
12938,sampu'e,sam-pu'e,pu'e,1,2
12939,samralse'u,sam-ral-se'u,sam,0,3
12940,samralse'u,sam-ral-se'u,ral,1,3
12941,samralse'u,sam-ral-se'u,se'u,2,3
12942,samralsle,sam-ral-sle,sam,0,3
12943,samralsle,sam-ral-sle,ral,1,3
12944,samralsle,sam-ral-sle,sle,2,3
12945,samru'e,sam-ru'e,sam,0,2
12946,samru'e,sam-ru'e,ru'e,1,2
12947,samse'u,sam-se'u,sam,0,2
12948,samse'u,sam-se'u,se'u,1,2
12949,samselmi'e,sam-sel-mi'e,sam,0,3
12950,samselmi'e,sam-sel-mi'e,sel,1,3
12951,samselmi'e,sam-sel-mi'e,mi'e,2,3
12952,samselmri,sam-sel-mri,sam,0,3
12953,samselmri,sam-sel-mri,sel,1,3
12954,samselmri,sam-sel-mri,mri,2,3
12955,samselpla,sam-sel-pla,sam,0,3
12956,samselpla,sam-sel-pla,sel,1,3
12957,samselpla,sam-sel-pla,pla,2,3
12958,samske,sam-ske,sam,0,2
12959,samske,sam-ske,ske,1,2
12960,samsnuci'e,sam-snu-ci'e,sam,0,3
12961,samsnuci'e,sam-snu-ci'e,snu,1,3
12962,samsnuci'e,sam-snu-ci'e,ci'e,2,3
12963,samstu,sam-stu,sam,0,2
12964,samstu,sam-stu,stu,1,2
12965,samta'a,sam-ta'a,sam,0,2
12966,samta'a,sam-ta'a,ta'a,1,2
12967,samtadji,sam-tadji,sam,0,2
12968,samtadji,sam-tadji,tadji,1,2
12969,samvidni,sam-vidni,sam,0,2
12970,samvidni,sam-vidni,vidni,1,2
12971,samxa'a,sam-xa'a,sam,0,2
12972,samxa'a,sam-xa'a,xa'a,1,2
12973,samxanri,sam-xanri,sam,0,2
12974,samxanri,sam-xanri,xanri,1,2
12975,samxru,sam-xru,sam,0,2
12976,samxru,sam-xru,xru,1,2
12977,samymegdo,sam-megdo,sam,0,2
12978,samymegdo,sam-megdo,megdo,1,2
12979,samymi'e,sam-mi'e,sam,0,2
12980,samymi'e,sam-mi'e,mi'e,1,2
12981,samymidju,sam-midju,sam,0,2
12982,samymidju,sam-midju,midju,1,2
12983,samymidnoi,sam-mid-noi,sam,0,3
12984,samymidnoi,sam-mid-noi,mid,1,3
12985,samymidnoi,sam-mid-noi,noi,2,3
12986,samymri,sam-mri,sam,0,2
12987,samymri,sam-mri,mri,1,2
12988,samymrici'e,sam-mri-ci'e,sam,0,3
12989,samymrici'e,sam-mri-ci'e,mri,1,3
12990,samymrici'e,sam-mri-ci'e,ci'e,2,3
12991,samymriste,sam-mri-ste,sam,0,3
12992,samymriste,sam-mri-ste,mri,1,3
12993,samymriste,sam-mri-ste,ste,2,3
12994,samymu'e,sam-mu'e,sam,0,2
12995,samymu'e,sam-mu'e,mu'e,1,2
12996,samymu'eklu,sam-mu'e-klu,sam,0,3
12997,samymu'eklu,sam-mu'e-klu,mu'e,1,3
12998,samymu'eklu,sam-mu'e-klu,klu,2,3
12999,samymu'eselnirna,sam-mu'e-sel-nirna,sam,0,4
13000,samymu'eselnirna,sam-mu'e-sel-nirna,mu'e,1,4
13001,samymu'eselnirna,sam-mu'e-sel-nirna,sel,2,4
13002,samymu'eselnirna,sam-mu'e-sel-nirna,nirna,3,4
13003,samyzva,sam-zva,sam,0,2
13004,samyzva,sam-zva,zva,1,2
13005,snabau,sna-bau,sna,0,2
13006,snabau,sna-bau,bau,1,2
13007,sanbauvla,san-bau-vla,san,0,3
13008,sanbauvla,san-bau-vla,bau,1,3
13009,sanbauvla,san-bau-vla,vla,2,3
13010,snacau,sna-cau,sna,0,2
13011,snacau,sna-cau,cau,1,2
13012,snaga'e,sna-ga'e,sna,0,2
13013,snaga'e,sna-ga'e,ga'e,1,2
13014,snage'a,sna-ge'a,sna,0,2
13015,snage'a,sna-ge'a,ge'a,1,2
13016,sange'u,san-ge'u,san,0,2
13017,sange'u,san-ge'u,ge'u,1,2
13018,sangre,san-gre,san,0,2
13019,sangre,san-gre,gre,1,2
13020,sangu'e,san-gu'e,san,0,2
13021,sangu'e,san-gu'e,gu'e,1,2
13022,sanjalra,san-jalra,san,0,2
13023,sanjalra,san-jalra,jalra,1,2
13024,sankai,san-kai,san,0,2
13025,sankai,san-kai,kai,1,2
13026,sanru'u,san-ru'u,san,0,2
13027,sanru'u,san-ru'u,ru'u,1,2
13028,snaselminra,sna-sel-minra,sna,0,3
13029,snaselminra,sna-sel-minra,sel,1,3
13030,snaselminra,sna-sel-minra,minra,2,3
13031,snaselmirgau,sna-sel-mir-gau,sna,0,4
13032,snaselmirgau,sna-sel-mir-gau,sel,1,4
13033,snaselmirgau,sna-sel-mir-gau,mir,2,4
13034,snaselmirgau,sna-sel-mir-gau,gau,3,4
13035,snaselmiryri'a,sna-sel-mir-ri'a,sna,0,4
13036,snaselmiryri'a,sna-sel-mir-ri'a,sel,1,4
13037,snaselmiryri'a,sna-sel-mir-ri'a,mir,2,4
13038,snaselmiryri'a,sna-sel-mir-ri'a,ri'a,3,4
13039,santyse'u,sant-se'u,sant,0,2
13040,santyse'u,sant-se'u,se'u,1,2
13041,santystedu,sant-stedu,sant,0,2
13042,santystedu,sant-stedu,stedu,1,2
13043,sanytsaska,san-tsa-ska,san,0,3
13044,sanytsaska,san-tsa-ska,tsa,1,3
13045,sanytsaska,san-tsa-ska,ska,2,3
13046,snaze'a,sna-ze'a,sna,0,2
13047,snaze'a,sna-ze'a,ze'a,1,2
13048,sapmau,sap-mau,sap,0,2
13049,sapmau,sap-mau,mau,1,2
13050,saprai,sap-rai,sap,0,2
13051,saprai,sap-rai,rai,1,2
13052,saptce,sap-tce,sap,0,2
13053,saptce,sap-tce,tce,1,2
13054,saptciklu,sap-tci-klu,sap,0,3
13055,saptciklu,sap-tci-klu,tci,1,3
13056,saptciklu,sap-tci-klu,klu,2,3
13057,saptciklu,sap-tci-klu,sap,0,3
13058,saptciklu,sap-tci-klu,tci,1,3
13059,saptciklu,sap-tci-klu,klu,2,3
13060,sapygau,sap-gau,sap,0,2
13061,sapygau,sap-gau,gau,1,2
13062,sapyze'a,sap-ze'a,sap,0,2
13063,sapyze'a,sap-ze'a,ze'a,1,2
13064,sapyzengau,sap-zen-gau,sap,0,3
13065,sapyzengau,sap-zen-gau,zen,1,3
13066,sapyzengau,sap-zen-gau,gau,2,3
13067,sarbleski,sar-ble-ski,sar,0,3
13068,sarbleski,sar-ble-ski,ble,1,3
13069,sarbleski,sar-ble-ski,ski,2,3
13070,sarlyja'i,sarl-ja'i,sarl,0,2
13071,sarlyja'i,sarl-ja'i,ja'i,1,2
13072,sartau,sar-tau,sar,0,2
13073,sartau,sar-tau,tau,1,2
13074,sarvanju,sar-vanju,sar,0,2
13075,sarvanju,sar-vanju,vanju,1,2
13076,sasfoi,sas-foi,sas,0,2
13077,sasfoi,sas-foi,foi,1,2
13078,sastu'a,sas-tu'a,sas,0,2
13079,sastu'a,sas-tu'a,tu'a,1,2
13080,lasysilka,las-silka,las,0,2
13081,lasysilka,las-silka,silka,1,2
13082,satcymau,satc-mau,satc,0,2
13083,satcymau,satc-mau,mau,1,2
13084,satcyri'a,satc-ri'a,satc,0,2
13085,satcyri'a,satc-ri'a,ri'a,1,2
13086,satcyselsku,satc-sel-sku,satc,0,3
13087,satcyselsku,satc-sel-sku,sel,1,3
13088,satcyselsku,satc-sel-sku,sku,2,3
13089,satcyski,satc-ski,satc,0,2
13090,satcyski,satc-ski,ski,1,2
13091,satladru,sat-ladru,sat,0,2
13092,satladru,sat-ladru,ladru,1,2
13093,satnanba,sat-nanba,sat,0,2
13094,satnanba,sat-nanba,nanba,1,2
13095,satselpinxe,sat-sel-pinxe,sat,0,3
13096,satselpinxe,sat-sel-pinxe,sel,1,3
13097,satselpinxe,sat-sel-pinxe,pinxe,2,3
13098,satsmi,sat-smi,sat,0,2
13099,satsmi,sat-smi,smi,1,2
13100,satybasna,sat-basna,sat,0,2
13101,satybasna,sat-basna,basna,1,2
13102,sasfoi,sas-foi,sas,0,2
13103,sasfoi,sas-foi,foi,1,2
13104,saujbo,sau-jbo,sau,0,2
13105,saujbo,sau-jbo,jbo,1,2
13106,sauklu,sau-klu,sau,0,2
13107,sauklu,sau-klu,klu,1,2
13108,saumlu,sau-mlu,sau,0,2
13109,saumlu,sau-mlu,mlu,1,2
13110,saurcitcu'e,sau-cit-cu'e,sau,0,3
13111,saurcitcu'e,sau-cit-cu'e,cit,1,3
13112,saurcitcu'e,sau-cit-cu'e,cu'e,2,3
13113,saurdatni,sau-datni,sau,0,2
13114,saurdatni,sau-datni,datni,1,2
13115,saurgau,sau-gau,sau,0,2
13116,saurgau,sau-gau,gau,1,2
13117,saurgu'e,sau-gu'e,sau,0,2
13118,saurgu'e,sau-gu'e,gu'e,1,2
13119,saurkarce,sau-karce,sau,0,2
13120,saurkarce,sau-karce,karce,1,2
13121,sastu'a,sas-tu'a,sas,0,2
13122,sastu'a,sas-tu'a,tu'a,1,2
13123,saurvi'o,sau-vi'o,sau,0,2
13124,saurvi'o,sau-vi'o,vi'o,1,2
13125,saurxelso,sau-xelso,sau,0,2
13126,saurxelso,sau-xelso,xelso,1,2
13127,sauzma,sau-zma,sau,0,2
13128,sauzma,sau-zma,zma,1,2
13129,saxyje'a,sax-je'a,sax,0,2
13130,saxyje'a,sax-je'a,je'a,1,2
13131,sazycu'i,saz-cu'i,saz,0,2
13132,sazycu'i,saz-cu'i,cu'i,1,2
13133,sazysti,saz-sti,saz,0,2
13134,sazysti,saz-sti,sti,1,2
13135,sazystiri'a,saz-sti-ri'a,saz,0,3
13136,sazystiri'a,saz-sti-ri'a,sti,1,3
13137,sazystiri'a,saz-sti-ri'a,ri'a,2,3
13138,sazytcila,saz-tcila,saz,0,2
13139,sazytcila,saz-tcila,tcila,1,2
13140,se'arterje'e,se'a-ter-je'e,se'a,0,3
13141,se'arterje'e,se'a-ter-je'e,ter,1,3
13142,se'arterje'e,se'a-ter-je'e,je'e,2,3
13143,se'icni,se'i-cni,se'i,0,2
13144,se'icni,se'i-cni,cni,1,2
13145,se'ictu,se'i-ctu,se'i,0,2
13146,se'ictu,se'i-ctu,ctu,1,2
13147,se'ikri,se'i-kri,se'i,0,2
13148,se'ikri,se'i-kri,kri,1,2
13149,se'iski,se'i-ski,se'i,0,2
13150,se'iski,se'i-ski,ski,1,2
13151,se'isku,se'i-sku,se'i,0,2
13152,se'isku,se'i-sku,sku,1,2
13153,se'isni,se'i-sni,se'i,0,2
13154,se'isni,se'i-sni,sni,1,2
13155,se'itro,se'i-tro,se'i,0,2
13156,se'itro,se'i-tro,tro,1,2
13157,se'izga,se'i-zga,se'i,0,2
13158,se'izga,se'i-zga,zga,1,2
13159,se'ufli,se'u-fli,se'u,0,2
13160,se'ufli,se'u-fli,fli,1,2
13161,se'ujbu,se'u-jbu,se'u,0,2
13162,se'ujbu,se'u-jbu,jbu,1,2
13163,sedbo'u,sed-bo'u,sed,0,2
13164,sedbo'u,sed-bo'u,bo'u,1,2
13165,sedlu'e,sed-lu'e,sed,0,2
13166,sedlu'e,sed-lu'e,lu'e,1,2
13167,sedycro,sed-cro,sed,0,2
13168,sedycro,sed-cro,cro,1,2
13169,sedyrajvelyle'i,sed-raj-vel-le'i,sed,0,4
13170,sedyrajvelyle'i,sed-raj-vel-le'i,raj,1,4
13171,sedyrajvelyle'i,sed-raj-vel-le'i,vel,2,4
13172,sedyrajvelyle'i,sed-raj-vel-le'i,le'i,3,4
13173,sedysli,sed-sli,sed,0,2
13174,sedysli,sed-sli,sli,1,2
13175,sedysraji,sed-sraji,sed,0,2
13176,sedysraji,sed-sraji,sraji,1,2
13177,sedyterjo'e,sed-ter-jo'e,sed,0,3
13178,sedyterjo'e,sed-ter-jo'e,ter,1,3
13179,sedyterjo'e,sed-ter-jo'e,jo'e,2,3
13180,sefpre,sef-pre,sef,0,2
13181,sefpre,sef-pre,pre,1,2
13182,sfesti,sfe-sti,sfe,0,2
13183,sfesti,sfe-sti,sti,1,2
13184,seicni,sei-cni,sei,0,2
13185,seicni,sei-cni,cni,1,2
13186,se'ikri,se'i-kri,se'i,0,2
13187,se'ikri,se'i-kri,kri,1,2
13188,seirgau,sei-gau,sei,0,2
13189,seirgau,sei-gau,gau,1,2
13190,seirpau,sei-pau,sei,0,2
13191,seirpau,sei-pau,pau,1,2
13192,seirpavmei,sei-pav-mei,sei,0,3
13193,seirpavmei,sei-pav-mei,pav,1,3
13194,seirpavmei,sei-pav-mei,mei,2,3
13195,seirzu'e,sei-zu'e,sei,0,2
13196,seirzu'e,sei-zu'e,zu'e,1,2
13197,se'iski,se'i-ski,se'i,0,2
13198,se'iski,se'i-ski,ski,1,2
13199,se'isku,se'i-sku,se'i,0,2
13200,se'isku,se'i-sku,sku,1,2
13201,se'isni,se'i-sni,se'i,0,2
13202,se'isni,se'i-sni,sni,1,2
13203,seitse,sei-tse,sei,0,2
13204,seitse,sei-tse,tse,1,2
13205,se'ixru,se'i-xru,se'i,0,2
13206,se'ixru,se'i-xru,xru,1,2
13207,se'izga,se'i-zga,se'i,0,2
13208,se'izga,se'i-zga,zga,1,2
13209,selba'a,sel-ba'a,sel,0,2
13210,selba'a,sel-ba'a,ba'a,1,2
13211,selba'e,sel-ba'e,sel,0,2
13212,selba'e,sel-ba'e,ba'e,1,2
13213,selba'u,sel-ba'u,sel,0,2
13214,selba'u,sel-ba'u,ba'u,1,2
13215,selba'usle,sel-ba'u-sle,sel,0,3
13216,selba'usle,sel-ba'u-sle,ba'u,1,3
13217,selba'usle,sel-ba'u-sle,sle,2,3
13218,selba'uvla,sel-ba'u-vla,sel,0,3
13219,selba'uvla,sel-ba'u-vla,ba'u,1,3
13220,selba'uvla,sel-ba'u-vla,vla,2,3
13221,selbadydji,sel-bad-dji,sel,0,3
13222,selbadydji,sel-bad-dji,bad,1,3
13223,selbadydji,sel-bad-dji,dji,2,3
13224,selbai,sel-bai,sel,0,2
13225,selbai,sel-bai,bai,1,2
13226,selbalvi,sel-balvi,sel,0,2
13227,selbalvi,sel-balvi,balvi,1,2
13228,selbanzu,sel-banzu,sel,0,2
13229,selbanzu,sel-banzu,banzu,1,2
13230,selbasna,sel-basna,sel,0,2
13231,selbasna,sel-basna,basna,1,2
13232,selbatci,sel-batci,sel,0,2
13233,selbatci,sel-batci,batci,1,2
13234,selbau,sel-bau,sel,0,2
13235,selbau,sel-bau,bau,1,2
13236,selbauka'e,sel-bau-ka'e,sel,0,3
13237,selbauka'e,sel-bau-ka'e,bau,1,3
13238,selbauka'e,sel-bau-ka'e,ka'e,2,3
13239,selbe'a,sel-be'a,sel,0,2
13240,selbe'a,sel-be'a,be'a,1,2
13241,selbe'e,sel-be'e,sel,0,2
13242,selbe'e,sel-be'e,be'e,1,2
13243,selbe'i,sel-be'i,sel,0,2
13244,selbe'i,sel-be'i,be'i,1,2
13245,selbebna,sel-bebna,sel,0,2
13246,selbebna,sel-bebna,bebna,1,2
13247,selbei,sel-bei,sel,0,2
13248,selbei,sel-bei,bei,1,2
13249,selbi'a,sel-bi'a,sel,0,2
13250,selbi'a,sel-bi'a,bi'a,1,2
13251,selbi'i,sel-bi'i,sel,0,2
13252,selbi'i,sel-bi'i,bi'i,1,2
13253,selbigra'u,sel-big-ra'u,sel,0,3
13254,selbigra'u,sel-big-ra'u,big,1,3
13255,selbigra'u,sel-big-ra'u,ra'u,2,3
13256,selbilga,sel-bilga,sel,0,2
13257,selbilga,sel-bilga,bilga,1,2
13258,selbincmi,sel-bin-cmi,sel,0,3
13259,selbincmi,sel-bin-cmi,bin,1,3
13260,selbincmi,sel-bin-cmi,cmi,2,3
13261,selbirti,sel-birti,sel,0,2
13262,selbirti,sel-birti,birti,1,2
13263,selbitfau,sel-bit-fau,sel,0,3
13264,selbitfau,sel-bit-fau,bit,1,3
13265,selbitfau,sel-bit-fau,fau,2,3
13266,selbri,sel-bri,sel,0,2
13267,selbri,sel-bri,bri,1,2
13268,selbrikemsumpli,sel-bri-kem-sum-pli,sel,0,5
13269,selbrikemsumpli,sel-bri-kem-sum-pli,bri,1,5
13270,selbrikemsumpli,sel-bri-kem-sum-pli,kem,2,5
13271,selbrikemsumpli,sel-bri-kem-sum-pli,sum,3,5
13272,selbrikemsumpli,sel-bri-kem-sum-pli,pli,4,5
13273,selbrisumpli,sel-bri-sum-pli,sel,0,4
13274,selbrisumpli,sel-bri-sum-pli,bri,1,4
13275,selbrisumpli,sel-bri-sum-pli,sum,2,4
13276,selbrisumpli,sel-bri-sum-pli,pli,3,4
13277,selbrivla,sel-bri-vla,sel,0,3
13278,selbrivla,sel-bri-vla,bri,1,3
13279,selbrivla,sel-bri-vla,vla,2,3
13280,selbroda,sel-broda,sel,0,2
13281,selbroda,sel-broda,broda,1,2
13282,selca'o,sel-ca'o,sel,0,2
13283,selca'o,sel-ca'o,ca'o,1,2
13284,selcarna,sel-carna,sel,0,2
13285,selcarna,sel-carna,carna,1,2
13286,selcatra,sel-catra,sel,0,2
13287,selcatra,sel-catra,catra,1,2
13288,selcau,sel-cau,sel,0,2
13289,selcau,sel-cau,cau,1,2
13290,selce'u,sel-ce'u,sel,0,2
13291,selce'u,sel-ce'u,ce'u,1,2
13292,selcfa,sel-cfa,sel,0,2
13293,selcfa,sel-cfa,cfa,1,2
13294,selcfi,sel-cfi,sel,0,2
13295,selcfi,sel-cfi,cfi,1,2
13296,selcfu,sel-cfu,sel,0,2
13297,selcfu,sel-cfu,cfu,1,2
13298,selci'a,sel-ci'a,sel,0,2
13299,selci'a,sel-ci'a,ci'a,1,2
13300,selci'avla,sel-ci'a-vla,sel,0,3
13301,selci'avla,sel-ci'a-vla,ci'a,1,3
13302,selci'avla,sel-ci'a-vla,vla,2,3
13303,selci'e,sel-ci'e,sel,0,2
13304,selci'e,sel-ci'e,ci'e,1,2
13305,selci'i,sel-ci'i,sel,0,2
13306,selci'i,sel-ci'i,ci'i,1,2
13307,selci'o,sel-ci'o,sel,0,2
13308,selci'o,sel-ci'o,ci'o,1,2
13309,selci'u,sel-ci'u,sel,0,2
13310,selci'u,sel-ci'u,ci'u,1,2
13311,selcigla,sel-cigla,sel,0,2
13312,selcigla,sel-cigla,cigla,1,2
13313,selcinfo,sel-cinfo,sel,0,2
13314,selcinfo,sel-cinfo,cinfo,1,2
13315,selcinje,sel-cinje,sel,0,2
13316,selcinje,sel-cinje,cinje,1,2
13317,selcinse,sel-cinse,sel,0,2
13318,selcinse,sel-cinse,cinse,1,2
13319,selcipra,sel-cipra,sel,0,2
13320,selcipra,sel-cipra,cipra,1,2
13321,selckasu,sel-ckasu,sel,0,2
13322,selckasu,sel-ckasu,ckasu,1,2
13323,selckire,sel-ckire,sel,0,2
13324,selckire,sel-ckire,ckire,1,2
13325,selcku,sel-cku,sel,0,2
13326,selcku,sel-cku,cku,1,2
13327,selckugau,sel-cku-gau,sel,0,3
13328,selckugau,sel-cku-gau,cku,1,3
13329,selckugau,sel-cku-gau,gau,2,3
13330,selcli,sel-cli,sel,0,2
13331,selcli,sel-cli,cli,1,2
13332,selcme,sel-cme,sel,0,2
13333,selcme,sel-cme,cme,1,2
13334,selcmegau,sel-cme-gau,sel,0,3
13335,selcmegau,sel-cme-gau,cme,1,3
13336,selcmegau,sel-cme-gau,gau,2,3
13337,selcmeju'o,sel-cme-ju'o,sel,0,3
13338,selcmeju'o,sel-cme-ju'o,cme,1,3
13339,selcmeju'o,sel-cme-ju'o,ju'o,2,3
13340,selcmi,sel-cmi,sel,0,2
13341,selcmi,sel-cmi,cmi,1,2
13342,selcmipi'i,sel-cmi-pi'i,sel,0,3
13343,selcmipi'i,sel-cmi-pi'i,cmi,1,3
13344,selcmipi'i,sel-cmi-pi'i,pi'i,2,3
13345,selcmisumji,sel-cmi-sumji,sel,0,3
13346,selcmisumji,sel-cmi-sumji,cmi,1,3
13347,selcmisumji,sel-cmi-sumji,sumji,2,3
13348,selcmo,sel-cmo,sel,0,2
13349,selcmo,sel-cmo,cmo,1,2
13350,selcmu,sel-cmu,sel,0,2
13351,selcmu,sel-cmu,cmu,1,2
13352,selcni,sel-cni,sel,0,2
13353,selcni,sel-cni,cni,1,2
13354,selcnicinse,sel-cni-cinse,sel,0,3
13355,selcnicinse,sel-cni-cinse,cni,1,3
13356,selcnicinse,sel-cni-cinse,cinse,2,3
13357,selcnigau,sel-cni-gau,sel,0,3
13358,selcnigau,sel-cni-gau,cni,1,3
13359,selcnigau,sel-cni-gau,gau,2,3
13360,selcpa,sel-cpa,sel,0,2
13361,selcpa,sel-cpa,cpa,1,2
13362,selcpaka'e,sel-cpa-ka'e,sel,0,3
13363,selcpaka'e,sel-cpa-ka'e,cpa,1,3
13364,selcpaka'e,sel-cpa-ka'e,ka'e,2,3
13365,selcpana,sel-cpana,sel,0,2
13366,selcpana,sel-cpana,cpana,1,2
13367,selcpavla,sel-cpa-vla,sel,0,3
13368,selcpavla,sel-cpa-vla,cpa,1,3
13369,selcpavla,sel-cpa-vla,vla,2,3
13370,selcpe,sel-cpe,sel,0,2
13371,selcpe,sel-cpe,cpe,1,2
13372,selcpu,sel-cpu,sel,0,2
13373,selcpu,sel-cpu,cpu,1,2
13374,selcra,sel-cra,sel,0,2
13375,selcra,sel-cra,cra,1,2
13376,selcre,sel-cre,sel,0,2
13377,selcre,sel-cre,cre,1,2
13378,selcrepu,sel-crepu,sel,0,2
13379,selcrepu,sel-crepu,crepu,1,2
13380,selcri,sel-cri,sel,0,2
13381,selcri,sel-cri,cri,1,2
13382,selcrimau,sel-cri-mau,sel,0,3
13383,selcrimau,sel-cri-mau,cri,1,3
13384,selcrimau,sel-cri-mau,mau,2,3
13385,selcro,sel-cro,sel,0,2
13386,selcro,sel-cro,cro,1,2
13387,selcru,sel-cru,sel,0,2
13388,selcru,sel-cru,cru,1,2
13389,selcta,sel-cta,sel,0,2
13390,selcta,sel-cta,cta,1,2
13391,selcti,sel-cti,sel,0,2
13392,selcti,sel-cti,cti,1,2
13393,selctu,sel-ctu,sel,0,2
13394,selctu,sel-ctu,ctu,1,2
13395,selcu'a,sel-cu'a,sel,0,2
13396,selcu'a,sel-cu'a,cu'a,1,2
13397,selcu'aklu,sel-cu'a-klu,sel,0,3
13398,selcu'aklu,sel-cu'a-klu,cu'a,1,3
13399,selcu'aklu,sel-cu'a-klu,klu,2,3
13400,selcu'i,sel-cu'i,sel,0,2
13401,selcu'i,sel-cu'i,cu'i,1,2
13402,selcu'u,sel-cu'u,sel,0,2
13403,selcu'u,sel-cu'u,cu'u,1,2
13404,selda'a,sel-da'a,sel,0,2
13405,selda'a,sel-da'a,da'a,1,2
13406,selda'i,sel-da'i,sel,0,2
13407,selda'i,sel-da'i,da'i,1,2
13408,seldamgau,sel-dam-gau,sel,0,3
13409,seldamgau,sel-dam-gau,dam,1,3
13410,seldamgau,sel-dam-gau,gau,2,3
13411,seldandu,sel-dandu,sel,0,2
13412,seldandu,sel-dandu,dandu,1,2
13413,seldanfu,sel-danfu,sel,0,2
13414,seldanfu,sel-danfu,danfu,1,2
13415,seldansazri,sel-dan-sazri,sel,0,3
13416,seldansazri,sel-dan-sazri,dan,1,3
13417,seldansazri,sel-dan-sazri,sazri,2,3
13418,seldansu,sel-dansu,sel,0,2
13419,seldansu,sel-dansu,dansu,1,2
13420,seldanti,sel-danti,sel,0,2
13421,seldanti,sel-danti,danti,1,2
13422,seldapma,sel-dapma,sel,0,2
13423,seldapma,sel-dapma,dapma,1,2
13424,seldapstu,sel-dap-stu,sel,0,3
13425,seldapstu,sel-dap-stu,dap,1,3
13426,seldapstu,sel-dap-stu,stu,2,3
13427,seldapyda'u,sel-dap-da'u,sel,0,3
13428,seldapyda'u,sel-dap-da'u,dap,1,3
13429,seldapyda'u,sel-dap-da'u,da'u,2,3
13430,seldasysro,sel-das-sro,sel,0,3
13431,seldasysro,sel-das-sro,das,1,3
13432,seldasysro,sel-das-sro,sro,2,3
13433,seldau,sel-dau,sel,0,2
13434,seldau,sel-dau,dau,1,2
13435,seldejni,sel-dejni,sel,0,2
13436,seldejni,sel-dejni,dejni,1,2
13437,seldicra,sel-dicra,sel,0,2
13438,seldicra,sel-dicra,dicra,1,2
13439,seldimna,sel-dimna,sel,0,2
13440,seldimna,sel-dimna,dimna,1,2
13441,seldjatsi,sel-dja-tsi,sel,0,3
13442,seldjatsi,sel-dja-tsi,dja,1,3
13443,seldjatsi,sel-dja-tsi,tsi,2,3
13444,seldji,sel-dji,sel,0,2
13445,seldji,sel-dji,dji,1,2
13446,seldju,sel-dju,sel,0,2
13447,seldju,sel-dju,dju,1,2
13448,seldre,sel-dre,sel,0,2
13449,seldre,sel-dre,dre,1,2
13450,seldri,sel-dri,sel,0,2
13451,seldri,sel-dri,dri,1,2
13452,seldu'a,sel-du'a,sel,0,2
13453,seldu'a,sel-du'a,du'a,1,2
13454,seldu'acpa,sel-du'a-cpa,sel,0,3
13455,seldu'acpa,sel-du'a-cpa,du'a,1,3
13456,seldu'acpa,sel-du'a-cpa,cpa,2,3
13457,seldu'axru,sel-du'a-xru,sel,0,3
13458,seldu'axru,sel-du'a-xru,du'a,1,3
13459,seldu'axru,sel-du'a-xru,xru,2,3
13460,seldu'u,sel-du'u,sel,0,2
13461,seldu'u,sel-du'u,du'u,1,2
13462,seldudra'a,sel-dud-ra'a,sel,0,3
13463,seldudra'a,sel-dud-ra'a,dud,1,3
13464,seldudra'a,sel-dud-ra'a,ra'a,2,3
13465,seldze,sel-dze,sel,0,2
13466,seldze,sel-dze,dze,1,2
13467,seldzu,sel-dzu,sel,0,2
13468,seldzu,sel-dzu,dzu,1,2
13469,selfa'a,sel-fa'a,sel,0,2
13470,selfa'a,sel-fa'a,fa'a,1,2
13471,selfa'i,sel-fa'i,sel,0,2
13472,selfa'i,sel-fa'i,fa'i,1,2
13473,selfa'o,sel-fa'o,sel,0,2
13474,selfa'o,sel-fa'o,fa'o,1,2
13475,selfagri,sel-fagri,sel,0,2
13476,selfagri,sel-fagri,fagri,1,2
13477,selfai,sel-fai,sel,0,2
13478,selfai,sel-fai,fai,1,2
13479,selfambi'o,sel-fam-bi'o,sel,0,3
13480,selfambi'o,sel-fam-bi'o,fam,1,3
13481,selfambi'o,sel-fam-bi'o,bi'o,2,3
13482,selfanva,sel-fanva,sel,0,2
13483,selfanva,sel-fanva,fanva,1,2
13484,selfanza,sel-fanza,sel,0,2
13485,selfanza,sel-fanza,fanza,1,2
13486,selfargau,sel-far-gau,sel,0,3
13487,selfargau,sel-far-gau,far,1,3
13488,selfargau,sel-far-gau,gau,2,3
13489,selfarzva,sel-far-zva,sel,0,3
13490,selfarzva,sel-far-zva,far,1,3
13491,selfarzva,sel-far-zva,zva,2,3
13492,selfasybi'o,sel-fas-bi'o,sel,0,3
13493,selfasybi'o,sel-fas-bi'o,fas,1,3
13494,selfasybi'o,sel-fas-bi'o,bi'o,2,3
13495,selfaxyxau,sel-fax-xau,sel,0,3
13496,selfaxyxau,sel-fax-xau,fax,1,3
13497,selfaxyxau,sel-fax-xau,xau,2,3
13498,selfi'i,sel-fi'i,sel,0,2
13499,selfi'i,sel-fi'i,fi'i,1,2
13500,selfi'u,sel-fi'u,sel,0,2
13501,selfi'u,sel-fi'u,fi'u,1,2
13502,selfinbau,sel-fin-bau,sel,0,3
13503,selfinbau,sel-fin-bau,fin,1,3
13504,selfinbau,sel-fin-bau,bau,2,3
13505,selfityjbu,sel-fit-jbu,sel,0,3
13506,selfityjbu,sel-fit-jbu,fit,1,3
13507,selfityjbu,sel-fit-jbu,jbu,2,3
13508,selfirfa'a,sel-fir-fa'a,sel,0,3
13509,selfirfa'a,sel-fir-fa'a,fir,1,3
13510,selfirfa'a,sel-fir-fa'a,fa'a,2,3
13511,selfla,sel-fla,sel,0,2
13512,selfla,sel-fla,fla,1,2
13513,selfli,sel-fli,sel,0,2
13514,selfli,sel-fli,fli,1,2
13515,selfre,sel-fre,sel,0,2
13516,selfre,sel-fre,fre,1,2
13517,selfri,sel-fri,sel,0,2
13518,selfri,sel-fri,fri,1,2
13519,selfriti,sel-friti,sel,0,2
13520,selfriti,sel-friti,friti,1,2
13521,selfu'a,sel-fu'a,sel,0,2
13522,selfu'a,sel-fu'a,fu'a,1,2
13523,selga'e,sel-ga'e,sel,0,2
13524,selga'e,sel-ga'e,ga'e,1,2
13525,selga'esmu,sel-ga'e-smu,sel,0,3
13526,selga'esmu,sel-ga'e-smu,ga'e,1,3
13527,selga'esmu,sel-ga'e-smu,smu,2,3
13528,selga'i,sel-ga'i,sel,0,2
13529,selga'i,sel-ga'i,ga'i,1,2
13530,selga'ijavlebnalka'e,sel-ga'i-jav-leb-nal-ka'e,sel,0,6
13531,selga'ijavlebnalka'e,sel-ga'i-jav-leb-nal-ka'e,ga'i,1,6
13532,selga'ijavlebnalka'e,sel-ga'i-jav-leb-nal-ka'e,jav,2,6
13533,selga'ijavlebnalka'e,sel-ga'i-jav-leb-nal-ka'e,leb,3,6
13534,selga'ijavlebnalka'e,sel-ga'i-jav-leb-nal-ka'e,nal,4,6
13535,selga'ijavlebnalka'e,sel-ga'i-jav-leb-nal-ka'e,ka'e,5,6
13536,selgadri,sel-gadri,sel,0,2
13537,selgadri,sel-gadri,gadri,1,2
13538,selgafnalka'e,sel-gaf-nal-ka'e,sel,0,4
13539,selgafnalka'e,sel-gaf-nal-ka'e,gaf,1,4
13540,selgafnalka'e,sel-gaf-nal-ka'e,nal,2,4
13541,selgafnalka'e,sel-gaf-nal-ka'e,ka'e,3,4
13542,selgai,sel-gai,sel,0,2
13543,selgai,sel-gai,gai,1,2
13544,selgaigau,sel-gai-gau,sel,0,3
13545,selgaigau,sel-gai-gau,gai,1,3
13546,selgaigau,sel-gai-gau,gau,2,3
13547,selgankri,sel-gan-kri,sel,0,3
13548,selgankri,sel-gan-kri,gan,1,3
13549,selgankri,sel-gan-kri,kri,2,3
13550,selganxo,sel-ganxo,sel,0,2
13551,selganxo,sel-ganxo,ganxo,1,2
13552,selgapygau,sel-gap-gau,sel,0,3
13553,selgapygau,sel-gap-gau,gap,1,3
13554,selgapygau,sel-gap-gau,gau,2,3
13555,selgau,sel-gau,sel,0,2
13556,selgau,sel-gau,gau,1,2
13557,selge'a,sel-ge'a,sel,0,2
13558,selge'a,sel-ge'a,ge'a,1,2
13559,selgei,sel-gei,sel,0,2
13560,selgei,sel-gei,gei,1,2
13561,selgeimau,sel-gei-mau,sel,0,3
13562,selgeimau,sel-gei-mau,gei,1,3
13563,selgeimau,sel-gei-mau,mau,2,3
13564,selgenja,sel-genja,sel,0,2
13565,selgenja,sel-genja,genja,1,2
13566,selgerselzda,sel-ger-sel-zda,sel,0,4
13567,selgerselzda,sel-ger-sel-zda,ger,1,4
13568,selgerselzda,sel-ger-sel-zda,sel,2,4
13569,selgerselzda,sel-ger-sel-zda,zda,3,4
13570,selgeiki'u,sel-gei-ki'u,sel,0,3
13571,selgeiki'u,sel-gei-ki'u,gei,1,3
13572,selgeiki'u,sel-gei-ki'u,ki'u,2,3
13573,selgeimu'i,sel-gei-mu'i,sel,0,3
13574,selgeimu'i,sel-gei-mu'i,gei,1,3
13575,selgeimu'i,sel-gei-mu'i,mu'i,2,3
13576,selgeini'i,sel-gei-ni'i,sel,0,3
13577,selgeini'i,sel-gei-ni'i,gei,1,3
13578,selgeini'i,sel-gei-ni'i,ni'i,2,3
13579,selgeiri'a,sel-gei-ri'a,sel,0,3
13580,selgeiri'a,sel-gei-ri'a,gei,1,3
13581,selgeiri'a,sel-gei-ri'a,ri'a,2,3
13582,selgra,sel-gra,sel,0,2
13583,selgra,sel-gra,gra,1,2
13584,selgre,sel-gre,sel,0,2
13585,selgre,sel-gre,gre,1,2
13586,selgu'a,sel-gu'a,sel,0,2
13587,selgu'a,sel-gu'a,gu'a,1,2
13588,selgu'e,sel-gu'e,sel,0,2
13589,selgu'e,sel-gu'e,gu'e,1,2
13590,selgu'i,sel-gu'i,sel,0,2
13591,selgu'i,sel-gu'i,gu'i,1,2
13592,selgubni,sel-gubni,sel,0,2
13593,selgubni,sel-gubni,gubni,1,2
13594,selgundi,sel-gundi,sel,0,2
13595,selgundi,sel-gundi,gundi,1,2
13596,selgusrai,sel-gus-rai,sel,0,3
13597,selgusrai,sel-gus-rai,gus,1,3
13598,selgusrai,sel-gus-rai,rai,2,3
13599,selgusta,sel-gusta,sel,0,2
13600,selgusta,sel-gusta,gusta,1,2
13601,selja'e,sel-ja'e,sel,0,2
13602,selja'e,sel-ja'e,ja'e,1,2
13603,selja'efau,sel-ja'e-fau,sel,0,3
13604,selja'efau,sel-ja'e-fau,ja'e,1,3
13605,selja'efau,sel-ja'e-fau,fau,2,3
13606,selja'esku,sel-ja'e-sku,sel,0,3
13607,selja'esku,sel-ja'e-sku,ja'e,1,3
13608,selja'esku,sel-ja'e-sku,sku,2,3
13609,selja'i,sel-ja'i,sel,0,2
13610,selja'i,sel-ja'i,ja'i,1,2
13611,selja'o,sel-ja'o,sel,0,2
13612,selja'o,sel-ja'o,ja'o,1,2
13613,selja'osa'u,sel-ja'o-sa'u,sel,0,3
13614,selja'osa'u,sel-ja'o-sa'u,ja'o,1,3
13615,selja'osa'u,sel-ja'o-sa'u,sa'u,2,3
13616,seljai,sel-jai,sel,0,2
13617,seljai,sel-jai,jai,1,2
13618,seljajgau,sel-jaj-gau,sel,0,3
13619,seljajgau,sel-jaj-gau,jaj,1,3
13620,seljajgau,sel-jaj-gau,gau,2,3
13621,seljakne,sel-jakne,sel,0,2
13622,seljakne,sel-jakne,jakne,1,2
13623,seljanli,sel-janli,sel,0,2
13624,seljanli,sel-janli,janli,1,2
13625,seljavytertei,sel-jav-ter-tei,sel,0,4
13626,seljavytertei,sel-jav-ter-tei,jav,1,4
13627,seljavytertei,sel-jav-ter-tei,ter,2,4
13628,seljavytertei,sel-jav-ter-tei,tei,3,4
13629,seljbe,sel-jbe,sel,0,2
13630,seljbe,sel-jbe,jbe,1,2
13631,seljbi,sel-jbi,sel,0,2
13632,seljbi,sel-jbi,jbi,1,2
13633,seljbo,sel-jbo,sel,0,2
13634,seljbo,sel-jbo,jbo,1,2
13635,seljda,sel-jda,sel,0,2
13636,seljda,sel-jda,jda,1,2
13637,seljdadji,sel-jda-dji,sel,0,3
13638,seljdadji,sel-jda-dji,jda,1,3
13639,seljdadji,sel-jda-dji,dji,2,3
13640,seljdagei,sel-jda-gei,sel,0,3
13641,seljdagei,sel-jda-gei,jda,1,3
13642,seljdagei,sel-jda-gei,gei,2,3
13643,seljdami'u,sel-jda-mi'u,sel,0,3
13644,seljdami'u,sel-jda-mi'u,jda,1,3
13645,seljdami'u,sel-jda-mi'u,mi'u,2,3
13646,seljdasku,sel-jda-sku,sel,0,3
13647,seljdasku,sel-jda-sku,jda,1,3
13648,seljdasku,sel-jda-sku,sku,2,3
13649,seljde,sel-jde,sel,0,2
13650,seljde,sel-jde,jde,1,2
13651,seljdi,sel-jdi,sel,0,2
13652,seljdi,sel-jdi,jdi,1,2
13653,selje'u,sel-je'u,sel,0,2
13654,selje'u,sel-je'u,je'u,1,2
13655,seljerna,sel-jerna,sel,0,2
13656,seljerna,sel-jerna,jerna,1,2
13657,seljetlai,sel-jet-lai,sel,0,3
13658,seljetlai,sel-jet-lai,jet,1,3
13659,seljetlai,sel-jet-lai,lai,2,3
13660,seljgita,sel-jgita,sel,0,2
13661,seljgita,sel-jgita,jgita,1,2
13662,selji'a,sel-ji'a,sel,0,2
13663,selji'a,sel-ji'a,ji'a,1,2
13664,selji'e,sel-ji'e,sel,0,2
13665,selji'e,sel-ji'e,ji'e,1,2
13666,selji'i,sel-ji'i,sel,0,2
13667,selji'i,sel-ji'i,ji'i,1,2
13668,seljibri,sel-jibri,sel,0,2
13669,seljibri,sel-jibri,jibri,1,2
13670,seljimte,sel-jimte,sel,0,2
13671,seljimte,sel-jimte,jimte,1,2
13672,seljirna,sel-jirna,sel,0,2
13673,seljirna,sel-jirna,jirna,1,2
13674,seljivbu,sel-jivbu,sel,0,2
13675,seljivbu,sel-jivbu,jivbu,1,2
13676,seljma,sel-jma,sel,0,2
13677,seljma,sel-jma,jma,1,2
13678,seljmi,sel-jmi,sel,0,2
13679,seljmi,sel-jmi,jmi,1,2
13680,seljmiri'a,sel-jmi-ri'a,sel,0,3
13681,seljmiri'a,sel-jmi-ri'a,jmi,1,3
13682,seljmiri'a,sel-jmi-ri'a,ri'a,2,3
13683,selju'agau,sel-ju'a-gau,sel,0,3
13684,selju'agau,sel-ju'a-gau,ju'a,1,3
13685,selju'agau,sel-ju'a-gau,gau,2,3
13686,selju'i,sel-ju'i,sel,0,2
13687,selju'i,sel-ju'i,ju'i,1,2
13688,selju'o,sel-ju'o,sel,0,2
13689,selju'o,sel-ju'o,ju'o,1,2
13690,seljudri,sel-judri,sel,0,2
13691,seljudri,sel-judri,judri,1,2
13692,seljukpa,sel-jukpa,sel,0,2
13693,seljukpa,sel-jukpa,jukpa,1,2
13694,seljupnanba,sel-jup-nanba,sel,0,3
13695,seljupnanba,sel-jup-nanba,jup,1,3
13696,seljupnanba,sel-jup-nanba,nanba,2,3
13697,seljupnanba,sel-jup-nanba,sel,0,3
13698,seljupnanba,sel-jup-nanba,jup,1,3
13699,seljupnanba,sel-jup-nanba,nanba,2,3
13700,seljvajbo,sel-jva-jbo,sel,0,3
13701,seljvajbo,sel-jva-jbo,jva,1,3
13702,seljvajbo,sel-jva-jbo,jbo,2,3
13703,seljvi,sel-jvi,sel,0,2
13704,seljvi,sel-jvi,jvi,1,2
13705,seljvo,sel-jvo,sel,0,2
13706,seljvo,sel-jvo,jvo,1,2
13707,selka'a,sel-ka'a,sel,0,2
13708,selka'a,sel-ka'a,ka'a,1,2
13709,selka'e,sel-ka'e,sel,0,2
13710,selka'e,sel-ka'e,ka'e,1,2
13711,selka'ecme,sel-ka'e-cme,sel,0,3
13712,selka'ecme,sel-ka'e-cme,ka'e,1,3
13713,selka'ecme,sel-ka'e-cme,cme,2,3
13714,selka'u,sel-ka'u,sel,0,2
13715,selka'u,sel-ka'u,ka'u,1,2
13716,selkabri,sel-kabri,sel,0,2
13717,selkabri,sel-kabri,kabri,1,2
13718,selkai,sel-kai,sel,0,2
13719,selkai,sel-kai,kai,1,2
13720,selkancu,sel-kancu,sel,0,2
13721,selkancu,sel-kancu,kancu,1,2
13722,selkansa,sel-kansa,sel,0,2
13723,selkansa,sel-kansa,kansa,1,2
13724,selkanxe,sel-kanxe,sel,0,2
13725,selkanxe,sel-kanxe,kanxe,1,2
13726,selkarcybadgacpo'aca'a,sel-karc-bad-gac-po'a-ca'a,sel,0,6
13727,selkarcybadgacpo'aca'a,sel-karc-bad-gac-po'a-ca'a,karc,1,6
13728,selkarcybadgacpo'aca'a,sel-karc-bad-gac-po'a-ca'a,bad,2,6
13729,selkarcybadgacpo'aca'a,sel-karc-bad-gac-po'a-ca'a,gac,3,6
13730,selkarcybadgacpo'aca'a,sel-karc-bad-gac-po'a-ca'a,po'a,4,6
13731,selkarcybadgacpo'aca'a,sel-karc-bad-gac-po'a-ca'a,ca'a,5,6
13732,selkarcybandu,sel-karc-bandu,sel,0,3
13733,selkarcybandu,sel-karc-bandu,karc,1,3
13734,selkarcybandu,sel-karc-bandu,bandu,2,3
13735,selkau,sel-kau,sel,0,2
13736,selkau,sel-kau,kau,1,2
13737,selke'i,sel-ke'i,sel,0,2
13738,selke'i,sel-ke'i,ke'i,1,2
13739,selke'u,sel-ke'u,sel,0,2
13740,selke'u,sel-ke'u,ke'u,1,2
13741,selkecmlu,sel-kec-mlu,sel,0,3
13742,selkecmlu,sel-kec-mlu,kec,1,3
13743,selkecmlu,sel-kec-mlu,mlu,2,3
13744,selkei,sel-kei,sel,0,2
13745,selkei,sel-kei,kei,1,2
13746,selkeiste,sel-kei-ste,sel,0,3
13747,selkeiste,sel-kei-ste,kei,1,3
13748,selkeiste,sel-kei-ste,ste,2,3
13749,selkeizba,sel-kei-zba,sel,0,3
13750,selkeizba,sel-kei-zba,kei,1,3
13751,selkeizba,sel-kei-zba,zba,2,3
13752,selkemlojycmu,sel-kem-loj-cmu,sel,0,4
13753,selkemlojycmu,sel-kem-loj-cmu,kem,1,4
13754,selkemlojycmu,sel-kem-loj-cmu,loj,2,4
13755,selkemlojycmu,sel-kem-loj-cmu,cmu,3,4
13756,selkempicri'a,sel-kem-pic-ri'a,sel,0,4
13757,selkempicri'a,sel-kem-pic-ri'a,kem,1,4
13758,selkempicri'a,sel-kem-pic-ri'a,pic,2,4
13759,selkempicri'a,sel-kem-pic-ri'a,ri'a,3,4
13760,selkemselgeimau,sel-kem-sel-gei-mau,sel,0,5
13761,selkemselgeimau,sel-kem-sel-gei-mau,kem,1,5
13762,selkemselgeimau,sel-kem-sel-gei-mau,sel,2,5
13763,selkemselgeimau,sel-kem-sel-gei-mau,gei,3,5
13764,selkemselgeimau,sel-kem-sel-gei-mau,mau,4,5
13765,selkemxaumaugau,sel-kem-xau-mau-gau,sel,0,5
13766,selkemxaumaugau,sel-kem-xau-mau-gau,kem,1,5
13767,selkemxaumaugau,sel-kem-xau-mau-gau,xau,2,5
13768,selkemxaumaugau,sel-kem-xau-mau-gau,mau,3,5
13769,selkemxaumaugau,sel-kem-xau-mau-gau,gau,4,5
13770,selkemymaula'e,sel-kem-mau-la'e,sel,0,4
13771,selkemymaula'e,sel-kem-mau-la'e,kem,1,4
13772,selkemymaula'e,sel-kem-mau-la'e,mau,2,4
13773,selkemymaula'e,sel-kem-mau-la'e,la'e,3,4
13774,selkemymi'ubau,sel-kem-mi'u-bau,sel,0,4
13775,selkemymi'ubau,sel-kem-mi'u-bau,kem,1,4
13776,selkemymi'ubau,sel-kem-mi'u-bau,mi'u,2,4
13777,selkemymi'ubau,sel-kem-mi'u-bau,bau,3,4
13778,selki'a,sel-ki'a,sel,0,2
13779,selki'a,sel-ki'a,ki'a,1,2
13780,selki'u,sel-ki'u,sel,0,2
13781,selki'u,sel-ki'u,ki'u,1,2
13782,selkla,sel-kla,sel,0,2
13783,selkla,sel-kla,kla,1,2
13784,selklaku,sel-klaku,sel,0,2
13785,selklaku,sel-klaku,klaku,1,2
13786,selklamau,sel-kla-mau,sel,0,3
13787,selklamau,sel-kla-mau,kla,1,3
13788,selklamau,sel-kla-mau,mau,2,3
13789,selkle,sel-kle,sel,0,2
13790,selkle,sel-kle,kle,1,2
13791,selkra,sel-kra,sel,0,2
13792,selkra,sel-kra,kra,1,2
13793,selkre,sel-kre,sel,0,2
13794,selkre,sel-kre,kre,1,2
13795,selkri,sel-kri,sel,0,2
13796,selkri,sel-kri,kri,1,2
13797,selkru,sel-kru,sel,0,2
13798,selkru,sel-kru,kru,1,2
13799,selku'e,sel-ku'e,sel,0,2
13800,selku'e,sel-ku'e,ku'e,1,2
13801,selkufra,sel-kufra,sel,0,2
13802,selkufra,sel-kufra,kufra,1,2
13803,selma'e,sel-ma'e,sel,0,2
13804,selma'e,sel-ma'e,ma'e,1,2
13805,selma'ecpe,sel-ma'e-cpe,sel,0,3
13806,selma'ecpe,sel-ma'e-cpe,ma'e,1,3
13807,selma'ecpe,sel-ma'e-cpe,cpe,2,3
13808,selma'o,sel-ma'o,sel,0,2
13809,selma'o,sel-ma'o,ma'o,1,2
13810,selmafmi'e,sel-maf-mi'e,sel,0,3
13811,selmafmi'e,sel-maf-mi'e,maf,1,3
13812,selmafmi'e,sel-maf-mi'e,mi'e,2,3
13813,selmamta,sel-mamta,sel,0,2
13814,selmamta,sel-mamta,mamta,1,2
13815,selmanci,sel-manci,sel,0,2
13816,selmanci,sel-manci,manci,1,2
13817,selmansa,sel-mansa,sel,0,2
13818,selmansa,sel-mansa,mansa,1,2
13819,selmau,sel-mau,sel,0,2
13820,selmau,sel-mau,mau,1,2
13821,selmenli,sel-menli,sel,0,2
13822,selmenli,sel-menli,menli,1,2
13823,seljmina,sel-jmina,sel,0,2
13824,seljmina,sel-jmina,jmina,1,2
13825,selmi'e,sel-mi'e,sel,0,2
13826,selmi'e,sel-mi'e,mi'e,1,2
13827,selmikce,sel-mikce,sel,0,2
13828,selmikce,sel-mikce,mikce,1,2
13829,selminmo'a,sel-min-mo'a,sel,0,3
13830,selminmo'a,sel-min-mo'a,min,1,3
13831,selminmo'a,sel-min-mo'a,mo'a,2,3
13832,selminra,sel-minra,sel,0,2
13833,selminra,sel-minra,minra,1,2
13834,selmipri,sel-mipri,sel,0,2
13835,selmipri,sel-mipri,mipri,1,2
13836,selmirmo'a,sel-mir-mo'a,sel,0,3
13837,selmirmo'a,sel-mir-mo'a,mir,1,3
13838,selmirmo'a,sel-mir-mo'a,mo'a,2,3
13839,selmirsna,sel-mir-sna,sel,0,3
13840,selmirsna,sel-mir-sna,mir,1,3
13841,selmirsna,sel-mir-sna,sna,2,3
13842,selmifsa'i,sel-mif-sa'i,sel,0,3
13843,selmifsa'i,sel-mif-sa'i,mif,1,3
13844,selmifsa'i,sel-mif-sa'i,sa'i,2,3
13845,selmla,sel-mla,sel,0,2
13846,selmla,sel-mla,mla,1,2
13847,selmlu,sel-mlu,sel,0,2
13848,selmlu,sel-mlu,mlu,1,2
13849,selmo'a,sel-mo'a,sel,0,2
13850,selmo'a,sel-mo'a,mo'a,1,2
13851,selmo'i,sel-mo'i,sel,0,2
13852,selmo'i,sel-mo'i,mo'i,1,2
13853,selmra,sel-mra,sel,0,2
13854,selmra,sel-mra,mra,1,2
13855,selmrasfe,sel-mra-sfe,sel,0,3
13856,selmrasfe,sel-mra-sfe,mra,1,3
13857,selmrasfe,sel-mra-sfe,sfe,2,3
13858,selmri,sel-mri,sel,0,2
13859,selmri,sel-mri,mri,1,2
13860,selmrisnu,sel-mri-snu,sel,0,3
13861,selmrisnu,sel-mri-snu,mri,1,3
13862,selmrisnu,sel-mri-snu,snu,2,3
13863,selmriste,sel-mri-ste,sel,0,3
13864,selmriste,sel-mri-ste,mri,1,3
13865,selmriste,sel-mri-ste,ste,2,3
13866,selmu'i,sel-mu'i,sel,0,2
13867,selmu'i,sel-mu'i,mu'i,1,2
13868,selmu'u,sel-mu'u,sel,0,2
13869,selmu'u,sel-mu'u,mu'u,1,2
13870,selna'a,sel-na'a,sel,0,2
13871,selna'a,sel-na'a,na'a,1,2
13872,selna'i,sel-na'i,sel,0,2
13873,selna'i,sel-na'i,na'i,1,2
13874,selnalprali,sel-nal-prali,sel,0,3
13875,selnalprali,sel-nal-prali,nal,1,3
13876,selnalprali,sel-nal-prali,prali,2,3
13877,selne'i,sel-ne'i,sel,0,2
13878,selne'i,sel-ne'i,ne'i,1,2
13879,selne'u,sel-ne'u,sel,0,2
13880,selne'u,sel-ne'u,ne'u,1,2
13881,selnei,sel-nei,sel,0,2
13882,selnei,sel-nei,nei,1,2
13883,selneimau,sel-nei-mau,sel,0,3
13884,selneimau,sel-nei-mau,nei,1,3
13885,selneimau,sel-nei-mau,mau,2,3
13886,selneirai,sel-nei-rai,sel,0,3
13887,selneirai,sel-nei-rai,nei,1,3
13888,selneirai,sel-nei-rai,rai,2,3
13889,selni'a,sel-ni'a,sel,0,2
13890,selni'a,sel-ni'a,ni'a,1,2
13891,selni'i,sel-ni'i,sel,0,2
13892,selni'i,sel-ni'i,ni'i,1,2
13893,selnirna,sel-nirna,sel,0,2
13894,selnirna,sel-nirna,nirna,1,2
13895,selnivji,sel-nivji,sel,0,2
13896,selnivji,sel-nivji,nivji,1,2
13897,selpa'i,sel-pa'i,sel,0,2
13898,selpa'i,sel-pa'i,pa'i,1,2
13899,selpa'u,sel-pa'u,sel,0,2
13900,selpa'u,sel-pa'u,pa'u,1,2
13901,selpajva'u,sel-paj-va'u,sel,0,3
13902,selpajva'u,sel-paj-va'u,paj,1,3
13903,selpajva'u,sel-paj-va'u,va'u,2,3
13904,selpapri,sel-papri,sel,0,2
13905,selpapri,sel-papri,papri,1,2
13906,selpau,sel-pau,sel,0,2
13907,selpau,sel-pau,pau,1,2
13908,selpavmeijbe,sel-pav-mei-jbe,sel,0,4
13909,selpavmeijbe,sel-pav-mei-jbe,pav,1,4
13910,selpavmeijbe,sel-pav-mei-jbe,mei,2,4
13911,selpavmeijbe,sel-pav-mei-jbe,jbe,3,4
13912,selpe'a,sel-pe'a,sel,0,2
13913,selpe'a,sel-pe'a,pe'a,1,2
13914,selpe'u,sel-pe'u,sel,0,2
13915,selpe'u,sel-pe'u,pe'u,1,2
13916,selpei,sel-pei,sel,0,2
13917,selpei,sel-pei,pei,1,2
13918,selpezli,sel-pezli,sel,0,2
13919,selpezli,sel-pezli,pezli,1,2
13920,selpi'o,sel-pi'o,sel,0,2
13921,selpi'o,sel-pi'o,pi'o,1,2
13922,selpijyska,sel-pij-ska,sel,0,3
13923,selpijyska,sel-pij-ska,pij,1,3
13924,selpijyska,sel-pij-ska,ska,2,3
13925,selpilgau,sel-pil-gau,sel,0,3
13926,selpilgau,sel-pil-gau,pil,1,3
13927,selpilgau,sel-pil-gau,gau,2,3
13928,selpinka,sel-pinka,sel,0,2
13929,selpinka,sel-pinka,pinka,1,2
13930,selpinxe,sel-pinxe,sel,0,2
13931,selpinxe,sel-pinxe,pinxe,1,2
13932,selpla,sel-pla,sel,0,2
13933,selpla,sel-pla,pla,1,2
13934,selpli,sel-pli,sel,0,2
13935,selpli,sel-pli,pli,1,2
13936,selplika'e,sel-pli-ka'e,sel,0,3
13937,selplika'e,sel-pli-ka'e,pli,1,3
13938,selplika'e,sel-pli-ka'e,ka'e,2,3
13939,selplimau,sel-pli-mau,sel,0,3
13940,selplimau,sel-pli-mau,pli,1,3
13941,selplimau,sel-pli-mau,mau,2,3
13942,selplimi'u,sel-pli-mi'u,sel,0,3
13943,selplimi'u,sel-pli-mi'u,pli,1,3
13944,selplimi'u,sel-pli-mi'u,mi'u,2,3
13945,selplixa,sel-plixa,sel,0,2
13946,selplixa,sel-plixa,plixa,1,2
13947,selplixau,sel-pli-xau,sel,0,3
13948,selplixau,sel-pli-xau,pli,1,3
13949,selplixau,sel-pli-xau,xau,2,3
13950,selpo'a,sel-po'a,sel,0,2
13951,selpo'a,sel-po'a,po'a,1,2
13952,selpo'e,sel-po'e,sel,0,2
13953,selpo'e,sel-po'e,po'e,1,2
13954,selpo'edji,sel-po'e-dji,sel,0,3
13955,selpo'edji,sel-po'e-dji,po'e,1,3
13956,selpo'edji,sel-po'e-dji,dji,2,3
13957,selpo'i,sel-po'i,sel,0,2
13958,selpo'i,sel-po'i,po'i,1,2
13959,selpoi,sel-poi,sel,0,2
13960,selpoi,sel-poi,poi,1,2
13961,selpopselta'u,sel-pop-sel-ta'u,sel,0,4
13962,selpopselta'u,sel-pop-sel-ta'u,pop,1,4
13963,selpopselta'u,sel-pop-sel-ta'u,sel,2,4
13964,selpopselta'u,sel-pop-sel-ta'u,ta'u,3,4
13965,selposnei,sel-pos-nei,sel,0,3
13966,selposnei,sel-pos-nei,pos,1,3
13967,selposnei,sel-pos-nei,nei,2,3
13968,selposprali,sel-pos-prali,sel,0,3
13969,selposprali,sel-pos-prali,pos,1,3
13970,selposprali,sel-pos-prali,prali,2,3
13971,selprali,sel-prali,sel,0,2
13972,selprali,sel-prali,prali,1,2
13973,selpri,sel-pri,sel,0,2
13974,selpri,sel-pri,pri,1,2
13975,selpu'a,sel-pu'a,sel,0,2
13976,selpu'a,sel-pu'a,pu'a,1,2
13977,selra'a,sel-ra'a,sel,0,2
13978,selra'a,sel-ra'a,ra'a,1,2
13979,selra'e,sel-ra'e,sel,0,2
13980,selra'e,sel-ra'e,ra'e,1,2
13981,selra'u,sel-ra'u,sel,0,2
13982,selra'u,sel-ra'u,ra'u,1,2
13983,selra'ucau,sel-ra'u-cau,sel,0,3
13984,selra'ucau,sel-ra'u-cau,ra'u,1,3
13985,selra'ucau,sel-ra'u-cau,cau,2,3
13986,selranmi,sel-ranmi,sel,0,2
13987,selranmi,sel-ranmi,ranmi,1,2
13988,selrasyjukpa,sel-ras-jukpa,sel,0,3
13989,selrasyjukpa,sel-ras-jukpa,ras,1,3
13990,selrasyjukpa,sel-ras-jukpa,jukpa,2,3
13991,selre'i,sel-re'i,sel,0,2
13992,selre'i,sel-re'i,re'i,1,2
13993,selrepydja,sel-rep-dja,sel,0,3
13994,selrepydja,sel-rep-dja,rep,1,3
13995,selrepydja,sel-rep-dja,dja,2,3
13996,selri'a,sel-ri'a,sel,0,2
13997,selri'a,sel-ri'a,ri'a,1,2
13998,selri'u,sel-ri'u,sel,0,2
13999,selri'u,sel-ri'u,ri'u,1,2
14000,selrinja'o,sel-rin-ja'o,sel,0,3
14001,selrinja'o,sel-rin-ja'o,rin,1,3
14002,selrinja'o,sel-rin-ja'o,ja'o,2,3
14003,selrivnalka'e,sel-riv-nal-ka'e,sel,0,4
14004,selrivnalka'e,sel-riv-nal-ka'e,riv,1,4
14005,selrivnalka'e,sel-riv-nal-ka'e,nal,2,4
14006,selrivnalka'e,sel-riv-nal-ka'e,ka'e,3,4
14007,selru'a,sel-ru'a,sel,0,2
14008,selru'a,sel-ru'a,ru'a,1,2
14009,selsa'a,sel-sa'a,sel,0,2
14010,selsa'a,sel-sa'a,sa'a,1,2
14011,selsa'acma,sel-sa'a-cma,sel,0,3
14012,selsa'acma,sel-sa'a-cma,sa'a,1,3
14013,selsa'acma,sel-sa'a-cma,cma,2,3
14014,selsa'akai,sel-sa'a-kai,sel,0,3
14015,selsa'akai,sel-sa'a-kai,sa'a,1,3
14016,selsa'akai,sel-sa'a-kai,kai,2,3
14017,selsa'e,sel-sa'e,sel,0,2
14018,selsa'e,sel-sa'e,sa'e,1,2
14019,selsa'i,sel-sa'i,sel,0,2
14020,selsa'i,sel-sa'i,sa'i,1,2
14021,selsai,sel-sai,sel,0,2
14022,selsai,sel-sai,sai,1,2
14023,selsajgau,sel-saj-gau,sel,0,3
14024,selsajgau,sel-saj-gau,saj,1,3
14025,selsajgau,sel-saj-gau,gau,2,3
14026,selsajri'a,sel-saj-ri'a,sel,0,3
14027,selsajri'a,sel-saj-ri'a,saj,1,3
14028,selsajri'a,sel-saj-ri'a,ri'a,2,3
14029,selsalkri,sel-sal-kri,sel,0,3
14030,selsalkri,sel-sal-kri,sal,1,3
14031,selsalkri,sel-sal-kri,kri,2,3
14032,selsnari'a,sel-sna-ri'a,sel,0,3
14033,selsnari'a,sel-sna-ri'a,sna,1,3
14034,selsnari'a,sel-sna-ri'a,ri'a,2,3
14035,selsau,sel-sau,sel,0,2
14036,selsau,sel-sau,sau,1,2
14037,selse'u,sel-se'u,sel,0,2
14038,selse'u,sel-se'u,se'u,1,2
14039,selselgeimau,sel-sel-gei-mau,sel,0,4
14040,selselgeimau,sel-sel-gei-mau,sel,1,4
14041,selselgeimau,sel-sel-gei-mau,gei,2,4
14042,selselgeimau,sel-sel-gei-mau,mau,3,4
14043,selsenpi,sel-senpi,sel,0,2
14044,selsenpi,sel-senpi,senpi,1,2
14045,selsfa,sel-sfa,sel,0,2
14046,selsfa,sel-sfa,sfa,1,2
14047,selsi'a,sel-si'a,sel,0,2
14048,selsi'a,sel-si'a,si'a,1,2
14049,selsi'o,sel-si'o,sel,0,2
14050,selsi'o,sel-si'o,si'o,1,2
14051,selsiclu,sel-siclu,sel,0,2
14052,selsiclu,sel-siclu,siclu,1,2
14053,selsisku,sel-sisku,sel,0,2
14054,selsisku,sel-sisku,sisku,1,2
14055,selsitna,sel-sitna,sel,0,2
14056,selsitna,sel-sitna,sitna,1,2
14057,selsivni,sel-sivni,sel,0,2
14058,selsivni,sel-sivni,sivni,1,2
14059,selska,sel-ska,sel,0,2
14060,selska,sel-ska,ska,1,2
14061,selskapi,sel-skapi,sel,0,2
14062,selskapi,sel-skapi,skapi,1,2
14063,selski,sel-ski,sel,0,2
14064,selski,sel-ski,ski,1,2
14065,selsku,sel-sku,sel,0,2
14066,selsku,sel-sku,sku,1,2
14067,selskugei,sel-sku-gei,sel,0,3
14068,selskugei,sel-sku-gei,sku,1,3
14069,selskugei,sel-sku-gei,gei,2,3
14070,selskugri,sel-sku-gri,sel,0,3
14071,selskugri,sel-sku-gri,sku,1,3
14072,selskugri,sel-sku-gri,gri,2,3
14073,selskuka'e,sel-sku-ka'e,sel,0,3
14074,selskuka'e,sel-sku-ka'e,sku,1,3
14075,selskuka'e,sel-sku-ka'e,ka'e,2,3
14076,selskupikci,sel-sku-pikci,sel,0,3
14077,selskupikci,sel-sku-pikci,sku,1,3
14078,selskupikci,sel-sku-pikci,pikci,2,3
14079,selskubre,sel-sku-bre,sel,0,3
14080,selskubre,sel-sku-bre,sku,1,3
14081,selskubre,sel-sku-bre,bre,2,3
14082,selskuvei,sel-sku-vei,sel,0,3
14083,selskuvei,sel-sku-vei,sku,1,3
14084,selskuvei,sel-sku-vei,vei,2,3
14085,selskuvelski,sel-sku-vel-ski,sel,0,4
14086,selskuvelski,sel-sku-vel-ski,sku,1,4
14087,selskuvelski,sel-sku-vel-ski,vel,2,4
14088,selskuvelski,sel-sku-vel-ski,ski,3,4
14089,selsla,sel-sla,sel,0,2
14090,selsla,sel-sla,sla,1,2
14091,selsladei,sel-sla-dei,sel,0,3
14092,selsladei,sel-sla-dei,sla,1,3
14093,selsladei,sel-sla-dei,dei,2,3
14094,selsli,sel-sli,sel,0,2
14095,selsli,sel-sli,sli,1,2
14096,selsmadi,sel-smadi,sel,0,2
14097,selsmadi,sel-smadi,smadi,1,2
14098,selsmu,sel-smu,sel,0,2
14099,selsmu,sel-smu,smu,1,2
14100,selsmuma'o,sel-smu-ma'o,sel,0,3
14101,selsmuma'o,sel-smu-ma'o,smu,1,3
14102,selsmuma'o,sel-smu-ma'o,ma'o,2,3
14103,selsna,sel-sna,sel,0,2
14104,selsna,sel-sna,sna,1,2
14105,selsnada,sel-snada,sel,0,2
14106,selsnada,sel-snada,snada,1,2
14107,selsnari'a,sel-sna-ri'a,sel,0,3
14108,selsnari'a,sel-sna-ri'a,sna,1,3
14109,selsnari'a,sel-sna-ri'a,ri'a,2,3
14110,selsne,sel-sne,sel,0,2
14111,selsne,sel-sne,sne,1,2
14112,selsnesmi,sel-sne-smi,sel,0,3
14113,selsnesmi,sel-sne-smi,sne,1,3
14114,selsnesmi,sel-sne-smi,smi,2,3
14115,selsni,sel-sni,sel,0,2
14116,selsni,sel-sni,sni,1,2
14117,selsnici'e,sel-sni-ci'e,sel,0,3
14118,selsnici'e,sel-sni-ci'e,sni,1,3
14119,selsnici'e,sel-sni-ci'e,ci'e,2,3
14120,selsno,sel-sno,sel,0,2
14121,selsno,sel-sno,sno,1,2
14122,selsnu,sel-snu,sel,0,2
14123,selsnu,sel-snu,snu,1,2
14124,selspaji,sel-spaji,sel,0,2
14125,selspaji,sel-spaji,spaji,1,2
14126,selspe,sel-spe,sel,0,2
14127,selspe,sel-spe,spe,1,2
14128,selspo,sel-spo,sel,0,2
14129,selspo,sel-spo,spo,1,2
14130,selspu,sel-spu,sel,0,2
14131,selspu,sel-spu,spu,1,2
14132,selsre,sel-sre,sel,0,2
14133,selsre,sel-sre,sre,1,2
14134,selsro,sel-sro,sel,0,2
14135,selsro,sel-sro,sro,1,2
14136,selsru,sel-sru,sel,0,2
14137,selsru,sel-sru,sru,1,2
14138,selsta,sel-sta,sel,0,2
14139,selsta,sel-sta,sta,1,2
14140,selstapa,sel-stapa,sel,0,2
14141,selstapa,sel-stapa,stapa,1,2
14142,selste,sel-ste,sel,0,2
14143,selste,sel-ste,ste,1,2
14144,selsteba,sel-steba,sel,0,2
14145,selsteba,sel-steba,steba,1,2
14146,selsti,sel-sti,sel,0,2
14147,selsti,sel-sti,sti,1,2
14148,selstu,sel-stu,sel,0,2
14149,selstu,sel-stu,stu,1,2
14150,selsu'i,sel-su'i,sel,0,2
14151,selsu'i,sel-su'i,su'i,1,2
14152,selsucta,sel-sucta,sel,0,2
14153,selsucta,sel-sucta,sucta,1,2
14154,selsumne,sel-sumne,sel,0,2
14155,selsumne,sel-sumne,sumne,1,2
14156,selsumvla,sel-sum-vla,sel,0,3
14157,selsumvla,sel-sum-vla,sum,1,3
14158,selsumvla,sel-sum-vla,vla,2,3
14159,selta'a,sel-ta'a,sel,0,2
14160,selta'a,sel-ta'a,ta'a,1,2
14161,selta'i,sel-ta'i,sel,0,2
14162,selta'i,sel-ta'i,ta'i,1,2
14163,selta'u,sel-ta'u,sel,0,2
14164,selta'u,sel-ta'u,ta'u,1,2
14165,seltadji,sel-tadji,sel,0,2
14166,seltadji,sel-tadji,tadji,1,2
14167,seltadni,sel-tadni,sel,0,2
14168,seltadni,sel-tadni,tadni,1,2
14169,seltai,sel-tai,sel,0,2
14170,seltai,sel-tai,tai,1,2
14171,seltarbi,sel-tarbi,sel,0,2
14172,seltarbi,sel-tarbi,tarbi,1,2
14173,seltau,sel-tau,sel,0,2
14174,seltau,sel-tau,tau,1,2
14175,seltavjmi,sel-tav-jmi,sel,0,3
14176,seltavjmi,sel-tav-jmi,tav,1,3
14177,seltavjmi,sel-tav-jmi,jmi,2,3
14178,seltcidu,sel-tcidu,sel,0,2
14179,seltcidu,sel-tcidu,tcidu,1,2
14180,seltcika,sel-tcika,sel,0,2
14181,seltcika,sel-tcika,tcika,1,2
14182,seltcita,sel-tcita,sel,0,2
14183,seltcita,sel-tcita,tcita,1,2
14184,seltcu,sel-tcu,sel,0,2
14185,seltcu,sel-tcu,tcu,1,2
14186,selte'a,sel-te'a,sel,0,2
14187,selte'a,sel-te'a,te'a,1,2
14188,selte'i,sel-te'i,sel,0,2
14189,selte'i,sel-te'i,te'i,1,2
14190,seltei,sel-tei,sel,0,2
14191,seltei,sel-tei,tei,1,2
14192,selteplitce,sel-tep-litce,sel,0,3
14193,selteplitce,sel-tep-litce,tep,1,3
14194,selteplitce,sel-tep-litce,litce,2,3
14195,selterdi,sel-terdi,sel,0,2
14196,selterdi,sel-terdi,terdi,1,2
14197,selterfa'a,sel-ter-fa'a,sel,0,3
14198,selterfa'a,sel-ter-fa'a,ter,1,3
14199,selterfa'a,sel-ter-fa'a,fa'a,2,3
14200,selterjda,sel-ter-jda,sel,0,3
14201,selterjda,sel-ter-jda,ter,1,3
14202,selterjda,sel-ter-jda,jda,2,3
14203,seltermosra,sel-ter-mosra,sel,0,3
14204,seltermosra,sel-ter-mosra,ter,1,3
14205,seltermosra,sel-ter-mosra,mosra,2,3
14206,selterseljmina,sel-ter-sel-jmina,sel,0,4
14207,selterseljmina,sel-ter-sel-jmina,ter,1,4
14208,selterseljmina,sel-ter-sel-jmina,sel,2,4
14209,selterseljmina,sel-ter-sel-jmina,jmina,3,4
14210,selterselspu,sel-ter-sel-spu,sel,0,4
14211,selterselspu,sel-ter-sel-spu,ter,1,4
14212,selterselspu,sel-ter-sel-spu,sel,2,4
14213,selterselspu,sel-ter-sel-spu,spu,3,4
14214,selti'i,sel-ti'i,sel,0,2
14215,selti'i,sel-ti'i,ti'i,1,2
14216,selti'ifla,sel-ti'i-fla,sel,0,3
14217,selti'ifla,sel-ti'i-fla,ti'i,1,3
14218,selti'ifla,sel-ti'i-fla,fla,2,3
14219,seldjupemci,sel-dju-pemci,sel,0,3
14220,seldjupemci,sel-dju-pemci,dju,1,3
14221,seldjupemci,sel-dju-pemci,pemci,2,3
14222,selti'ismu,sel-ti'i-smu,sel,0,3
14223,selti'ismu,sel-ti'i-smu,ti'i,1,3
14224,selti'ismu,sel-ti'i-smu,smu,2,3
14225,selti'o,sel-ti'o,sel,0,2
14226,selti'o,sel-ti'o,ti'o,1,2
14227,seltilmau,sel-til-mau,sel,0,3
14228,seltilmau,sel-til-mau,til,1,3
14229,seltilmau,sel-til-mau,mau,2,3
14230,seltirna,sel-tirna,sel,0,2
14231,seltirna,sel-tirna,tirna,1,2
14232,seltisysa'u,sel-tis-sa'u,sel,0,3
14233,seltisysa'u,sel-tis-sa'u,tis,1,3
14234,seltisysa'u,sel-tis-sa'u,sa'u,2,3
14235,seltoi,sel-toi,sel,0,2
14236,seltoi,sel-toi,toi,1,2
14237,seltokygau,sel-tok-gau,sel,0,3
14238,seltokygau,sel-tok-gau,tok,1,3
14239,seltokygau,sel-tok-gau,gau,2,3
14240,seltra,sel-tra,sel,0,2
14241,seltra,sel-tra,tra,1,2
14242,seltro,sel-tro,sel,0,2
14243,seltro,sel-tro,tro,1,2
14244,seltru,sel-tru,sel,0,2
14245,seltru,sel-tru,tru,1,2
14246,seltsazba,sel-tsa-zba,sel,0,3
14247,seltsazba,sel-tsa-zba,tsa,1,3
14248,seltsazba,sel-tsa-zba,zba,2,3
14249,seltse,sel-tse,sel,0,2
14250,seltse,sel-tse,tse,1,2
14251,seltu'e,sel-tu'e,sel,0,2
14252,seltu'e,sel-tu'e,tu'e,1,2
14253,seltumrai,sel-tum-rai,sel,0,3
14254,seltumrai,sel-tum-rai,tum,1,3
14255,seltumrai,sel-tum-rai,rai,2,3
14256,selva'i,sel-va'i,sel,0,2
14257,selva'i,sel-va'i,va'i,1,2
14258,selvau,sel-vau,sel,0,2
14259,selvau,sel-vau,vau,1,2
14260,selve'u,sel-ve'u,sel,0,2
14261,selve'u,sel-ve'u,ve'u,1,2
14262,selvenbe'e,sel-ven-be'e,sel,0,3
14263,selvenbe'e,sel-ven-be'e,ven,1,3
14264,selvenbe'e,sel-ven-be'e,be'e,2,3
14265,selvenfriti,sel-ven-friti,sel,0,3
14266,selvenfriti,sel-ven-friti,ven,1,3
14267,selvenfriti,sel-ven-friti,friti,2,3
14268,selvenydji,sel-ven-dji,sel,0,3
14269,selvenydji,sel-ven-dji,ven,1,3
14270,selvenydji,sel-ven-dji,dji,2,3
14271,selvi'a,sel-vi'a,sel,0,2
14272,selvi'a,sel-vi'a,vi'a,1,2
14273,selvi'agau,sel-vi'a-gau,sel,0,3
14274,selvi'agau,sel-vi'a-gau,vi'a,1,3
14275,selvi'agau,sel-vi'a-gau,gau,2,3
14276,selvi'e,sel-vi'e,sel,0,2
14277,selvi'e,sel-vi'e,vi'e,1,2
14278,selvi'i,sel-vi'i,sel,0,2
14279,selvi'i,sel-vi'i,vi'i,1,2
14280,selvi'u,sel-vi'u,sel,0,2
14281,selvi'u,sel-vi'u,vi'u,1,2
14282,selvikmau,sel-vik-mau,sel,0,3
14283,selvikmau,sel-vik-mau,vik,1,3
14284,selvikmau,sel-vik-mau,mau,2,3
14285,selviska'eri'a,sel-vis-ka'e-ri'a,sel,0,4
14286,selviska'eri'a,sel-vis-ka'e-ri'a,vis,1,4
14287,selviska'eri'a,sel-vis-ka'e-ri'a,ka'e,2,4
14288,selviska'eri'a,sel-vis-ka'e-ri'a,ri'a,3,4
14289,selviska'eri'a,sel-vis-ka'e-ri'a,sel,0,4
14290,selviska'eri'a,sel-vis-ka'e-ri'a,vis,1,4
14291,selviska'eri'a,sel-vis-ka'e-ri'a,ka'e,2,4
14292,selviska'eri'a,sel-vis-ka'e-ri'a,ri'a,3,4
14293,selvla,sel-vla,sel,0,2
14294,selvla,sel-vla,vla,1,2
14295,selvlagau,sel-vla-gau,sel,0,3
14296,selvlagau,sel-vla-gau,vla,1,3
14297,selvlagau,sel-vla-gau,gau,2,3
14298,selvli,sel-vli,sel,0,2
14299,selvli,sel-vli,vli,1,2
14300,selvlimau,sel-vli-mau,sel,0,3
14301,selvlimau,sel-vli-mau,vli,1,3
14302,selvlimau,sel-vli-mau,mau,2,3
14303,selvo'a,sel-vo'a,sel,0,2
14304,selvo'a,sel-vo'a,vo'a,1,2
14305,selvrestu,sel-vre-stu,sel,0,3
14306,selvrestu,sel-vre-stu,vre,1,3
14307,selvrestu,sel-vre-stu,stu,2,3
14308,selxa'e,sel-xa'e,sel,0,2
14309,selxa'e,sel-xa'e,xa'e,1,2
14310,selxa'u,sel-xa'u,sel,0,2
14311,selxa'u,sel-xa'u,xa'u,1,2
14312,selxagri,sel-xagri,sel,0,2
14313,selxagri,sel-xagri,xagri,1,2
14314,selxagryvau,sel-xagr-vau,sel,0,3
14315,selxagryvau,sel-xagr-vau,xagr,1,3
14316,selxagryvau,sel-xagr-vau,vau,2,3
14317,selxai,sel-xai,sel,0,2
14318,selxai,sel-xai,xai,1,2
14319,selxaksu,sel-xaksu,sel,0,2
14320,selxaksu,sel-xaksu,xaksu,1,2
14321,selxaktei,sel-xak-tei,sel,0,3
14322,selxaktei,sel-xak-tei,xak,1,3
14323,selxaktei,sel-xak-tei,tei,2,3
14324,selxanmi'e,sel-xan-mi'e,sel,0,3
14325,selxanmi'e,sel-xan-mi'e,xan,1,3
14326,selxanmi'e,sel-xan-mi'e,mi'e,2,3
14327,selxanri,sel-xanri,sel,0,2
14328,selxanri,sel-xanri,xanri,1,2
14329,selxarvli,sel-xar-vli,sel,0,3
14330,selxarvli,sel-xar-vli,xar,1,3
14331,selxarvli,sel-xar-vli,vli,2,3
14332,selxaumau,sel-xau-mau,sel,0,3
14333,selxaumau,sel-xau-mau,xau,1,3
14334,selxaumau,sel-xau-mau,mau,2,3
14335,selxaumaugau,sel-xau-mau-gau,sel,0,4
14336,selxaumaugau,sel-xau-mau-gau,xau,1,4
14337,selxaumaugau,sel-xau-mau-gau,mau,2,4
14338,selxaumaugau,sel-xau-mau-gau,gau,3,4
14339,selxedmau,sel-xed-mau,sel,0,3
14340,selxedmau,sel-xed-mau,xed,1,3
14341,selxedmau,sel-xed-mau,mau,2,3
14342,selxelfanva,sel-xel-fanva,sel,0,3
14343,selxelfanva,sel-xel-fanva,xel,1,3
14344,selxelfanva,sel-xel-fanva,fanva,2,3
14345,selxlaxaksu,sel-xla-xaksu,sel,0,3
14346,selxlaxaksu,sel-xla-xaksu,xla,1,3
14347,selxlaxaksu,sel-xla-xaksu,xaksu,2,3
14348,selxlupai,sel-xlu-pai,sel,0,3
14349,selxlupai,sel-xlu-pai,xlu,1,3
14350,selxlupai,sel-xlu-pai,pai,2,3
14351,selxra,sel-xra,sel,0,2
14352,selxra,sel-xra,xra,1,2
14353,selxraci'a,sel-xra-ci'a,sel,0,3
14354,selxraci'a,sel-xra-ci'a,xra,1,3
14355,selxraci'a,sel-xra-ci'a,ci'a,2,3
14356,selxre,sel-xre,sel,0,2
14357,selxre,sel-xre,xre,1,2
14358,selxu'a,sel-xu'a,sel,0,2
14359,selxu'a,sel-xu'a,xu'a,1,2
14360,selyla'emau,sel-la'e-mau,sel,0,3
14361,selyla'emau,sel-la'e-mau,la'e,1,3
14362,selyla'emau,sel-la'e-mau,mau,2,3
14363,selylafti,sel-lafti,sel,0,2
14364,selylafti,sel-lafti,lafti,1,2
14365,selylai,sel-lai,sel,0,2
14366,selylai,sel-lai,lai,1,2
14367,selylancycaulanci,sel-lanc-cau-lanci,sel,0,4
14368,selylancycaulanci,sel-lanc-cau-lanci,lanc,1,4
14369,selylancycaulanci,sel-lanc-cau-lanci,cau,2,4
14370,selylancycaulanci,sel-lanc-cau-lanci,lanci,3,4
14371,selylazmi'u,sel-laz-mi'u,sel,0,3
14372,selylazmi'u,sel-laz-mi'u,laz,1,3
14373,selylazmi'u,sel-laz-mi'u,mi'u,2,3
14374,selyle'a,sel-le'a,sel,0,2
14375,selyle'a,sel-le'a,le'a,1,2
14376,selyle'i,sel-le'i,sel,0,2
14377,selyle'i,sel-le'i,le'i,1,2
14378,selyle'u,sel-le'u,sel,0,2
14379,selyle'u,sel-le'u,le'u,1,2
14380,selylebjdi,sel-leb-jdi,sel,0,3
14381,selylebjdi,sel-leb-jdi,leb,1,3
14382,selylebjdi,sel-leb-jdi,jdi,2,3
14383,selylebnalka'e,sel-leb-nal-ka'e,sel,0,4
14384,selylebnalka'e,sel-leb-nal-ka'e,leb,1,4
14385,selylebnalka'e,sel-leb-nal-ka'e,nal,2,4
14386,selylebnalka'e,sel-leb-nal-ka'e,ka'e,3,4
14387,selylebvla,sel-leb-vla,sel,0,3
14388,selylebvla,sel-leb-vla,leb,1,3
14389,selylebvla,sel-leb-vla,vla,2,3
14390,selyli'a,sel-li'a,sel,0,2
14391,selyli'a,sel-li'a,li'a,1,2
14392,selyli'e,sel-li'e,sel,0,2
14393,selyli'e,sel-li'e,li'e,1,2
14394,selyli'u,sel-li'u,sel,0,2
14395,selyli'u,sel-li'u,li'u,1,2
14396,selylimna,sel-limna,sel,0,2
14397,selylimna,sel-limna,limna,1,2
14398,selylu'a,sel-lu'a,sel,0,2
14399,selylu'a,sel-lu'a,lu'a,1,2
14400,selzau,sel-zau,sel,0,2
14401,selzau,sel-zau,zau,1,2
14402,selzausku,sel-zau-sku,sel,0,3
14403,selzausku,sel-zau-sku,zau,1,3
14404,selzausku,sel-zau-sku,sku,2,3
14405,selzba,sel-zba,sel,0,2
14406,selzba,sel-zba,zba,1,2
14407,selzda,sel-zda,sel,0,2
14408,selzda,sel-zda,zda,1,2
14409,selzdi,sel-zdi,sel,0,2
14410,selzdi,sel-zdi,zdi,1,2
14411,selzdigei,sel-zdi-gei,sel,0,3
14412,selzdigei,sel-zdi-gei,zdi,1,3
14413,selzdigei,sel-zdi-gei,gei,2,3
14414,selze'a,sel-ze'a,sel,0,2
14415,selze'a,sel-ze'a,ze'a,1,2
14416,selzga,sel-zga,sel,0,2
14417,selzga,sel-zga,zga,1,2
14418,selzgi,sel-zgi,sel,0,2
14419,selzgi,sel-zgi,zgi,1,2
14420,selzgigau,sel-zgi-gau,sel,0,3
14421,selzgigau,sel-zgi-gau,zgi,1,3
14422,selzgigau,sel-zgi-gau,gau,2,3
14423,selzgizu'e,sel-zgi-zu'e,sel,0,3
14424,selzgizu'e,sel-zgi-zu'e,zgi,1,3
14425,selzgizu'e,sel-zgi-zu'e,zu'e,2,3
14426,selzi'e,sel-zi'e,sel,0,2
14427,selzi'e,sel-zi'e,zi'e,1,2
14428,selzu'e,sel-zu'e,sel,0,2
14429,selzu'e,sel-zu'e,zu'e,1,2
14430,selzu'i,sel-zu'i,sel,0,2
14431,selzu'i,sel-zu'i,zu'i,1,2
14432,selzukfu'e,sel-zuk-fu'e,sel,0,3
14433,selzukfu'e,sel-zuk-fu'e,zuk,1,3
14434,selzukfu'e,sel-zuk-fu'e,fu'e,2,3
14435,selzuktro,sel-zuk-tro,sel,0,3
14436,selzuktro,sel-zuk-tro,zuk,1,3
14437,selzuktro,sel-zuk-tro,tro,2,3
14438,selzva,sel-zva,sel,0,2
14439,selzva,sel-zva,zva,1,2
14440,senkai,sen-kai,sen,0,2
14441,senkai,sen-kai,kai,1,2
14442,senkosta,sen-kosta,sen,0,2
14443,senkosta,sen-kosta,kosta,1,2
14444,senlanli,sen-lanli,sen,0,2
14445,senlanli,sen-lanli,lanli,1,2
14446,senrei,sen-rei,sen,0,2
14447,senrei,sen-rei,rei,1,2
14448,sensei,sen-sei,sen,0,2
14449,sensei,sen-sei,sei,1,2
14450,sentai,sen-tai,sen,0,2
14451,sentai,sen-tai,tai,1,2
14452,sentance,sen-tance,sen,0,2
14453,sentance,sen-tance,tance,1,2
14454,sentri,sen-tri,sen,0,2
14455,sentri,sen-tri,tri,1,2
14456,senxu'i,sen-xu'i,sen,0,2
14457,senxu'i,sen-xu'i,xu'i,1,2
14458,seicni,sei-cni,sei,0,2
14459,seicni,sei-cni,cni,1,2
14460,sezycurnu,sez-curnu,sez,0,2
14461,sezycurnu,sez-curnu,curnu,1,2
14462,sezykarni,sez-karni,sez,0,2
14463,sezykarni,sez-karni,karni,1,2
14464,sezykemxaumaupai,sez-kem-xau-mau-pai,sez,0,5
14465,sezykemxaumaupai,sez-kem-xau-mau-pai,kem,1,5
14466,sezykemxaumaupai,sez-kem-xau-mau-pai,xau,2,5
14467,sezykemxaumaupai,sez-kem-xau-mau-pai,mau,3,5
14468,sezykemxaumaupai,sez-kem-xau-mau-pai,pai,4,5
14469,sepnaisi'o,sep-nai-si'o,sep,0,3
14470,sepnaisi'o,sep-nai-si'o,nai,1,3
14471,sepnaisi'o,sep-nai-si'o,si'o,2,3
14472,sepri'a,sep-ri'a,sep,0,2
14473,sepri'a,sep-ri'a,ri'a,1,2
14474,sepsi'u,sep-si'u,sep,0,2
14475,sepsi'u,sep-si'u,si'u,1,2
14476,sepstedu,sep-stedu,sep,0,2
14477,sepstedu,sep-stedu,stedu,1,2
14478,septadji,sep-tadji,sep,0,2
14479,septadji,sep-tadji,tadji,1,2
14480,septeibre,sep-tei-bre,sep,0,3
14481,septeibre,sep-tei-bre,tei,1,3
14482,septeibre,sep-tei-bre,bre,2,3
14483,septeibro,sep-tei-bro,sep,0,3
14484,septeibro,sep-tei-bro,tei,1,3
14485,septeibro,sep-tei-bro,bro,2,3
14486,septeivri,sep-tei-vri,sep,0,3
14487,septeivri,sep-tei-vri,tei,1,3
14488,septeivri,sep-tei-vri,vri,2,3
14489,sezyxaumaupai,sez-xau-mau-pai,sez,0,4
14490,sezyxaumaupai,sez-xau-mau-pai,xau,1,4
14491,sezyxaumaupai,sez-xau-mau-pai,mau,2,4
14492,sezyxaumaupai,sez-xau-mau-pai,pai,3,4
14493,sezyxu'a,sez-xu'a,sez,0,2
14494,sezyxu'a,sez-xu'a,xu'a,1,2
14495,serboi,ser-boi,ser,0,2
14496,serboi,ser-boi,boi,1,2
14497,sergei,ser-gei,ser,0,2
14498,sergei,ser-gei,gei,1,2
14499,serlisri,ser-lisri,ser,0,2
14500,serlisri,ser-lisri,lisri,1,2
14501,serlisri,ser-lisri,ser,0,2
14502,serlisri,ser-lisri,lisri,1,2
14503,sertse,ser-tse,ser,0,2
14504,sertse,ser-tse,tse,1,2
14505,setloi,set-loi,set,0,2
14506,setloi,set-loi,loi,1,2
14507,sezbai,sez-bai,sez,0,2
14508,sezbai,sez-bai,bai,1,2
14509,sezdragau,sez-dra-gau,sez,0,3
14510,sezdragau,sez-dra-gau,dra,1,3
14511,sezdragau,sez-dra-gau,gau,2,3
14512,sezdu'a,sez-du'a,sez,0,2
14513,sezdu'a,sez-du'a,du'a,1,2
14514,sezladydu'a,sez-lad-du'a,sez,0,3
14515,sezladydu'a,sez-lad-du'a,lad,1,3
14516,sezladydu'a,sez-lad-du'a,du'a,2,3
14517,sezlu'i,sez-lu'i,sez,0,2
14518,sezlu'i,sez-lu'i,lu'i,1,2
14519,sezmi'u,sez-mi'u,sez,0,2
14520,sezmi'u,sez-mi'u,mi'u,1,2
14521,sezmitsta,sez-mit-sta,sez,0,3
14522,sezmitsta,sez-mit-sta,mit,1,3
14523,sezmitsta,sez-mit-sta,sta,2,3
14524,sezmlu,sez-mlu,sez,0,2
14525,sezmlu,sez-mlu,mlu,1,2
14526,sezmu'i,sez-mu'i,sez,0,2
14527,sezmu'i,sez-mu'i,mu'i,1,2
14528,sezmu'u,sez-mu'u,sez,0,2
14529,sezmu'u,sez-mu'u,mu'u,1,2
14530,sezmuvgau,sez-muv-gau,sez,0,3
14531,sezmuvgau,sez-muv-gau,muv,1,3
14532,sezmuvgau,sez-muv-gau,gau,2,3
14533,sezna'e,sez-na'e,sez,0,2
14534,sezna'e,sez-na'e,na'e,1,2
14535,seznei,sez-nei,sez,0,2
14536,seznei,sez-nei,nei,1,2
14537,sezri'a,sez-ri'a,sez,0,2
14538,sezri'a,sez-ri'a,ri'a,1,2
14539,sezvelmre,sez-vel-mre,sez,0,3
14540,sezvelmre,sez-vel-mre,vel,1,3
14541,sezvelmre,sez-vel-mre,mre,2,3
14542,sezycavlu'i,sez-cav-lu'i,sez,0,3
14543,sezycavlu'i,sez-cav-lu'i,cav,1,3
14544,sezycavlu'i,sez-cav-lu'i,lu'i,2,3
14545,sezycurnu,sez-curnu,sez,0,2
14546,sezycurnu,sez-curnu,curnu,1,2
14547,sezyfavda'a,sez-fav-da'a,sez,0,3
14548,sezyfavda'a,sez-fav-da'a,fav,1,3
14549,sezyfavda'a,sez-fav-da'a,da'a,2,3
14550,sezyfaxygau,sez-fax-gau,sez,0,3
14551,sezyfaxygau,sez-fax-gau,fax,1,3
14552,sezyfaxygau,sez-fax-gau,gau,2,3
14553,sezyja'o,sez-ja'o,sez,0,2
14554,sezyja'o,sez-ja'o,ja'o,1,2
14555,sezyjibri,sez-jibri,sez,0,2
14556,sezyjibri,sez-jibri,jibri,1,2
14557,sezykarni,sez-karni,sez,0,2
14558,sezykarni,sez-karni,karni,1,2
14559,sepmipri,sep-mipri,sep,0,2
14560,sepmipri,sep-mipri,mipri,1,2
14561,sezypa'i,sez-pa'i,sez,0,2
14562,sezypa'i,sez-pa'i,pa'i,1,2
14563,sezype'o,sez-pe'o,sez,0,2
14564,sezype'o,sez-pe'o,pe'o,1,2
14565,sezypevdu'a,sez-pev-du'a,sez,0,3
14566,sezypevdu'a,sez-pev-du'a,pev,1,3
14567,sezypevdu'a,sez-pev-du'a,du'a,2,3
14568,sezyselfi'i,sez-sel-fi'i,sez,0,3
14569,sezyselfi'i,sez-sel-fi'i,sel,1,3
14570,sezyselfi'i,sez-sel-fi'i,fi'i,2,3
14571,sezyta'a,sez-ta'a,sez,0,2
14572,sezyta'a,sez-ta'a,ta'a,1,2
14573,sezytcica,sez-tcica,sez,0,2
14574,sezytcica,sez-tcica,tcica,1,2
14575,sezytro,sez-tro,sez,0,2
14576,sezytro,sez-tro,tro,1,2
14577,sezyxrukla,sez-xru-kla,sez,0,3
14578,sezyxrukla,sez-xru-kla,xru,1,3
14579,sezyxrukla,sez-xru-kla,kla,2,3
14580,sezyxu'a,sez-xu'a,sez,0,2
14581,sezyxu'a,sez-xu'a,xu'a,1,2
14582,sezyzdakla,sez-zda-kla,sez,0,3
14583,sezyzdakla,sez-zda-kla,zda,1,3
14584,sezyzdakla,sez-zda-kla,kla,2,3
14585,sfacatra,sfa-catra,sfa,0,2
14586,sfacatra,sfa-catra,catra,1,2
14587,sfala'a,sfa-la'a,sfa,0,2
14588,sfala'a,sfa-la'a,la'a,1,2
14589,sfane'u,sfa-ne'u,sfa,0,2
14590,sfane'u,sfa-ne'u,ne'u,1,2
14591,sfanu'e,sfa-nu'e,sfa,0,2
14592,sfanu'e,sfa-nu'e,nu'e,1,2
14593,sfaseljerna,sfa-sel-jerna,sfa,0,3
14594,sfaseljerna,sfa-sel-jerna,sel,1,3
14595,sfaseljerna,sfa-sel-jerna,jerna,2,3
14596,sfaselnu'e,sfa-sel-nu'e,sfa,0,3
14597,sfaselnu'e,sfa-sel-nu'e,sel,1,3
14598,sfaselnu'e,sfa-sel-nu'e,nu'e,2,3
14599,sfaxla,sfa-xla,sfa,0,2
14600,sfaxla,sfa-xla,xla,1,2
14601,sfecra,sfe-cra,sfe,0,2
14602,sfecra,sfe-cra,cra,1,2
14603,sfestigau,sfe-sti-gau,sfe,0,3
14604,sfestigau,sfe-sti-gau,sti,1,3
14605,sfestigau,sfe-sti-gau,gau,2,3
14606,sfetai,sfe-tai,sfe,0,2
14607,sfetai,sfe-tai,tai,1,2
14608,si'anri'a,si'a-ri'a,si'a,0,2
14609,si'anri'a,si'a-ri'a,ri'a,1,2
14610,si'arfriti,si'a-friti,si'a,0,2
14611,si'arfriti,si'a-friti,friti,1,2
14612,si'arfriti,si'a-friti,si'a,0,2
14613,si'arfriti,si'a-friti,friti,1,2
14614,si'arki'u,si'a-ki'u,si'a,0,2
14615,si'arki'u,si'a-ki'u,ki'u,1,2
14616,si'armalsi,si'a-malsi,si'a,0,2
14617,si'armalsi,si'a-malsi,malsi,1,2
14618,si'arnuncku,si'a-nun-cku,si'a,0,3
14619,si'arnuncku,si'a-nun-cku,nun,1,3
14620,si'arnuncku,si'a-nun-cku,cku,2,3
14621,si'arnunsku,si'a-nun-sku,si'a,0,3
14622,si'arnunsku,si'a-nun-sku,nun,1,3
14623,si'arnunsku,si'a-nun-sku,sku,2,3
14624,si'arseldu'a,si'a-sel-du'a,si'a,0,3
14625,si'arseldu'a,si'a-sel-du'a,sel,1,3
14626,si'arseldu'a,si'a-sel-du'a,du'a,2,3
14627,si'asnu,si'a-snu,si'a,0,2
14628,si'asnu,si'a-snu,snu,1,2
14629,si'atru,si'a-tru,si'a,0,2
14630,si'atru,si'a-tru,tru,1,2
14631,si'erbi'e,si'e-bi'e,si'e,0,2
14632,si'erbi'e,si'e-bi'e,bi'e,1,2
14633,si'umri,si'u-mri,si'u,0,2
14634,si'umri,si'u-mri,mri,1,2
14635,sibdai,sib-dai,sib,0,2
14636,sibdai,sib-dai,dai,1,2
14637,sibdai,sib-dai,sib,0,2
14638,sibdai,sib-dai,dai,1,2
14639,siblalci'e,sib-lal-ci'e,sib,0,3
14640,siblalci'e,sib-lal-ci'e,lal,1,3
14641,siblalci'e,sib-lal-ci'e,ci'e,2,3
14642,siblanli,sib-lanli,sib,0,2
14643,siblanli,sib-lanli,lanli,1,2
14644,sibmunlanli,sib-mun-lanli,sib,0,3
14645,sibmunlanli,sib-mun-lanli,mun,1,3
14646,sibmunlanli,sib-mun-lanli,lanli,2,3
14647,sibycanja,sib-canja,sib,0,2
14648,sibycanja,sib-canja,canja,1,2
14649,sibyci'e,sib-ci'e,sib,0,2
14650,sibyci'e,sib-ci'e,ci'e,1,2
14651,sibyselkei,sib-sel-kei,sib,0,3
14652,sibyselkei,sib-sel-kei,sel,1,3
14653,sibyselkei,sib-sel-kei,kei,2,3
14654,sibyti'i,sib-ti'i,sib,0,2
14655,sibyti'i,sib-ti'i,ti'i,1,2
14656,sibyti'ismu,sib-ti'i-smu,sib,0,3
14657,sibyti'ismu,sib-ti'i-smu,ti'i,1,3
14658,sibyti'ismu,sib-ti'i-smu,smu,2,3
14659,sibyti'isni,sib-ti'i-sni,sib,0,3
14660,sibyti'isni,sib-ti'i-sni,ti'i,1,3
14661,sibyti'isni,sib-ti'i-sni,sni,2,3
14662,sicko'o,sic-ko'o,sic,0,2
14663,sicko'o,sic-ko'o,ko'o,1,2
14664,siclei,sic-lei,sic,0,2
14665,siclei,sic-lei,lei,1,2
14666,sicmla,sic-mla,sic,0,2
14667,sicmla,sic-mla,mla,1,2
14668,sicrai,sic-rai,sic,0,2
14669,sicrai,sic-rai,rai,1,2
14670,sicro'o,sic-ro'o,sic,0,2
14671,sicro'o,sic-ro'o,ro'o,1,2
14672,sincycrida,sinc-crida,sinc,0,2
14673,sincycrida,sinc-crida,crida,1,2
14674,sidmi'e,sid-mi'e,sid,0,2
14675,sidmi'e,sid-mi'e,mi'e,1,2
14676,sidmu'i,sid-mu'i,sid,0,2
14677,sidmu'i,sid-mu'i,mu'i,1,2
14678,djunoi,dju-noi,dju,0,2
14679,djunoi,dju-noi,noi,1,2
14680,sidycaita'a,sid-cai-ta'a,sid,0,3
14681,sidycaita'a,sid-cai-ta'a,cai,1,3
14682,sidycaita'a,sid-cai-ta'a,ta'a,2,3
14683,sidydatni,sid-datni,sid,0,2
14684,sidydatni,sid-datni,datni,1,2
14685,sidyflagau,sid-fla-gau,sid,0,3
14686,sidyflagau,sid-fla-gau,fla,1,3
14687,sidyflagau,sid-fla-gau,gau,2,3
14688,sigdamva'u,sig-dam-va'u,sig,0,3
14689,sigdamva'u,sig-dam-va'u,dam,1,3
14690,sigdamva'u,sig-dam-va'u,va'u,2,3
14691,sigdanmo,sig-danmo,sig,0,2
14692,sigdanmo,sig-danmo,danmo,1,2
14693,sigva'u,sig-va'u,sig,0,2
14694,sigva'u,sig-va'u,va'u,1,2
14695,sigycko,sig-cko,sig,0,2
14696,sigycko,sig-cko,cko,1,2
14697,sigycma,sig-cma,sig,0,2
14698,sigycma,sig-cma,cma,1,2
14699,sigyfespalta,sig-fes-palta,sig,0,3
14700,sigyfespalta,sig-fes-palta,fes,1,3
14701,sigyfespalta,sig-fes-palta,palta,2,3
14702,sigyfesyvau,sig-fes-vau,sig,0,3
14703,sigyfesyvau,sig-fes-vau,fes,1,3
14704,sigyfesyvau,sig-fes-vau,vau,2,3
14705,sigypli,sig-pli,sig,0,2
14706,sigypli,sig-pli,pli,1,2
14707,sigysakci,sig-sakci,sig,0,2
14708,sigysakci,sig-sakci,sakci,1,2
14709,sigysakygau,sig-sak-gau,sig,0,3
14710,sigysakygau,sig-sak-gau,sak,1,3
14711,sigysakygau,sig-sak-gau,gau,2,3
14712,sijykla,sij-kla,sij,0,2
14713,sijykla,sij-kla,kla,1,2
14714,sikcurnu,sik-curnu,sik,0,2
14715,sikcurnu,sik-curnu,curnu,1,2
14716,silca'a,sil-ca'a,sil,0,2
14717,silca'a,sil-ca'a,ca'a,1,2
14718,silca'a,sil-ca'a,sil,0,2
14719,silca'a,sil-ca'a,ca'a,1,2
14720,silcko,sil-cko,sil,0,2
14721,silcko,sil-cko,cko,1,2
14722,silgei,sil-gei,sil,0,2
14723,silgei,sil-gei,gei,1,2
14724,silnyla'u,siln-la'u,siln,0,2
14725,silnyla'u,siln-la'u,la'u,1,2
14726,silto'a,sil-to'a,sil,0,2
14727,silto'a,sil-to'a,to'a,1,2
14728,simbasti,sim-basti,sim,0,2
14729,simbasti,sim-basti,basti,1,2
14730,simcabna,sim-cabna,sim,0,2
14731,simcabna,sim-cabna,cabna,1,2
14732,simcatra,sim-catra,sim,0,2
14733,simcatra,sim-catra,catra,1,2
14734,simci'o,sim-ci'o,sim,0,2
14735,simci'o,sim-ci'o,ci'o,1,2
14736,simda'a,sim-da'a,sim,0,2
14737,simda'a,sim-da'a,da'a,1,2
14738,simda'i,sim-da'i,sim,0,2
14739,simda'i,sim-da'i,da'i,1,2
14740,simda'o,sim-da'o,sim,0,2
14741,simda'o,sim-da'o,da'o,1,2
14742,simdau,sim-dau,sim,0,2
14743,simdau,sim-dau,dau,1,2
14744,simdu'i,sim-du'i,sim,0,2
14745,simdu'i,sim-du'i,du'i,1,2
14746,simdukti,sim-dukti,sim,0,2
14747,simdukti,sim-dukti,dukti,1,2
14748,simfra,sim-fra,sim,0,2
14749,simfra,sim-fra,fra,1,2
14750,simfrica,sim-frica,sim,0,2
14751,simfrica,sim-frica,frica,1,2
14752,simganzu,sim-ganzu,sim,0,2
14753,simganzu,sim-ganzu,ganzu,1,2
14754,simgle,sim-gle,sim,0,2
14755,simgle,sim-gle,gle,1,2
14756,simjanli,sim-janli,sim,0,2
14757,simjanli,sim-janli,janli,1,2
14758,simjikca,sim-jikca,sim,0,2
14759,simjikca,sim-jikca,jikca,1,2
14760,simjikydu'i,sim-jik-du'i,sim,0,3
14761,simjikydu'i,sim-jik-du'i,jik,1,3
14762,simjikydu'i,sim-jik-du'i,du'i,2,3
14763,simjmi,sim-jmi,sim,0,2
14764,simjmi,sim-jmi,jmi,1,2
14765,simjo'e,sim-jo'e,sim,0,2
14766,simjo'e,sim-jo'e,jo'e,1,2
14767,simju'o,sim-ju'o,sim,0,2
14768,simju'o,sim-ju'o,ju'o,1,2
14769,simjvi,sim-jvi,sim,0,2
14770,simjvi,sim-jvi,jvi,1,2
14771,simkansa,sim-kansa,sim,0,2
14772,simkansa,sim-kansa,kansa,1,2
14773,simkla,sim-kla,sim,0,2
14774,simkla,sim-kla,kla,1,2
14775,simkruca,sim-kruca,sim,0,2
14776,simkruca,sim-kruca,kruca,1,2
14777,simla'i,sim-la'i,sim,0,2
14778,simla'i,sim-la'i,la'i,1,2
14779,simlanxe,sim-lanxe,sim,0,2
14780,simlanxe,sim-lanxe,lanxe,1,2
14781,simlivbai,sim-liv-bai,sim,0,3
14782,simlivbai,sim-liv-bai,liv,1,3
14783,simlivbai,sim-liv-bai,bai,2,3
14784,simlivbaigau,sim-liv-bai-gau,sim,0,4
14785,simlivbaigau,sim-liv-bai-gau,liv,1,4
14786,simlivbaigau,sim-liv-bai-gau,bai,2,4
14787,simlivbaigau,sim-liv-bai-gau,gau,3,4
14788,simlu'a,sim-lu'a,sim,0,2
14789,simlu'a,sim-lu'a,lu'a,1,2
14790,simnalmapti,sim-nal-mapti,sim,0,3
14791,simnalmapti,sim-nal-mapti,nal,1,3
14792,simnalmapti,sim-nal-mapti,mapti,2,3
14793,simnei,sim-nei,sim,0,2
14794,simnei,sim-nei,nei,1,2
14795,simpanpi,sim-panpi,sim,0,2
14796,simpanpi,sim-panpi,panpi,1,2
14797,simpanra,sim-panra,sim,0,2
14798,simpanra,sim-panra,panra,1,2
14799,simpe'i,sim-pe'i,sim,0,2
14800,simpe'i,sim-pe'i,pe'i,1,2
14801,simpe'o,sim-pe'o,sim,0,2
14802,simpe'o,sim-pe'o,pe'o,1,2
14803,simpla,sim-pla,sim,0,2
14804,simpla,sim-pla,pla,1,2
14805,simpli,sim-pli,sim,0,2
14806,simpli,sim-pli,pli,1,2
14807,simplo,sim-plo,sim,0,2
14808,simplo,sim-plo,plo,1,2
14809,simpro,sim-pro,sim,0,2
14810,simpro,sim-pro,pro,1,2
14811,simsei,sim-sei,sim,0,2
14812,simsei,sim-sei,sei,1,2
14813,simsku,sim-sku,sim,0,2
14814,simsku,sim-sku,sku,1,2
14815,simsmi,sim-smi,sim,0,2
14816,simsmi,sim-smi,smi,1,2
14817,simspesarxe,sim-spe-sarxe,sim,0,3
14818,simspesarxe,sim-spe-sarxe,spe,1,3
14819,simspesarxe,sim-spe-sarxe,sarxe,2,3
14820,simsra,sim-sra,sim,0,2
14821,simsra,sim-sra,sra,1,2
14822,simta'a,sim-ta'a,sim,0,2
14823,simta'a,sim-ta'a,ta'a,1,2
14824,simtipyda'a,sim-tip-da'a,sim,0,3
14825,simtipyda'a,sim-tip-da'a,tip,1,3
14826,simtipyda'a,sim-tip-da'a,da'a,2,3
14827,simtu'i,sim-tu'i,sim,0,2
14828,simtu'i,sim-tu'i,tu'i,1,2
14829,simxa'e,sim-xa'e,sim,0,2
14830,simxa'e,sim-xa'e,xa'e,1,2
14831,simxanja'i,sim-xan-ja'i,sim,0,3
14832,simxanja'i,sim-xan-ja'i,xan,1,3
14833,simxanja'i,sim-xan-ja'i,ja'i,2,3
14834,simxe'o,sim-xe'o,sim,0,2
14835,simxe'o,sim-xe'o,xe'o,1,2
14836,simxlajmi,sim-xla-jmi,sim,0,3
14837,simxlajmi,sim-xla-jmi,xla,1,3
14838,simxlajmi,sim-xla-jmi,jmi,2,3
14839,simymapti,sim-mapti,sim,0,2
14840,simymapti,sim-mapti,mapti,1,2
14841,simymi'u,sim-mi'u,sim,0,2
14842,simymi'u,sim-mi'u,mi'u,1,2
14843,simyzva,sim-zva,sim,0,2
14844,simyzva,sim-zva,zva,1,2
14845,sincei,sin-cei,sin,0,2
14846,sincei,sin-cei,cei,1,2
14847,sincycrida,sinc-crida,sinc,0,2
14848,sincycrida,sinc-crida,crida,1,2
14849,sincydzu,sinc-dzu,sinc,0,2
14850,sincydzu,sinc-dzu,dzu,1,2
14851,sincytairi'e,sinc-tai-ri'e,sinc,0,3
14852,sincytairi'e,sinc-tai-ri'e,tai,1,3
14853,sincytairi'e,sinc-tai-ri'e,ri'e,2,3
14854,sinple,sin-ple,sin,0,2
14855,sinple,sin-ple,ple,1,2
14856,sinsle,sin-sle,sin,0,2
14857,sinsle,sin-sle,sle,1,2
14858,sinti'a,sin-ti'a,sin,0,2
14859,sinti'a,sin-ti'a,ti'a,1,2
14860,sipcau,sip-cau,sip,0,2
14861,sipcau,sip-cau,cau,1,2
14862,sipfri,sip-fri,sip,0,2
14863,sipfri,sip-fri,fri,1,2
14864,sipku'a,sip-ku'a,sip,0,2
14865,sipku'a,sip-ku'a,ku'a,1,2
14866,sipmau,sip-mau,sip,0,2
14867,sipmau,sip-mau,mau,1,2
14868,sipsavgau,sip-sav-gau,sip,0,3
14869,sipsavgau,sip-sav-gau,sav,1,3
14870,sipsavgau,sip-sav-gau,gau,2,3
14871,sipsavri'a,sip-sav-ri'a,sip,0,3
14872,sipsavri'a,sip-sav-ri'a,sav,1,3
14873,sipsavri'a,sip-sav-ri'a,ri'a,2,3
14874,sipstu,sip-stu,sip,0,2
14875,sipstu,sip-stu,stu,1,2
14876,sipta'u,sip-ta'u,sip,0,2
14877,sipta'u,sip-ta'u,ta'u,1,2
14878,sipybi'o,sip-bi'o,sip,0,2
14879,sipybi'o,sip-bi'o,bi'o,1,2
14880,sipydakli,sip-dakli,sip,0,2
14881,sipydakli,sip-dakli,dakli,1,2
14882,sipydji,sip-dji,sip,0,2
14883,sipydji,sip-dji,dji,1,2
14884,sipygau,sip-gau,sip,0,2
14885,sipygau,sip-gau,gau,1,2
14886,sipyvru,sip-vru,sip,0,2
14887,sipyvru,sip-vru,vru,1,2
14888,sirdja,sir-dja,sir,0,2
14889,sirdja,sir-dja,dja,1,2
14890,sirli'i,sir-li'i,sir,0,2
14891,sirli'i,sir-li'i,li'i,1,2
14892,sislunra,sis-lunra,sis,0,2
14893,sislunra,sis-lunra,lunra,1,2
14894,stimo'i,sti-mo'i,sti,0,2
14895,stimo'i,sti-mo'i,mo'i,1,2
14896,sistadni,sis-tadni,sis,0,2
14897,sistadni,sis-tadni,tadni,1,2
14898,sisycta,sis-cta,sis,0,2
14899,sisycta,sis-cta,cta,1,2
14900,sisygau,sis-gau,sis,0,2
14901,sisygau,sis-gau,gau,1,2
14902,sitroi,sit-roi,sit,0,2
14903,sitroi,sit-roi,roi,1,2
14904,sivju'o,siv-ju'o,siv,0,2
14905,sivju'o,siv-ju'o,ju'o,1,2
14906,sivycni,siv-cni,siv,0,2
14907,sivycni,siv-cni,cni,1,2
14908,sivycni,siv-cni,siv,0,2
14909,sivycni,siv-cni,cni,1,2
14910,sizbroda,siz-broda,siz,0,2
14911,sizbroda,siz-broda,broda,1,2
14912,sizdji,siz-dji,siz,0,2
14913,sizdji,siz-dji,dji,1,2
14914,sizyfri,siz-fri,siz,0,2
14915,sizyfri,siz-fri,fri,1,2
14916,sizyselfre,siz-sel-fre,siz,0,3
14917,sizyselfre,siz-sel-fre,sel,1,3
14918,sizyselfre,siz-sel-fre,fre,2,3
14919,sizytcu,siz-tcu,siz,0,2
14920,sizytcu,siz-tcu,tcu,1,2
14921,sizyvi'a,siz-vi'a,siz,0,2
14922,sizyvi'a,siz-vi'a,vi'a,1,2
14923,sizyzei,siz-zei,siz,0,2
14924,sizyzei,siz-zei,zei,1,2
14925,skacau,ska-cau,ska,0,2
14926,skacau,ska-cau,cau,1,2
14927,skacfu,ska-cfu,ska,0,2
14928,skacfu,ska-cfu,cfu,1,2
14929,skadji,ska-dji,ska,0,2
14930,skadji,ska-dji,dji,1,2
14931,skafi'e,ska-fi'e,ska,0,2
14932,skafi'e,ska-fi'e,fi'e,1,2
14933,skagau,ska-gau,ska,0,2
14934,skagau,ska-gau,gau,1,2
14935,skaski,ska-ski,ska,0,2
14936,skaski,ska-ski,ski,1,2
14937,skavrici,ska-vrici,ska,0,2
14938,skavrici,ska-vrici,vrici,1,2
14939,skebailai,ske-bai-lai,ske,0,3
14940,skebailai,ske-bai-lai,bai,1,3
14941,skebailai,ske-bai-lai,lai,2,3
14942,skebarja,ske-barja,ske,0,2
14943,skebarja,ske-barja,barja,1,2
14944,skebi'o,ske-bi'o,ske,0,2
14945,skebi'o,ske-bi'o,bi'o,1,2
14946,skefi'a,ske-fi'a,ske,0,2
14947,skefi'a,ske-fi'a,fi'a,1,2
14948,skecipselsmadi,ske-cip-sel-smadi,ske,0,4
14949,skecipselsmadi,ske-cip-sel-smadi,cip,1,4
14950,skecipselsmadi,ske-cip-sel-smadi,sel,2,4
14951,skecipselsmadi,ske-cip-sel-smadi,smadi,3,4
14952,skecipsmadi,ske-cip-smadi,ske,0,3
14953,skecipsmadi,ske-cip-smadi,cip,1,3
14954,skecipsmadi,ske-cip-smadi,smadi,2,3
14955,skeclicku,ske-cli-cku,ske,0,3
14956,skeclicku,ske-cli-cku,cli,1,3
14957,skeclicku,ske-cli-cku,cku,2,3
14958,skefa'i,ske-fa'i,ske,0,2
14959,skefa'i,ske-fa'i,fa'i,1,2
14960,skefa'izda,ske-fa'i-zda,ske,0,3
14961,skefa'izda,ske-fa'i-zda,fa'i,1,3
14962,skefa'izda,ske-fa'i-zda,zda,2,3
14963,skefatci,ske-fatci,ske,0,2
14964,skefatci,ske-fatci,fatci,1,2
14965,skefi'a,ske-fi'a,ske,0,2
14966,skefi'a,ske-fi'a,fi'a,1,2
14967,skegu'a,ske-gu'a,ske,0,2
14968,skegu'a,ske-gu'a,gu'a,1,2
14969,skepre,ske-pre,ske,0,2
14970,skepre,ske-pre,pre,1,2
14971,skero'a,ske-ro'a,ske,0,2
14972,skero'a,ske-ro'a,ro'a,1,2
14973,skesatci,ske-satci,ske,0,2
14974,skesatci,ske-satci,satci,1,2
14975,skesnu,ske-snu,ske,0,2
14976,skesnu,ske-snu,snu,1,2
14977,skevla,ske-vla,ske,0,2
14978,skevla,ske-vla,vla,1,2
14979,skevlaste,ske-vla-ste,ske,0,3
14980,skevlaste,ske-vla-ste,vla,1,3
14981,skevlaste,ske-vla-ste,ste,2,3
14982,daskybau,dask-bau,dask,0,2
14983,daskybau,dask-bau,bau,1,2
14984,skicki,ski-cki,ski,0,2
14985,skicki,ski-cki,cki,1,2
14986,skicmu,ski-cmu,ski,0,2
14987,skicmu,ski-cmu,cmu,1,2
14988,skiro'a,ski-ro'a,ski,0,2
14989,skiro'a,ski-ro'a,ro'a,1,2
14990,skiselsku,ski-sel-sku,ski,0,3
14991,skiselsku,ski-sel-sku,sel,1,3
14992,skiselsku,ski-sel-sku,sku,2,3
14993,skiske,ski-ske,ski,0,2
14994,skiske,ski-ske,ske,1,2
14995,skisku,ski-sku,ski,0,2
14996,skisku,ski-sku,sku,1,2
14997,skoclupa,sko-clupa,sko,0,2
14998,skoclupa,sko-clupa,clupa,1,2
14999,skoda'i,sko-da'i,sko,0,2
15000,skoda'i,sko-da'i,da'i,1,2
15001,skola'a,sko-la'a,sko,0,2
15002,skola'a,sko-la'a,la'a,1,2
15003,skora'e,sko-ra'e,sko,0,2
15004,skora'e,sko-ra'e,ra'e,1,2
15005,skosra,sko-sra,sko,0,2
15006,skosra,sko-sra,sra,1,2
15007,skovrede'a,sko-vre-de'a,sko,0,3
15008,skovrede'a,sko-vre-de'a,vre,1,3
15009,skovrede'a,sko-vre-de'a,de'a,2,3
15010,skucau,sku-cau,sku,0,2
15011,skucau,sku-cau,cau,1,2
15012,skuci'a,sku-ci'a,sku,0,2
15013,skuci'a,sku-ci'a,ci'a,1,2
15014,skudji,sku-dji,sku,0,2
15015,skudji,sku-dji,dji,1,2
15016,skudu'a,sku-du'a,sku,0,2
15017,skudu'a,sku-du'a,du'a,1,2
15018,skuja'o,sku-ja'o,sku,0,2
15019,skuja'o,sku-ja'o,ja'o,1,2
15020,skuji'i,sku-ji'i,sku,0,2
15021,skuji'i,sku-ji'i,ji'i,1,2
15022,skupli,sku-pli,sku,0,2
15023,skupli,sku-pli,pli,1,2
15024,skuski,sku-ski,sku,0,2
15025,skuski,sku-ski,ski,1,2
15026,skutadji,sku-tadji,sku,0,2
15027,skutadji,sku-tadji,tadji,1,2
15028,skutai,sku-tai,sku,0,2
15029,skutai,sku-tai,tai,1,2
15030,skuto'i,sku-to'i,sku,0,2
15031,skuto'i,sku-to'i,to'i,1,2
15032,skutolcru,sku-tol-cru,sku,0,3
15033,skutolcru,sku-tol-cru,tol,1,3
15034,skutolcru,sku-tol-cru,cru,2,3
15035,skuzau,sku-zau,sku,0,2
15036,skuzau,sku-zau,zau,1,2
15037,slacfagau,sla-cfa-gau,sla,0,3
15038,slacfagau,sla-cfa-gau,cfa,1,3
15039,slacfagau,sla-cfa-gau,gau,2,3
15040,saurcitcu'e,sau-cit-cu'e,sau,0,3
15041,saurcitcu'e,sau-cit-cu'e,cit,1,3
15042,saurcitcu'e,sau-cit-cu'e,cu'e,2,3
15043,slacitsi,sla-citsi,sla,0,2
15044,slacitsi,sla-citsi,citsi,1,2
15045,slacti,sla-cti,sla,0,2
15046,slacti,sla-cti,cti,1,2
15047,saurdai,sau-dai,sau,0,2
15048,saurdai,sau-dai,dai,1,2
15049,sladei,sla-dei,sla,0,2
15050,sladei,sla-dei,dei,1,2
15051,saurdi'e,sau-di'e,sau,0,2
15052,saurdi'e,sau-di'e,di'e,1,2
15053,slagei,sla-gei,sla,0,2
15054,slagei,sla-gei,gei,1,2
15055,slagle,sla-gle,sla,0,2
15056,slagle,sla-gle,gle,1,2
15057,saurmidju,sau-midju,sau,0,2
15058,saurmidju,sau-midju,midju,1,2
15059,slapemci,sla-pemci,sla,0,2
15060,slapemci,sla-pemci,pemci,1,2
15061,slasa'a,sla-sa'a,sla,0,2
15062,slasa'a,sla-sa'a,sa'a,1,2
15063,slaslo,sla-slo,sla,0,2
15064,slaslo,sla-slo,slo,1,2
15065,saursutsabdja,sau-sut-sab-dja,sau,0,4
15066,saursutsabdja,sau-sut-sab-dja,sut,1,4
15067,saursutsabdja,sau-sut-sab-dja,sab,2,4
15068,saursutsabdja,sau-sut-sab-dja,dja,3,4
15069,slatei,sla-tei,sla,0,2
15070,slatei,sla-tei,tei,1,2
15071,slavonska,sla-von-ska,sla,0,3
15072,slavonska,sla-von-ska,von,1,3
15073,slavonska,sla-von-ska,ska,2,3
15074,slecna,sle-cna,sle,0,2
15075,slecna,sle-cna,cna,1,2
15076,se'ufli,se'u-fli,se'u,0,2
15077,se'ufli,se'u-fli,fli,1,2
15078,slema'o,sle-ma'o,sle,0,2
15079,slema'o,sle-ma'o,ma'o,1,2
15080,sefsa'a,sef-sa'a,sef,0,2
15081,sefsa'a,sef-sa'a,sa'a,1,2
15082,slidegyfa'a,sli-deg-fa'a,sli,0,3
15083,slidegyfa'a,sli-deg-fa'a,deg,1,3
15084,slidegyfa'a,sli-deg-fa'a,fa'a,2,3
15085,slidesku,sli-desku,sli,0,2
15086,slidesku,sli-desku,desku,1,2
15087,sligau,sli-gau,sli,0,2
15088,sligau,sli-gau,gau,1,2
15089,sliglekambo'e,sli-gle-kam-bo'e,sli,0,4
15090,sliglekambo'e,sli-gle-kam-bo'e,gle,1,4
15091,sliglekambo'e,sli-gle-kam-bo'e,kam,2,4
15092,sliglekambo'e,sli-gle-kam-bo'e,bo'e,3,4
15093,slinunmu'u,sli-nun-mu'u,sli,0,3
15094,slinunmu'u,sli-nun-mu'u,nun,1,3
15095,slinunmu'u,sli-nun-mu'u,mu'u,2,3
15096,sliri'a,sli-ri'a,sli,0,2
15097,sliri'a,sli-ri'a,ri'a,1,2
15098,slisko,sli-sko,sli,0,2
15099,slisko,sli-sko,sko,1,2
15100,slivo'a,sli-vo'a,sli,0,2
15101,slivo'a,sli-vo'a,vo'a,1,2
15102,slivro,sli-vro,sli,0,2
15103,slivro,sli-vro,vro,1,2
15104,slojolri'o,slo-jol-ri'o,slo,0,3
15105,slojolri'o,slo-jol-ri'o,jol,1,3
15106,slojolri'o,slo-jol-ri'o,ri'o,2,3
15107,slokre,slo-kre,slo,0,2
15108,slokre,slo-kre,kre,1,2
15109,sloska,slo-ska,slo,0,2
15110,sloska,slo-ska,ska,1,2
15111,sludemcro,slu-dem-cro,slu,0,3
15112,sludemcro,slu-dem-cro,dem,1,3
15113,sludemcro,slu-dem-cro,cro,2,3
15114,slugu'a,slu-gu'a,slu,0,2
15115,slugu'a,slu-gu'a,gu'a,1,2
15116,slukemcakfi'e,slu-kem-cak-fi'e,slu,0,4
15117,slukemcakfi'e,slu-kem-cak-fi'e,kem,1,4
15118,slukemcakfi'e,slu-kem-cak-fi'e,cak,2,4
15119,slukemcakfi'e,slu-kem-cak-fi'e,fi'e,3,4
15120,slukemcakyda'u,slu-kem-cak-da'u,slu,0,4
15121,slukemcakyda'u,slu-kem-cak-da'u,kem,1,4
15122,slukemcakyda'u,slu-kem-cak-da'u,cak,2,4
15123,slukemcakyda'u,slu-kem-cak-da'u,da'u,3,4
15124,slunybracange,slun-bra-cange,slun,0,3
15125,slunybracange,slun-bra-cange,bra,1,3
15126,slunybracange,slun-bra-cange,cange,2,3
15127,sluseltro,slu-sel-tro,slu,0,3
15128,sluseltro,slu-sel-tro,sel,1,3
15129,sluseltro,slu-sel-tro,tro,2,3
15130,slutro,slu-tro,slu,0,2
15131,slutro,slu-tro,tro,1,2
15132,smaba'u,sma-ba'u,sma,0,2
15133,smaba'u,sma-ba'u,ba'u,1,2
15134,smabi'o,sma-bi'o,sma,0,2
15135,smabi'o,sma-bi'o,bi'o,1,2
15136,smaca'a,sma-ca'a,sma,0,2
15137,smaca'a,sma-ca'a,ca'a,1,2
15138,smabru,sma-bru,sma,0,2
15139,smabru,sma-bru,bru,1,2
15140,smaca'a,sma-ca'a,sma,0,2
15141,smaca'a,sma-ca'a,ca'a,1,2
15142,smacni,sma-cni,sma,0,2
15143,smacni,sma-cni,cni,1,2
15144,smacni,sma-cni,sma,0,2
15145,smacni,sma-cni,cni,1,2
15146,smacpi,sma-cpi,sma,0,2
15147,smacpi,sma-cpi,cpi,1,2
15148,smaba'u,sma-ba'u,sma,0,2
15149,smaba'u,sma-ba'u,ba'u,1,2
15150,smacysmi,smac-smi,smac,0,2
15151,smacysmi,smac-smi,smi,1,2
15152,smadyri'a,smad-ri'a,smad,0,2
15153,smadyri'a,smad-ri'a,ri'a,1,2
15154,smagai,sma-gai,sma,0,2
15155,smagai,sma-gai,gai,1,2
15156,smagau,sma-gau,sma,0,2
15157,smagau,sma-gau,gau,1,2
15158,smajibri,sma-jibri,sma,0,2
15159,smajibri,sma-jibri,jibri,1,2
15160,smajmavra,sma-jma-vra,sma,0,3
15161,smajmavra,sma-jma-vra,jma,1,3
15162,smajmavra,sma-jma-vra,vra,2,3
15163,smajo'ukemvizyzva,sma-jo'u-kem-viz-zva,sma,0,5
15164,smajo'ukemvizyzva,sma-jo'u-kem-viz-zva,jo'u,1,5
15165,smajo'ukemvizyzva,sma-jo'u-kem-viz-zva,kem,2,5
15166,smajo'ukemvizyzva,sma-jo'u-kem-viz-zva,viz,3,5
15167,smajo'ukemvizyzva,sma-jo'u-kem-viz-zva,zva,4,5
15168,smajo'uvizyzva,sma-jo'u-viz-zva,sma,0,4
15169,smajo'uvizyzva,sma-jo'u-viz-zva,jo'u,1,4
15170,smajo'uvizyzva,sma-jo'u-viz-zva,viz,2,4
15171,smajo'uvizyzva,sma-jo'u-viz-zva,zva,3,4
15172,smakai,sma-kai,sma,0,2
15173,smakai,sma-kai,kai,1,2
15174,smakla,sma-kla,sma,0,2
15175,smakla,sma-kla,kla,1,2
15176,smanerkla,sma-ner-kla,sma,0,3
15177,smanerkla,sma-ner-kla,ner,1,3
15178,smanerkla,sma-ner-kla,kla,2,3
15179,smanykemkalgai,sman-kem-kal-gai,sman,0,4
15180,smanykemkalgai,sman-kem-kal-gai,kem,1,4
15181,smanykemkalgai,sman-kem-kal-gai,kal,2,4
15182,smanykemkalgai,sman-kem-kal-gai,gai,3,4
15183,smaractce,sma-rac-tce,sma,0,3
15184,smaractce,sma-rac-tce,rac,1,3
15185,smaractce,sma-rac-tce,tce,2,3
15186,smatsa,sma-tsa,sma,0,2
15187,smatsa,sma-tsa,tsa,1,2
15188,smicti,smi-cti,smi,0,2
15189,smicti,smi-cti,cti,1,2
15190,smigau,smi-gau,smi,0,2
15191,smigau,smi-gau,gau,1,2
15192,smimau,smi-mau,smi,0,2
15193,smimau,smi-mau,mau,1,2
15194,smimlu,smi-mlu,smi,0,2
15195,smimlu,smi-mlu,mlu,1,2
15196,smirai,smi-rai,smi,0,2
15197,smirai,smi-rai,rai,1,2
15198,smisi'u,smi-si'u,smi,0,2
15199,smisi'u,smi-si'u,si'u,1,2
15200,smisku,smi-sku,smi,0,2
15201,smisku,smi-sku,sku,1,2
15202,smismu,smi-smu,smi,0,2
15203,smismu,smi-smu,smu,1,2
15204,smisni,smi-sni,smi,0,2
15205,smisni,smi-sni,sni,1,2
15206,smitra,smi-tra,smi,0,2
15207,smitra,smi-tra,tra,1,2
15208,smizu'e,smi-zu'e,smi,0,2
15209,smizu'e,smi-zu'e,zu'e,1,2
15210,smubancu,smu-bancu,smu,0,2
15211,smubancu,smu-bancu,bancu,1,2
15212,smucau,smu-cau,smu,0,2
15213,smucau,smu-cau,cau,1,2
15214,smucaulanci,smu-cau-lanci,smu,0,3
15215,smucaulanci,smu-cau-lanci,cau,1,3
15216,smucaulanci,smu-cau-lanci,lanci,2,3
15217,smucmi,smu-cmi,smu,0,2
15218,smucmi,smu-cmi,cmi,1,2
15219,smucne,smu-cne,smu,0,2
15220,smucne,smu-cne,cne,1,2
15221,smudji,smu-dji,smu,0,2
15222,smudji,smu-dji,dji,1,2
15223,smudu'a,smu-du'a,smu,0,2
15224,smudu'a,smu-du'a,du'a,1,2
15225,smudu'i,smu-du'i,smu,0,2
15226,smudu'i,smu-du'i,du'i,1,2
15227,smuge'a,smu-ge'a,smu,0,2
15228,smuge'a,smu-ge'a,ge'a,1,2
15229,smujmi,smu-jmi,smu,0,2
15230,smujmi,smu-jmi,jmi,1,2
15231,smuju'o,smu-ju'o,smu,0,2
15232,smuju'o,smu-ju'o,ju'o,1,2
15233,smulei,smu-lei,smu,0,2
15234,smulei,smu-lei,lei,1,2
15235,smumi'u,smu-mi'u,smu,0,2
15236,smumi'u,smu-mi'u,mi'u,1,2
15237,smupai,smu-pai,smu,0,2
15238,smupai,smu-pai,pai,1,2
15239,smusatci,smu-satci,smu,0,2
15240,smusatci,smu-satci,satci,1,2
15241,smuselga'i,smu-sel-ga'i,smu,0,3
15242,smuselga'i,smu-sel-ga'i,sel,1,3
15243,smuselga'i,smu-sel-ga'i,ga'i,2,3
15244,smusi'u,smu-si'u,smu,0,2
15245,smusi'u,smu-si'u,si'u,1,2
15246,smuske,smu-ske,smu,0,2
15247,smuske,smu-ske,ske,1,2
15248,smusmi,smu-smi,smu,0,2
15249,smusmi,smu-smi,smi,1,2
15250,smutru,smu-tru,smu,0,2
15251,smutru,smu-tru,tru,1,2
15252,smuvla,smu-vla,smu,0,2
15253,smuvla,smu-vla,vla,1,2
15254,snacau,sna-cau,sna,0,2
15255,snacau,sna-cau,cau,1,2
15256,sa'icfa,sa'i-cfa,sa'i,0,2
15257,sa'icfa,sa'i-cfa,cfa,1,2
15258,snactu,sna-ctu,sna,0,2
15259,snactu,sna-ctu,ctu,1,2
15260,snaga'e,sna-ga'e,sna,0,2
15261,snaga'e,sna-ga'e,ga'e,1,2
15262,snajalra,sna-jalra,sna,0,2
15263,snajalra,sna-jalra,jalra,1,2
15264,snajgita,sna-jgita,sna,0,2
15265,snajgita,sna-jgita,jgita,1,2
15266,sa'irji'e,sa'i-ji'e,sa'i,0,2
15267,sa'irji'e,sa'i-ji'e,ji'e,1,2
15268,snakamju,sna-kamju,sna,0,2
15269,snakamju,sna-kamju,kamju,1,2
15270,snapurdi,sna-purdi,sna,0,2
15271,snapurdi,sna-purdi,purdi,1,2
15272,snarau,sna-rau,sna,0,2
15273,snarau,sna-rau,rau,1,2
15274,snaselminra,sna-sel-minra,sna,0,3
15275,snaselminra,sna-sel-minra,sel,1,3
15276,snaselminra,sna-sel-minra,minra,2,3
15277,snaselmirgau,sna-sel-mir-gau,sna,0,4
15278,snaselmirgau,sna-sel-mir-gau,sel,1,4
15279,snaselmirgau,sna-sel-mir-gau,mir,2,4
15280,snaselmirgau,sna-sel-mir-gau,gau,3,4
15281,snaselmiryri'a,sna-sel-mir-ri'a,sna,0,4
15282,snaselmiryri'a,sna-sel-mir-ri'a,sel,1,4
15283,snaselmiryri'a,sna-sel-mir-ri'a,mir,2,4
15284,snaselmiryri'a,sna-sel-mir-ri'a,ri'a,3,4
15285,snasmisi'u,sna-smi-si'u,sna,0,3
15286,snasmisi'u,sna-smi-si'u,smi,1,3
15287,snasmisi'u,sna-smi-si'u,si'u,2,3
15288,snatai,sna-tai,sna,0,2
15289,snatai,sna-tai,tai,1,2
15290,snavei,sna-vei,sna,0,2
15291,snavei,sna-vei,vei,1,2
15292,snavelminra,sna-vel-minra,sna,0,3
15293,snavelminra,sna-vel-minra,vel,1,3
15294,snavelminra,sna-vel-minra,minra,2,3
15295,snaze'a,sna-ze'a,sna,0,2
15296,snaze'a,sna-ze'a,ze'a,1,2
15297,snebaigau,sne-bai-gau,sne,0,3
15298,snebaigau,sne-bai-gau,bai,1,3
15299,snebaigau,sne-bai-gau,gau,2,3
15300,snecau,sne-cau,sne,0,2
15301,snecau,sne-cau,cau,1,2
15302,snecurnu,sne-curnu,sne,0,2
15303,snecurnu,sne-curnu,curnu,1,2
15304,snedanmo,sne-danmo,sne,0,2
15305,snedanmo,sne-danmo,danmo,1,2
15306,snedrari'a,sne-dra-ri'a,sne,0,3
15307,snedrari'a,sne-dra-ri'a,dra,1,3
15308,snedrari'a,sne-dra-ri'a,ri'a,2,3
15309,snedza,sne-dza,sne,0,2
15310,snedza,sne-dza,dza,1,2
15311,snefri,sne-fri,sne,0,2
15312,snefri,sne-fri,fri,1,2
15313,sneke'u,sne-ke'u,sne,0,2
15314,sneke'u,sne-ke'u,ke'u,1,2
15315,snelanli,sne-lanli,sne,0,2
15316,snelanli,sne-lanli,lanli,1,2
15317,snera'a,sne-ra'a,sne,0,2
15318,snera'a,sne-ra'a,ra'a,1,2
15319,snesanji,sne-sanji,sne,0,2
15320,snesanji,sne-sanji,sanji,1,2
15321,snesna,sne-sna,sne,0,2
15322,snesna,sne-sna,sna,1,2
15323,snetcica,sne-tcica,sne,0,2
15324,snetcica,sne-tcica,tcica,1,2
15325,sneti'o,sne-ti'o,sne,0,2
15326,sneti'o,sne-ti'o,ti'o,1,2
15327,snexu'i,sne-xu'i,sne,0,2
15328,snexu'i,sne-xu'i,xu'i,1,2
15329,snezda,sne-zda,sne,0,2
15330,snezda,sne-zda,zda,1,2
15331,sniba'u,sni-ba'u,sni,0,2
15332,sniba'u,sni-ba'u,ba'u,1,2
15333,snible,sni-ble,sni,0,2
15334,snible,sni-ble,ble,1,2
15335,snici'e,sni-ci'e,sni,0,2
15336,snici'e,sni-ci'e,ci'e,1,2
15337,sniga'i,sni-ga'i,sni,0,2
15338,sniga'i,sni-ga'i,ga'i,1,2
15339,snigau,sni-gau,sni,0,2
15340,snigau,sni-gau,gau,1,2
15341,snigreku,sni-greku,sni,0,2
15342,snigreku,sni-greku,greku,1,2
15343,snilanci,sni-lanci,sni,0,2
15344,snilanci,sni-lanci,lanci,1,2
15345,snile'u,sni-le'u,sni,0,2
15346,snile'u,sni-le'u,le'u,1,2
15347,sniti'i,sni-ti'i,sni,0,2
15348,sniti'i,sni-ti'i,ti'i,1,2
15349,snivla,sni-vla,sni,0,2
15350,snivla,sni-vla,vla,1,2
15351,snobajykla,sno-baj-kla,sno,0,3
15352,snobajykla,sno-baj-kla,baj,1,3
15353,snobajykla,sno-baj-kla,kla,2,3
15354,snobi'o,sno-bi'o,sno,0,2
15355,snobi'o,sno-bi'o,bi'o,1,2
15356,snocakcurnu,sno-cak-curnu,sno,0,3
15357,snocakcurnu,sno-cak-curnu,cak,1,3
15358,snocakcurnu,sno-cak-curnu,curnu,2,3
15359,snocatra,sno-catra,sno,0,2
15360,snocatra,sno-catra,catra,1,2
15361,snodandu,sno-dandu,sno,0,2
15362,snodandu,sno-dandu,dandu,1,2
15363,snodenmi,sno-denmi,sno,0,2
15364,snodenmi,sno-denmi,denmi,1,2
15365,snomabru,sno-mabru,sno,0,2
15366,snomabru,sno-mabru,mabru,1,2
15367,snomau,sno-mau,sno,0,2
15368,snomau,sno-mau,mau,1,2
15369,snoraisli,sno-rai-sli,sno,0,3
15370,snoraisli,sno-rai-sli,rai,1,3
15371,snoraisli,sno-rai-sli,sli,2,3
15372,snori'a,sno-ri'a,sno,0,2
15373,snori'a,sno-ri'a,ri'a,1,2
15374,snosli,sno-sli,sno,0,2
15375,snosli,sno-sli,sli,1,2
15376,snoslijgita,sno-sli-jgita,sno,0,3
15377,snoslijgita,sno-sli-jgita,sli,1,3
15378,snoslijgita,sno-sli-jgita,jgita,2,3
15379,snucmibi'o,snu-cmi-bi'o,snu,0,3
15380,snucmibi'o,snu-cmi-bi'o,cmi,1,3
15381,snucmibi'o,snu-cmi-bi'o,bi'o,2,3
15382,snumu'e,snu-mu'e,snu,0,2
15383,snumu'e,snu-mu'e,mu'e,1,2
15384,snununpe'i,snu-nun-pe'i,snu,0,3
15385,snununpe'i,snu-nun-pe'i,nun,1,3
15386,snununpe'i,snu-nun-pe'i,pe'i,2,3
15387,snuselsku,snu-sel-sku,snu,0,3
15388,snuselsku,snu-sel-sku,sel,1,3
15389,snuselsku,snu-sel-sku,sku,2,3
15390,snusku,snu-sku,snu,0,2
15391,snusku,snu-sku,sku,1,2
15392,snusna,snu-sna,snu,0,2
15393,snusna,snu-sna,sna,1,2
15394,snuvru,snu-vru,snu,0,2
15395,snuvru,snu-vru,vru,1,2
15396,so'etsi,so'e-tsi,so'e,0,2
15397,so'etsi,so'e-tsi,tsi,1,2
15398,so'ikle,so'i-kle,so'i,0,2
15399,so'ikle,so'i-kle,kle,1,2
15400,so'ipre,so'i-pre,so'i,0,2
15401,so'ipre,so'i-pre,pre,1,2
15402,so'ismu,so'i-smu,so'i,0,2
15403,so'ismu,so'i-smu,smu,1,2
15404,so'ozda,so'o-zda,so'o,0,2
15405,so'ozda,so'o-zda,zda,1,2
15406,sofygu'e,sof-gu'e,sof,0,2
15407,sofygu'e,sof-gu'e,gu'e,1,2
15408,soidji,soi-dji,soi,0,2
15409,soidji,soi-dji,dji,1,2
15410,soipro,soi-pro,soi,0,2
15411,soipro,soi-pro,pro,1,2
15412,soirnei,soi-nei,soi,0,2
15413,soirnei,soi-nei,nei,1,2
15414,soitsu,soi-tsu,soi,0,2
15415,soitsu,soi-tsu,tsu,1,2
15416,sojypa'a,soj-pa'a,soj,0,2
15417,sojypa'a,soj-pa'a,pa'a,1,2
15418,solbarborsetyvi'u,sol-bar-bor-set-vi'u,sol,0,5
15419,solbarborsetyvi'u,sol-bar-bor-set-vi'u,bar,1,5
15420,solbarborsetyvi'u,sol-bar-bor-set-vi'u,bor,2,5
15421,solbarborsetyvi'u,sol-bar-bor-set-vi'u,set,3,5
15422,solbarborsetyvi'u,sol-bar-bor-set-vi'u,vi'u,4,5
15423,solboi,sol-boi,sol,0,2
15424,solboi,sol-boi,boi,1,2
15425,solcanci,sol-canci,sol,0,2
15426,solcanci,sol-canci,canci,1,2
15427,solcarfa'a,sol-car-fa'a,sol,0,3
15428,solcarfa'a,sol-car-fa'a,car,1,3
15429,solcarfa'a,sol-car-fa'a,fa'a,2,3
15430,soldi'e,sol-di'e,sol,0,2
15431,soldi'e,sol-di'e,di'e,1,2
15432,solgu'i,sol-gu'i,sol,0,2
15433,solgu'i,sol-gu'i,gu'i,1,2
15434,soljdika,sol-jdika,sol,0,2
15435,soljdika,sol-jdika,jdika,1,2
15436,solnuncanci,sol-nun-canci,sol,0,3
15437,solnuncanci,sol-nun-canci,nun,1,3
15438,solnuncanci,sol-nun-canci,canci,2,3
15439,solsetyvi'u,sol-set-vi'u,sol,0,3
15440,solsetyvi'u,sol-set-vi'u,set,1,3
15441,solsetyvi'u,sol-set-vi'u,vi'u,2,3
15442,solti'o,sol-ti'o,sol,0,2
15443,solti'o,sol-ti'o,ti'o,1,2
15444,solxrula,sol-xrula,sol,0,2
15445,solxrula,sol-xrula,xrula,1,2
15446,somca'a,som-ca'a,som,0,2
15447,somca'a,som-ca'a,ca'a,1,2
15448,sombre,som-bre,som,0,2
15449,sombre,som-bre,bre,1,2
15450,somca'a,som-ca'a,som,0,2
15451,somca'a,som-ca'a,ca'a,1,2
15452,somcma,som-cma,som,0,2
15453,somcma,som-cma,cma,1,2
15454,sonba'i,son-ba'i,son,0,2
15455,sonba'i,son-ba'i,ba'i,1,2
15456,sonfanta,son-fanta,son,0,2
15457,sonfanta,son-fanta,fanta,1,2
15458,sonli'e,son-li'e,son,0,2
15459,sonli'e,son-li'e,li'e,1,2
15460,sonsai,son-sai,son,0,2
15461,sonsai,son-sai,sai,1,2
15462,sonselsa'a,son-sel-sa'a,son,0,3
15463,sonselsa'a,son-sel-sa'a,sel,1,3
15464,sonselsa'a,son-sel-sa'a,sa'a,2,3
15465,sonsoipro,son-soi-pro,son,0,3
15466,sonsoipro,son-soi-pro,soi,1,3
15467,sonsoipro,son-soi-pro,pro,2,3
15468,sopydra,sop-dra,sop,0,2
15469,sopydra,sop-dra,dra,1,2
15470,sorceikri,sor-cei-kri,sor,0,3
15471,sorceikri,sor-cei-kri,cei,1,3
15472,sorceikri,sor-cei-kri,kri,2,3
15473,sorgu'e,sor-gu'e,sor,0,2
15474,sorgu'e,sor-gu'e,gu'e,1,2
15475,sormre,sor-mre,sor,0,2
15476,sormre,sor-mre,mre,1,2
15477,sorna'a,sor-na'a,sor,0,2
15478,sorna'a,sor-na'a,na'a,1,2
15479,sornai,sor-nai,sor,0,2
15480,sornai,sor-nai,nai,1,2
15481,sorpe'o,sor-pe'o,sor,0,2
15482,sorpe'o,sor-pe'o,pe'o,1,2
15483,sorplo,sor-plo,sor,0,2
15484,sorplo,sor-plo,plo,1,2
15485,sorpra,sor-pra,sor,0,2
15486,sorpra,sor-pra,pra,1,2
15487,sorpre,sor-pre,sor,0,2
15488,sorpre,sor-pre,pre,1,2
15489,sorprecarce,sor-pre-carce,sor,0,3
15490,sorprecarce,sor-pre-carce,pre,1,3
15491,sorprecarce,sor-pre-carce,carce,2,3
15492,sorpruda'i,sor-pru-da'i,sor,0,3
15493,sorpruda'i,sor-pru-da'i,pru,1,3
15494,sorpruda'i,sor-pru-da'i,da'i,2,3
15495,sorselci'i,sor-sel-ci'i,sor,0,3
15496,sorselci'i,sor-sel-ci'i,sel,1,3
15497,sorselci'i,sor-sel-ci'i,ci'i,2,3
15498,sorska,sor-ska,sor,0,2
15499,sorska,sor-ska,ska,1,2
15500,sorsmu,sor-smu,sor,0,2
15501,sorsmu,sor-smu,smu,1,2
15502,sortricu,sor-tricu,sor,0,2
15503,sortricu,sor-tricu,tricu,1,2
15504,sortsa,sor-tsa,sor,0,2
15505,sortsa,sor-tsa,tsa,1,2
15506,sorvenstu,sor-ven-stu,sor,0,3
15507,sorvenstu,sor-ven-stu,ven,1,3
15508,sorvenstu,sor-ven-stu,stu,2,3
15509,sorzda,sor-zda,sor,0,2
15510,sorzda,sor-zda,zda,1,2
15511,sorzu'edzukla,sor-zu'e-dzu-kla,sor,0,4
15512,sorzu'edzukla,sor-zu'e-dzu-kla,zu'e,1,4
15513,sorzu'edzukla,sor-zu'e-dzu-kla,dzu,2,4
15514,sorzu'edzukla,sor-zu'e-dzu-kla,kla,3,4
15515,sosme'u,sos-me'u,sos,0,2
15516,sosme'u,sos-me'u,me'u,1,2
15517,sosyselcmipi'i,sos-sel-cmi-pi'i,sos,0,4
15518,sosyselcmipi'i,sos-sel-cmi-pi'i,sel,1,4
15519,sosyselcmipi'i,sos-sel-cmi-pi'i,cmi,2,4
15520,sosyselcmipi'i,sos-sel-cmi-pi'i,pi'i,3,4
15521,sosyselcmisumji,sos-sel-cmi-sumji,sos,0,4
15522,sosyselcmisumji,sos-sel-cmi-sumji,sel,1,4
15523,sosyselcmisumji,sos-sel-cmi-sumji,cmi,2,4
15524,sosyselcmisumji,sos-sel-cmi-sumji,sumji,3,4
15525,sosyselsmu,sos-sel-smu,sos,0,3
15526,sosyselsmu,sos-sel-smu,sel,1,3
15527,sosyselsmu,sos-sel-smu,smu,2,3
15528,sozma'i,soz-ma'i,soz,0,2
15529,sozma'i,soz-ma'i,ma'i,1,2
15530,spabi'u,spa-bi'u,spa,0,2
15531,spabi'u,spa-bi'u,bi'u,1,2
15532,spacau,spa-cau,spa,0,2
15533,spacau,spa-cau,cau,1,2
15534,spajei,spa-jei,spa,0,2
15535,spajei,spa-jei,jei,1,2
15536,spajipci,spa-jipci,spa,0,2
15537,spajipci,spa-jipci,jipci,1,2
15538,spapai,spa-pai,spa,0,2
15539,spapai,spa-pai,pai,1,2
15540,spatadni,spa-tadni,spa,0,2
15541,spatadni,spa-tadni,tadni,1,2
15542,spebe'a,spe-be'a,spe,0,2
15543,spebe'a,spe-be'a,be'a,1,2
15544,spebi'o,spe-bi'o,spe,0,2
15545,spebi'o,spe-bi'o,bi'o,1,2
15546,spebu'a,spe-bu'a,spe,0,2
15547,spebu'a,spe-bu'a,bu'a,1,2
15548,spebunspe,spe-bun-spe,spe,0,3
15549,spebunspe,spe-bun-spe,bun,1,3
15550,spebunspe,spe-bun-spe,spe,2,3
15551,specfari'i,spe-cfa-ri'i,spe,0,3
15552,specfari'i,spe-cfa-ri'i,cfa,1,3
15553,specfari'i,spe-cfa-ri'i,ri'i,2,3
15554,spegau,spe-gau,spe,0,2
15555,spegau,spe-gau,gau,1,2
15556,spemamta,spe-mamta,spe,0,2
15557,spemamta,spe-mamta,mamta,1,2
15558,speme'i,spe-me'i,spe,0,2
15559,speme'i,spe-me'i,me'i,1,2
15560,spepa'u,spe-pa'u,spe,0,2
15561,spepa'u,spe-pa'u,pa'u,1,2
15562,spepli,spe-pli,spe,0,2
15563,spepli,spe-pli,pli,1,2
15564,speri'i,spe-ri'i,spe,0,2
15565,speri'i,spe-ri'i,ri'i,1,2
15566,sperirni,spe-rirni,spe,0,2
15567,sperirni,spe-rirni,rirni,1,2
15568,spesarxe,spe-sarxe,spe,0,2
15569,spesarxe,spe-sarxe,sarxe,1,2
15570,spesi'u,spe-si'u,spe,0,2
15571,spesi'u,spe-si'u,si'u,1,2
15572,speti'u,spe-ti'u,spe,0,2
15573,speti'u,spe-ti'u,ti'u,1,2
15574,spetunba,spe-tunba,spe,0,2
15575,spetunba,spe-tunba,tunba,1,2
15576,spezau,spe-zau,spe,0,2
15577,spezau,spe-zau,zau,1,2
15578,spiba'u,spi-ba'u,spi,0,2
15579,spiba'u,spi-ba'u,ba'u,1,2
15580,spixra,spi-xra,spi,0,2
15581,spixra,spi-xra,xra,1,2
15582,spisla,spi-sla,spi,0,2
15583,spisla,spi-sla,sla,1,2
15584,spofriti,spo-friti,spo,0,2
15585,spofriti,spo-friti,friti,1,2
15586,spofriti,spo-friti,spo,0,2
15587,spofriti,spo-friti,friti,1,2
15588,spoga'i,spo-ga'i,spo,0,2
15589,spoga'i,spo-ga'i,ga'i,1,2
15590,spogau,spo-gau,spo,0,2
15591,spogau,spo-gau,gau,1,2
15592,spomo'u,spo-mo'u,spo,0,2
15593,spomo'u,spo-mo'u,mo'u,1,2
15594,spopli,spo-pli,spo,0,2
15595,spopli,spo-pli,pli,1,2
15596,spusku,spu-sku,spu,0,2
15597,spusku,spu-sku,sku,1,2
15598,rajma'a,raj-ma'a,raj,0,2
15599,rajma'a,raj-ma'a,ma'a,1,2
15600,rajyke'a,raj-ke'a,raj,0,2
15601,rajyke'a,raj-ke'a,ke'a,1,2
15602,rajykevloi,raj-kev-loi,raj,0,3
15603,rajykevloi,raj-kev-loi,kev,1,3
15604,rajykevloi,raj-kev-loi,loi,2,3
15605,sraki'e,sra-ki'e,sra,0,2
15606,sraki'e,sra-ki'e,ki'e,1,2
15607,sralyklubau,sral-klu-bau,sral,0,3
15608,sralyklubau,sral-klu-bau,klu,1,3
15609,sralyklubau,sral-klu-bau,bau,2,3
15610,sralymabru,sral-mabru,sral,0,2
15611,sralymabru,sral-mabru,mabru,1,2
15612,sralyru'u,sral-ru'u,sral,0,2
15613,sralyru'u,sral-ru'u,ru'u,1,2
15614,rajymudri,raj-mudri,raj,0,2
15615,rajymudri,raj-mudri,mudri,1,2
15616,srasfe,sra-sfe,sra,0,2
15617,srasfe,sra-sfe,sfe,1,2
15618,rajysirdra,raj-sir-dra,raj,0,3
15619,rajysirdra,raj-sir-dra,sir,1,3
15620,rajysirdra,raj-sir-dra,dra,2,3
15621,srasu'a,sra-su'a,sra,0,2
15622,srasu'a,sra-su'a,su'a,1,2
15623,rajyto'agri,raj-to'a-gri,raj,0,3
15624,rajyto'agri,raj-to'a-gri,to'a,1,3
15625,rajyto'agri,raj-to'a-gri,gri,2,3
15626,rajytu'a,raj-tu'a,raj,0,2
15627,rajytu'a,raj-tu'a,tu'a,1,2
15628,rajytu'u,raj-tu'u,raj,0,2
15629,rajytu'u,raj-tu'u,tu'u,1,2
15630,srebalvi,sre-balvi,sre,0,2
15631,srebalvi,sre-balvi,balvi,1,2
15632,sreci'a,sre-ci'a,sre,0,2
15633,sreci'a,sre-ci'a,ci'a,1,2
15634,sredu'e,sre-du'e,sre,0,2
15635,sredu'e,sre-du'e,du'e,1,2
15636,srefanva,sre-fanva,sre,0,2
15637,srefanva,sre-fanva,fanva,1,2
15638,srejmi,sre-jmi,sre,0,2
15639,srejmi,sre-jmi,jmi,1,2
15640,srekancu,sre-kancu,sre,0,2
15641,srekancu,sre-kancu,kancu,1,2
15642,sremo'i,sre-mo'i,sre,0,2
15643,sremo'i,sre-mo'i,mo'i,1,2
15644,srepli,sre-pli,sre,0,2
15645,srepli,sre-pli,pli,1,2
15646,srere'a,sre-re'a,sre,0,2
15647,srere'a,sre-re'a,re'a,1,2
15648,sresislanli,sre-sis-lanli,sre,0,3
15649,sresislanli,sre-sis-lanli,sis,1,3
15650,sresislanli,sre-sis-lanli,lanli,2,3
15651,lisycku,lis-cku,lis,0,2
15652,lisycku,lis-cku,cku,1,2
15653,srifiryricratcu,sri-fir-ric-ratcu,sri,0,4
15654,srifiryricratcu,sri-fir-ric-ratcu,fir,1,4
15655,srifiryricratcu,sri-fir-ric-ratcu,ric,2,4
15656,srifiryricratcu,sri-fir-ric-ratcu,ratcu,3,4
15657,lisku'a,lis-ku'a,lis,0,2
15658,lisku'a,lis-ku'a,ku'a,1,2
15659,lisnuntoi,lis-nun-toi,lis,0,3
15660,lisnuntoi,lis-nun-toi,nun,1,3
15661,lisnuntoi,lis-nun-toi,toi,2,3
15662,srisnavelvei,sri-sna-vel-vei,sri,0,4
15663,srisnavelvei,sri-sna-vel-vei,sna,1,4
15664,srisnavelvei,sri-sna-vel-vei,vel,2,4
15665,srisnavelvei,sri-sna-vel-vei,vei,3,4
15666,listigni,lis-tigni,lis,0,2
15667,listigni,lis-tigni,tigni,1,2
15668,srocfu,sro-cfu,sro,0,2
15669,srocfu,sro-cfu,cfu,1,2
15670,srodi'u,sro-di'u,sro,0,2
15671,srodi'u,sro-di'u,di'u,1,2
15672,sroku'a,sro-ku'a,sro,0,2
15673,sroku'a,sro-ku'a,ku'a,1,2
15674,srota'e,sro-ta'e,sro,0,2
15675,srota'e,sro-ta'e,ta'e,1,2
15676,sructa,sru-cta,sru,0,2
15677,sructa,sru-cta,cta,1,2
15678,srudzu,sru-dzu,sru,0,2
15679,srudzu,sru-dzu,dzu,1,2
15680,srumra,sru-mra,sru,0,2
15681,srumra,sru-mra,mra,1,2
15682,stadikca,sta-dikca,sta,0,2
15683,stadikca,sta-dikca,dikca,1,2
15684,stagau,sta-gau,sta,0,2
15685,stagau,sta-gau,gau,1,2
15686,stagytai,stag-tai,stag,0,2
15687,stagytai,stag-tai,tai,1,2
15688,stanyxruba,stan-xruba,stan,0,2
15689,stanyxruba,stan-xruba,xruba,1,2
15690,stavro,sta-vro,sta,0,2
15691,stavro,sta-vro,vro,1,2
15692,steci'u,ste-ci'u,ste,0,2
15693,steci'u,ste-ci'u,ci'u,1,2
15694,stepra,ste-pra,ste,0,2
15695,stepra,ste-pra,pra,1,2
15696,steselmrifle,ste-sel-mri-fle,ste,0,4
15697,steselmrifle,ste-sel-mri-fle,sel,1,4
15698,steselmrifle,ste-sel-mri-fle,mri,2,4
15699,steselmrifle,ste-sel-mri-fle,fle,3,4
15700,stesti,ste-sti,ste,0,2
15701,stesti,ste-sti,sti,1,2
15702,stezva,ste-zva,ste,0,2
15703,stezva,ste-zva,zva,1,2
15704,sticfa,sti-cfa,sti,0,2
15705,sticfa,sti-cfa,cfa,1,2
15706,sticla,sti-cla,sti,0,2
15707,sticla,sti-cla,cla,1,2
15708,stifa'o,sti-fa'o,sti,0,2
15709,stifa'o,sti-fa'o,fa'o,1,2
15710,stigau,sti-gau,sti,0,2
15711,stigau,sti-gau,gau,1,2
15712,stile'u,sti-le'u,sti,0,2
15713,stile'u,sti-le'u,le'u,1,2
15714,stimo'i,sti-mo'i,sti,0,2
15715,stimo'i,sti-mo'i,mo'i,1,2
15716,stiri'a,sti-ri'a,sti,0,2
15717,stiri'a,sti-ri'a,ri'a,1,2
15718,stofaubei,sto-fau-bei,sto,0,3
15719,stofaubei,sto-fau-bei,fau,1,3
15720,stofaubei,sto-fau-bei,bei,2,3
15721,stoga'e,sto-ga'e,sto,0,2
15722,stoga'e,sto-ga'e,ga'e,1,2
15723,stoselgau,sto-sel-gau,sto,0,3
15724,stoselgau,sto-sel-gau,sel,1,3
15725,stoselgau,sto-sel-gau,gau,2,3
15726,stosta,sto-sta,sto,0,2
15727,stosta,sto-sta,sta,1,2
15728,stucke,stu-cke,stu,0,2
15729,stucke,stu-cke,cke,1,2
15730,studau,stu-dau,stu,0,2
15731,studau,stu-dau,dau,1,2
15732,studei,stu-dei,stu,0,2
15733,studei,stu-dei,dei,1,2
15734,studji,stu-dji,stu,0,2
15735,studji,stu-dji,dji,1,2
15736,stufa'i,stu-fa'i,stu,0,2
15737,stufa'i,stu-fa'i,fa'i,1,2
15738,stufai,stu-fai,stu,0,2
15739,stufai,stu-fai,fai,1,2
15740,stuju'o,stu-ju'o,stu,0,2
15741,stuju'o,stu-ju'o,ju'o,1,2
15742,stuju'odji,stu-ju'o-dji,stu,0,3
15743,stuju'odji,stu-ju'o-dji,ju'o,1,3
15744,stuju'odji,stu-ju'o-dji,dji,2,3
15745,stujunydji,stu-jun-dji,stu,0,3
15746,stujunydji,stu-jun-dji,jun,1,3
15747,stujunydji,stu-jun-dji,dji,2,3
15748,stula'i,stu-la'i,stu,0,2
15749,stula'i,stu-la'i,la'i,1,2
15750,stule'a,stu-le'a,stu,0,2
15751,stule'a,stu-le'a,le'a,1,2
15752,stuselga'i,stu-sel-ga'i,stu,0,3
15753,stuselga'i,stu-sel-ga'i,sel,1,3
15754,stuselga'i,stu-sel-ga'i,ga'i,2,3
15755,su'ivla,su'i-vla,su'i,0,2
15756,su'ivla,su'i-vla,vla,1,2
15757,su'usle,su'u-sle,su'u,0,2
15758,su'usle,su'u-sle,sle,1,2
15759,suclei,suc-lei,suc,0,2
15760,suclei,suc-lei,lei,1,2
15761,sucmau,suc-mau,suc,0,2
15762,sucmau,suc-mau,mau,1,2
15763,sucpli,suc-pli,suc,0,2
15764,sucpli,suc-pli,pli,1,2
15765,sucri'a,suc-ri'a,suc,0,2
15766,sucri'a,suc-ri'a,ri'a,1,2
15767,sucysmu,suc-smu,suc,0,2
15768,sucysmu,suc-smu,smu,1,2
15769,sudbi'o,sud-bi'o,sud,0,2
15770,sudbi'o,sud-bi'o,bi'o,1,2
15771,sudblabi,sud-blabi,sud,0,2
15772,sudblabi,sud-blabi,blabi,1,2
15773,sudbradekpu,sud-bra-dekpu,sud,0,3
15774,sudbradekpu,sud-bra-dekpu,bra,1,3
15775,sudbradekpu,sud-bra-dekpu,dekpu,2,3
15776,sudgau,sud-gau,sud,0,2
15777,sudgau,sud-gau,gau,1,2
15778,sudgaubu'u,sud-gau-bu'u,sud,0,3
15779,sudgaubu'u,sud-gau-bu'u,gau,1,3
15780,sudgaubu'u,sud-gau-bu'u,bu'u,2,3
15781,sudmi'i,sud-mi'i,sud,0,2
15782,sudmi'i,sud-mi'i,mi'i,1,2
15783,sudri'a,sud-ri'a,sud,0,2
15784,sudri'a,sud-ri'a,ri'a,1,2
15785,sudyfoi,sud-foi,sud,0,2
15786,sudyfoi,sud-foi,foi,1,2
15787,sudysrasu,sud-srasu,sud,0,2
15788,sudysrasu,sud-srasu,srasu,1,2
15789,sudyseldekpu,sud-sel-dekpu,sud,0,3
15790,sudyseldekpu,sud-sel-dekpu,sel,1,3
15791,sudyseldekpu,sud-sel-dekpu,dekpu,2,3
15792,sudysrasu,sud-srasu,sud,0,2
15793,sudysrasu,sud-srasu,srasu,1,2
15794,sudytu'a,sud-tu'a,sud,0,2
15795,sudytu'a,sud-tu'a,tu'a,1,2
15796,sudytutra,sud-tutra,sud,0,2
15797,sudytutra,sud-tutra,tutra,1,2
15798,sukcarna,suk-carna,suk,0,2
15799,sukcarna,suk-carna,carna,1,2
15800,sukci'iri'a,suk-ci'i-ri'a,suk,0,3
15801,sukci'iri'a,suk-ci'i-ri'a,ci'i,1,3
15802,sukci'iri'a,suk-ci'i-ri'a,ri'a,2,3
15803,sukci'iri'a,suk-ci'i-ri'a,suk,0,3
15804,sukci'iri'a,suk-ci'i-ri'a,ci'i,1,3
15805,sukci'iri'a,suk-ci'i-ri'a,ri'a,2,3
15806,sukfle,suk-fle,suk,0,2
15807,sukfle,suk-fle,fle,1,2
15808,sukli'a,suk-li'a,suk,0,2
15809,sukli'a,suk-li'a,li'a,1,2
15810,sukybajykla,suk-baj-kla,suk,0,3
15811,sukybajykla,suk-baj-kla,baj,1,3
15812,sukybajykla,suk-baj-kla,kla,2,3
15813,sukyjmi,suk-jmi,suk,0,2
15814,sukyjmi,suk-jmi,jmi,1,2
15815,sukyzu'e,suk-zu'e,suk,0,2
15816,sukyzu'e,suk-zu'e,zu'e,1,2
15817,sulbo'o,sul-bo'o,sul,0,2
15818,sulbo'o,sul-bo'o,bo'o,1,2
15819,sulpo'e,sul-po'e,sul,0,2
15820,sulpo'e,sul-po'e,po'e,1,2
15821,sultro,sul-tro,sul,0,2
15822,sultro,sul-tro,tro,1,2
15823,sumbasma'o,sum-bas-ma'o,sum,0,3
15824,sumbasma'o,sum-bas-ma'o,bas,1,3
15825,sumbasma'o,sum-bas-ma'o,ma'o,2,3
15826,sumbasyvla,sum-bas-vla,sum,0,3
15827,sumbasyvla,sum-bas-vla,bas,1,3
15828,sumbasyvla,sum-bas-vla,vla,2,3
15829,sumsmi,sum-smi,sum,0,2
15830,sumsmi,sum-smi,smi,1,2
15831,sumsmu,sum-smu,sum,0,2
15832,sumsmu,sum-smu,smu,1,2
15833,sumsu'a,sum-su'a,sum,0,2
15834,sumsu'a,sum-su'a,su'a,1,2
15835,sumtcita,sum-tcita,sum,0,2
15836,sumtcita,sum-tcita,tcita,1,2
15837,sumterse'a,sum-ter-se'a,sum,0,3
15838,sumterse'a,sum-ter-se'a,ter,1,3
15839,sumterse'a,sum-ter-se'a,se'a,2,3
15840,sumtru,sum-tru,sum,0,2
15841,sumtru,sum-tru,tru,1,2
15842,sumvla,sum-vla,sum,0,2
15843,sumvla,sum-vla,vla,1,2
15844,sunbi'e,sun-bi'e,sun,0,2
15845,sunbi'e,sun-bi'e,bi'e,1,2
15846,sunkla,sun-kla,sun,0,2
15847,sunkla,sun-kla,kla,1,2
15848,sunko'o,sun-ko'o,sun,0,2
15849,sunko'o,sun-ko'o,ko'o,1,2
15850,sunkotygu'e,sun-kot-gu'e,sun,0,3
15851,sunkotygu'e,sun-kot-gu'e,kot,1,3
15852,sunkotygu'e,sun-kot-gu'e,gu'e,2,3
15853,sunku'u,sun-ku'u,sun,0,2
15854,sunku'u,sun-ku'u,ku'u,1,2
15855,sunra'a,sun-ra'a,sun,0,2
15856,sunra'a,sun-ra'a,ra'a,1,2
15857,sunrai,sun-rai,sun,0,2
15858,sunrai,sun-rai,rai,1,2
15859,sunzdo,sun-zdo,sun,0,2
15860,sunzdo,sun-zdo,zdo,1,2
15861,sunzdopre,sun-zdo-pre,sun,0,3
15862,sunzdopre,sun-zdo-pre,zdo,1,3
15863,sunzdopre,sun-zdo-pre,pre,2,3
15864,surbi'o,sur-bi'o,sur,0,2
15865,surbi'o,sur-bi'o,bi'o,1,2
15866,surdei,sur-dei,sur,0,2
15867,surdei,sur-dei,dei,1,2
15868,surdzu,sur-dzu,sur,0,2
15869,surdzu,sur-dzu,dzu,1,2
15870,surgau,sur-gau,sur,0,2
15871,surgau,sur-gau,gau,1,2
15872,surstu,sur-stu,sur,0,2
15873,surstu,sur-stu,stu,1,2
15874,surtei,sur-tei,sur,0,2
15875,surtei,sur-tei,tei,1,2
15876,turvre,tur-vre,tur,0,2
15877,turvre,tur-vre,vre,1,2
15878,sutctidja,sut-cti-dja,sut,0,3
15879,sutctidja,sut-cti-dja,cti,1,3
15880,sutctidja,sut-cti-dja,dja,2,3
15881,sutfau,sut-fau,sut,0,2
15882,sutfau,sut-fau,fau,1,2
15883,sutfi'i,sut-fi'i,sut,0,2
15884,sutfi'i,sut-fi'i,fi'i,1,2
15885,sutfle,sut-fle,sut,0,2
15886,sutfle,sut-fle,fle,1,2
15887,sutflefau,sut-fle-fau,sut,0,3
15888,sutflefau,sut-fle-fau,fle,1,3
15889,sutflefau,sut-fle-fau,fau,2,3
15890,sutkai,sut-kai,sut,0,2
15891,sutkai,sut-kai,kai,1,2
15892,sutkemjupsabdja,sut-kem-jup-sab-dja,sut,0,5
15893,sutkemjupsabdja,sut-kem-jup-sab-dja,kem,1,5
15894,sutkemjupsabdja,sut-kem-jup-sab-dja,jup,2,5
15895,sutkemjupsabdja,sut-kem-jup-sab-dja,sab,3,5
15896,sutkemjupsabdja,sut-kem-jup-sab-dja,dja,4,5
15897,sutkla,sut-kla,sut,0,2
15898,sutkla,sut-kla,kla,1,2
15899,sutlai,sut-lai,sut,0,2
15900,sutlai,sut-lai,lai,1,2
15901,sutli'a,sut-li'a,sut,0,2
15902,sutli'a,sut-li'a,li'a,1,2
15903,sutlo'i,sut-lo'i,sut,0,2
15904,sutlo'i,sut-lo'i,lo'i,1,2
15905,sutlu'a,sut-lu'a,sut,0,2
15906,sutlu'a,sut-lu'a,lu'a,1,2
15907,sutmau,sut-mau,sut,0,2
15908,sutmau,sut-mau,mau,1,2
15909,sutplu,sut-plu,sut,0,2
15910,sutplu,sut-plu,plu,1,2
15911,sutrai,sut-rai,sut,0,2
15912,sutrai,sut-rai,rai,1,2
15913,sutraisli,sut-rai-sli,sut,0,3
15914,sutraisli,sut-rai-sli,rai,1,3
15915,sutraisli,sut-rai-sli,sli,2,3
15916,sutytoi,sut-toi,sut,0,2
15917,sutytoi,sut-toi,toi,1,2
15918,sutsabdja,sut-sab-dja,sut,0,3
15919,sutsabdja,sut-sab-dja,sab,1,3
15920,sutsabdja,sut-sab-dja,dja,2,3
15921,sutspu,sut-spu,sut,0,2
15922,sutspu,sut-spu,spu,1,2
15923,sutxirkla,sut-xir-kla,sut,0,3
15924,sutxirkla,sut-xir-kla,xir,1,3
15925,sutxirkla,sut-xir-kla,kla,2,3
15926,sutxirvelbajra,sut-xir-vel-bajra,sut,0,4
15927,sutxirvelbajra,sut-xir-vel-bajra,xir,1,4
15928,sutxirvelbajra,sut-xir-vel-bajra,vel,2,4
15929,sutxirvelbajra,sut-xir-vel-bajra,bajra,3,4
15930,sutybai,sut-bai,sut,0,2
15931,sutybai,sut-bai,bai,1,2
15932,sutydu'e,sut-du'e,sut,0,2
15933,sutydu'e,sut-du'e,du'e,1,2
15934,sutygau,sut-gau,sut,0,2
15935,sutygau,sut-gau,gau,1,2
15936,sutyjupydja,sut-jup-dja,sut,0,3
15937,sutyjupydja,sut-jup-dja,jup,1,3
15938,sutyjupydja,sut-jup-dja,dja,2,3
15939,sutytce,sut-tce,sut,0,2
15940,sutytce,sut-tce,tce,1,2
15941,sutytoi,sut-toi,sut,0,2
15942,sutytoi,sut-toi,toi,1,2
15943,sutyzbadja,sut-zba-dja,sut,0,3
15944,sutyzbadja,sut-zba-dja,zba,1,3
15945,sutyzbadja,sut-zba-dja,dja,2,3
15946,suvbroda,suv-broda,suv,0,2
15947,suvbroda,suv-broda,broda,1,2
15948,suzrelselsu'i,suz-rel-sel-su'i,suz,0,4
15949,suzrelselsu'i,suz-rel-sel-su'i,rel,1,4
15950,suzrelselsu'i,suz-rel-sel-su'i,sel,2,4
15951,suzrelselsu'i,suz-rel-sel-su'i,su'i,3,4
15952,suzvla,suz-vla,suz,0,2
15953,suzvla,suz-vla,vla,1,2
15954,suzypavyvla,suz-pav-vla,suz,0,3
15955,suzypavyvla,suz-pav-vla,pav,1,3
15956,suzypavyvla,suz-pav-vla,vla,2,3
15957,tavba'u,tav-ba'u,tav,0,2
15958,tavba'u,tav-ba'u,ba'u,1,2
15959,ta'atci,ta'a-tci,ta'a,0,2
15960,ta'atci,ta'a-tci,tci,1,2
15961,ta'axlu,ta'a-xlu,ta'a,0,2
15962,ta'axlu,ta'a-xlu,xlu,1,2
15963,ta'inri'a,ta'i-ri'a,ta'i,0,2
15964,ta'inri'a,ta'i-ri'a,ri'a,1,2
15965,ta'inri'agau,ta'i-ri'a-gau,ta'i,0,3
15966,ta'inri'agau,ta'i-ri'a-gau,ri'a,1,3
15967,ta'inri'agau,ta'i-ri'a-gau,gau,2,3
15968,ta'irgau,ta'i-gau,ta'i,0,2
15969,ta'irgau,ta'i-gau,gau,1,2
15970,ta'orda'i,ta'o-da'i,ta'o,0,2
15971,ta'orda'i,ta'o-da'i,da'i,1,2
15972,ta'orstizu,ta'o-stizu,ta'o,0,2
15973,ta'orstizu,ta'o-stizu,stizu,1,2
15974,tcavro,tca-vro,tca,0,2
15975,tcavro,tca-vro,vro,1,2
15976,tcavru,tca-vru,tca,0,2
15977,tcavru,tca-vru,vru,1,2
15978,ta'uzba,ta'u-zba,ta'u,0,2
15979,ta'uzba,ta'u-zba,zba,1,2
15980,tabybi'o,tab-bi'o,tab,0,2
15981,tabybi'o,tab-bi'o,bi'o,1,2
15982,tabypinsi,tab-pinsi,tab,0,2
15983,tabypinsi,tab-pinsi,pinsi,1,2
15984,taclei,tac-lei,tac,0,2
15985,taclei,tac-lei,lei,1,2
15986,tacmikce,tac-mikce,tac,0,2
15987,tacmikce,tac-mikce,mikce,1,2
15988,tacto'acfa,tac-to'a-cfa,tac,0,3
15989,tacto'acfa,tac-to'a-cfa,to'a,1,3
15990,tacto'acfa,tac-to'a-cfa,cfa,2,3
15991,tactungau,tac-tun-gau,tac,0,3
15992,tactungau,tac-tun-gau,tun,1,3
15993,tactungau,tac-tun-gau,gau,2,3
15994,tadgri,tad-gri,tad,0,2
15995,tadgri,tad-gri,gri,1,2
15996,tadju'i,tad-ju'i,tad,0,2
15997,tadju'i,tad-ju'i,ju'i,1,2
15998,tadjyju'o,tadj-ju'o,tadj,0,2
15999,tadjyju'o,tadj-ju'o,ju'o,1,2
16000,tadne'u,tad-ne'u,tad,0,2
16001,tadne'u,tad-ne'u,ne'u,1,2
16002,tadnunpe'i,tad-nun-pe'i,tad,0,3
16003,tadnunpe'i,tad-nun-pe'i,nun,1,3
16004,tadnunpe'i,tad-nun-pe'i,pe'i,2,3
16005,tadrau,tad-rau,tad,0,2
16006,tadrau,tad-rau,rau,1,2
16007,tadro'a,tad-ro'a,tad,0,2
16008,tadro'a,tad-ro'a,ro'a,1,2
16009,tadycku,tad-cku,tad,0,2
16010,tadycku,tad-cku,cku,1,2
16011,tadypre,tad-pre,tad,0,2
16012,tadypre,tad-pre,pre,1,2
16013,tadysmadycfi,tad-smad-cfi,tad,0,3
16014,tadysmadycfi,tad-smad-cfi,smad,1,3
16015,tadysmadycfi,tad-smad-cfi,cfi,2,3
16016,tadysmadyfi'a,tad-smad-fi'a,tad,0,3
16017,tadysmadyfi'a,tad-smad-fi'a,smad,1,3
16018,tadysmadyfi'a,tad-smad-fi'a,fi'a,2,3
16019,tadyspi,tad-spi,tad,0,2
16020,tadyspi,tad-spi,spi,1,2
16021,tadytadni,tad-tadni,tad,0,2
16022,tadytadni,tad-tadni,tadni,1,2
16023,tcakarni,tca-karni,tca,0,2
16024,tcakarni,tca-karni,karni,1,2
16025,tafkoi,taf-koi,taf,0,2
16026,tafkoi,taf-koi,koi,1,2
16027,taflumpu'o,taf-lum-pu'o,taf,0,3
16028,taflumpu'o,taf-lum-pu'o,lum,1,3
16029,taflumpu'o,taf-lum-pu'o,pu'o,2,3
16030,tafpi'o,taf-pi'o,taf,0,2
16031,tafpi'o,taf-pi'o,pi'o,1,2
16032,tcatru,tca-tru,tca,0,2
16033,tcatru,tca-tru,tru,1,2
16034,tcaxa'u,tca-xa'u,tca,0,2
16035,tcaxa'u,tca-xa'u,xa'u,1,2
16036,tafygunma,taf-gunma,taf,0,2
16037,tafygunma,taf-gunma,gunma,1,2
16038,tafyzai,taf-zai,taf,0,2
16039,tafyzai,taf-zai,zai,1,2
16040,tagmau,tag-mau,tag,0,2
16041,tagmau,tag-mau,mau,1,2
16042,tagysna,tag-sna,tag,0,2
16043,tagysna,tag-sna,sna,1,2
16044,taicne,tai-cne,tai,0,2
16045,taicne,tai-cne,cne,1,2
16046,trafre,tra-fre,tra,0,2
16047,trafre,tra-fre,fre,1,2
16048,taismi,tai-smi,tai,0,2
16049,taismi,tai-smi,smi,1,2
16050,taisto,tai-sto,tai,0,2
16051,taisto,tai-sto,sto,1,2
16052,rairnau,rai-nau,rai,0,2
16053,rairnau,rai-nau,nau,1,2
16054,tajygutci,taj-gutci,taj,0,2
16055,tajygutci,taj-gutci,gutci,1,2
16056,tajyvuzyxru,taj-vuz-xru,taj,0,3
16057,tajyvuzyxru,taj-vuz-xru,vuz,1,3
16058,tajyvuzyxru,taj-vuz-xru,xru,2,3
16059,takska,tak-ska,tak,0,2
16060,takska,tak-ska,ska,1,2
16061,takyvau,tak-vau,tak,0,2
16062,takyvau,tak-vau,vau,1,2
16063,talsku,tal-sku,tal,0,2
16064,talsku,tal-sku,sku,1,2
16065,talyli'u,tal-li'u,tal,0,2
16066,talyli'u,tal-li'u,li'u,1,2
16067,tamcnepre,tam-cne-pre,tam,0,3
16068,tamcnepre,tam-cne-pre,cne,1,3
16069,tamcnepre,tam-cne-pre,pre,2,3
16070,tamcyska,tamc-ska,tamc,0,2
16071,tamcyska,tamc-ska,ska,1,2
16072,tamju'e,tam-ju'e,tam,0,2
16073,tamju'e,tam-ju'e,ju'e,1,2
16074,tamju'o,tam-ju'o,tam,0,2
16075,tamju'o,tam-ju'o,ju'o,1,2
16076,tamnei,tam-nei,tam,0,2
16077,tamnei,tam-nei,nei,1,2
16078,tamtadji,tam-tadji,tam,0,2
16079,tamtadji,tam-tadji,tadji,1,2
16080,tanbargu,tan-bargu,tan,0,2
16081,tanbargu,tan-bargu,bargu,1,2
16082,tancko,tan-cko,tan,0,2
16083,tancko,tan-cko,cko,1,2
16084,taurju'a,tau-ju'a,tau,0,2
16085,taurju'a,tau-ju'a,ju'a,1,2
16086,tankydanmo,tank-danmo,tank,0,2
16087,tankydanmo,tank-danmo,danmo,1,2
16088,tankyjelgau,tank-jel-gau,tank,0,3
16089,tankyjelgau,tank-jel-gau,jel,1,3
16090,tankyjelgau,tank-jel-gau,gau,2,3
16091,tankypli,tank-pli,tank,0,2
16092,tankypli,tank-pli,pli,1,2
16093,tanpo'e,tan-po'e,tan,0,2
16094,tanpo'e,tan-po'e,po'e,1,2
16095,tanrokcarvi,tan-rok-carvi,tan,0,3
16096,tanrokcarvi,tan-rok-carvi,rok,1,3
16097,tanrokcarvi,tan-rok-carvi,carvi,2,3
16098,taurselpli,tau-sel-pli,tau,0,3
16099,taurselpli,tau-sel-pli,sel,1,3
16100,taurselpli,tau-sel-pli,pli,2,3
16101,taursu'a,tau-su'a,tau,0,2
16102,taursu'a,tau-su'a,su'a,1,2
16103,tantra,tan-tra,tan,0,2
16104,tantra,tan-tra,tra,1,2
16105,tanxa'u,tan-xa'u,tan,0,2
16106,tanxa'u,tan-xa'u,xa'u,1,2
16107,tapkla,tap-kla,tap,0,2
16108,tapkla,tap-kla,kla,1,2
16109,ta'inri'a,ta'i-ri'a,ta'i,0,2
16110,ta'inri'a,ta'i-ri'a,ri'a,1,2
16111,ta'inri'agau,ta'i-ri'a-gau,ta'i,0,3
16112,ta'inri'agau,ta'i-ri'a-gau,ri'a,1,3
16113,ta'inri'agau,ta'i-ri'a-gau,gau,2,3
16114,ta'irgau,ta'i-gau,ta'i,0,2
16115,ta'irgau,ta'i-gau,gau,1,2
16116,tarbybei,tarb-bei,tarb,0,2
16117,tarbybei,tarb-bei,bei,1,2
16118,targri,tar-gri,tar,0,2
16119,targri,tar-gri,gri,1,2
16120,tarkemnimcei,tar-kem-nim-cei,tar,0,4
16121,tarkemnimcei,tar-kem-nim-cei,kem,1,4
16122,tarkemnimcei,tar-kem-nim-cei,nim,2,4
16123,tarkemnimcei,tar-kem-nim-cei,cei,3,4
16124,tarlei,tar-lei,tar,0,2
16125,tarlei,tar-lei,lei,1,2
16126,tarlu'a,tar-lu'a,tar,0,2
16127,tarlu'a,tar-lu'a,lu'a,1,2
16128,tarsenta,tar-senta,tar,0,2
16129,tarsenta,tar-senta,senta,1,2
16130,tarsetyvi'u,tar-set-vi'u,tar,0,3
16131,tarsetyvi'u,tar-set-vi'u,set,1,3
16132,tarsetyvi'u,tar-set-vi'u,vi'u,2,3
16133,tarske,tar-ske,tar,0,2
16134,tarske,tar-ske,ske,1,2
16135,tarski,tar-ski,tar,0,2
16136,tarski,tar-ski,ski,1,2
16137,tartei,tar-tei,tar,0,2
16138,tartei,tar-tei,tei,1,2
16139,tartsani,tar-tsani,tar,0,2
16140,tartsani,tar-tsani,tsani,1,2
16141,tramo'a,tra-mo'a,tra,0,2
16142,tramo'a,tra-mo'a,mo'a,1,2
16143,traxersku,tra-xer-sku,tra,0,3
16144,traxersku,tra-xer-sku,xer,1,3
16145,traxersku,tra-xer-sku,sku,2,3
16146,tatydjaflecpe,tat-dja-fle-cpe,tat,0,4
16147,tatydjaflecpe,tat-dja-fle-cpe,dja,1,4
16148,tatydjaflecpe,tat-dja-fle-cpe,fle,2,4
16149,tatydjaflecpe,tat-dja-fle-cpe,cpe,3,4
16150,tatyji'o,tat-ji'o,tat,0,2
16151,tatyji'o,tat-ji'o,ji'o,1,2
16152,tatyta'u,tat-ta'u,tat,0,2
16153,tatyta'u,tat-ta'u,ta'u,1,2
16154,taunrango,tau-rango,tau,0,2
16155,taunrango,tau-rango,rango,1,2
16156,taurbi'o,tau-bi'o,tau,0,2
16157,taurbi'o,tau-bi'o,bi'o,1,2
16158,tafyfriti,taf-friti,taf,0,2
16159,tafyfriti,taf-friti,friti,1,2
16160,tafygunma,taf-gunma,taf,0,2
16161,tafygunma,taf-gunma,gunma,1,2
16162,taurju'a,tau-ju'a,tau,0,2
16163,taurju'a,tau-ju'a,ju'a,1,2
16164,taflumpu'o,taf-lum-pu'o,taf,0,3
16165,taflumpu'o,taf-lum-pu'o,lum,1,3
16166,taflumpu'o,taf-lum-pu'o,pu'o,2,3
16167,taurselpli,tau-sel-pli,tau,0,3
16168,taurselpli,tau-sel-pli,sel,1,3
16169,taurselpli,tau-sel-pli,pli,2,3
16170,taurselvla,tau-sel-vla,tau,0,3
16171,taurselvla,tau-sel-vla,sel,1,3
16172,taurselvla,tau-sel-vla,vla,2,3
16173,taursu'a,tau-su'a,tau,0,2
16174,taursu'a,tau-su'a,su'a,1,2
16175,tauvla,tau-vla,tau,0,2
16176,tauvla,tau-vla,vla,1,2
16177,tauzba,tau-zba,tau,0,2
16178,tauzba,tau-zba,zba,1,2
16179,tavba'u,tav-ba'u,tav,0,2
16180,tavba'u,tav-ba'u,ba'u,1,2
16181,tavdu'e,tav-du'e,tav,0,2
16182,tavdu'e,tav-du'e,du'e,1,2
16183,tavgau,tav-gau,tav,0,2
16184,tavgau,tav-gau,gau,1,2
16185,tavjmi,tav-jmi,tav,0,2
16186,tavjmi,tav-jmi,jmi,1,2
16187,tavnarka'e,tav-nar-ka'e,tav,0,3
16188,tavnarka'e,tav-nar-ka'e,nar,1,3
16189,tavnarka'e,tav-nar-ka'e,ka'e,2,3
16190,tavnei,tav-nei,tav,0,2
16191,tavnei,tav-nei,nei,1,2
16192,tavyce'u,tav-ce'u,tav,0,2
16193,tavyce'u,tav-ce'u,ce'u,1,2
16194,tavyka'e,tav-ka'e,tav,0,2
16195,tavyka'e,tav-ka'e,ka'e,1,2
16196,tavysi'u,tav-si'u,tav,0,2
16197,tavysi'u,tav-si'u,si'u,1,2
16198,tavyta'ata'ata'a,tav-ta'a-ta'a-ta'a,tav,0,4
16199,tavyta'ata'ata'a,tav-ta'a-ta'a-ta'a,ta'a,1,4
16200,tavyta'ata'ata'a,tav-ta'a-ta'a-ta'a,ta'a,2,4
16201,tavyta'ata'ata'a,tav-ta'a-ta'a-ta'a,ta'a,3,4
16202,taxpu'i,tax-pu'i,tax,0,2
16203,taxpu'i,tax-pu'i,pu'i,1,2
16204,taxtcu,tax-tcu,tax,0,2
16205,taxtcu,tax-tcu,tcu,1,2
16206,tazyzva,taz-zva,taz,0,2
16207,tazyzva,taz-zva,zva,1,2
16208,cacyba'u,cac-ba'u,cac,0,2
16209,cacyba'u,cac-ba'u,ba'u,1,2
16210,cacyju'o,cac-ju'o,cac,0,2
16211,cacyju'o,cac-ju'o,ju'o,1,2
16212,tcakarni,tca-karni,tca,0,2
16213,tcakarni,tca-karni,karni,1,2
16214,tcare'etcana,tca-re'e-tcana,tca,0,3
16215,tcare'etcana,tca-re'e-tcana,re'e,1,3
16216,tcare'etcana,tca-re'e-tcana,tcana,2,3
16217,tcatru,tca-tru,tca,0,2
16218,tcatru,tca-tru,tru,1,2
16219,tcatybarja,tcat-barja,tcat,0,2
16220,tcatybarja,tcat-barja,barja,1,2
16221,tcatypatxu,tcat-patxu,tcat,0,2
16222,tcatypatxu,tcat-patxu,patxu,1,2
16223,tcatyseltcika,tcat-sel-tcika,tcat,0,3
16224,tcatyseltcika,tcat-sel-tcika,sel,1,3
16225,tcatyseltcika,tcat-sel-tcika,tcika,2,3
16226,tcatytei,tcat-tei,tcat,0,2
16227,tcatytei,tcat-tei,tei,1,2
16228,tcavro,tca-vro,tca,0,2
16229,tcavro,tca-vro,vro,1,2
16230,tcavru,tca-vru,tca,0,2
16231,tcavru,tca-vru,vru,1,2
16232,tcaxa'u,tca-xa'u,tca,0,2
16233,tcaxa'u,tca-xa'u,xa'u,1,2
16234,tcazda,tca-zda,tca,0,2
16235,tcazda,tca-zda,zda,1,2
16236,tcebi'o,tce-bi'o,tce,0,2
16237,tcebi'o,tce-bi'o,bi'o,1,2
16238,tcebra,tce-bra,tce,0,2
16239,tcebra,tce-bra,bra,1,2
16240,tcecafne,tce-cafne,tce,0,2
16241,tcecafne,tce-cafne,cafne,1,2
16242,tcecizra,tce-cizra,tce,0,2
16243,tcecizra,tce-cizra,cizra,1,2
16244,tceckape,tce-ckape,tce,0,2
16245,tceckape,tce-ckape,ckape,1,2
16246,tcecla,tce-cla,tce,0,2
16247,tcecla,tce-cla,cla,1,2
16248,tcecli,tce-cli,tce,0,2
16249,tcecli,tce-cli,cli,1,2
16250,tcecma,tce-cma,tce,0,2
16251,tcecma,tce-cma,cma,1,2
16252,tcecne,tce-cne,tce,0,2
16253,tcecne,tce-cne,cne,1,2
16254,tcecni,tce-cni,tce,0,2
16255,tcecni,tce-cni,cni,1,2
16256,tcecnicti,tce-cni-cti,tce,0,3
16257,tcecnicti,tce-cni-cti,cni,1,3
16258,tcecnicti,tce-cni-cti,cti,2,3
16259,tcecte,tce-cte,tce,0,2
16260,tcecte,tce-cte,cte,1,2
16261,licycu'a,lic-cu'a,lic,0,2
16262,licycu'a,lic-cu'a,cu'a,1,2
16263,tcecu'i,tce-cu'i,tce,0,2
16264,tcecu'i,tce-cu'i,cu'i,1,2
16265,tcedji,tce-dji,tce,0,2
16266,tcedji,tce-dji,dji,1,2
16267,tcedze,tce-dze,tce,0,2
16268,tcedze,tce-dze,dze,1,2
16269,tcefange,tce-fange,tce,0,2
16270,tcefange,tce-fange,fange,1,2
16271,licfauclu,lic-fau-clu,lic,0,3
16272,licfauclu,lic-fau-clu,fau,1,3
16273,licfauclu,lic-fau-clu,clu,2,3
16274,tcefe'u,tce-fe'u,tce,0,2
16275,tcefe'u,tce-fe'u,fe'u,1,2
16276,tcefri,tce-fri,tce,0,2
16277,tcefri,tce-fri,fri,1,2
16278,tcefrica,tce-frica,tce,0,2
16279,tcefrica,tce-frica,frica,1,2
16280,tcega'u,tce-ga'u,tce,0,2
16281,tcega'u,tce-ga'u,ga'u,1,2
16282,tcegau,tce-gau,tce,0,2
16283,tcegau,tce-gau,gau,1,2
16284,tcegei,tce-gei,tce,0,2
16285,tcegei,tce-gei,gei,1,2
16286,tcegli,tce-gli,tce,0,2
16287,tcegli,tce-gli,gli,1,2
16288,tcegliklu,tce-gli-klu,tce,0,3
16289,tcegliklu,tce-gli-klu,gli,1,3
16290,tcegliklu,tce-gli-klu,klu,2,3
16291,tcegu'a,tce-gu'a,tce,0,2
16292,tcegu'a,tce-gu'a,gu'a,1,2
16293,tcejgi,tce-jgi,tce,0,2
16294,tcejgi,tce-jgi,jgi,1,2
16295,tcelanli,tce-lanli,tce,0,2
16296,tcelanli,tce-lanli,lanli,1,2
16297,liclau,lic-lau,lic,0,2
16298,liclau,lic-lau,lau,1,2
16299,tcelenku,tce-lenku,tce,0,2
16300,tcelenku,tce-lenku,lenku,1,2
16301,tcelogji,tce-logji,tce,0,2
16302,tcelogji,tce-logji,logji,1,2
16303,licma'u,lic-ma'u,lic,0,2
16304,licma'u,lic-ma'u,ma'u,1,2
16305,tcemi'a,tce-mi'a,tce,0,2
16306,tcemi'a,tce-mi'a,mi'a,1,2
16307,tcemlinalmokca,tce-mli-nal-mokca,tce,0,4
16308,tcemlinalmokca,tce-mli-nal-mokca,mli,1,4
16309,tcemlinalmokca,tce-mli-nal-mokca,nal,2,4
16310,tcemlinalmokca,tce-mli-nal-mokca,mokca,3,4
16311,tcenabmi,tce-nabmi,tce,0,2
16312,tcenabmi,tce-nabmi,nabmi,1,2
16313,tcenei,tce-nei,tce,0,2
16314,tcenei,tce-nei,nei,1,2
16315,tcepei,tce-pei,tce,0,2
16316,tcepei,tce-pei,pei,1,2
16317,tcepra,tce-pra,tce,0,2
16318,tcepra,tce-pra,pra,1,2
16319,tcera'u,tce-ra'u,tce,0,2
16320,tcera'u,tce-ra'u,ra'u,1,2
16321,tcerai,tce-rai,tce,0,2
16322,tcerai,tce-rai,rai,1,2
16323,tcesau,tce-sau,tce,0,2
16324,tcesau,tce-sau,sau,1,2
16325,tcesauklu,tce-sau-klu,tce,0,3
16326,tcesauklu,tce-sau-klu,sau,1,3
16327,tcesauklu,tce-sau-klu,klu,2,3
16328,tcesaurespa,tce-sau-respa,tce,0,3
16329,tcesaurespa,tce-sau-respa,sau,1,3
16330,tcesaurespa,tce-sau-respa,respa,2,3
16331,tceselpu'a,tce-sel-pu'a,tce,0,3
16332,tceselpu'a,tce-sel-pu'a,sel,1,3
16333,tceselpu'a,tce-sel-pu'a,pu'a,2,3
16334,tceselspaji,tce-sel-spaji,tce,0,3
16335,tceselspaji,tce-sel-spaji,sel,1,3
16336,tceselspaji,tce-sel-spaji,spaji,2,3
16337,licyseltcila,lic-sel-tcila,lic,0,3
16338,licyseltcila,lic-sel-tcila,sel,1,3
16339,licyseltcila,lic-sel-tcila,tcila,2,3
16340,tceseltu'i,tce-sel-tu'i,tce,0,3
16341,tceseltu'i,tce-sel-tu'i,sel,1,3
16342,tceseltu'i,tce-sel-tu'i,tu'i,2,3
16343,tceselxai,tce-sel-xai,tce,0,3
16344,tceselxai,tce-sel-xai,sel,1,3
16345,tceselxai,tce-sel-xai,xai,2,3
16346,tcesi'a,tce-si'a,tce,0,2
16347,tcesi'a,tce-si'a,si'a,1,2
16348,tcesla,tce-sla,tce,0,2
16349,tcesla,tce-sla,sla,1,2
16350,tcesma,tce-sma,tce,0,2
16351,tcesma,tce-sma,sma,1,2
16352,tcesno,tce-sno,tce,0,2
16353,tcesno,tce-sno,sno,1,2
16354,tcesnosli,tce-sno-sli,tce,0,3
16355,tcesnosli,tce-sno-sli,sno,1,3
16356,tcesnosli,tce-sno-sli,sli,2,3
16357,tcesre,tce-sre,tce,0,2
16358,tcesre,tce-sre,sre,1,2
16359,tcesutra,tce-sutra,tce,0,2
16360,tcesutra,tce-sutra,sutra,1,2
16361,tcesutsli,tce-sut-sli,tce,0,3
16362,tcesutsli,tce-sut-sli,sut,1,3
16363,tcesutsli,tce-sut-sli,sli,2,3
16364,licta'a,lic-ta'a,lic,0,2
16365,licta'a,lic-ta'a,ta'a,1,2
16366,tceta'i,tce-ta'i,tce,0,2
16367,tceta'i,tce-ta'i,ta'i,1,2
16368,licylitce,lic-litce,lic,0,2
16369,licylitce,lic-litce,litce,1,2
16370,tcetcemle,tce-tce-mle,tce,0,3
16371,tcetcemle,tce-tce-mle,tce,1,3
16372,tcetcemle,tce-tce-mle,mle,2,3
16373,tcete'a,tce-te'a,tce,0,2
16374,tcete'a,tce-te'a,te'a,1,2
16375,tceterpinka,tce-ter-pinka,tce,0,3
16376,tceterpinka,tce-ter-pinka,ter,1,3
16377,tceterpinka,tce-ter-pinka,pinka,2,3
16378,tcetolci'o,tce-tol-ci'o,tce,0,3
16379,tcetolci'o,tce-tol-ci'o,tol,1,3
16380,tcetolci'o,tce-tol-ci'o,ci'o,2,3
16381,tcetolni'o,tce-tol-ni'o,tce,0,3
16382,tcetolni'o,tce-tol-ni'o,tol,1,3
16383,tcetolni'o,tce-tol-ni'o,ni'o,2,3
16384,tceva'uvruto'a,tce-va'u-vru-to'a,tce,0,4
16385,tceva'uvruto'a,tce-va'u-vru-to'a,va'u,1,4
16386,tceva'uvruto'a,tce-va'u-vru-to'a,vru,2,4
16387,tceva'uvruto'a,tce-va'u-vru-to'a,to'a,3,4
16388,tcevai,tce-vai,tce,0,2
16389,tcevai,tce-vai,vai,1,2
16390,tcexau,tce-xau,tce,0,2
16391,tcexau,tce-xau,xau,1,2
16392,tcexei,tce-xei,tce,0,2
16393,tcexei,tce-xei,xei,1,2
16394,licyzau,lic-zau,lic,0,2
16395,licyzau,lic-zau,zau,1,2
16396,tcezdi,tce-zdi,tce,0,2
16397,tcezdi,tce-zdi,zdi,1,2
16398,tcicni,tci-cni,tci,0,2
16399,tcicni,tci-cni,cni,1,2
16400,tcikytu'a,tcik-tu'a,tcik,0,2
16401,tcikytu'a,tcik-tu'a,tu'a,1,2
16402,tcikyzga,tcik-zga,tcik,0,2
16403,tcikyzga,tcik-zga,zga,1,2
16404,tcilei,tci-lei,tci,0,2
16405,tcilei,tci-lei,lei,1,2
16406,tcinycru,tcin-cru,tcin,0,2
16407,tcinycru,tcin-cru,cru,1,2
16408,tcinysri,tcin-sri,tcin,0,2
16409,tcinysri,tcin-sri,sri,1,2
16410,tcinytercru,tcin-ter-cru,tcin,0,3
16411,tcinytercru,tcin-ter-cru,ter,1,3
16412,tcinytercru,tcin-ter-cru,cru,2,3
16413,tciterjai,tci-ter-jai,tci,0,3
16414,tciterjai,tci-ter-jai,ter,1,3
16415,tciterjai,tci-ter-jai,jai,2,3
16416,tciterjai,tci-ter-jai,tci,0,3
16417,tciterjai,tci-ter-jai,ter,1,3
16418,tciterjai,tci-ter-jai,jai,2,3
16419,tcityta'o,tcit-ta'o,tcit,0,2
16420,tcityta'o,tcit-ta'o,ta'o,1,2
16421,tcityvla,tcit-vla,tcit,0,2
16422,tcityvla,tcit-vla,vla,1,2
16423,tcokumte,tco-kumte,tco,0,2
16424,tcokumte,tco-kumte,kumte,1,2
16425,tcudu'u,tcu-du'u,tcu,0,2
16426,tcudu'u,tcu-du'u,du'u,1,2
16427,tcukavbu,tcu-kavbu,tcu,0,2
16428,tcukavbu,tcu-kavbu,kavbu,1,2
16429,tcuku'i,tcu-ku'i,tcu,0,2
16430,tcuku'i,tcu-ku'i,ku'i,1,2
16431,tcumansa,tcu-mansa,tcu,0,2
16432,tcumansa,tcu-mansa,mansa,1,2
16433,tcutce,tcu-tce,tcu,0,2
16434,tcutce,tcu-tce,tce,1,2
16435,te'igri,te'i-gri,te'i,0,2
16436,te'igri,te'i-gri,gri,1,2
16437,tebycinta,teb-cinta,teb,0,2
16438,tebycinta,teb-cinta,cinta,1,2
16439,tecmau,tec-mau,tec,0,2
16440,tecmau,tec-mau,mau,1,2
16441,tecme'a,tec-me'a,tec,0,2
16442,tecme'a,tec-me'a,me'a,1,2
16443,tecpalta,tec-palta,tec,0,2
16444,tecpalta,tec-palta,palta,1,2
16445,tedboi,ted-boi,ted,0,2
16446,tedboi,ted-boi,boi,1,2
16447,tedre'a,ted-re'a,ted,0,2
16448,tedre'a,ted-re'a,re'a,1,2
16449,tedycro,ted-cro,ted,0,2
16450,tedycro,ted-cro,cro,1,2
16451,tedydesku,ted-desku,ted,0,2
16452,tedydesku,ted-desku,desku,1,2
16453,tedykre,ted-kre,ted,0,2
16454,tedykre,ted-kre,kre,1,2
16455,tedyplini,ted-plini,ted,0,2
16456,tedyplini,ted-plini,plini,1,2
16457,tedyselvre,ted-sel-vre,ted,0,3
16458,tedyselvre,ted-sel-vre,sel,1,3
16459,tedyselvre,ted-sel-vre,vre,2,3
16460,tedystomluni,ted-sto-mluni,ted,0,3
16461,tedystomluni,ted-sto-mluni,sto,1,3
16462,tedystomluni,ted-sto-mluni,mluni,2,3
16463,tedyxadba,ted-xadba,ted,0,2
16464,tedyxadba,ted-xadba,xadba,1,2
16465,tegyga'e,teg-ga'e,teg,0,2
16466,tegyga'e,teg-ga'e,ga'e,1,2
16467,teicla,tei-cla,tei,0,2
16468,teicla,tei-cla,cla,1,2
16469,teicma,tei-cma,tei,0,2
16470,teicma,tei-cma,cma,1,2
16471,teiklo,tei-klo,tei,0,2
16472,teiklo,tei-klo,klo,1,2
16473,teikra,tei-kra,tei,0,2
16474,teikra,tei-kra,kra,1,2
16475,teipla,tei-pla,tei,0,2
16476,teipla,tei-pla,pla,1,2
16477,teiple,tei-ple,tei,0,2
16478,teiple,tei-ple,ple,1,2
16479,teipli,tei-pli,tei,0,2
16480,teipli,tei-pli,pli,1,2
16481,teirmokca,tei-mokca,tei,0,2
16482,teirmokca,tei-mokca,mokca,1,2
16483,teistu,tei-stu,tei,0,2
16484,teistu,tei-stu,stu,1,2
16485,teksta,tek-sta,tek,0,2
16486,teksta,tek-sta,sta,1,2
16487,teksto,tek-sto,tek,0,2
16488,teksto,tek-sto,sto,1,2
16489,telfe'o,tel-fe'o,tel,0,2
16490,telfe'o,tel-fe'o,fe'o,1,2
16491,telmri,tel-mri,tel,0,2
16492,telmri,tel-mri,mri,1,2
16493,telsnada,tel-snada,tel,0,2
16494,telsnada,tel-snada,snada,1,2
16495,tembavdei,tem-bav-dei,tem,0,3
16496,tembavdei,tem-bav-dei,bav,1,3
16497,tembavdei,tem-bav-dei,dei,2,3
16498,tembavna'a,tem-bav-na'a,tem,0,3
16499,tembavna'a,tem-bav-na'a,bav,1,3
16500,tembavna'a,tem-bav-na'a,na'a,2,3
16501,tembavytei,tem-bav-tei,tem,0,3
16502,tembavytei,tem-bav-tei,bav,1,3
16503,tembavytei,tem-bav-tei,tei,2,3
16504,temca'u,tem-ca'u,tem,0,2
16505,temca'u,tem-ca'u,ca'u,1,2
16506,temcimni,tem-cimni,tem,0,2
16507,temcimni,tem-cimni,cimni,1,2
16508,temfa'o,tem-fa'o,tem,0,2
16509,temfa'o,tem-fa'o,fa'o,1,2
16510,temge'a,tem-ge'a,tem,0,2
16511,temge'a,tem-ge'a,ge'a,1,2
16512,temtai,tem-tai,tem,0,2
16513,temtai,tem-tai,tai,1,2
16514,temto'u,tem-to'u,tem,0,2
16515,temto'u,tem-to'u,to'u,1,2
16516,temxaksu,tem-xaksu,tem,0,2
16517,temxaksu,tem-xaksu,xaksu,1,2
16518,temyzengau,tem-zen-gau,tem,0,3
16519,temyzengau,tem-zen-gau,zen,1,3
16520,temyzengau,tem-zen-gau,gau,2,3
16521,tendai,ten-dai,ten,0,2
16522,tendai,ten-dai,dai,1,2
16523,tepcai,tep-cai,tep,0,2
16524,tepcai,tep-cai,cai,1,2
16525,tepcau,tep-cau,tep,0,2
16526,tepcau,tep-cau,cau,1,2
16527,teprai,tep-rai,tep,0,2
16528,teprai,tep-rai,rai,1,2
16529,tepri'a,tep-ri'a,tep,0,2
16530,tepri'a,tep-ri'a,ri'a,1,2
16531,teprikmau,tep-rik-mau,tep,0,3
16532,teprikmau,tep-rik-mau,rik,1,3
16533,teprikmau,tep-rik-mau,mau,2,3
16534,tepringau,tep-rin-gau,tep,0,3
16535,tepringau,tep-rin-gau,rin,1,3
16536,tepringau,tep-rin-gau,gau,2,3
16537,tepsne,tep-sne,tep,0,2
16538,tepsne,tep-sne,sne,1,2
16539,teptcegau,tep-tce-gau,tep,0,3
16540,teptcegau,tep-tce-gau,tce,1,3
16541,teptcegau,tep-tce-gau,gau,2,3
16542,tepxei,tep-xei,tep,0,2
16543,tepxei,tep-xei,xei,1,2
16544,tepybi'a,tep-bi'a,tep,0,2
16545,tepybi'a,tep-bi'a,bi'a,1,2
16546,tepydesku,tep-desku,tep,0,2
16547,tepydesku,tep-desku,desku,1,2
16548,tepygau,tep-gau,tep,0,2
16549,tepygau,tep-gau,gau,1,2
16550,terbaljyli'a,ter-balj-li'a,ter,0,3
16551,terbaljyli'a,ter-balj-li'a,balj,1,3
16552,terbaljyli'a,ter-balj-li'a,li'a,2,3
16553,terbandu,ter-bandu,ter,0,2
16554,terbandu,ter-bandu,bandu,1,2
16555,terbasna,ter-basna,ter,0,2
16556,terbasna,ter-basna,basna,1,2
16557,terbau,ter-bau,ter,0,2
16558,terbau,ter-bau,bau,1,2
16559,terbe'i,ter-be'i,ter,0,2
16560,terbe'i,ter-be'i,be'i,1,2
16561,terbei,ter-bei,ter,0,2
16562,terbei,ter-bei,bei,1,2
16563,terbi'a,ter-bi'a,ter,0,2
16564,terbi'a,ter-bi'a,bi'a,1,2
16565,terbilga,ter-bilga,ter,0,2
16566,terbilga,ter-bilga,bilga,1,2
16567,terbradi,ter-bradi,ter,0,2
16568,terbradi,ter-bradi,bradi,1,2
16569,terbri,ter-bri,ter,0,2
16570,terbri,ter-bri,bri,1,2
16571,terca'a,ter-ca'a,ter,0,2
16572,terca'a,ter-ca'a,ca'a,1,2
16573,tercakyjme,ter-cak-jme,ter,0,3
16574,tercakyjme,ter-cak-jme,cak,1,3
16575,tercakyjme,ter-cak-jme,jme,2,3
16576,tercange,ter-cange,ter,0,2
16577,tercange,ter-cange,cange,1,2
16578,tercfi,ter-cfi,ter,0,2
16579,tercfi,ter-cfi,cfi,1,2
16580,terci'a,ter-ci'a,ter,0,2
16581,terci'a,ter-ci'a,ci'a,1,2
16582,tercinse,ter-cinse,ter,0,2
16583,tercinse,ter-cinse,cinse,1,2
16584,tercipra,ter-cipra,ter,0,2
16585,tercipra,ter-cipra,cipra,1,2
16586,tercki,ter-cki,ter,0,2
16587,tercki,ter-cki,cki,1,2
16588,tercku,ter-cku,ter,0,2
16589,tercku,ter-cku,cku,1,2
16590,tercla,ter-cla,ter,0,2
16591,tercla,ter-cla,cla,1,2
16592,tercli,ter-cli,ter,0,2
16593,tercli,ter-cli,cli,1,2
16594,tercme,ter-cme,ter,0,2
16595,tercme,ter-cme,cme,1,2
16596,tercnizda,ter-cni-zda,ter,0,3
16597,tercnizda,ter-cni-zda,cni,1,3
16598,tercnizda,ter-cni-zda,zda,2,3
16599,tercpu,ter-cpu,ter,0,2
16600,tercpu,ter-cpu,cpu,1,2
16601,terda'i,ter-da'i,ter,0,2
16602,terda'i,ter-da'i,da'i,1,2
16603,terdanti,ter-danti,ter,0,2
16604,terdanti,ter-danti,danti,1,2
16605,terdei,ter-dei,ter,0,2
16606,terdei,ter-dei,dei,1,2
16607,terdji,ter-dji,ter,0,2
16608,terdji,ter-dji,dji,1,2
16609,terdu'a,ter-du'a,ter,0,2
16610,terdu'a,ter-du'a,du'a,1,2
16611,terdu'atoi,ter-du'a-toi,ter,0,3
16612,terdu'atoi,ter-du'a-toi,du'a,1,3
16613,terdu'atoi,ter-du'a-toi,toi,2,3
16614,terfanva,ter-fanva,ter,0,2
16615,terfanva,ter-fanva,fanva,1,2
16616,terfe'o,ter-fe'o,ter,0,2
16617,terfe'o,ter-fe'o,fe'o,1,2
16618,terfendi,ter-fendi,ter,0,2
16619,terfendi,ter-fendi,fendi,1,2
16620,terfi'i,ter-fi'i,ter,0,2
16621,terfi'i,ter-fi'i,fi'i,1,2
16622,terfle,ter-fle,ter,0,2
16623,terfle,ter-fle,fle,1,2
16624,terfra,ter-fra,ter,0,2
16625,terfra,ter-fra,fra,1,2
16626,terfratoi,ter-fra-toi,ter,0,3
16627,terfratoi,ter-fra-toi,fra,1,3
16628,terfratoi,ter-fra-toi,toi,2,3
16629,terfrica,ter-frica,ter,0,2
16630,terfrica,ter-frica,frica,1,2
16631,terga'i,ter-ga'i,ter,0,2
16632,terga'i,ter-ga'i,ga'i,1,2
16633,terge'a,ter-ge'a,ter,0,2
16634,terge'a,ter-ge'a,ge'a,1,2
16635,tergi'u,ter-gi'u,ter,0,2
16636,tergi'u,ter-gi'u,gi'u,1,2
16637,tergu'e,ter-gu'e,ter,0,2
16638,tergu'e,ter-gu'e,gu'e,1,2
16639,tergu'i,ter-gu'i,ter,0,2
16640,tergu'i,ter-gu'i,gu'i,1,2
16641,tergu'igau,ter-gu'i-gau,ter,0,3
16642,tergu'igau,ter-gu'i-gau,gu'i,1,3
16643,tergu'igau,ter-gu'i-gau,gau,2,3
16644,tergu'isfejdika,ter-gu'i-sfe-jdika,ter,0,4
16645,tergu'isfejdika,ter-gu'i-sfe-jdika,gu'i,1,4
16646,tergu'isfejdika,ter-gu'i-sfe-jdika,sfe,2,4
16647,tergu'isfejdika,ter-gu'i-sfe-jdika,jdika,3,4
16648,tergu'isfeze'a,ter-gu'i-sfe-ze'a,ter,0,4
16649,tergu'isfeze'a,ter-gu'i-sfe-ze'a,gu'i,1,4
16650,tergu'isfeze'a,ter-gu'i-sfe-ze'a,sfe,2,4
16651,tergu'isfeze'a,ter-gu'i-sfe-ze'a,ze'a,3,4
16652,tergunpla,ter-gun-pla,ter,0,3
16653,tergunpla,ter-gun-pla,gun,1,3
16654,tergunpla,ter-gun-pla,pla,2,3
16655,tergusmi'i,ter-gus-mi'i,ter,0,3
16656,tergusmi'i,ter-gus-mi'i,gus,1,3
16657,tergusmi'i,ter-gus-mi'i,mi'i,2,3
16658,tergusri'a,ter-gus-ri'a,ter,0,3
16659,tergusri'a,ter-gus-ri'a,gus,1,3
16660,tergusri'a,ter-gus-ri'a,ri'a,2,3
16661,tergusta,ter-gusta,ter,0,2
16662,tergusta,ter-gusta,gusta,1,2
16663,terjai,ter-jai,ter,0,2
16664,terjai,ter-jai,jai,1,2
16665,terjai,ter-jai,ter,0,2
16666,terjai,ter-jai,jai,1,2
16667,terjbu,ter-jbu,ter,0,2
16668,terjbu,ter-jbu,jbu,1,2
16669,terjda,ter-jda,ter,0,2
16670,terjda,ter-jda,jda,1,2
16671,terjde,ter-jde,ter,0,2
16672,terjde,ter-jde,jde,1,2
16673,terjdi,ter-jdi,ter,0,2
16674,terjdi,ter-jdi,jdi,1,2
16675,terji'i,ter-ji'i,ter,0,2
16676,terji'i,ter-ji'i,ji'i,1,2
16677,terjicla,ter-jicla,ter,0,2
16678,terjicla,ter-jicla,jicla,1,2
16679,terjimte,ter-jimte,ter,0,2
16680,terjimte,ter-jimte,jimte,1,2
16681,terjmi,ter-jmi,ter,0,2
16682,terjmi,ter-jmi,jmi,1,2
16683,terjo'e,ter-jo'e,ter,0,2
16684,terjo'e,ter-jo'e,jo'e,1,2
16685,terjonpre,ter-jon-pre,ter,0,3
16686,terjonpre,ter-jon-pre,jon,1,3
16687,terjonpre,ter-jon-pre,pre,2,3
16688,terju'o,ter-ju'o,ter,0,2
16689,terju'o,ter-ju'o,ju'o,1,2
16690,terjudri,ter-judri,ter,0,2
16691,terjudri,ter-judri,judri,1,2
16692,terjvi,ter-jvi,ter,0,2
16693,terjvi,ter-jvi,jvi,1,2
16694,terjvo,ter-jvo,ter,0,2
16695,terjvo,ter-jvo,jvo,1,2
16696,terkacna'u,ter-kac-na'u,ter,0,3
16697,terkacna'u,ter-kac-na'u,kac,1,3
16698,terkacna'u,ter-kac-na'u,na'u,2,3
16699,terkakpa,ter-kakpa,ter,0,2
16700,terkakpa,ter-kakpa,kakpa,1,2
16701,terkancu,ter-kancu,ter,0,2
16702,terkancu,ter-kancu,kancu,1,2
16703,terkansa,ter-kansa,ter,0,2
16704,terkansa,ter-kansa,kansa,1,2
16705,terkanxe,ter-kanxe,ter,0,2
16706,terkanxe,ter-kanxe,kanxe,1,2
16707,terkavbu,ter-kavbu,ter,0,2
16708,terkavbu,ter-kavbu,kavbu,1,2
16709,terki'i,ter-ki'i,ter,0,2
16710,terki'i,ter-ki'i,ki'i,1,2
16711,terkla,ter-kla,ter,0,2
16712,terkla,ter-kla,kla,1,2
16713,terklamau,ter-kla-mau,ter,0,3
16714,terklamau,ter-kla-mau,kla,1,3
16715,terklamau,ter-kla-mau,mau,2,3
16716,terkre,ter-kre,ter,0,2
16717,terkre,ter-kre,kre,1,2
16718,terku'a,ter-ku'a,ter,0,2
16719,terku'a,ter-ku'a,ku'a,1,2
16720,terku'u,ter-ku'u,ter,0,2
16721,terku'u,ter-ku'u,ku'u,1,2
16722,terli'a,ter-li'a,ter,0,2
16723,terli'a,ter-li'a,li'a,1,2
16724,terlisri,ter-lisri,ter,0,2
16725,terlisri,ter-lisri,lisri,1,2
16726,terlumpu'o,ter-lum-pu'o,ter,0,3
16727,terlumpu'o,ter-lum-pu'o,lum,1,3
16728,terlumpu'o,ter-lum-pu'o,pu'o,2,3
16729,terma'o,ter-ma'o,ter,0,2
16730,terma'o,ter-ma'o,ma'o,1,2
16731,termabla,ter-mabla,ter,0,2
16732,termabla,ter-mabla,mabla,1,2
16733,termakfa,ter-makfa,ter,0,2
16734,termakfa,ter-makfa,makfa,1,2
16735,termau,ter-mau,ter,0,2
16736,termau,ter-mau,mau,1,2
16737,termifckiku,ter-mif-ckiku,ter,0,3
16738,termifckiku,ter-mif-ckiku,mif,1,3
16739,termifckiku,ter-mif-ckiku,ckiku,2,3
16740,termifra,ter-mifra,ter,0,2
16741,termifra,ter-mifra,mifra,1,2
16742,termikce,ter-mikce,ter,0,2
16743,termikce,ter-mikce,mikce,1,2
16744,termipri,ter-mipri,ter,0,2
16745,termipri,ter-mipri,mipri,1,2
16746,termo'ixau,ter-mo'i-xau,ter,0,3
16747,termo'ixau,ter-mo'i-xau,mo'i,1,3
16748,termo'ixau,ter-mo'i-xau,xau,2,3
16749,termonsi'o,ter-mon-si'o,ter,0,3
16750,termonsi'o,ter-mon-si'o,mon,1,3
16751,termonsi'o,ter-mon-si'o,si'o,2,3
16752,termra,ter-mra,ter,0,2
16753,termra,ter-mra,mra,1,2
16754,termre,ter-mre,ter,0,2
16755,termre,ter-mre,mre,1,2
16756,termri,ter-mri,ter,0,2
16757,termri,ter-mri,mri,1,2
16758,termrifa'o,ter-mri-fa'o,ter,0,3
16759,termrifa'o,ter-mri-fa'o,mri,1,3
16760,termrifa'o,ter-mri-fa'o,fa'o,2,3
16761,termu'i,ter-mu'i,ter,0,2
16762,termu'i,ter-mu'i,mu'i,1,2
16763,ternoi,ter-noi,ter,0,2
16764,ternoi,ter-noi,noi,1,2
16765,ternuzba,ter-nuzba,ter,0,2
16766,ternuzba,ter-nuzba,nuzba,1,2
16767,terpa'a,ter-pa'a,ter,0,2
16768,terpa'a,ter-pa'a,pa'a,1,2
16769,terpanci,ter-panci,ter,0,2
16770,terpanci,ter-panci,panci,1,2
16771,terpanra,ter-panra,ter,0,2
16772,terpanra,ter-panra,panra,1,2
16773,terpavyterbri,ter-pav-ter-bri,ter,0,4
16774,terpavyterbri,ter-pav-ter-bri,pav,1,4
16775,terpavyterbri,ter-pav-ter-bri,ter,2,4
16776,terpavyterbri,ter-pav-ter-bri,bri,3,4
16777,terpe'i,ter-pe'i,ter,0,2
16778,terpe'i,ter-pe'i,pe'i,1,2
16779,terpe'u,ter-pe'u,ter,0,2
16780,terpe'u,ter-pe'u,pe'u,1,2
16781,terpecfoi,ter-pec-foi,ter,0,3
16782,terpecfoi,ter-pec-foi,pec,1,3
16783,terpecfoi,ter-pec-foi,foi,2,3
16784,terpemci,ter-pemci,ter,0,2
16785,terpemci,ter-pemci,pemci,1,2
16786,terxra,ter-xra,ter,0,2
16787,terxra,ter-xra,xra,1,2
16788,terpinka,ter-pinka,ter,0,2
16789,terpinka,ter-pinka,pinka,1,2
16790,terpla,ter-pla,ter,0,2
16791,terpla,ter-pla,pla,1,2
16792,terpli,ter-pli,ter,0,2
16793,terpli,ter-pli,pli,1,2
16794,terplixa,ter-plixa,ter,0,2
16795,terplixa,ter-plixa,plixa,1,2
16796,terpre,ter-pre,ter,0,2
16797,terpre,ter-pre,pre,1,2
16798,terpro,ter-pro,ter,0,2
16799,terpro,ter-pro,pro,1,2
16800,terproklu,ter-pro-klu,ter,0,3
16801,terproklu,ter-pro-klu,pro,1,3
16802,terproklu,ter-pro-klu,klu,2,3
16803,terpu'a,ter-pu'a,ter,0,2
16804,terpu'a,ter-pu'a,pu'a,1,2
16805,terpu'i,ter-pu'i,ter,0,2
16806,terpu'i,ter-pu'i,pu'i,1,2
16807,tersa'a,ter-sa'a,ter,0,2
16808,tersa'a,ter-sa'a,sa'a,1,2
16809,tersa'e,ter-sa'e,ter,0,2
16810,tersa'e,ter-sa'e,sa'e,1,2
16811,tersa'ecpu,ter-sa'e-cpu,ter,0,3
16812,tersa'ecpu,ter-sa'e-cpu,sa'e,1,3
16813,tersa'ecpu,ter-sa'e-cpu,cpu,2,3
16814,tersacmau,ter-sac-mau,ter,0,3
16815,tersacmau,ter-sac-mau,sac,1,3
16816,tersacmau,ter-sac-mau,mau,2,3
16817,tersei,ter-sei,ter,0,2
16818,tersei,ter-sei,sei,1,2
16819,terselmakfa,ter-sel-makfa,ter,0,3
16820,terselmakfa,ter-sel-makfa,sel,1,3
16821,terselmakfa,ter-sel-makfa,makfa,2,3
16822,terselpinka,ter-sel-pinka,ter,0,3
16823,terselpinka,ter-sel-pinka,sel,1,3
16824,terselpinka,ter-sel-pinka,pinka,2,3
16825,terselrei,ter-sel-rei,ter,0,3
16826,terselrei,ter-sel-rei,sel,1,3
16827,terselrei,ter-sel-rei,rei,2,3
16828,terselxedmau,ter-sel-xed-mau,ter,0,4
16829,terselxedmau,ter-sel-xed-mau,sel,1,4
16830,terselxedmau,ter-sel-xed-mau,xed,2,4
16831,terselxedmau,ter-sel-xed-mau,mau,3,4
16832,tersi'a,ter-si'a,ter,0,2
16833,tersi'a,ter-si'a,si'a,1,2
16834,tersi'o,ter-si'o,ter,0,2
16835,tersi'o,ter-si'o,si'o,1,2
16836,tersitna,ter-sitna,ter,0,2
16837,tersitna,ter-sitna,sitna,1,2
16838,terski,ter-ski,ter,0,2
16839,terski,ter-ski,ski,1,2
16840,tersku,ter-sku,ter,0,2
16841,tersku,ter-sku,sku,1,2
16842,terskujmi,ter-sku-jmi,ter,0,3
16843,terskujmi,ter-sku-jmi,sku,1,3
16844,terskujmi,ter-sku-jmi,jmi,2,3
16845,tersla,ter-sla,ter,0,2
16846,tersla,ter-sla,sla,1,2
16847,tersmu,ter-smu,ter,0,2
16848,tersmu,ter-smu,smu,1,2
16849,terspe,ter-spe,ter,0,2
16850,terspe,ter-spe,spe,1,2
16851,terspo,ter-spo,ter,0,2
16852,terspo,ter-spo,spo,1,2
16853,terspu,ter-spu,ter,0,2
16854,terspu,ter-spu,spu,1,2
16855,terlisri,ter-lisri,ter,0,2
16856,terlisri,ter-lisri,lisri,1,2
16857,tersu'i,ter-su'i,ter,0,2
16858,tersu'i,ter-su'i,su'i,1,2
16859,tersuzrelterbri,ter-suz-rel-ter-bri,ter,0,5
16860,tersuzrelterbri,ter-suz-rel-ter-bri,suz,1,5
16861,tersuzrelterbri,ter-suz-rel-ter-bri,rel,2,5
16862,tersuzrelterbri,ter-suz-rel-ter-bri,ter,3,5
16863,tersuzrelterbri,ter-suz-rel-ter-bri,bri,4,5
16864,terta'a,ter-ta'a,ter,0,2
16865,terta'a,ter-ta'a,ta'a,1,2
16866,tertra,ter-tra,ter,0,2
16867,tertra,ter-tra,tra,1,2
16868,tertau,ter-tau,ter,0,2
16869,tertau,ter-tau,tau,1,2
16870,tertcidu,ter-tcidu,ter,0,2
16871,tertcidu,ter-tcidu,tcidu,1,2
16872,terti'o,ter-ti'o,ter,0,2
16873,terti'o,ter-ti'o,ti'o,1,2
16874,tertivni,ter-tivni,ter,0,2
16875,tertivni,ter-tivni,tivni,1,2
16876,terto'asko,ter-to'a-sko,ter,0,3
16877,terto'asko,ter-to'a-sko,to'a,1,3
16878,terto'asko,ter-to'a-sko,sko,2,3
16879,tertu'i,ter-tu'i,ter,0,2
16880,tertu'i,ter-tu'i,tu'i,1,2
16881,terve'u,ter-ve'u,ter,0,2
16882,terve'u,ter-ve'u,ve'u,1,2
16883,tervei,ter-vei,ter,0,2
16884,tervei,ter-vei,vei,1,2
16885,tervencpe,ter-ven-cpe,ter,0,3
16886,tervencpe,ter-ven-cpe,ven,1,3
16887,tervencpe,ter-ven-cpe,cpe,2,3
16888,tervlimau,ter-vli-mau,ter,0,3
16889,tervlimau,ter-vli-mau,vli,1,3
16890,tervlimau,ter-vli-mau,mau,2,3
16891,terxa'a,ter-xa'a,ter,0,2
16892,terxa'a,ter-xa'a,xa'a,1,2
16893,terxra,ter-xra,ter,0,2
16894,terxra,ter-xra,xra,1,2
16895,teryra'i,ter-ra'i,ter,0,2
16896,teryra'i,ter-ra'i,ra'i,1,2
16897,teryranmi,ter-ranmi,ter,0,2
16898,teryranmi,ter-ranmi,ranmi,1,2
16899,teryrei,ter-rei,ter,0,2
16900,teryrei,ter-rei,rei,1,2
16901,teryru'e,ter-ru'e,ter,0,2
16902,teryru'e,ter-ru'e,ru'e,1,2
16903,terzai,ter-zai,ter,0,2
16904,terzai,ter-zai,zai,1,2
16905,terzba,ter-zba,ter,0,2
16906,terzba,ter-zba,zba,1,2
16907,terzu'e,ter-zu'e,ter,0,2
16908,terzu'e,ter-zu'e,zu'e,1,2
16909,terzukcau,ter-zuk-cau,ter,0,3
16910,terzukcau,ter-zuk-cau,zuk,1,3
16911,terzukcau,ter-zuk-cau,cau,2,3
16912,ti'icki,ti'i-cki,ti'i,0,2
16913,ti'icki,ti'i-cki,cki,1,2
16914,ti'ifla,ti'i-fla,ti'i,0,2
16915,ti'ifla,ti'i-fla,fla,1,2
16916,ti'ocpi,ti'o-cpi,ti'o,0,2
16917,ti'ocpi,ti'o-cpi,cpi,1,2
16918,ti'ortai,ti'o-tai,ti'o,0,2
16919,ti'ortai,ti'o-tai,tai,1,2
16920,ti'ortai,ti'o-tai,ti'o,0,2
16921,ti'ortai,ti'o-tai,tai,1,2
16922,tibmli,tib-mli,tib,0,2
16923,tibmli,tib-mli,mli,1,2
16924,ticlei,tic-lei,tic,0,2
16925,ticlei,tic-lei,lei,1,2
16926,tictoi,tic-toi,tic,0,2
16927,tictoi,tic-toi,toi,1,2
16928,ticycfi,tic-cfi,tic,0,2
16929,ticycfi,tic-cfi,cfi,1,2
16930,ticygau,tic-gau,tic,0,2
16931,ticygau,tic-gau,gau,1,2
16932,ticysakta,tic-sakta,tic,0,2
16933,ticysakta,tic-sakta,sakta,1,2
16934,ticysku,tic-sku,tic,0,2
16935,ticysku,tic-sku,sku,1,2
16936,ticyzu'e,tic-zu'e,tic,0,2
16937,ticyzu'e,tic-zu'e,zu'e,1,2
16938,tidgau,tid-gau,tid,0,2
16939,tidgau,tid-gau,gau,1,2
16940,tidnandu,tid-nandu,tid,0,2
16941,tidnandu,tid-nandu,nandu,1,2
16942,ti'icki,ti'i-cki,ti'i,0,2
16943,ti'icki,ti'i-cki,cki,1,2
16944,tidycu'i,tid-cu'i,tid,0,2
16945,tidycu'i,tid-cu'i,cu'i,1,2
16946,tidyka'e,tid-ka'e,tid,0,2
16947,tidyka'e,tid-ka'e,ka'e,1,2
16948,tidysku,tid-sku,tid,0,2
16949,tidysku,tid-sku,sku,1,2
16950,tidzga,tid-zga,tid,0,2
16951,tidzga,tid-zga,zga,1,2
16952,tifstu,tif-stu,tif,0,2
16953,tifstu,tif-stu,stu,1,2
16954,tiftce,tif-tce,tif,0,2
16955,tiftce,tif-tce,tce,1,2
16956,tifyzva,tif-zva,tif,0,2
16957,tifyzva,tif-zva,zva,1,2
16958,tigdansu,tig-dansu,tig,0,2
16959,tigdansu,tig-dansu,dansu,1,2
16960,tigrigni,tig-rigni,tig,0,2
16961,tigrigni,tig-rigni,rigni,1,2
16962,tigygau,tig-gau,tig,0,2
16963,tigygau,tig-gau,gau,1,2
16964,tigypre,tig-pre,tig,0,2
16965,tigypre,tig-pre,pre,1,2
16966,tikygau,tik-gau,tik,0,2
16967,tikygau,tik-gau,gau,1,2
16968,tilcau,til-cau,til,0,2
16969,tilcau,til-cau,cau,1,2
16970,tilcfu,til-cfu,til,0,2
16971,tilcfu,til-cfu,cfu,1,2
16972,tilga'e,til-ga'e,til,0,2
16973,tilga'e,til-ga'e,ga'e,1,2
16974,tilmau,til-mau,til,0,2
16975,tilmau,til-mau,mau,1,2
16976,tilsku,til-sku,til,0,2
16977,tilsku,til-sku,sku,1,2
16978,tilsmu,til-smu,til,0,2
16979,tilsmu,til-smu,smu,1,2
16980,tiltcu,til-tcu,til,0,2
16981,tiltcu,til-tcu,tcu,1,2
16982,timymo'a,tim-mo'a,tim,0,2
16983,timymo'a,tim-mo'a,mo'a,1,2
16984,tinble,tin-ble,tin,0,2
16985,tinble,tin-ble,ble,1,2
16986,tinca'a,tin-ca'a,tin,0,2
16987,tinca'a,tin-ca'a,ca'a,1,2
16988,tingli,tin-gli,tin,0,2
16989,tingli,tin-gli,gli,1,2
16990,tinju'i,tin-ju'i,tin,0,2
16991,tinju'i,tin-ju'i,ju'i,1,2
16992,tinlei,tin-lei,tin,0,2
16993,tinlei,tin-lei,lei,1,2
16994,tinsyple,tins-ple,tins,0,2
16995,tinsyple,tins-ple,ple,1,2
16996,tinynalka'e,tin-nal-ka'e,tin,0,3
16997,tinynalka'e,tin-nal-ka'e,nal,1,3
16998,tinynalka'e,tin-nal-ka'e,ka'e,2,3
16999,tinzga,tin-zga,tin,0,2
17000,tinzga,tin-zga,zga,1,2
17001,tipfau,tip-fau,tip,0,2
17002,tipfau,tip-fau,fau,1,2
17003,tipyboi,tip-boi,tip,0,2
17004,tipyboi,tip-boi,boi,1,2
17005,tipyboiselkei,tip-boi-sel-kei,tip,0,4
17006,tipyboiselkei,tip-boi-sel-kei,boi,1,4
17007,tipyboiselkei,tip-boi-sel-kei,sel,2,4
17008,tipyboiselkei,tip-boi-sel-kei,kei,3,4
17009,tisnanba,tis-nanba,tis,0,2
17010,tisnanba,tis-nanba,nanba,1,2
17011,tisygau,tis-gau,tis,0,2
17012,tisygau,tis-gau,gau,1,2
17013,tisyse'a,tis-se'a,tis,0,2
17014,tisyse'a,tis-se'a,se'a,1,2
17015,tisyzu'e,tis-zu'e,tis,0,2
17016,tisyzu'e,tis-zu'e,zu'e,1,2
17017,titnanba,tit-nanba,tit,0,2
17018,titnanba,tit-nanba,nanba,1,2
17019,titnanba,tit-nanba,tit,0,2
17020,titnanba,tit-nanba,nanba,1,2
17021,titsa'a,tit-sa'a,tit,0,2
17022,titsa'a,tit-sa'a,sa'a,1,2
17023,titselpa'i,tit-sel-pa'i,tit,0,3
17024,titselpa'i,tit-sel-pa'i,sel,1,3
17025,titselpa'i,tit-sel-pa'i,pa'i,2,3
17026,tivyca'a,tiv-ca'a,tiv,0,2
17027,tivyca'a,tiv-ca'a,ca'a,1,2
17028,tivdraci,tiv-draci,tiv,0,2
17029,tivdraci,tiv-draci,draci,1,2
17030,tivyca'a,tiv-ca'a,tiv,0,2
17031,tivyca'a,tiv-ca'a,ca'a,1,2
17032,tivyskina,tiv-skina,tiv,0,2
17033,tivyskina,tiv-skina,skina,1,2
17034,tizyseltse,tiz-sel-tse,tiz,0,3
17035,tizyseltse,tiz-sel-tse,sel,1,3
17036,tizyseltse,tiz-sel-tse,tse,2,3
17037,tizyxi'u,tiz-xi'u,tiz,0,2
17038,tizyxi'u,tiz-xi'u,xi'u,1,2
17039,to'acfa,to'a-cfa,to'a,0,2
17040,to'acfa,to'a-cfa,cfa,1,2
17041,to'acru,to'a-cru,to'a,0,2
17042,to'acru,to'a-cru,cru,1,2
17043,to'apra,to'a-pra,to'a,0,2
17044,to'apra,to'a-pra,pra,1,2
17045,to'asli,to'a-sli,to'a,0,2
17046,to'asli,to'a-sli,sli,1,2
17047,to'asti,to'a-sti,to'a,0,2
17048,to'asti,to'a-sti,sti,1,2
17049,to'asto,to'a-sto,to'a,0,2
17050,to'asto,to'a-sto,sto,1,2
17051,to'atco,to'a-tco,to'a,0,2
17052,to'atco,to'a-tco,tco,1,2
17053,tocnunpe'i,toc-nun-pe'i,toc,0,3
17054,tocnunpe'i,toc-nun-pe'i,nun,1,3
17055,tocnunpe'i,toc-nun-pe'i,pe'i,2,3
17056,tocrai,toc-rai,toc,0,2
17057,tocrai,toc-rai,rai,1,2
17058,toctau,toc-tau,toc,0,2
17059,toctau,toc-tau,tau,1,2
17060,tocterdu'a,toc-ter-du'a,toc,0,3
17061,tocterdu'a,toc-ter-du'a,ter,1,3
17062,tocterdu'a,toc-ter-du'a,du'a,2,3
17063,todykalte,tod-kalte,tod,0,2
17064,todykalte,tod-kalte,kalte,1,2
17065,togdicra,tog-dicra,tog,0,2
17066,togdicra,tog-dicra,dicra,1,2
17067,togra'ijmavra,tog-ra'i-jma-vra,tog,0,4
17068,togra'ijmavra,tog-ra'i-jma-vra,ra'i,1,4
17069,togra'ijmavra,tog-ra'i-jma-vra,jma,2,4
17070,togra'ijmavra,tog-ra'i-jma-vra,vra,3,4
17071,togyci'e,tog-ci'e,tog,0,2
17072,togyci'e,tog-ci'e,ci'e,1,2
17073,togycnesli,tog-cne-sli,tog,0,3
17074,togycnesli,tog-cne-sli,cne,1,3
17075,togycnesli,tog-cne-sli,sli,2,3
17076,togykaigri,tog-kai-gri,tog,0,3
17077,togykaigri,tog-kai-gri,kai,1,3
17078,togykaigri,tog-kai-gri,gri,2,3
17079,togystika,tog-stika,tog,0,2
17080,togystika,tog-stika,stika,1,2
17081,togytikpijne,tog-tik-pijne,tog,0,3
17082,togytikpijne,tog-tik-pijne,tik,1,3
17083,togytikpijne,tog-tik-pijne,pijne,2,3
17084,togytikpijnyvau,tog-tik-pijn-vau,tog,0,4
17085,togytikpijnyvau,tog-tik-pijn-vau,tik,1,4
17086,togytikpijnyvau,tog-tik-pijn-vau,pijn,2,4
17087,togytikpijnyvau,tog-tik-pijn-vau,vau,3,4
17088,togytikygau,tog-tik-gau,tog,0,3
17089,togytikygau,tog-tik-gau,tik,1,3
17090,togytikygau,tog-tik-gau,gau,2,3
17091,togytikyke'a,tog-tik-ke'a,tog,0,3
17092,togytikyke'a,tog-tik-ke'a,tik,1,3
17093,togytikyke'a,tog-tik-ke'a,ke'a,2,3
17094,toirca'a,toi-ca'a,toi,0,2
17095,toirca'a,toi-ca'a,ca'a,1,2
17096,toirze'a,toi-ze'a,toi,0,2
17097,toirze'a,toi-ze'a,ze'a,1,2
17098,toksoi,tok-soi,tok,0,2
17099,toksoi,tok-soi,soi,1,2
17100,toktsi,tok-tsi,tok,0,2
17101,toktsi,tok-tsi,tsi,1,2
17102,tokyjukpa,tok-jukpa,tok,0,2
17103,tokyjukpa,tok-jukpa,jukpa,1,2
17104,tolba'i,tol-ba'i,tol,0,2
17105,tolba'i,tol-ba'i,ba'i,1,2
17106,tolba'o,tol-ba'o,tol,0,2
17107,tolba'o,tol-ba'o,ba'o,1,2
17108,tolbanzu,tol-banzu,tol,0,2
17109,tolbanzu,tol-banzu,banzu,1,2
17110,tolbasna,tol-basna,tol,0,2
17111,tolbasna,tol-basna,basna,1,2
17112,tolbigri'a,tol-big-ri'a,tol,0,3
17113,tolbigri'a,tol-big-ri'a,big,1,3
17114,tolbigri'a,tol-big-ri'a,ri'a,2,3
17115,tolbilga,tol-bilga,tol,0,2
17116,tolbilga,tol-bilga,bilga,1,2
17117,tolbirti,tol-birti,tol,0,2
17118,tolbirti,tol-birti,birti,1,2
17119,tolble,tol-ble,tol,0,2
17120,tolble,tol-ble,ble,1,2
17121,tolbra,tol-bra,tol,0,2
17122,tolbra,tol-bra,bra,1,2
17123,tolbroda,tol-broda,tol,0,2
17124,tolbroda,tol-broda,broda,1,2
17125,tolcafne,tol-cafne,tol,0,2
17126,tolcafne,tol-cafne,cafne,1,2
17127,tolcanci,tol-canci,tol,0,2
17128,tolcanci,tol-canci,canci,1,2
17129,tolcando,tol-cando,tol,0,2
17130,tolcando,tol-cando,cando,1,2
17131,tolcau,tol-cau,tol,0,2
17132,tolcau,tol-cau,cau,1,2
17133,tolcre,tol-cre,tol,0,2
17134,tolcre,tol-cre,cre,1,2
17135,tolcensa,tol-censa,tol,0,2
17136,tolcensa,tol-censa,censa,1,2
17137,tolcfa,tol-cfa,tol,0,2
17138,tolcfa,tol-cfa,cfa,1,2
17139,tolci'e,tol-ci'e,tol,0,2
17140,tolci'e,tol-ci'e,ci'e,1,2
17141,tolci'i,tol-ci'i,tol,0,2
17142,tolci'i,tol-ci'i,ci'i,1,2
17143,tolci'o,tol-ci'o,tol,0,2
17144,tolci'o,tol-ci'o,ci'o,1,2
17145,tolcikna,tol-cikna,tol,0,2
17146,tolcikna,tol-cikna,cikna,1,2
17147,tolcilce,tol-cilce,tol,0,2
17148,tolcilce,tol-cilce,cilce,1,2
17149,tolcitmle,tol-cit-mle,tol,0,3
17150,tolcitmle,tol-cit-mle,cit,1,3
17151,tolcitmle,tol-cit-mle,mle,2,3
17152,tolcitnau,tol-cit-nau,tol,0,3
17153,tolcitnau,tol-cit-nau,cit,1,3
17154,tolcitnau,tol-cit-nau,nau,2,3
17155,tolcitnimtermakfa,tol-cit-nim-ter-makfa,tol,0,5
17156,tolcitnimtermakfa,tol-cit-nim-ter-makfa,cit,1,5
17157,tolcitnimtermakfa,tol-cit-nim-ter-makfa,nim,2,5
17158,tolcitnimtermakfa,tol-cit-nim-ter-makfa,ter,3,5
17159,tolcitnimtermakfa,tol-cit-nim-ter-makfa,makfa,4,5
17160,tolcitskecre,tol-cit-ske-cre,tol,0,4
17161,tolcitskecre,tol-cit-ske-cre,cit,1,4
17162,tolcitskecre,tol-cit-ske-cre,ske,2,4
17163,tolcitskecre,tol-cit-ske-cre,cre,3,4
17164,tolcla,tol-cla,tol,0,2
17165,tolcla,tol-cla,cla,1,2
17166,tolclite,tol-clite,tol,0,2
17167,tolclite,tol-clite,clite,1,2
17168,tolcme,tol-cme,tol,0,2
17169,tolcme,tol-cme,cme,1,2
17170,tolcpi,tol-cpi,tol,0,2
17171,tolcpi,tol-cpi,cpi,1,2
17172,tolcre,tol-cre,tol,0,2
17173,tolcre,tol-cre,cre,1,2
17174,tolcri,tol-cri,tol,0,2
17175,tolcri,tol-cri,cri,1,2
17176,tolcru,tol-cru,tol,0,2
17177,tolcru,tol-cru,cru,1,2
17178,tolcumla,tol-cumla,tol,0,2
17179,tolcumla,tol-cumla,cumla,1,2
17180,toldanmo,tol-danmo,tol,0,2
17181,toldanmo,tol-danmo,danmo,1,2
17182,toldapma,tol-dapma,tol,0,2
17183,toldapma,tol-dapma,dapma,1,2
17184,toldarsi,tol-darsi,tol,0,2
17185,toldarsi,tol-darsi,darsi,1,2
17186,toldicra,tol-dicra,tol,0,2
17187,toldicra,tol-dicra,dicra,1,2
17188,toldiktau,tol-dik-tau,tol,0,3
17189,toldiktau,tol-dik-tau,dik,1,3
17190,toldiktau,tol-dik-tau,tau,2,3
17191,toldji,tol-dji,tol,0,2
17192,toldji,tol-dji,dji,1,2
17193,toldju,tol-dju,tol,0,2
17194,toldju,tol-dju,dju,1,2
17195,toldra,tol-dra,tol,0,2
17196,toldra,tol-dra,dra,1,2
17197,toldri,tol-dri,tol,0,2
17198,toldri,tol-dri,dri,1,2
17199,toldu'e,tol-du'e,tol,0,2
17200,toldu'e,tol-du'e,du'e,1,2
17201,toldukti,tol-dukti,tol,0,2
17202,toldukti,tol-dukti,dukti,1,2
17203,tolfa'a,tol-fa'a,tol,0,2
17204,tolfa'a,tol-fa'a,fa'a,1,2
17205,tolfa'o,tol-fa'o,tol,0,2
17206,tolfa'o,tol-fa'o,fa'o,1,2
17207,tolfarvi,tol-farvi,tol,0,2
17208,tolfarvi,tol-farvi,farvi,1,2
17209,tolfavri'a,tol-fav-ri'a,tol,0,3
17210,tolfavri'a,tol-fav-ri'a,fav,1,3
17211,tolfavri'a,tol-fav-ri'a,ri'a,2,3
17212,tolflugau,tol-flu-gau,tol,0,3
17213,tolflugau,tol-flu-gau,flu,1,3
17214,tolflugau,tol-flu-gau,gau,2,3
17215,tolfre,tol-fre,tol,0,2
17216,tolfre,tol-fre,fre,1,2
17217,tolge'a,tol-ge'a,tol,0,2
17218,tolge'a,tol-ge'a,ge'a,1,2
17219,tolgli,tol-gli,tol,0,2
17220,tolgli,tol-gli,gli,1,2
17221,tolgu'a,tol-gu'a,tol,0,2
17222,tolgu'a,tol-gu'a,gu'a,1,2
17223,tolja'o,tol-ja'o,tol,0,2
17224,tolja'o,tol-ja'o,ja'o,1,2
17225,toljajgau,tol-jaj-gau,tol,0,3
17226,toljajgau,tol-jaj-gau,jaj,1,3
17227,toljajgau,tol-jaj-gau,gau,2,3
17228,toljbo,tol-jbo,tol,0,2
17229,toljbo,tol-jbo,jbo,1,2
17230,toljdari,tol-jdari,tol,0,2
17231,toljdari,tol-jdari,jdari,1,2
17232,toljgi,tol-jgi,tol,0,2
17233,toljgi,tol-jgi,jgi,1,2
17234,toljinsa,tol-jinsa,tol,0,2
17235,toljinsa,tol-jinsa,jinsa,1,2
17236,toljinzi,tol-jinzi,tol,0,2
17237,toljinzi,tol-jinzi,jinzi,1,2
17238,toljisygau,tol-jis-gau,tol,0,3
17239,toljisygau,tol-jis-gau,jis,1,3
17240,toljisygau,tol-jis-gau,gau,2,3
17241,toljmaji,tol-jmaji,tol,0,2
17242,toljmaji,tol-jmaji,jmaji,1,2
17243,toljmi,tol-jmi,tol,0,2
17244,toljmi,tol-jmi,jmi,1,2
17245,tolju'i,tol-ju'i,tol,0,2
17246,tolju'i,tol-ju'i,ju'i,1,2
17247,tolju'o,tol-ju'o,tol,0,2
17248,tolju'o,tol-ju'o,ju'o,1,2
17249,toljukpa,tol-jukpa,tol,0,2
17250,toljukpa,tol-jukpa,jukpa,1,2
17251,toljunri,tol-junri,tol,0,2
17252,toljunri,tol-junri,junri,1,2
17253,toljuxre,tol-juxre,tol,0,2
17254,toljuxre,tol-juxre,juxre,1,2
17255,tolka'eselylacri,tol-ka'e-sel-lacri,tol,0,4
17256,tolka'eselylacri,tol-ka'e-sel-lacri,ka'e,1,4
17257,tolka'eselylacri,tol-ka'e-sel-lacri,sel,2,4
17258,tolka'eselylacri,tol-ka'e-sel-lacri,lacri,3,4
17259,tolkansa,tol-kansa,tol,0,2
17260,tolkansa,tol-kansa,kansa,1,2
17261,tolkansi'u,tol-kan-si'u,tol,0,3
17262,tolkansi'u,tol-kan-si'u,kan,1,3
17263,tolkansi'u,tol-kan-si'u,si'u,2,3
17264,tolkargu,tol-kargu,tol,0,2
17265,tolkargu,tol-kargu,kargu,1,2
17266,tolkargyrai,tol-karg-rai,tol,0,3
17267,tolkargyrai,tol-karg-rai,karg,1,3
17268,tolkargyrai,tol-karg-rai,rai,2,3
17269,tolkla,tol-kla,tol,0,2
17270,tolkla,tol-kla,kla,1,2
17271,tolkli,tol-kli,tol,0,2
17272,tolkli,tol-kli,kli,1,2
17273,tolkligau,tol-kli-gau,tol,0,3
17274,tolkligau,tol-kli-gau,kli,1,3
17275,tolkligau,tol-kli-gau,gau,2,3
17276,tolkra,tol-kra,tol,0,2
17277,tolkra,tol-kra,kra,1,2
17278,tolku'i,tol-ku'i,tol,0,2
17279,tolku'i,tol-ku'i,ku'i,1,2
17280,tolkufra,tol-kufra,tol,0,2
17281,tolkufra,tol-kufra,kufra,1,2
17282,tolmai,tol-mai,tol,0,2
17283,tolmai,tol-mai,mai,1,2
17284,tolmalgli,tol-mal-gli,tol,0,3
17285,tolmalgli,tol-mal-gli,mal,1,3
17286,tolmalgli,tol-mal-gli,gli,2,3
17287,tolmanku,tol-manku,tol,0,2
17288,tolmanku,tol-manku,manku,1,2
17289,tolmansa,tol-mansa,tol,0,2
17290,tolmansa,tol-mansa,mansa,1,2
17291,tolmapti,tol-mapti,tol,0,2
17292,tolmapti,tol-mapti,mapti,1,2
17293,tolmarde,tol-marde,tol,0,2
17294,tolmarde,tol-marde,marde,1,2
17295,tolmifygau,tol-mif-gau,tol,0,3
17296,tolmifygau,tol-mif-gau,mif,1,3
17297,tolmifygau,tol-mif-gau,gau,2,3
17298,tolmipri,tol-mipri,tol,0,2
17299,tolmipri,tol-mipri,mipri,1,2
17300,tolmipygau,tol-mip-gau,tol,0,3
17301,tolmipygau,tol-mip-gau,mip,1,3
17302,tolmipygau,tol-mip-gau,gau,2,3
17303,tolmle,tol-mle,tol,0,2
17304,tolmle,tol-mle,mle,1,2
17305,tolmli,tol-mli,tol,0,2
17306,tolmli,tol-mli,mli,1,2
17307,tolmo'i,tol-mo'i,tol,0,2
17308,tolmo'i,tol-mo'i,mo'i,1,2
17309,tolna'o,tol-na'o,tol,0,2
17310,tolna'o,tol-na'o,na'o,1,2
17311,tolna'obau,tol-na'o-bau,tol,0,3
17312,tolna'obau,tol-na'o-bau,na'o,1,3
17313,tolna'obau,tol-na'o-bau,bau,2,3
17314,tolna'osni,tol-na'o-sni,tol,0,3
17315,tolna'osni,tol-na'o-sni,na'o,1,3
17316,tolna'osni,tol-na'o-sni,sni,2,3
17317,tolnavdai,tol-nav-dai,tol,0,3
17318,tolnavdai,tol-nav-dai,nav,1,3
17319,tolnavdai,tol-nav-dai,dai,2,3
17320,tolnei,tol-nei,tol,0,2
17321,tolnei,tol-nei,nei,1,2
17322,tolneitce,tol-nei-tce,tol,0,3
17323,tolneitce,tol-nei-tce,nei,1,3
17324,tolneitce,tol-nei-tce,tce,2,3
17325,tolni'o,tol-ni'o,tol,0,2
17326,tolni'o,tol-ni'o,ni'o,1,2
17327,tolnindai,tol-nin-dai,tol,0,3
17328,tolnindai,tol-nin-dai,nin,1,3
17329,tolnindai,tol-nin-dai,dai,2,3
17330,tolnindai,tol-nin-dai,tol,0,3
17331,tolnindai,tol-nin-dai,nin,1,3
17332,tolnindai,tol-nin-dai,dai,2,3
17333,tolno'i,tol-no'i,tol,0,2
17334,tolno'i,tol-no'i,no'i,1,2
17335,tolpa'e,tol-pa'e,tol,0,2
17336,tolpa'e,tol-pa'e,pa'e,1,2
17337,tolpajvu'e,tol-paj-vu'e,tol,0,3
17338,tolpajvu'e,tol-paj-vu'e,paj,1,3
17339,tolpajvu'e,tol-paj-vu'e,vu'e,2,3
17340,tolpante,tol-pante,tol,0,2
17341,tolpante,tol-pante,pante,1,2
17342,tolpei,tol-pei,tol,0,2
17343,tolpei,tol-pei,pei,1,2
17344,tolplixau,tol-pli-xau,tol,0,3
17345,tolplixau,tol-pli-xau,pli,1,3
17346,tolplixau,tol-pli-xau,xau,2,3
17347,tolplo,tol-plo,tol,0,2
17348,tolplo,tol-plo,plo,1,2
17349,tolpu'a,tol-pu'a,tol,0,2
17350,tolpu'a,tol-pu'a,pu'a,1,2
17351,tolpu'i,tol-pu'i,tol,0,2
17352,tolpu'i,tol-pu'i,pu'i,1,2
17353,tolra'e,tol-ra'e,tol,0,2
17354,tolra'e,tol-ra'e,ra'e,1,2
17355,tolraclybi'o,tol-racl-bi'o,tol,0,3
17356,tolraclybi'o,tol-racl-bi'o,racl,1,3
17357,tolraclybi'o,tol-racl-bi'o,bi'o,2,3
17358,tolrarna,tol-rarna,tol,0,2
17359,tolrarna,tol-rarna,rarna,1,2
17360,tolrufsu,tol-rufsu,tol,0,2
17361,tolrufsu,tol-rufsu,rufsu,1,2
17362,tolsa'u,tol-sa'u,tol,0,2
17363,tolsa'u,tol-sa'u,sa'u,1,2
17364,tolsacta'a,tol-sac-ta'a,tol,0,3
17365,tolsacta'a,tol-sac-ta'a,sac,1,3
17366,tolsacta'a,tol-sac-ta'a,ta'a,2,3
17367,tolsanji,tol-sanji,tol,0,2
17368,tolsanji,tol-sanji,sanji,1,2
17369,tolsatci,tol-satci,tol,0,2
17370,tolsatci,tol-satci,satci,1,2
17371,tolsau,tol-sau,tol,0,2
17372,tolsau,tol-sau,sau,1,2
17373,tolselbirti,tol-sel-birti,tol,0,3
17374,tolselbirti,tol-sel-birti,sel,1,3
17375,tolselbirti,tol-sel-birti,birti,2,3
17376,tolselmu'u,tol-sel-mu'u,tol,0,3
17377,tolselmu'u,tol-sel-mu'u,sel,1,3
17378,tolselmu'u,tol-sel-mu'u,mu'u,2,3
17379,tolselsmu,tol-sel-smu,tol,0,3
17380,tolselsmu,tol-sel-smu,sel,1,3
17381,tolselsmu,tol-sel-smu,smu,2,3
17382,tolselzi'e,tol-sel-zi'e,tol,0,3
17383,tolselzi'e,tol-sel-zi'e,sel,1,3
17384,tolselzi'e,tol-sel-zi'e,zi'e,2,3
17385,tolsi'a,tol-si'a,tol,0,2
17386,tolsi'a,tol-si'a,si'a,1,2
17387,tolsipna,tol-sipna,tol,0,2
17388,tolsipna,tol-sipna,sipna,1,2
17389,tolsma,tol-sma,tol,0,2
17390,tolsma,tol-sma,sma,1,2
17391,tolsmu,tol-smu,tol,0,2
17392,tolsmu,tol-smu,smu,1,2
17393,tolsnada,tol-snada,tol,0,2
17394,tolsnada,tol-snada,snada,1,2
17395,tolstace,tol-stace,tol,0,2
17396,tolstace,tol-stace,stace,1,2
17397,tolsteba,tol-steba,tol,0,2
17398,tolsteba,tol-steba,steba,1,2
17399,tolsti,tol-sti,tol,0,2
17400,tolsti,tol-sti,sti,1,2
17401,tolsto,tol-sto,tol,0,2
17402,tolsto,tol-sto,sto,1,2
17403,tolsutra,tol-sutra,tol,0,2
17404,tolsutra,tol-sutra,sutra,1,2
17405,toltai,tol-tai,tol,0,2
17406,toltai,tol-tai,tai,1,2
17407,toltce,tol-tce,tol,0,2
17408,toltce,tol-tce,tce,1,2
17409,toltceju'o,tol-tce-ju'o,tol,0,3
17410,toltceju'o,tol-tce-ju'o,tce,1,3
17411,toltceju'o,tol-tce-ju'o,ju'o,2,3
17412,tolte'a,tol-te'a,tol,0,2
17413,tolte'a,tol-te'a,te'a,1,2
17414,tolte'i,tol-te'i,tol,0,2
17415,tolte'i,tol-te'i,te'i,1,2
17416,tolte'igau,tol-te'i-gau,tol,0,3
17417,tolte'igau,tol-te'i-gau,te'i,1,3
17418,tolte'igau,tol-te'i-gau,gau,2,3
17419,tolterbasna,tol-ter-basna,tol,0,3
17420,tolterbasna,tol-ter-basna,ter,1,3
17421,tolterbasna,tol-ter-basna,basna,2,3
17422,tolterju'o,tol-ter-ju'o,tol,0,3
17423,tolterju'o,tol-ter-ju'o,ter,1,3
17424,tolterju'o,tol-ter-ju'o,ju'o,2,3
17425,tolterli'a,tol-ter-li'a,tol,0,3
17426,tolterli'a,tol-ter-li'a,ter,1,3
17427,tolterli'a,tol-ter-li'a,li'a,2,3
17428,toltiljvo,tol-til-jvo,tol,0,3
17429,toltiljvo,tol-til-jvo,til,1,3
17430,toltiljvo,tol-til-jvo,jvo,2,3
17431,toltinbe,tol-tinbe,tol,0,2
17432,toltinbe,tol-tinbe,tinbe,1,2
17433,toltsa,tol-tsa,tol,0,2
17434,toltsa,tol-tsa,tsa,1,2
17435,toltu'i,tol-tu'i,tol,0,2
17436,toltu'i,tol-tu'i,tu'i,1,2
17437,tolvai,tol-vai,tol,0,2
17438,tolvai,tol-vai,vai,1,2
17439,tolvaimlu,tol-vai-mlu,tol,0,3
17440,tolvaimlu,tol-vai-mlu,vai,1,3
17441,tolvaimlu,tol-vai-mlu,mlu,2,3
17442,tolvaipante,tol-vai-pante,tol,0,3
17443,tolvaipante,tol-vai-pante,vai,1,3
17444,tolvaipante,tol-vai-pante,pante,2,3
17445,tolvaitoltugnei,tol-vai-tol-tug-nei,tol,0,5
17446,tolvaitoltugnei,tol-vai-tol-tug-nei,vai,1,5
17447,tolvaitoltugnei,tol-vai-tol-tug-nei,tol,2,5
17448,tolvaitoltugnei,tol-vai-tol-tug-nei,tug,3,5
17449,tolvaitoltugnei,tol-vai-tol-tug-nei,nei,4,5
17450,tolvi'a,tol-vi'a,tol,0,2
17451,tolvi'a,tol-vi'a,vi'a,1,2
17452,tolvi'o,tol-vi'o,tol,0,2
17453,tolvi'o,tol-vi'o,vi'o,1,2
17454,tolvifne,tol-vifne,tol,0,2
17455,tolvifne,tol-vifne,vifne,1,2
17456,tolvlile,tol-vlile,tol,0,2
17457,tolvlile,tol-vlile,vlile,1,2
17458,tolvri,tol-vri,tol,0,2
17459,tolvri,tol-vri,vri,1,2
17460,tolvu'e,tol-vu'e,tol,0,2
17461,tolvu'e,tol-vu'e,vu'e,1,2
17462,tolxanri,tol-xanri,tol,0,2
17463,tolxanri,tol-xanri,xanri,1,2
17464,tolxau,tol-xau,tol,0,2
17465,tolxau,tol-xau,xau,1,2
17466,tolxaurai,tol-xau-rai,tol,0,3
17467,tolxaurai,tol-xau-rai,xau,1,3
17468,tolxaurai,tol-xau-rai,rai,2,3
17469,tolxautcetce,tol-xau-tce-tce,tol,0,4
17470,tolxautcetce,tol-xau-tce-tce,xau,1,4
17471,tolxautcetce,tol-xau-tce-tce,tce,2,4
17472,tolxautcetce,tol-xau-tce-tce,tce,3,4
17473,tolxu'a,tol-xu'a,tol,0,2
17474,tolxu'a,tol-xu'a,xu'a,1,2
17475,tolyla'a,tol-la'a,tol,0,2
17476,tolyla'a,tol-la'a,la'a,1,2
17477,tolyla'e,tol-la'e,tol,0,2
17478,tolyla'e,tol-la'e,la'e,1,2
17479,tolylau,tol-lau,tol,0,2
17480,tolylau,tol-lau,lau,1,2
17481,tolylaugau,tol-lau-gau,tol,0,3
17482,tolylaugau,tol-lau-gau,lau,1,3
17483,tolylaugau,tol-lau-gau,gau,2,3
17484,tolylazni,tol-lazni,tol,0,2
17485,tolylazni,tol-lazni,lazni,1,2
17486,tolyli'a,tol-li'a,tol,0,2
17487,tolyli'a,tol-li'a,li'a,1,2
17488,tolza'i,tol-za'i,tol,0,2
17489,tolza'i,tol-za'i,za'i,1,2
17490,tolzau,tol-zau,tol,0,2
17491,tolzau,tol-zau,zau,1,2
17492,tolzaupai,tol-zau-pai,tol,0,3
17493,tolzaupai,tol-zau-pai,zau,1,3
17494,tolzaupai,tol-zau-pai,pai,2,3
17495,tolzba,tol-zba,tol,0,2
17496,tolzba,tol-zba,zba,1,2
17497,tolzdi,tol-zdi,tol,0,2
17498,tolzdi,tol-zdi,zdi,1,2
17499,tolzga,tol-zga,tol,0,2
17500,tolzga,tol-zga,zga,1,2
17501,tolzi'e,tol-zi'e,tol,0,2
17502,tolzi'e,tol-zi'e,zi'e,1,2
17503,tolzi'u,tol-zi'u,tol,0,2
17504,tolzi'u,tol-zi'u,zi'u,1,2
17505,tolzva,tol-zva,tol,0,2
17506,tolzva,tol-zva,zva,1,2
17507,tondri,ton-dri,ton,0,2
17508,tondri,ton-dri,dri,1,2
17509,tondro,ton-dro,ton,0,2
17510,tondro,ton-dro,dro,1,2
17511,tongaigau,ton-gai-gau,ton,0,3
17512,tongaigau,ton-gai-gau,gai,1,3
17513,tongaigau,ton-gai-gau,gau,2,3
17514,tonkoi,ton-koi,ton,0,2
17515,tonkoi,ton-koi,koi,1,2
17516,torcla,tor-cla,tor,0,2
17517,torcla,tor-cla,cla,1,2
17518,torclu,tor-clu,tor,0,2
17519,torclu,tor-clu,clu,1,2
17520,torcrida,tor-crida,tor,0,2
17521,torcrida,tor-crida,crida,1,2
17522,tordakyxa'i,tor-dak-xa'i,tor,0,3
17523,tordakyxa'i,tor-dak-xa'i,dak,1,3
17524,tordakyxa'i,tor-dak-xa'i,xa'i,2,3
17525,tordakyxa'i,tor-dak-xa'i,tor,0,3
17526,tordakyxa'i,tor-dak-xa'i,dak,1,3
17527,tordakyxa'i,tor-dak-xa'i,xa'i,2,3
17528,torfra,tor-fra,tor,0,2
17529,torfra,tor-fra,fra,1,2
17530,torga'axa'i,tor-ga'a-xa'i,tor,0,3
17531,torga'axa'i,tor-ga'a-xa'i,ga'a,1,3
17532,torga'axa'i,tor-ga'a-xa'i,xa'i,2,3
17533,torga'axa'i,tor-ga'a-xa'i,tor,0,3
17534,torga'axa'i,tor-ga'a-xa'i,ga'a,1,3
17535,torga'axa'i,tor-ga'a-xa'i,xa'i,2,3
17536,torgau,tor-gau,tor,0,2
17537,torgau,tor-gau,gau,1,2
17538,tormau,tor-mau,tor,0,2
17539,tormau,tor-mau,mau,1,2
17540,tornunkruca,tor-nun-kruca,tor,0,3
17541,tornunkruca,tor-nun-kruca,nun,1,3
17542,tornunkruca,tor-nun-kruca,kruca,2,3
17543,torselsku,tor-sel-sku,tor,0,3
17544,torselsku,tor-sel-sku,sel,1,3
17545,torselsku,tor-sel-sku,sku,2,3
17546,tortei,tor-tei,tor,0,2
17547,tortei,tor-tei,tei,1,2
17548,torvri,tor-vri,tor,0,2
17549,torvri,tor-vri,vri,1,2
17550,toryrai,tor-rai,tor,0,2
17551,toryrai,tor-rai,rai,1,2
17552,toryre'a,tor-re'a,tor,0,2
17553,toryre'a,tor-re'a,re'a,1,2
17554,trabra,tra-bra,tra,0,2
17555,trabra,tra-bra,bra,1,2
17556,tracta,tra-cta,tra,0,2
17557,tracta,tra-cta,cta,1,2
17558,tractacte,tra-cta-cte,tra,0,3
17559,tractacte,tra-cta-cte,cta,1,3
17560,tractacte,tra-cta-cte,cte,2,3
17561,tracto,tra-cto,tra,0,2
17562,tracto,tra-cto,cto,1,2
17563,trafla,tra-fla,tra,0,2
17564,trafla,tra-fla,fla,1,2
17565,trafre,tra-fre,tra,0,2
17566,trafre,tra-fre,fre,1,2
17567,tamju'o,tam-ju'o,tam,0,2
17568,tamju'o,tam-ju'o,ju'o,1,2
17569,tramau,tra-mau,tra,0,2
17570,tramau,tra-mau,mau,1,2
17571,tramo'a,tra-mo'a,tra,0,2
17572,tramo'a,tra-mo'a,mo'a,1,2
17573,tamtadji,tam-tadji,tam,0,2
17574,tamtadji,tam-tadji,tadji,1,2
17575,tratoi,tra-toi,tra,0,2
17576,tratoi,tra-toi,toi,1,2
17577,tratygarna,trat-garna,trat,0,2
17578,tratygarna,trat-garna,garna,1,2
17579,tratykre,trat-kre,trat,0,2
17580,tratykre,trat-kre,kre,1,2
17581,travizlei,tra-viz-lei,tra,0,3
17582,travizlei,tra-viz-lei,viz,1,3
17583,travizlei,tra-viz-lei,lei,2,3
17584,travle,tra-vle,tra,0,2
17585,travle,tra-vle,vle,1,2
17586,traxersku,tra-xer-sku,tra,0,3
17587,traxersku,tra-xer-sku,xer,1,3
17588,traxersku,tra-xer-sku,sku,2,3
17589,treci'u,tre-ci'u,tre,0,2
17590,treci'u,tre-ci'u,ci'u,1,2
17591,tredei,tre-dei,tre,0,2
17592,tredei,tre-dei,dei,1,2
17593,trega'a,tre-ga'a,tre,0,2
17594,trega'a,tre-ga'a,ga'a,1,2
17595,trekurfa,tre-kurfa,tre,0,2
17596,trekurfa,tre-kurfa,kurfa,1,2
17597,tremau,tre-mau,tre,0,2
17598,tremau,tre-mau,mau,1,2
17599,trenidyparbi,tre-nid-parbi,tre,0,3
17600,trenidyparbi,tre-nid-parbi,nid,1,3
17601,trenidyparbi,tre-nid-parbi,parbi,2,3
17602,trera'i,tre-ra'i,tre,0,2
17603,trera'i,tre-ra'i,ra'i,1,2
17604,treska,tre-ska,tre,0,2
17605,treska,tre-ska,ska,1,2
17606,trice'u,tri-ce'u,tri,0,2
17607,trice'u,tri-ce'u,ce'u,1,2
17608,tridamklu,tri-dam-klu,tri,0,3
17609,tridamklu,tri-dam-klu,dam,1,3
17610,tridamklu,tri-dam-klu,klu,2,3
17611,triju'a,tri-ju'a,tri,0,2
17612,triju'a,tri-ju'a,ju'a,1,2
17613,trimau,tri-mau,tri,0,2
17614,trimau,tri-mau,mau,1,2
17615,trimli,tri-mli,tri,0,2
17616,trimli,tri-mli,mli,1,2
17617,tripindi,tri-pindi,tri,0,2
17618,tripindi,tri-pindi,pindi,1,2
17619,trisi'u,tri-si'u,tri,0,2
17620,trisi'u,tri-si'u,si'u,1,2
17621,trista,tri-sta,tri,0,2
17622,trista,tri-sta,sta,1,2
17623,triste,tri-ste,tri,0,2
17624,triste,tri-ste,ste,1,2
17625,trite'o,tri-te'o,tri,0,2
17626,trite'o,tri-te'o,te'o,1,2
17627,tritra,tri-tra,tri,0,2
17628,tritra,tri-tra,tra,1,2
17629,troble,tro-ble,tro,0,2
17630,troble,tro-ble,ble,1,2
17631,trobri,tro-bri,tro,0,2
17632,trobri,tro-bri,bri,1,2
17633,trosko,tro-sko,tro,0,2
17634,trosko,tro-sko,sko,1,2
17635,trovli,tro-vli,tro,0,2
17636,trovli,tro-vli,vli,1,2
17637,trubi'o,tru-bi'o,tru,0,2
17638,trubi'o,tru-bi'o,bi'o,1,2
17639,truci'e,tru-ci'e,tru,0,2
17640,truci'e,tru-ci'e,ci'e,1,2
17641,trugri,tru-gri,tru,0,2
17642,trugri,tru-gri,gri,1,2
17643,truja'a,tru-ja'a,tru,0,2
17644,truja'a,tru-ja'a,ja'a,1,2
17645,trukamni,tru-kamni,tru,0,2
17646,trukamni,tru-kamni,kamni,1,2
17647,trurai,tru-rai,tru,0,2
17648,trurai,tru-rai,rai,1,2
17649,truraibe'a,tru-rai-be'a,tru,0,3
17650,truraibe'a,tru-rai-be'a,rai,1,3
17651,truraibe'a,tru-rai-be'a,be'a,2,3
17652,truspe,tru-spe,tru,0,2
17653,truspe,tru-spe,spe,1,2
17654,trusragri,tru-sra-gri,tru,0,3
17655,trusragri,tru-sra-gri,sra,1,3
17656,trusragri,tru-sra-gri,gri,2,3
17657,trustizu,tru-stizu,tru,0,2
17658,trustizu,tru-stizu,stizu,1,2
17659,trutsa,tru-tsa,tru,0,2
17660,trutsa,tru-tsa,tsa,1,2
17661,truzda,tru-zda,tru,0,2
17662,truzda,tru-zda,zda,1,2
17663,truzu'e,tru-zu'e,tru,0,2
17664,truzu'e,tru-zu'e,zu'e,1,2
17665,tsabi'e,tsa-bi'e,tsa,0,2
17666,tsabi'e,tsa-bi'e,bi'e,1,2
17667,tsabre,tsa-bre,tsa,0,2
17668,tsabre,tsa-bre,bre,1,2
17669,tsabu'u,tsa-bu'u,tsa,0,2
17670,tsabu'u,tsa-bu'u,bu'u,1,2
17671,tsacinla,tsa-cinla,tsa,0,2
17672,tsacinla,tsa-cinla,cinla,1,2
17673,tsacta,tsa-cta,tsa,0,2
17674,tsacta,tsa-cta,cta,1,2
17675,tsamau,tsa-mau,tsa,0,2
17676,tsamau,tsa-mau,mau,1,2
17677,tsame'a,tsa-me'a,tsa,0,2
17678,tsame'a,tsa-me'a,me'a,1,2
17679,tsapyvu'i,tsap-vu'i,tsap,0,2
17680,tsapyvu'i,tsap-vu'i,vu'i,1,2
17681,tsarai,tsa-rai,tsa,0,2
17682,tsarai,tsa-rai,rai,1,2
17683,tsaratki'i,tsa-rat-ki'i,tsa,0,3
17684,tsaratki'i,tsa-rat-ki'i,rat,1,3
17685,tsaratki'i,tsa-rat-ki'i,ki'i,2,3
17686,tsatra,tsa-tra,tsa,0,2
17687,tsatra,tsa-tra,tra,1,2
17688,tsaze'a,tsa-ze'a,tsa,0,2
17689,tsaze'a,tsa-ze'a,ze'a,1,2
17690,tsebi'o,tse-bi'o,tse,0,2
17691,tsebi'o,tse-bi'o,bi'o,1,2
17692,tsedze,tse-dze,tse,0,2
17693,tsedze,tse-dze,dze,1,2
17694,tsejbi,tse-jbi,tse,0,2
17695,tsejbi,tse-jbi,jbi,1,2
17696,tsekansa,tse-kansa,tse,0,2
17697,tsekansa,tse-kansa,kansa,1,2
17698,tsela'i,tse-la'i,tse,0,2
17699,tsela'i,tse-la'i,la'i,1,2
17700,tsespo,tse-spo,tse,0,2
17701,tsespo,tse-spo,spo,1,2
17702,tsifai,tsi-fai,tsi,0,2
17703,tsifai,tsi-fai,fai,1,2
17704,tsifaigau,tsi-fai-gau,tsi,0,3
17705,tsifaigau,tsi-fai-gau,fai,1,3
17706,tsifaigau,tsi-fai-gau,gau,2,3
17707,tsipe'a,tsi-pe'a,tsi,0,2
17708,tsipe'a,tsi-pe'a,pe'a,1,2
17709,tsipejgau,tsi-pej-gau,tsi,0,3
17710,tsipejgau,tsi-pej-gau,pej,1,3
17711,tsipejgau,tsi-pej-gau,gau,2,3
17712,tsise'a,tsi-se'a,tsi,0,2
17713,tsise'a,tsi-se'a,se'a,1,2
17714,tsispa,tsi-spa,tsi,0,2
17715,tsispa,tsi-spa,spa,1,2
17716,tsubu'u,tsu-bu'u,tsu,0,2
17717,tsubu'u,tsu-bu'u,bu'u,1,2
17718,tsudegji,tsu-degji,tsu,0,2
17719,tsudegji,tsu-degji,degji,1,2
17720,tsugrusi,tsu-grusi,tsu,0,2
17721,tsugrusi,tsu-grusi,grusi,1,2
17722,tsule'u,tsu-le'u,tsu,0,2
17723,tsule'u,tsu-le'u,le'u,1,2
17724,tsupre,tsu-pre,tsu,0,2
17725,tsupre,tsu-pre,pre,1,2
17726,tu'ucra,tu'u-cra,tu'u,0,2
17727,tu'ucra,tu'u-cra,cra,1,2
17728,tu'unre'e,tu'u-re'e,tu'u,0,2
17729,tu'unre'e,tu'u-re'e,re'e,1,2
17730,tu'urjesni,tu'u-jesni,tu'u,0,2
17731,tu'urjesni,tu'u-jesni,jesni,1,2
17732,tubyti'u,tub-ti'u,tub,0,2
17733,tubyti'u,tub-ti'u,ti'u,1,2
17734,tugysi'u,tug-si'u,tug,0,2
17735,tugysi'u,tug-si'u,si'u,1,2
17736,tuksle,tuk-sle,tuk,0,2
17737,tuksle,tuk-sle,sle,1,2
17738,tulcko,tul-cko,tul,0,2
17739,tulcko,tul-cko,cko,1,2
17740,tulcti,tul-cti,tul,0,2
17741,tulcti,tul-cti,cti,1,2
17742,tupyga'u,tup-ga'u,tup,0,2
17743,tupyga'u,tup-ga'u,ga'u,1,2
17744,tupygapru,tup-gapru,tup,0,2
17745,tupygapru,tup-gapru,gapru,1,2
17746,tulpinxe,tul-pinxe,tul,0,2
17747,tulpinxe,tul-pinxe,pinxe,1,2
17748,tumcau,tum-cau,tum,0,2
17749,tumcau,tum-cau,cau,1,2
17750,tumdesku,tum-desku,tum,0,2
17751,tumdesku,tum-desku,desku,1,2
17752,tumplita,tum-plita,tum,0,2
17753,tumplita,tum-plita,plita,1,2
17754,tundra,tun-dra,tun,0,2
17755,tundra,tun-dra,dra,1,2
17756,tungau,tun-gau,tun,0,2
17757,tungau,tun-gau,gau,1,2
17758,tunguska,tun-guska,tun,0,2
17759,tunguska,tun-guska,guska,1,2
17760,tunterfratoi,tun-ter-fra-toi,tun,0,4
17761,tunterfratoi,tun-ter-fra-toi,ter,1,4
17762,tunterfratoi,tun-ter-fra-toi,fra,2,4
17763,tunterfratoi,tun-ter-fra-toi,toi,3,4
17764,tunvra,tun-vra,tun,0,2
17765,tunvra,tun-vra,vra,1,2
17766,tunzu'e,tun-zu'e,tun,0,2
17767,tunzu'e,tun-zu'e,zu'e,1,2
17768,tupcurnu,tup-curnu,tup,0,2
17769,tupcurnu,tup-curnu,curnu,1,2
17770,tupcutci,tup-cutci,tup,0,2
17771,tupcutci,tup-cutci,cutci,1,2
17772,tupyga'u,tup-ga'u,tup,0,2
17773,tupyga'u,tup-ga'u,ga'u,1,2
17774,tupygapru,tup-gapru,tup,0,2
17775,tupygapru,tup-gapru,gapru,1,2
17776,turska,tur-ska,tur,0,2
17777,turska,tur-ska,ska,1,2
17778,tutske,tut-ske,tut,0,2
17779,tutske,tut-ske,ske,1,2
17780,tutytu'a,tut-tu'a,tut,0,2
17781,tutytu'a,tut-tu'a,tu'a,1,2
17782,turzba,tur-zba,tur,0,2
17783,turzba,tur-zba,zba,1,2
17784,tutytu'a,tut-tu'a,tut,0,2
17785,tutytu'a,tut-tu'a,tu'a,1,2
17786,vaxyba'u,vax-ba'u,vax,0,2
17787,vaxyba'u,vax-ba'u,ba'u,1,2
17788,vacmurse,vac-murse,vac,0,2
17789,vacmurse,vac-murse,murse,1,2
17790,vacpru,vac-pru,vac,0,2
17791,vacpru,vac-pru,pru,1,2
17792,vacysai,vac-sai,vac,0,2
17793,vacysai,vac-sai,sai,1,2
17794,vaicre,vai-cre,vai,0,2
17795,vaicre,vai-cre,cre,1,2
17796,vajba'u,vaj-ba'u,vaj,0,2
17797,vajba'u,vaj-ba'u,ba'u,1,2
17798,vaikla,vai-kla,vai,0,2
17799,vaikla,vai-kla,kla,1,2
17800,vairci'a,vai-ci'a,vai,0,2
17801,vairci'a,vai-ci'a,ci'a,1,2
17802,vairfrica,vai-frica,vai,0,2
17803,vairfrica,vai-frica,frica,1,2
17804,vairselfi'i,vai-sel-fi'i,vai,0,3
17805,vairselfi'i,vai-sel-fi'i,sel,1,3
17806,vairselfi'i,vai-sel-fi'i,fi'i,2,3
17807,vairxu'a,vai-xu'a,vai,0,2
17808,vairxu'a,vai-xu'a,xu'a,1,2
17809,vaivla,vai-vla,vai,0,2
17810,vaivla,vai-vla,vla,1,2
17811,vaizma,vai-zma,vai,0,2
17812,vaizma,vai-zma,zma,1,2
17813,vajba'u,vaj-ba'u,vaj,0,2
17814,vajba'u,vaj-ba'u,ba'u,1,2
17815,vajnuzba,vaj-nuzba,vaj,0,2
17816,vajnuzba,vaj-nuzba,nuzba,1,2
17817,vajrai,vaj-rai,vaj,0,2
17818,vajrai,vaj-rai,rai,1,2
17819,valkrakemba'uslepoimi'u,val-kra-kem-ba'u-sle-poi-mi'u,val,0,7
17820,valkrakemba'uslepoimi'u,val-kra-kem-ba'u-sle-poi-mi'u,kra,1,7
17821,valkrakemba'uslepoimi'u,val-kra-kem-ba'u-sle-poi-mi'u,kem,2,7
17822,valkrakemba'uslepoimi'u,val-kra-kem-ba'u-sle-poi-mi'u,ba'u,3,7
17823,valkrakemba'uslepoimi'u,val-kra-kem-ba'u-sle-poi-mi'u,sle,4,7
17824,valkrakemba'uslepoimi'u,val-kra-kem-ba'u-sle-poi-mi'u,poi,5,7
17825,valkrakemba'uslepoimi'u,val-kra-kem-ba'u-sle-poi-mi'u,mi'u,6,7
17826,valkrakemyzunsnami'u,val-kra-kem-zun-sna-mi'u,val,0,6
17827,valkrakemyzunsnami'u,val-kra-kem-zun-sna-mi'u,kra,1,6
17828,valkrakemyzunsnami'u,val-kra-kem-zun-sna-mi'u,kem,2,6
17829,valkrakemyzunsnami'u,val-kra-kem-zun-sna-mi'u,zun,3,6
17830,valkrakemyzunsnami'u,val-kra-kem-zun-sna-mi'u,sna,4,6
17831,valkrakemyzunsnami'u,val-kra-kem-zun-sna-mi'u,mi'u,5,6
17832,vamselne'u,vam-sel-ne'u,vam,0,3
17833,vamselne'u,vam-sel-ne'u,sel,1,3
17834,vamselne'u,vam-sel-ne'u,ne'u,2,3
17835,vanjba,van-jba,van,0,2
17836,vanjba,van-jba,jba,1,2
17837,vanjikru,van-jikru,van,0,2
17838,vanjikru,van-jikru,jikru,1,2
17839,vanselminra,van-sel-minra,van,0,3
17840,vanselminra,van-sel-minra,sel,1,3
17841,vanselminra,van-sel-minra,minra,2,3
17842,vansiclei,van-sic-lei,van,0,3
17843,vansiclei,van-sic-lei,sic,1,3
17844,vansiclei,van-sic-lei,lei,2,3
17845,vanynei,van-nei,van,0,2
17846,vanynei,van-nei,nei,1,2
17847,varcinta,var-cinta,var,0,2
17848,varcinta,var-cinta,cinta,1,2
17849,vardarska,var-dar-ska,var,0,3
17850,vardarska,var-dar-ska,dar,1,3
17851,vardarska,var-dar-ska,ska,2,3
17852,vardirsna,var-dir-sna,var,0,3
17853,vardirsna,var-dir-sna,dir,1,3
17854,vardirsna,var-dir-sna,sna,2,3
17855,varjei,var-jei,var,0,2
17856,varjei,var-jei,jei,1,2
17857,varki'evinji,var-ki'e-vinji,var,0,3
17858,varki'evinji,var-ki'e-vinji,ki'e,1,3
17859,varki'evinji,var-ki'e-vinji,vinji,2,3
17860,varmuvmi'i,var-muv-mi'i,var,0,3
17861,varmuvmi'i,var-muv-mi'i,muv,1,3
17862,varmuvmi'i,var-muv-mi'i,mi'i,2,3
17863,varselclu,var-sel-clu,var,0,3
17864,varselclu,var-sel-clu,sel,1,3
17865,varselclu,var-sel-clu,clu,2,3
17866,varsenta,var-senta,var,0,2
17867,varsenta,var-senta,senta,1,2
17868,vardaski,var-daski,var,0,2
17869,vardaski,var-daski,daski,1,2
17870,varsle,var-sle,var,0,2
17871,varsle,var-sle,sle,1,2
17872,varsoi,var-soi,var,0,2
17873,varsoi,var-soi,soi,1,2
17874,varxamsi,var-xamsi,var,0,2
17875,varxamsi,var-xamsi,xamsi,1,2
17876,varzunsna,var-zun-sna,var,0,3
17877,varzunsna,var-zun-sna,zun,1,3
17878,varzunsna,var-zun-sna,sna,2,3
17879,vasta'u,vas-ta'u,vas,0,2
17880,vasta'u,vas-ta'u,ta'u,1,2
17881,vasta'u,vas-ta'u,vas,0,2
17882,vasta'u,vas-ta'u,ta'u,1,2
17883,vatcni,vat-cni,vat,0,2
17884,vatcni,vat-cni,cni,1,2
17885,vatska,vat-ska,vat,0,2
17886,vatska,vat-ska,ska,1,2
17887,vatygau,vat-gau,vat,0,2
17888,vatygau,vat-gau,gau,1,2
17889,vaurgau,vau-gau,vau,0,2
17890,vaurgau,vau-gau,gau,1,2
17891,vaxnabmi,vax-nabmi,vax,0,2
17892,vaxnabmi,vax-nabmi,nabmi,1,2
17893,vaxsenta,vax-senta,vax,0,2
17894,vaxsenta,vax-senta,senta,1,2
17895,vaxtu'o,vax-tu'o,vax,0,2
17896,vaxtu'o,vax-tu'o,tu'o,1,2
17897,vaxtu'upau,vax-tu'u-pau,vax,0,3
17898,vaxtu'upau,vax-tu'u-pau,tu'u,1,3
17899,vaxtu'upau,vax-tu'u-pau,pau,2,3
17900,vaxycau,vax-cau,vax,0,2
17901,vaxycau,vax-cau,cau,1,2
17902,vaxygapci,vax-gapci,vax,0,2
17903,vaxygapci,vax-gapci,gapci,1,2
17904,vaxyke'a,vax-ke'a,vax,0,2
17905,vaxyke'a,vax-ke'a,ke'a,1,2
17906,vaxyvelru'e,vax-vel-ru'e,vax,0,3
17907,vaxyvelru'e,vax-vel-ru'e,vel,1,3
17908,vaxyvelru'e,vax-vel-ru'e,ru'e,2,3
17909,vazyjbe,vaz-jbe,vaz,0,2
17910,vazyjbe,vaz-jbe,jbe,1,2
17911,vazyki'u,vaz-ki'u,vaz,0,2
17912,vazyki'u,vaz-ki'u,ki'u,1,2
17913,vefsfa,vef-sfa,vef,0,2
17914,vefsfa,vef-sfa,sfa,1,2
17915,vefydji,vef-dji,vef,0,2
17916,vefydji,vef-dji,dji,1,2
17917,veirci'a,vei-ci'a,vei,0,2
17918,veirci'a,vei-ci'a,ci'a,1,2
17919,veitci,vei-tci,vei,0,2
17920,veitci,vei-tci,tci,1,2
17921,velbarja,vel-barja,vel,0,2
17922,velbarja,vel-barja,barja,1,2
17923,velbe'e,vel-be'e,vel,0,2
17924,velbe'e,vel-be'e,be'e,1,2
17925,velbinryve'u,vel-binr-ve'u,vel,0,3
17926,velbinryve'u,vel-binr-ve'u,binr,1,3
17927,velbinryve'u,vel-binr-ve'u,ve'u,2,3
17928,velci'e,vel-ci'e,vel,0,2
17929,velci'e,vel-ci'e,ci'e,1,2
17930,velcki,vel-cki,vel,0,2
17931,velcki,vel-cki,cki,1,2
17932,velcki,vel-cki,vel,0,2
17933,velcki,vel-cki,cki,1,2
17934,velcku,vel-cku,vel,0,2
17935,velcku,vel-cku,cku,1,2
17936,velcro,vel-cro,vel,0,2
17937,velcro,vel-cro,cro,1,2
17938,veljbe,vel-jbe,vel,0,2
17939,veljbe,vel-jbe,jbe,1,2
17940,velji'a,vel-ji'a,vel,0,2
17941,velji'a,vel-ji'a,ji'a,1,2
17942,velji'i,vel-ji'i,vel,0,2
17943,velji'i,vel-ji'i,ji'i,1,2
17944,veljinku,vel-jinku,vel,0,2
17945,veljinku,vel-jinku,jinku,1,2
17946,velju'o,vel-ju'o,vel,0,2
17947,velju'o,vel-ju'o,ju'o,1,2
17948,veljvi,vel-jvi,vel,0,2
17949,veljvi,vel-jvi,jvi,1,2
17950,veljvo,vel-jvo,vel,0,2
17951,veljvo,vel-jvo,jvo,1,2
17952,velkanji,vel-kanji,vel,0,2
17953,velkanji,vel-kanji,kanji,1,2
17954,velkemprema'e,vel-kem-pre-ma'e,vel,0,4
17955,velkemprema'e,vel-kem-pre-ma'e,kem,1,4
17956,velkemprema'e,vel-kem-pre-ma'e,pre,2,4
17957,velkemprema'e,vel-kem-pre-ma'e,ma'e,3,4
17958,velkla,vel-kla,vel,0,2
17959,velkla,vel-kla,kla,1,2
17960,velklali'i,vel-kla-li'i,vel,0,3
17961,velklali'i,vel-kla-li'i,kla,1,3
17962,velklali'i,vel-kla-li'i,li'i,2,3
17963,velma'e,vel-ma'e,vel,0,2
17964,velma'e,vel-ma'e,ma'e,1,2
17965,velma'ekla,vel-ma'e-kla,vel,0,3
17966,velma'ekla,vel-ma'e-kla,ma'e,1,3
17967,velma'ekla,vel-ma'e-kla,kla,2,3
17968,velma'epre,vel-ma'e-pre,vel,0,3
17969,velma'epre,vel-ma'e-pre,ma'e,1,3
17970,velma'epre,vel-ma'e-pre,pre,2,3
17971,velma'erai,vel-ma'e-rai,vel,0,3
17972,velma'erai,vel-ma'e-rai,ma'e,1,3
17973,velma'erai,vel-ma'e-rai,rai,2,3
17974,velmicyzai,vel-mic-zai,vel,0,3
17975,velmicyzai,vel-mic-zai,mic,1,3
17976,velmicyzai,vel-mic-zai,zai,2,3
17977,velmikce,vel-mikce,vel,0,2
17978,velmikce,vel-mikce,mikce,1,2
17979,velminmo'a,vel-min-mo'a,vel,0,3
17980,velminmo'a,vel-min-mo'a,min,1,3
17981,velminmo'a,vel-min-mo'a,mo'a,2,3
17982,velmirmo'a,vel-mir-mo'a,vel,0,3
17983,velmirmo'a,vel-mir-mo'a,mir,1,3
17984,velmirmo'a,vel-mir-mo'a,mo'a,2,3
17985,velmirsna,vel-mir-sna,vel,0,3
17986,velmirsna,vel-mir-sna,mir,1,3
17987,velmirsna,vel-mir-sna,sna,2,3
17988,velmle,vel-mle,vel,0,2
17989,velmle,vel-mle,mle,1,2
17990,velnarge,vel-narge,vel,0,2
17991,velnarge,vel-narge,narge,1,2
17992,velne'u,vel-ne'u,vel,0,2
17993,velne'u,vel-ne'u,ne'u,1,2
17994,velnoi,vel-noi,vel,0,2
17995,velnoi,vel-noi,noi,1,2
17996,velpemci,vel-pemci,vel,0,2
17997,velpemci,vel-pemci,pemci,1,2
17998,velylu'a,vel-lu'a,vel,0,2
17999,velylu'a,vel-lu'a,lu'a,1,2
18000,velre'e,vel-re'e,vel,0,2
18001,velre'e,vel-re'e,re'e,1,2
18002,velrei,vel-rei,vel,0,2
18003,velrei,vel-rei,rei,1,2
18004,velrimni,vel-rimni,vel,0,2
18005,velrimni,vel-rimni,rimni,1,2
18006,velru'e,vel-ru'e,vel,0,2
18007,velru'e,vel-ru'e,ru'e,1,2
18008,velsfazda,vel-sfa-zda,vel,0,3
18009,velsfazda,vel-sfa-zda,sfa,1,3
18010,velsfazda,vel-sfa-zda,zda,2,3
18011,velski,vel-ski,vel,0,2
18012,velski,vel-ski,ski,1,2
18013,velskicau,vel-ski-cau,vel,0,3
18014,velskicau,vel-ski-cau,ski,1,3
18015,velskicau,vel-ski-cau,cau,2,3
18016,velsku,vel-sku,vel,0,2
18017,velsku,vel-sku,sku,1,2
18018,velsni,vel-sni,vel,0,2
18019,velsni,vel-sni,sni,1,2
18020,velta'a,vel-ta'a,vel,0,2
18021,velta'a,vel-ta'a,ta'a,1,2
18022,veltau,vel-tau,vel,0,2
18023,veltau,vel-tau,tau,1,2
18024,veltivni,vel-tivni,vel,0,2
18025,veltivni,vel-tivni,tivni,1,2
18026,veltu'i,vel-tu'i,vel,0,2
18027,veltu'i,vel-tu'i,tu'i,1,2
18028,velve'u,vel-ve'u,vel,0,2
18029,velve'u,vel-ve'u,ve'u,1,2
18030,velvei,vel-vei,vel,0,2
18031,velvei,vel-vei,vei,1,2
18032,velxai,vel-xai,vel,0,2
18033,velxai,vel-xai,xai,1,2
18034,velxe'o,vel-xe'o,vel,0,2
18035,velxe'o,vel-xe'o,xe'o,1,2
18036,velyla'a,vel-la'a,vel,0,2
18037,velyla'a,vel-la'a,la'a,1,2
18038,velzai,vel-zai,vel,0,2
18039,velzai,vel-zai,zai,1,2
18040,venbe'e,ven-be'e,ven,0,2
18041,venbe'e,ven-be'e,be'e,1,2
18042,vencki,ven-cki,ven,0,2
18043,vencki,ven-cki,cki,1,2
18044,vencki,ven-cki,ven,0,2
18045,vencki,ven-cki,cki,1,2
18046,vendre,ven-dre,ven,0,2
18047,vendre,ven-dre,dre,1,2
18048,venkajna,ven-kajna,ven,0,2
18049,venkajna,ven-kajna,kajna,1,2
18050,venpavmei,ven-pav-mei,ven,0,3
18051,venpavmei,ven-pav-mei,pav,1,3
18052,venpavmei,ven-pav-mei,mei,2,3
18053,vensajgau,ven-saj-gau,ven,0,3
18054,vensajgau,ven-saj-gau,saj,1,3
18055,vensajgau,ven-saj-gau,gau,2,3
18056,venski,ven-ski,ven,0,2
18057,venski,ven-ski,ski,1,2
18058,vensni,ven-sni,ven,0,2
18059,vensni,ven-sni,sni,1,2
18060,ventre,ven-tre,ven,0,2
18061,ventre,ven-tre,tre,1,2
18062,venynau,ven-nau,ven,0,2
18063,venynau,ven-nau,nau,1,2
18064,venynoi,ven-noi,ven,0,2
18065,venynoi,ven-noi,noi,1,2
18066,venzda,ven-zda,ven,0,2
18067,venzda,ven-zda,zda,1,2
18068,venzmi,ven-zmi,ven,0,2
18069,venzmi,ven-zmi,zmi,1,2
18070,verfi'i,ver-fi'i,ver,0,2
18071,verfi'i,ver-fi'i,fi'i,1,2
18072,verjipci,ver-jipci,ver,0,2
18073,verjipci,ver-jipci,jipci,1,2
18074,verku'i,ver-ku'i,ver,0,2
18075,verku'i,ver-ku'i,ku'i,1,2
18076,verla'a,ver-la'a,ver,0,2
18077,verla'a,ver-la'a,la'a,1,2
18078,verlei,ver-lei,ver,0,2
18079,verlei,ver-lei,lei,1,2
18080,vermikce,ver-mikce,ver,0,2
18081,vermikce,ver-mikce,mikce,1,2
18082,verpai,ver-pai,ver,0,2
18083,verpai,ver-pai,pai,1,2
18084,versta,ver-sta,ver,0,2
18085,versta,ver-sta,sta,1,2
18086,vertabra,ver-tabra,ver,0,2
18087,vertabra,ver-tabra,tabra,1,2
18088,vertei,ver-tei,ver,0,2
18089,vertei,ver-tei,tei,1,2
18090,vertsu,ver-tsu,ver,0,2
18091,vertsu,ver-tsu,tsu,1,2
18092,vestri,ves-tri,ves,0,2
18093,vestri,ves-tri,tri,1,2
18094,vestro,ves-tro,ves,0,2
18095,vestro,ves-tro,tro,1,2
18096,vesyspa,ves-spa,ves,0,2
18097,vesyspa,ves-spa,spa,1,2
18098,vi'adji,vi'a-dji,vi'a,0,2
18099,vi'adji,vi'a-dji,dji,1,2
18100,vi'ajmi,vi'a-jmi,vi'a,0,2
18101,vi'ajmi,vi'a-jmi,jmi,1,2
18102,vi'azga,vi'a-zga,vi'a,0,2
18103,vi'azga,vi'a-zga,zga,1,2
18104,vi'ecpe,vi'e-cpe,vi'e,0,2
18105,vi'ecpe,vi'e-cpe,cpe,1,2
18106,vi'erdi'u,vi'e-di'u,vi'e,0,2
18107,vi'erdi'u,vi'e-di'u,di'u,1,2
18108,vi'orji'e,vi'o-ji'e,vi'o,0,2
18109,vi'orji'e,vi'o-ji'e,ji'e,1,2
18110,vi'orxinmo,vi'o-xinmo,vi'o,0,2
18111,vi'orxinmo,vi'o-xinmo,xinmo,1,2
18112,vi'ozda,vi'o-zda,vi'o,0,2
18113,vi'ozda,vi'o-zda,zda,1,2
18114,vibjbi,vib-jbi,vib,0,2
18115,vibjbi,vib-jbi,jbi,1,2
18116,vicybei,vic-bei,vic,0,2
18117,vicybei,vic-bei,bei,1,2
18118,vidnyvei,vidn-vei,vidn,0,2
18119,vidnyvei,vidn-vei,vei,1,2
18120,vidnyveica'a,vidn-vei-ca'a,vidn,0,3
18121,vidnyveica'a,vidn-vei-ca'a,vei,1,3
18122,vidnyveica'a,vidn-vei-ca'a,ca'a,2,3
18123,vidnyveica'a,vidn-vei-ca'a,vidn,0,3
18124,vidnyveica'a,vidn-vei-ca'a,vei,1,3
18125,vidnyveica'a,vidn-vei-ca'a,ca'a,2,3
18126,vidypunctu,vid-pun-ctu,vid,0,3
18127,vidypunctu,vid-pun-ctu,pun,1,3
18128,vidypunctu,vid-pun-ctu,ctu,2,3
18129,vidysince,vid-since,vid,0,2
18130,vidysince,vid-since,since,1,2
18131,viflante,vif-lante,vif,0,2
18132,viflante,vif-lante,lante,1,2
18133,vijli'u,vij-li'u,vij,0,2
18134,vijli'u,vij-li'u,li'u,1,2
18135,vijyja'a,vij-ja'a,vij,0,2
18136,vijyja'a,vij-ja'a,ja'a,1,2
18137,vijykla,vij-kla,vij,0,2
18138,vijykla,vij-kla,kla,1,2
18139,vijytcana,vij-tcana,vij,0,2
18140,vijytcana,vij-tcana,tcana,1,2
18141,vikmau,vik-mau,vik,0,2
18142,vikmau,vik-mau,mau,1,2
18143,vilfe'u,vil-fe'u,vil,0,2
18144,vilfe'u,vil-fe'u,fe'u,1,2
18145,vilfenki,vil-fenki,vil,0,2
18146,vilfenki,vil-fenki,fenki,1,2
18147,vilgre,vil-gre,vil,0,2
18148,vilgre,vil-gre,gre,1,2
18149,viljenca,vil-jenca,vil,0,2
18150,viljenca,vil-jenca,jenca,1,2
18151,vilkla,vil-kla,vil,0,2
18152,vilkla,vil-kla,kla,1,2
18153,vilti'a,vil-ti'a,vil,0,2
18154,vilti'a,vil-ti'a,ti'a,1,2
18155,vilyle'a,vil-le'a,vil,0,2
18156,vilyle'a,vil-le'a,le'a,1,2
18157,vimku'a,vim-ku'a,vim,0,2
18158,vimku'a,vim-ku'a,ku'a,1,2
18159,vimni'e,vim-ni'e,vim,0,2
18160,vimni'e,vim-ni'e,ni'e,1,2
18161,vinba'o,vin-ba'o,vin,0,2
18162,vinba'o,vin-ba'o,ba'o,1,2
18163,vintra,vin-tra,vin,0,2
18164,vintra,vin-tra,tra,1,2
18165,vintro,vin-tro,vin,0,2
18166,vintro,vin-tro,tro,1,2
18167,viptru,vip-tru,vip,0,2
18168,viptru,vip-tru,tru,1,2
18169,vipyja'a,vip-ja'a,vip,0,2
18170,vipyja'a,vip-ja'a,ja'a,1,2
18171,vrikla,vri-kla,vri,0,2
18172,vrikla,vri-kla,kla,1,2
18173,virzva,vir-zva,vir,0,2
18174,virzva,vir-zva,zva,1,2
18175,visfa'i,vis-fa'i,vis,0,2
18176,visfa'i,vis-fa'i,fa'i,1,2
18177,viska'e,vis-ka'e,vis,0,2
18178,viska'e,vis-ka'e,ka'e,1,2
18179,viska'eri'a,vis-ka'e-ri'a,vis,0,3
18180,viska'eri'a,vis-ka'e-ri'a,ka'e,1,3
18181,viska'eri'a,vis-ka'e-ri'a,ri'a,2,3
18182,viska'eri'a,vis-ka'e-ri'a,vis,0,3
18183,viska'eri'a,vis-ka'e-ri'a,ka'e,1,3
18184,viska'eri'a,vis-ka'e-ri'a,ri'a,2,3
18185,viskli,vis-kli,vis,0,2
18186,viskli,vis-kli,kli,1,2
18187,visnalka'e,vis-nal-ka'e,vis,0,3
18188,visnalka'e,vis-nal-ka'e,nal,1,3
18189,visnalka'e,vis-nal-ka'e,ka'e,2,3
18190,visnarka'e,vis-nar-ka'e,vis,0,3
18191,visnarka'e,vis-nar-ka'e,nar,1,3
18192,visnarka'e,vis-nar-ka'e,ka'e,2,3
18193,visnarka'eri'a,vis-nar-ka'e-ri'a,vis,0,4
18194,visnarka'eri'a,vis-nar-ka'e-ri'a,nar,1,4
18195,visnarka'eri'a,vis-nar-ka'e-ri'a,ka'e,2,4
18196,visnarka'eri'a,vis-nar-ka'e-ri'a,ri'a,3,4
18197,visnarka'eri'a,vis-nar-ka'e-ri'a,vis,0,4
18198,visnarka'eri'a,vis-nar-ka'e-ri'a,nar,1,4
18199,visnarka'eri'a,vis-nar-ka'e-ri'a,ka'e,2,4
18200,visnarka'eri'a,vis-nar-ka'e-ri'a,ri'a,3,4
18201,visydoiborka'ogei,vis-doi-bor-ka'o-gei,vis,0,5
18202,visydoiborka'ogei,vis-doi-bor-ka'o-gei,doi,1,5
18203,visydoiborka'ogei,vis-doi-bor-ka'o-gei,bor,2,5
18204,visydoiborka'ogei,vis-doi-bor-ka'o-gei,ka'o,3,5
18205,visydoiborka'ogei,vis-doi-bor-ka'o-gei,gei,4,5
18206,visygau,vis-gau,vis,0,2
18207,visygau,vis-gau,gau,1,2
18208,vitcarvi,vit-carvi,vit,0,2
18209,vitcarvi,vit-carvi,carvi,1,2
18210,vitka'u,vit-ka'u,vit,0,2
18211,vitka'u,vit-ka'u,ka'u,1,2
18212,vizbei,viz-bei,viz,0,2
18213,vizbei,viz-bei,bei,1,2
18214,vizberti,viz-berti,viz,0,2
18215,vizberti,viz-berti,berti,1,2
18216,vizlei,viz-lei,viz,0,2
18217,vizlei,viz-lei,lei,1,2
18218,vizykla,viz-kla,viz,0,2
18219,vizykla,viz-kla,kla,1,2
18220,vizyklo,viz-klo,viz,0,2
18221,vizyklo,viz-klo,klo,1,2
18222,vizysla,viz-sla,viz,0,2
18223,vizysla,viz-sla,sla,1,2
18224,vizystu,viz-stu,viz,0,2
18225,vizystu,viz-stu,stu,1,2
18226,vizyzva,viz-zva,viz,0,2
18227,vizyzva,viz-zva,zva,1,2
18228,vlaba'i,vla-ba'i,vla,0,2
18229,vlaba'i,vla-ba'i,ba'i,1,2
18230,vlabidju,vla-bidju,vla,0,2
18231,vlabidju,vla-bidju,bidju,1,2
18232,vlabri,vla-bri,vla,0,2
18233,vlabri,vla-bri,bri,1,2
18234,vlackicku,vla-cki-cku,vla,0,3
18235,vlackicku,vla-cki-cku,cki,1,3
18236,vlackicku,vla-cki-cku,cku,2,3
18237,vlacku,vla-cku,vla,0,2
18238,vlacku,vla-cku,cku,1,2
18239,vlacpu,vla-cpu,vla,0,2
18240,vlacpu,vla-cpu,cpu,1,2
18241,vladze,vla-dze,vla,0,2
18242,vladze,vla-dze,dze,1,2
18243,vlafanva,vla-fanva,vla,0,2
18244,vlafanva,vla-fanva,fanva,1,2
18245,vlaga'i,vla-ga'i,vla,0,2
18246,vlaga'i,vla-ga'i,ga'i,1,2
18247,vlage'a,vla-ge'a,vla,0,2
18248,vlage'a,vla-ge'a,ge'a,1,2
18249,vlagri,vla-gri,vla,0,2
18250,vlagri,vla-gri,gri,1,2
18251,vlagrimu'o,vla-gri-mu'o,vla,0,3
18252,vlagrimu'o,vla-gri-mu'o,gri,1,3
18253,vlagrimu'o,vla-gri-mu'o,mu'o,2,3
18254,vlajda,vla-jda,vla,0,2
18255,vlajda,vla-jda,jda,1,2
18256,vlajvesmuste,vla-jve-smu-ste,vla,0,4
18257,vlajvesmuste,vla-jve-smu-ste,jve,1,4
18258,vlajvesmuste,vla-jve-smu-ste,smu,2,4
18259,vlajvesmuste,vla-jve-smu-ste,ste,3,4
18260,vlakei,vla-kei,vla,0,2
18261,vlakei,vla-kei,kei,1,2
18262,vlakra,vla-kra,vla,0,2
18263,vlakra,vla-kra,kra,1,2
18264,vlakrakemba'uslepoi,vla-kra-kem-ba'u-sle-poi,vla,0,6
18265,vlakrakemba'uslepoi,vla-kra-kem-ba'u-sle-poi,kra,1,6
18266,vlakrakemba'uslepoi,vla-kra-kem-ba'u-sle-poi,kem,2,6
18267,vlakrakemba'uslepoi,vla-kra-kem-ba'u-sle-poi,ba'u,3,6
18268,vlakrakemba'uslepoi,vla-kra-kem-ba'u-sle-poi,sle,4,6
18269,vlakrakemba'uslepoi,vla-kra-kem-ba'u-sle-poi,poi,5,6
18270,vlakrazunsnami'u,vla-kra-zun-sna-mi'u,vla,0,5
18271,vlakrazunsnami'u,vla-kra-zun-sna-mi'u,kra,1,5
18272,vlakrazunsnami'u,vla-kra-zun-sna-mi'u,zun,2,5
18273,vlakrazunsnami'u,vla-kra-zun-sna-mi'u,sna,3,5
18274,vlakrazunsnami'u,vla-kra-zun-sna-mi'u,mi'u,4,5
18275,vlalai,vla-lai,vla,0,2
18276,vlalai,vla-lai,lai,1,2
18277,vlalarcu,vla-larcu,vla,0,2
18278,vlalarcu,vla-larcu,larcu,1,2
18279,vlale'u,vla-le'u,vla,0,2
18280,vlale'u,vla-le'u,le'u,1,2
18281,vlali'i,vla-li'i,vla,0,2
18282,vlali'i,vla-li'i,li'i,1,2
18283,vlamarcku,vla-mar-cku,vla,0,3
18284,vlamarcku,vla-mar-cku,mar,1,3
18285,vlamarcku,vla-mar-cku,cku,2,3
18286,vlami'u,vla-mi'u,vla,0,2
18287,vlami'u,vla-mi'u,mi'u,1,2
18288,vlananla,vla-nanla,vla,0,2
18289,vlananla,vla-nanla,nanla,1,2
18290,vlanunjamna,vla-nun-jamna,vla,0,3
18291,vlanunjamna,vla-nun-jamna,nun,1,3
18292,vlanunjamna,vla-nun-jamna,jamna,2,3
18293,vlanunkei,vla-nun-kei,vla,0,3
18294,vlanunkei,vla-nun-kei,nun,1,3
18295,vlanunkei,vla-nun-kei,kei,2,3
18296,vlanunpli,vla-nun-pli,vla,0,3
18297,vlanunpli,vla-nun-pli,nun,1,3
18298,vlanunpli,vla-nun-pli,pli,2,3
18299,vlapei,vla-pei,vla,0,2
18300,vlapei,vla-pei,pei,1,2
18301,vlapoi,vla-poi,vla,0,2
18302,vlapoi,vla-poi,poi,1,2
18303,vlasatci,vla-satci,vla,0,2
18304,vlasatci,vla-satci,satci,1,2
18305,vlaselkei,vla-sel-kei,vla,0,3
18306,vlaselkei,vla-sel-kei,sel,1,3
18307,vlaselkei,vla-sel-kei,kei,2,3
18308,vlaski,vla-ski,vla,0,2
18309,vlaski,vla-ski,ski,1,2
18310,vlasle,vla-sle,vla,0,2
18311,vlasle,vla-sle,sle,1,2
18312,vlasmu,vla-smu,vla,0,2
18313,vlasmu,vla-smu,smu,1,2
18314,vlasna,vla-sna,vla,0,2
18315,vlasna,vla-sna,sna,1,2
18316,vlaste,vla-ste,vla,0,2
18317,vlaste,vla-ste,ste,1,2
18318,vlatai,vla-tai,vla,0,2
18319,vlatai,vla-tai,tai,1,2
18320,vlatercu'a,vla-ter-cu'a,vla,0,3
18321,vlatercu'a,vla-ter-cu'a,ter,1,3
18322,vlatercu'a,vla-ter-cu'a,cu'a,2,3
18323,vlatse,vla-tse,vla,0,2
18324,vlatse,vla-tse,tse,1,2
18325,vlavla,vla-vla,vla,0,2
18326,vlavla,vla-vla,vla,1,2
18327,vlaxajmi,vla-xajmi,vla,0,2
18328,vlaxajmi,vla-xajmi,xajmi,1,2
18329,vlaxra,vla-xra,vla,0,2
18330,vlaxra,vla-xra,xra,1,2
18331,vlicatxu'a,vli-cat-xu'a,vli,0,3
18332,vlicatxu'a,vli-cat-xu'a,cat,1,3
18333,vlicatxu'a,vli-cat-xu'a,xu'a,2,3
18334,vlikanji,vli-kanji,vli,0,2
18335,vlikanji,vli-kanji,kanji,1,2
18336,vliki'a,vli-ki'a,vli,0,2
18337,vliki'a,vli-ki'a,ki'a,1,2
18338,vlikla,vli-kla,vli,0,2
18339,vlikla,vli-kla,kla,1,2
18340,vlimau,vli-mau,vli,0,2
18341,vlimau,vli-mau,mau,1,2
18342,vlinybajra,vlin-bajra,vlin,0,2
18343,vlinybajra,vlin-bajra,bajra,1,2
18344,vlinybajykla,vlin-baj-kla,vlin,0,3
18345,vlinybajykla,vlin-baj-kla,baj,1,3
18346,vlinybajykla,vlin-baj-kla,kla,2,3
18347,vlinyselkau,vlin-sel-kau,vlin,0,3
18348,vlinyselkau,vlin-sel-kau,sel,1,3
18349,vlinyselkau,vlin-sel-kau,kau,2,3
18350,vlirai,vli-rai,vli,0,2
18351,vlirai,vli-rai,rai,1,2
18352,vlispe,vli-spe,vli,0,2
18353,vlispe,vli-spe,spe,1,2
18354,vlivla,vli-vla,vli,0,2
18355,vlivla,vli-vla,vla,1,2
18356,voikla,voi-kla,voi,0,2
18357,voikla,voi-kla,kla,1,2
18358,voirli'a,voi-li'a,voi,0,2
18359,voirli'a,voi-li'a,li'a,1,2
18360,voirli'u,voi-li'u,voi,0,2
18361,voirli'u,voi-li'u,li'u,1,2
18362,voizda,voi-zda,voi,0,2
18363,voizda,voi-zda,zda,1,2
18364,vokna'i,vok-na'i,vok,0,2
18365,vokna'i,vok-na'i,na'i,1,2
18366,vokselpli,vok-sel-pli,vok,0,3
18367,vokselpli,vok-sel-pli,sel,1,3
18368,vokselpli,vok-sel-pli,pli,2,3
18369,voksli,vok-sli,vok,0,2
18370,voksli,vok-sli,sli,1,2
18371,vokybe'e,vok-be'e,vok,0,2
18372,vokybe'e,vok-be'e,be'e,1,2
18373,volcukla,vol-cukla,vol,0,2
18374,volcukla,vol-cukla,cukla,1,2
18375,volfalnu,vol-falnu,vol,0,2
18376,volfalnu,vol-falnu,falnu,1,2
18377,volgau,vol-gau,vol,0,2
18378,volgau,vol-gau,gau,1,2
18379,volsazri,vol-sazri,vol,0,2
18380,volsazri,vol-sazri,sazri,1,2
18381,volselkei,vol-sel-kei,vol,0,3
18382,volselkei,vol-sel-kei,sel,1,3
18383,volselkei,vol-sel-kei,kei,2,3
18384,vondei,von-dei,von,0,2
18385,vondei,von-dei,dei,1,2
18386,vonpauselka'a,von-pau-sel-ka'a,von,0,4
18387,vonpauselka'a,von-pau-sel-ka'a,pau,1,4
18388,vonpauselka'a,von-pau-sel-ka'a,sel,2,4
18389,vonpauselka'a,von-pau-sel-ka'a,ka'a,3,4
18390,vonplini,von-plini,von,0,2
18391,vonplini,von-plini,plini,1,2
18392,vonplinyji'e,von-plin-ji'e,von,0,3
18393,vonplinyji'e,von-plin-ji'e,plin,1,3
18394,vonplinyji'e,von-plin-ji'e,ji'e,2,3
18395,vonselkoi,von-sel-koi,von,0,3
18396,vonselkoi,von-sel-koi,sel,1,3
18397,vonselkoi,von-sel-koi,koi,2,3
18398,vonselmla,von-sel-mla,von,0,3
18399,vonselmla,von-sel-mla,sel,1,3
18400,vonselmla,von-sel-mla,mla,2,3
18401,vonskosa'e,von-sko-sa'e,von,0,3
18402,vonskosa'e,von-sko-sa'e,sko,1,3
18403,vonskosa'e,von-sko-sa'e,sa'e,2,3
18404,vonskosna,von-sko-sna,von,0,3
18405,vonskosna,von-sko-sna,sko,1,3
18406,vonskosna,von-sko-sna,sna,2,3
18407,vonyna'a,von-na'a,von,0,2
18408,vonyna'a,von-na'a,na'a,1,2
18409,vrede'a,vre-de'a,vre,0,2
18410,vrede'a,vre-de'a,de'a,1,2
18411,vresraki'e,vre-sra-ki'e,vre,0,3
18412,vresraki'e,vre-sra-ki'e,sra,1,3
18413,vresraki'e,vre-sra-ki'e,ki'e,2,3
18414,vresraki'e,vre-sra-ki'e,vre,0,3
18415,vresraki'e,vre-sra-ki'e,sra,1,3
18416,vresraki'e,vre-sra-ki'e,ki'e,2,3
18417,vriba'i,vri-ba'i,vri,0,2
18418,vriba'i,vri-ba'i,ba'i,1,2
18419,vricysimta'a,vric-sim-ta'a,vric,0,3
18420,vricysimta'a,vric-sim-ta'a,sim,1,3
18421,vricysimta'a,vric-sim-ta'a,ta'a,2,3
18422,vricyterctu,vric-ter-ctu,vric,0,3
18423,vricyterctu,vric-ter-ctu,ter,1,3
18424,vricyterctu,vric-ter-ctu,ctu,2,3
18425,vricyvelskuselnirna,vric-vel-sku-sel-nirna,vric,0,5
18426,vricyvelskuselnirna,vric-vel-sku-sel-nirna,vel,1,5
18427,vricyvelskuselnirna,vric-vel-sku-sel-nirna,sku,2,5
18428,vricyvelskuselnirna,vric-vel-sku-sel-nirna,sel,3,5
18429,vricyvelskuselnirna,vric-vel-sku-sel-nirna,nirna,4,5
18430,vrikai,vri-kai,vri,0,2
18431,vrikai,vri-kai,kai,1,2
18432,vrikla,vri-kla,vri,0,2
18433,vrikla,vri-kla,kla,1,2
18434,vrirai,vri-rai,vri,0,2
18435,vrirai,vri-rai,rai,1,2
18436,vrisko,vri-sko,vri,0,2
18437,vrisko,vri-sko,sko,1,2
18438,vrobei,vro-bei,vro,0,2
18439,vrobei,vro-bei,bei,1,2
18440,vrobi'u,vro-bi'u,vro,0,2
18441,vrobi'u,vro-bi'u,bi'u,1,2
18442,vroca'o,vro-ca'o,vro,0,2
18443,vroca'o,vro-ca'o,ca'o,1,2
18444,vrogai,vro-gai,vro,0,2
18445,vrogai,vro-gai,gai,1,2
18446,vrogle,vro-gle,vro,0,2
18447,vrogle,vro-gle,gle,1,2
18448,vropopca'a,vro-pop-ca'a,vro,0,3
18449,vropopca'a,vro-pop-ca'a,pop,1,3
18450,vropopca'a,vro-pop-ca'a,ca'a,2,3
18451,vrostu,vro-stu,vro,0,2
18452,vrostu,vro-stu,stu,1,2
18453,vrovru,vro-vru,vro,0,2
18454,vrovru,vro-vru,vru,1,2
18455,vruca'a,vru-ca'a,vru,0,2
18456,vruca'a,vru-ca'a,ca'a,1,2
18457,vruca'a,vru-ca'a,vru,0,2
18458,vruca'a,vru-ca'a,ca'a,1,2
18459,vrucau,vru-cau,vru,0,2
18460,vrucau,vru-cau,cau,1,2
18461,vrucpi,vru-cpi,vru,0,2
18462,vrucpi,vru-cpi,cpi,1,2
18463,vruri'a,vru-ri'a,vru,0,2
18464,vruri'a,vru-ri'a,ri'a,1,2
18465,vruru'i,vru-ru'i,vru,0,2
18466,vruru'i,vru-ru'i,ru'i,1,2
18467,vu'igla,vu'i-gla,vu'i,0,2
18468,vu'igla,vu'i-gla,gla,1,2
18469,vu'izga,vu'i-zga,vu'i,0,2
18470,vu'izga,vu'i-zga,zga,1,2
18471,vudmau,vud-mau,vud,0,2
18472,vudmau,vud-mau,mau,1,2
18473,vudytercei,vud-ter-cei,vud,0,3
18474,vudytercei,vud-ter-cei,ter,1,3
18475,vudytercei,vud-ter-cei,cei,2,3
18476,vurgu'e,vur-gu'e,vur,0,2
18477,vurgu'e,vur-gu'e,gu'e,1,2
18478,vuskinli,vus-kinli,vus,0,2
18479,vuskinli,vus-kinli,kinli,1,2
18480,vuslunra,vus-lunra,vus,0,2
18481,vuslunra,vus-lunra,lunra,1,2
18482,vusnei,vus-nei,vus,0,2
18483,vusnei,vus-nei,nei,1,2
18484,vusta'i,vus-ta'i,vus,0,2
18485,vusta'i,vus-ta'i,ta'i,1,2
18486,vusyga'e,vus-ga'e,vus,0,2
18487,vusyga'e,vus-ga'e,ga'e,1,2
18488,vuzyseltei,vuz-sel-tei,vuz,0,3
18489,vuzyseltei,vuz-sel-tei,sel,1,3
18490,vuzyseltei,vuz-sel-tei,tei,2,3
18491,vuzyvuzyxru,vuz-vuz-xru,vuz,0,3
18492,vuzyvuzyxru,vuz-vuz-xru,vuz,1,3
18493,vuzyvuzyxru,vuz-vuz-xru,xru,2,3
18494,vuzyxu'e,vuz-xu'e,vuz,0,2
18495,vuzyxu'e,vuz-xu'e,xu'e,1,2
18496,xa'argai,xa'a-gai,xa'a,0,2
18497,xa'argai,xa'a-gai,gai,1,2
18498,xa'arta'a,xa'a-ta'a,xa'a,0,2
18499,xa'arta'a,xa'a-ta'a,ta'a,1,2
18500,xa'arvau,xa'a-vau,xa'a,0,2
18501,xa'arvau,xa'a-vau,vau,1,2
18502,xa'unro'a,xa'u-ro'a,xa'u,0,2
18503,xa'unro'a,xa'u-ro'a,ro'a,1,2
18504,xa'urjudri,xa'u-judri,xa'u,0,2
18505,xa'urjudri,xa'u-judri,judri,1,2
18506,xa'uzda,xa'u-zda,xa'u,0,2
18507,xa'uzda,xa'u-zda,zda,1,2
18508,xabje'u,xab-je'u,xab,0,2
18509,xabje'u,xab-je'u,je'u,1,2
18510,xabjmi,xab-jmi,xab,0,2
18511,xabjmi,xab-jmi,jmi,1,2
18512,xabminli,xab-minli,xab,0,2
18513,xabminli,xab-minli,minli,1,2
18514,xabna'a,xab-na'a,xab,0,2
18515,xabna'a,xab-na'a,na'a,1,2
18516,xabybumru,xab-bumru,xab,0,2
18517,xabybumru,xab-bumru,bumru,1,2
18518,xabycacra,xab-cacra,xab,0,2
18519,xabycacra,xab-cacra,cacra,1,2
18520,xabyplu,xab-plu,xab,0,2
18521,xabyplu,xab-plu,plu,1,2
18522,xarcfi,xar-cfi,xar,0,2
18523,xarcfi,xar-cfi,cfi,1,2
18524,xarpre,xar-pre,xar,0,2
18525,xarpre,xar-pre,pre,1,2
18526,xacre'o,xac-re'o,xac,0,2
18527,xacre'o,xac-re'o,re'o,1,2
18528,xacyce'a,xac-ce'a,xac,0,2
18529,xacyce'a,xac-ce'a,ce'a,1,2
18530,xacysanta,xac-santa,xac,0,2
18531,xacysanta,xac-santa,santa,1,2
18532,xacysantyse'u,xac-sant-se'u,xac,0,3
18533,xacysantyse'u,xac-sant-se'u,sant,1,3
18534,xacysantyse'u,xac-sant-se'u,se'u,2,3
18535,xacysantystedu,xac-sant-stedu,xac,0,3
18536,xacysantystedu,xac-sant-stedu,sant,1,3
18537,xacysantystedu,xac-sant-stedu,stedu,2,3
18538,xadbraxau,xad-bra-xau,xad,0,3
18539,xadbraxau,xad-bra-xau,bra,1,3
18540,xadbraxau,xad-bra-xau,xau,2,3
18541,xadbi'o,xad-bi'o,xad,0,2
18542,xadbi'o,xad-bi'o,bi'o,1,2
18543,xadgla,xad-gla,xad,0,2
18544,xadgla,xad-gla,gla,1,2
18545,xadjai,xad-jai,xad,0,2
18546,xadjai,xad-jai,jai,1,2
18547,xadmidju,xad-midju,xad,0,2
18548,xadmidju,xad-midju,midju,1,2
18549,xadmu'u,xad-mu'u,xad,0,2
18550,xadmu'u,xad-mu'u,mu'u,1,2
18551,xadmuvgau,xad-muv-gau,xad,0,3
18552,xadmuvgau,xad-muv-gau,muv,1,3
18553,xadmuvgau,xad-muv-gau,gau,2,3
18554,xadycarna,xad-carna,xad,0,2
18555,xadycarna,xad-carna,carna,1,2
18556,xadykro,xad-kro,xad,0,2
18557,xadykro,xad-kro,kro,1,2
18558,xadypau,xad-pau,xad,0,2
18559,xadypau,xad-pau,pau,1,2
18560,xadysfe,xad-sfe,xad,0,2
18561,xadysfe,xad-sfe,sfe,1,2
18562,xadyti'e,xad-ti'e,xad,0,2
18563,xadyti'e,xad-ti'e,ti'e,1,2
18564,xadyxai,xad-xai,xad,0,2
18565,xadyxai,xad-xai,xai,1,2
18566,xagbavypei,xag-bav-pei,xag,0,3
18567,xagbavypei,xag-bav-pei,bav,1,3
18568,xagbavypei,xag-bav-pei,pei,2,3
18569,xagdicra,xag-dicra,xag,0,2
18570,xagdicra,xag-dicra,dicra,1,2
18571,xagjoila'e,xag-joi-la'e,xag,0,3
18572,xagjoila'e,xag-joi-la'e,joi,1,3
18573,xagjoila'e,xag-joi-la'e,la'e,2,3
18574,xagmaubi'o,xag-mau-bi'o,xag,0,3
18575,xagmaubi'o,xag-mau-bi'o,mau,1,3
18576,xagmaubi'o,xag-mau-bi'o,bi'o,2,3
18577,xagmaugau,xag-mau-gau,xag,0,3
18578,xagmaugau,xag-mau-gau,mau,1,3
18579,xagmaugau,xag-mau-gau,gau,2,3
18580,xagmaupai,xag-mau-pai,xag,0,3
18581,xagmaupai,xag-mau-pai,mau,1,3
18582,xagmaupai,xag-mau-pai,pai,2,3
18583,xagmauri'a,xag-mau-ri'a,xag,0,3
18584,xagmauri'a,xag-mau-ri'a,mau,1,3
18585,xagmauri'a,xag-mau-ri'a,ri'a,2,3
18586,xagme'a,xag-me'a,xag,0,2
18587,xagme'a,xag-me'a,me'a,1,2
18588,xagnau,xag-nau,xag,0,2
18589,xagnau,xag-nau,nau,1,2
18590,xagnuzba,xag-nuzba,xag,0,2
18591,xagnuzba,xag-nuzba,nuzba,1,2
18592,xagrai,xag-rai,xag,0,2
18593,xagrai,xag-rai,rai,1,2
18594,xagri'a,xag-ri'a,xag,0,2
18595,xagri'a,xag-ri'a,ri'a,1,2
18596,xagrimni,xag-rimni,xag,0,2
18597,xagrimni,xag-rimni,rimni,1,2
18598,xagro'a,xag-ro'a,xag,0,2
18599,xagro'a,xag-ro'a,ro'a,1,2
18600,xaurtoi,xau-toi,xau,0,2
18601,xaurtoi,xau-toi,toi,1,2
18602,xagze'a,xag-ze'a,xag,0,2
18603,xagze'a,xag-ze'a,ze'a,1,2
18604,xacygu'e,xac-gu'e,xac,0,2
18605,xacygu'e,xac-gu'e,gu'e,1,2
18606,xaitce,xai-tce,xai,0,2
18607,xaitce,xai-tce,tce,1,2
18608,xajre'u,xaj-re'u,xaj,0,2
18609,xajre'u,xaj-re'u,re'u,1,2
18610,xalbarja,xal-barja,xal,0,2
18611,xalbarja,xal-barja,barja,1,2
18612,xalbebna,xal-bebna,xal,0,2
18613,xalbebna,xal-bebna,bebna,1,2
18614,xalgusta,xal-gusta,xal,0,2
18615,xalgusta,xal-gusta,gusta,1,2
18616,xalpinxe,xal-pinxe,xal,0,2
18617,xalpinxe,xal-pinxe,pinxe,1,2
18618,xamcizra,xam-cizra,xam,0,2
18619,xamcizra,xam-cizra,cizra,1,2
18620,xamdji,xam-dji,xam,0,2
18621,xamdji,xam-dji,dji,1,2
18622,xamdu'e,xam-du'e,xam,0,2
18623,xamdu'e,xam-du'e,du'e,1,2
18624,xamfi'i,xam-fi'i,xam,0,2
18625,xamfi'i,xam-fi'i,fi'i,1,2
18626,xamfri,xam-fri,xam,0,2
18627,xamfri,xam-fri,fri,1,2
18628,xamgau,xam-gau,xam,0,2
18629,xamgau,xam-gau,gau,1,2
18630,xamjmi,xam-jmi,xam,0,2
18631,xamjmi,xam-jmi,jmi,1,2
18632,xample,xam-ple,xam,0,2
18633,xample,xam-ple,ple,1,2
18634,xamselfi'i,xam-sel-fi'i,xam,0,3
18635,xamselfi'i,xam-sel-fi'i,sel,1,3
18636,xamselfi'i,xam-sel-fi'i,fi'i,2,3
18637,xamselxraci'a,xam-sel-xra-ci'a,xam,0,4
18638,xamselxraci'a,xam-sel-xra-ci'a,sel,1,4
18639,xamselxraci'a,xam-sel-xra-ci'a,xra,2,4
18640,xamselxraci'a,xam-sel-xra-ci'a,ci'a,3,4
18641,xamylisri,xam-lisri,xam,0,2
18642,xamylisri,xam-lisri,lisri,1,2
18643,xamymalgli,xam-mal-gli,xam,0,3
18644,xamymalgli,xam-mal-gli,mal,1,3
18645,xamymalgli,xam-mal-gli,gli,2,3
18646,xamyzmari'a,xam-zma-ri'a,xam,0,3
18647,xamyzmari'a,xam-zma-ri'a,zma,1,3
18648,xamyzmari'a,xam-zma-ri'a,ri'a,2,3
18649,xamyzu'e,xam-zu'e,xam,0,2
18650,xamyzu'e,xam-zu'e,zu'e,1,2
18651,xanboi,xan-boi,xan,0,2
18652,xanboi,xan-boi,boi,1,2
18653,xancribe,xan-cribe,xan,0,2
18654,xancribe,xan-cribe,cribe,1,2
18655,xanda'i,xan-da'i,xan,0,2
18656,xanda'i,xan-da'i,da'i,1,2
18657,xandakyxa'i,xan-dak-xa'i,xan,0,3
18658,xandakyxa'i,xan-dak-xa'i,dak,1,3
18659,xandakyxa'i,xan-dak-xa'i,xa'i,2,3
18660,xandegji,xan-degji,xan,0,2
18661,xandegji,xan-degji,degji,1,2
18662,xandegycalku,xan-deg-calku,xan,0,3
18663,xandegycalku,xan-deg-calku,deg,1,3
18664,xandegycalku,xan-deg-calku,calku,2,3
18665,xandekpu,xan-dekpu,xan,0,2
18666,xandekpu,xan-dekpu,dekpu,1,2
18667,xangau,xan-gau,xan,0,2
18668,xangau,xan-gau,gau,1,2
18669,xangutci,xan-gutci,xan,0,2
18670,xangutci,xan-gutci,gutci,1,2
18671,xanja'o,xan-ja'o,xan,0,2
18672,xanja'o,xan-ja'o,ja'o,1,2
18673,xanjai,xan-jai,xan,0,2
18674,xanjai,xan-jai,jai,1,2
18675,xanjanbe,xan-janbe,xan,0,2
18676,xanjanbe,xan-janbe,janbe,1,2
18677,xanjoifirsku,xan-joi-fir-sku,xan,0,4
18678,xanjoifirsku,xan-joi-fir-sku,joi,1,4
18679,xanjoifirsku,xan-joi-fir-sku,fir,2,4
18680,xanjoifirsku,xan-joi-fir-sku,sku,3,4
18681,xankygau,xank-gau,xank,0,2
18682,xankygau,xank-gau,gau,1,2
18683,xanmi'e,xan-mi'e,xan,0,2
18684,xanmi'e,xan-mi'e,mi'e,1,2
18685,xanmu'u,xan-mu'u,xan,0,2
18686,xanmu'u,xan-mu'u,mu'u,1,2
18687,xanpli,xan-pli,xan,0,2
18688,xanpli,xan-pli,pli,1,2
18689,xanplimi'e,xan-pli-mi'e,xan,0,3
18690,xanplimi'e,xan-pli-mi'e,pli,1,3
18691,xanplimi'e,xan-pli-mi'e,mi'e,2,3
18692,xansku,xan-sku,xan,0,2
18693,xansku,xan-sku,sku,1,2
18694,xantamji,xan-tamji,xan,0,2
18695,xantamji,xan-tamji,tamji,1,2
18696,xanterjo'e,xan-ter-jo'e,xan,0,3
18697,xanterjo'e,xan-ter-jo'e,ter,1,3
18698,xanterjo'e,xan-ter-jo'e,jo'e,2,3
18699,xantydenmai,xant-den-mai,xant,0,3
18700,xantydenmai,xant-den-mai,den,1,3
18701,xantydenmai,xant-den-mai,mai,2,3
18702,xanzunto'a,xan-zun-to'a,xan,0,3
18703,xanzunto'a,xan-zun-to'a,zun,1,3
18704,xanzunto'a,xan-zun-to'a,to'a,2,3
18705,xarcfi,xar-cfi,xar,0,2
18706,xarcfi,xar-cfi,cfi,1,2
18707,xa'acfi,xa'a-cfi,xa'a,0,2
18708,xa'acfi,xa'a-cfi,cfi,1,2
18709,xarfi'agri,xar-fi'a-gri,xar,0,3
18710,xarfi'agri,xar-fi'a-gri,fi'a,1,3
18711,xarfi'agri,xar-fi'a-gri,gri,2,3
18712,xa'arfi'onei,xa'a-fi'o-nei,xa'a,0,3
18713,xa'arfi'onei,xa'a-fi'o-nei,fi'o,1,3
18714,xa'arfi'onei,xa'a-fi'o-nei,nei,2,3
18715,xa'argai,xa'a-gai,xa'a,0,2
18716,xa'argai,xa'a-gai,gai,1,2
18717,xarnykarce,xarn-karce,xarn,0,2
18718,xarnykarce,xarn-karce,karce,1,2
18719,xarnymau,xarn-mau,xarn,0,2
18720,xarnymau,xarn-mau,mau,1,2
18721,xarpre,xar-pre,xar,0,2
18722,xarpre,xar-pre,pre,1,2
18723,xa'arvau,xa'a-vau,xa'a,0,2
18724,xa'arvau,xa'a-vau,vau,1,2
18725,xarvi'a,xar-vi'a,xar,0,2
18726,xarvi'a,xar-vi'a,vi'a,1,2
18727,xaskemcakcurnu,xas-kem-cak-curnu,xas,0,4
18728,xaskemcakcurnu,xas-kem-cak-curnu,kem,1,4
18729,xaskemcakcurnu,xas-kem-cak-curnu,cak,2,4
18730,xaskemcakcurnu,xas-kem-cak-curnu,curnu,3,4
18731,xaskemcakydja,xas-kem-cak-dja,xas,0,4
18732,xaskemcakydja,xas-kem-cak-dja,kem,1,4
18733,xaskemcakydja,xas-kem-cak-dja,cak,2,4
18734,xaskemcakydja,xas-kem-cak-dja,dja,3,4
18735,xaskla,xas-kla,xas,0,2
18736,xaskla,xas-kla,kla,1,2
18737,xaskoi,xas-koi,xas,0,2
18738,xaskoi,xas-koi,koi,1,2
18739,xaslunsa,xas-lunsa,xas,0,2
18740,xaslunsa,xas-lunsa,lunsa,1,2
18741,xaslyba'u,xasl-ba'u,xasl,0,2
18742,xaslyba'u,xasl-ba'u,ba'u,1,2
18743,xaslyba'u,xasl-ba'u,xasl,0,2
18744,xaslyba'u,xasl-ba'u,ba'u,1,2
18745,xasplavru,xas-pla-vru,xas,0,3
18746,xasplavru,xas-pla-vru,pla,1,3
18747,xasplavru,xas-pla-vru,vru,2,3
18748,xasxelkla,xas-xel-kla,xas,0,3
18749,xasxelkla,xas-xel-kla,xel,1,3
18750,xasxelkla,xas-xel-kla,kla,2,3
18751,xasyda'u,xas-da'u,xas,0,2
18752,xasyda'u,xas-da'u,da'u,1,2
18753,xasyjimte,xas-jimte,xas,0,2
18754,xasyjimte,xas-jimte,jimte,1,2
18755,xasymabru,xas-mabru,xas,0,2
18756,xasymabru,xas-mabru,mabru,1,2
18757,xasymudri,xas-mudri,xas,0,2
18758,xasymudri,xas-mudri,mudri,1,2
18759,xasysfe,xas-sfe,xas,0,2
18760,xasysfe,xas-sfe,sfe,1,2
18761,xaufri,xau-fri,xau,0,2
18762,xaufri,xau-fri,fri,1,2
18763,xaujdi,xau-jdi,xau,0,2
18764,xaujdi,xau-jdi,jdi,1,2
18765,xaupla,xau-pla,xau,0,2
18766,xaupla,xau-pla,pla,1,2
18767,xaupli,xau-pli,xau,0,2
18768,xaupli,xau-pli,pli,1,2
18769,xaupre,xau-pre,xau,0,2
18770,xaupre,xau-pre,pre,1,2
18771,xaurcai,xau-cai,xau,0,2
18772,xaurcai,xau-cai,cai,1,2
18773,xaurfu'a,xau-fu'a,xau,0,2
18774,xaurfu'a,xau-fu'a,fu'a,1,2
18775,xaurga'i,xau-ga'i,xau,0,2
18776,xaurga'i,xau-ga'i,ga'i,1,2
18777,xaurgau,xau-gau,xau,0,2
18778,xaurgau,xau-gau,gau,1,2
18779,xaurgusta,xau-gusta,xau,0,2
18780,xaurgusta,xau-gusta,gusta,1,2
18781,xaurka'e,xau-ka'e,xau,0,2
18782,xaurka'e,xau-ka'e,ka'e,1,2
18783,xaurpa'a,xau-pa'a,xau,0,2
18784,xaurpa'a,xau-pa'a,pa'a,1,2
18785,xaurpai,xau-pai,xau,0,2
18786,xaurpai,xau-pai,pai,1,2
18787,xaurpe'o,xau-pe'o,xau,0,2
18788,xaurpe'o,xau-pe'o,pe'o,1,2
18789,xaurpei,xau-pei,xau,0,2
18790,xaurpei,xau-pei,pei,1,2
18791,xaurprepro,xau-pre-pro,xau,0,3
18792,xaurprepro,xau-pre-pro,pre,1,3
18793,xaurprepro,xau-pre-pro,pro,2,3
18794,xaurselsku,xau-sel-sku,xau,0,3
18795,xaurselsku,xau-sel-sku,sel,1,3
18796,xaurselsku,xau-sel-sku,sku,2,3
18797,xaursenpi,xau-senpi,xau,0,2
18798,xaursenpi,xau-senpi,senpi,1,2
18799,xaursirji,xau-sirji,xau,0,2
18800,xaursirji,xau-sirji,sirji,1,2
18801,xaurtoi,xau-toi,xau,0,2
18802,xaurtoi,xau-toi,toi,1,2
18803,xaurxa'u,xau-xa'u,xau,0,2
18804,xaurxa'u,xau-xa'u,xa'u,1,2
18805,xausmi,xau-smi,xau,0,2
18806,xausmi,xau-smi,smi,1,2
18807,xautce,xau-tce,xau,0,2
18808,xautce,xau-tce,tce,1,2
18809,xauzma,xau-zma,xau,0,2
18810,xauzma,xau-zma,zma,1,2
18811,xavdei,xav-dei,xav,0,2
18812,xavdei,xav-dei,dei,1,2
18813,xavycte,xav-cte,xav,0,2
18814,xavycte,xav-cte,cte,1,2
18815,xavyto'a,xav-to'a,xav,0,2
18816,xavyto'a,xav-to'a,to'a,1,2
18817,xe'akre,xe'a-kre,xe'a,0,2
18818,xe'akre,xe'a-kre,kre,1,2
18819,xe'ibla,xe'i-bla,xe'i,0,2
18820,xe'ibla,xe'i-bla,bla,1,2
18821,xe'ikre,xe'i-kre,xe'i,0,2
18822,xe'ikre,xe'i-kre,kre,1,2
18823,xejyji'o,xej-ji'o,xej,0,2
18824,xejyji'o,xej-ji'o,ji'o,1,2
18825,xekcpi,xek-cpi,xek,0,2
18826,xekcpi,xek-cpi,cpi,1,2
18827,xekli'i,xek-li'i,xek,0,2
18828,xekli'i,xek-li'i,li'i,1,2
18829,xekre'a,xek-re'a,xek,0,2
18830,xekre'a,xek-re'a,re'a,1,2
18831,xekselskapi,xek-sel-skapi,xek,0,3
18832,xekselskapi,xek-sel-skapi,sel,1,3
18833,xekselskapi,xek-sel-skapi,skapi,2,3
18834,xekskapi,xek-skapi,xek,0,2
18835,xekskapi,xek-skapi,skapi,1,2
18836,xekyblabi,xek-blabi,xek,0,2
18837,xekyblabi,xek-blabi,blabi,1,2
18838,xekyblaci,xek-blaci,xek,0,2
18839,xekyblaci,xek-blaci,blaci,1,2
18840,xekyxe'i,xek-xe'i,xek,0,2
18841,xekyxe'i,xek-xe'i,xe'i,1,2
18842,xekyxu'e,xek-xu'e,xek,0,2
18843,xekyxu'e,xek-xu'e,xu'e,1,2
18844,xelbe'i,xel-be'i,xel,0,2
18845,xelbe'i,xel-be'i,be'i,1,2
18846,xelbe'iple,xel-be'i-ple,xel,0,3
18847,xelbe'iple,xel-be'i-ple,be'i,1,3
18848,xelbe'iple,xel-be'i-ple,ple,2,3
18849,xelcki,xel-cki,xel,0,2
18850,xelcki,xel-cki,cki,1,2
18851,xelcpare,xel-cpare,xel,0,2
18852,xelcpare,xel-cpare,cpare,1,2
18853,xelctu,xel-ctu,xel,0,2
18854,xelctu,xel-ctu,ctu,1,2
18855,xeldraci,xel-draci,xel,0,2
18856,xeldraci,xel-draci,draci,1,2
18857,xelfanva,xel-fanva,xel,0,2
18858,xelfanva,xel-fanva,fanva,1,2
18859,xesygu'e,xes-gu'e,xes,0,2
18860,xesygu'e,xes-gu'e,gu'e,1,2
18861,xelju'o,xel-ju'o,xel,0,2
18862,xelju'o,xel-ju'o,ju'o,1,2
18863,xelkla,xel-kla,xel,0,2
18864,xelkla,xel-kla,kla,1,2
18865,xelmri,xel-mri,xel,0,2
18866,xelmri,xel-mri,mri,1,2
18867,xesxei,xes-xei,xes,0,2
18868,xesxei,xes-xei,xei,1,2
18869,xerji'i,xer-ji'i,xer,0,2
18870,xerji'i,xer-ji'i,ji'i,1,2
18871,xernunba'u,xer-nun-ba'u,xer,0,3
18872,xernunba'u,xer-nun-ba'u,nun,1,3
18873,xernunba'u,xer-nun-ba'u,ba'u,2,3
18874,xernunba'u,xer-nun-ba'u,xer,0,3
18875,xernunba'u,xer-nun-ba'u,nun,1,3
18876,xernunba'u,xer-nun-ba'u,ba'u,2,3
18877,xerselfriti,xer-sel-friti,xer,0,3
18878,xerselfriti,xer-sel-friti,sel,1,3
18879,xerselfriti,xer-sel-friti,friti,2,3
18880,xerselfriti,xer-sel-friti,xer,0,3
18881,xerselfriti,xer-sel-friti,sel,1,3
18882,xerselfriti,xer-sel-friti,friti,2,3
18883,xersku,xer-sku,xer,0,2
18884,xersku,xer-sku,sku,1,2
18885,xervla,xer-vla,xer,0,2
18886,xervla,xer-vla,vla,1,2
18887,xespre,xes-pre,xes,0,2
18888,xespre,xes-pre,pre,1,2
18889,xi'octu,xi'o-ctu,xi'o,0,2
18890,xi'octu,xi'o-ctu,ctu,1,2
18891,xi'ojbo,xi'o-jbo,xi'o,0,2
18892,xi'ojbo,xi'o-jbo,jbo,1,2
18893,xi'ojda,xi'o-jda,xi'o,0,2
18894,xi'ojda,xi'o-jda,jda,1,2
18895,xilcucli'u,xil-cuc-li'u,xil,0,3
18896,xilcucli'u,xil-cuc-li'u,cuc,1,3
18897,xilcucli'u,xil-cuc-li'u,li'u,2,3
18898,xilcutci,xil-cutci,xil,0,2
18899,xilcutci,xil-cutci,cutci,1,2
18900,xilkemtitnanba,xil-kem-tit-nanba,xil,0,4
18901,xilkemtitnanba,xil-kem-tit-nanba,kem,1,4
18902,xilkemtitnanba,xil-kem-tit-nanba,tit,2,4
18903,xilkemtitnanba,xil-kem-tit-nanba,nanba,3,4
18904,xilkemtitnanba,xil-kem-tit-nanba,xil,0,4
18905,xilkemtitnanba,xil-kem-tit-nanba,kem,1,4
18906,xilkemtitnanba,xil-kem-tit-nanba,tit,2,4
18907,xilkemtitnanba,xil-kem-tit-nanba,nanba,3,4
18908,xiltitnanba,xil-tit-nanba,xil,0,3
18909,xiltitnanba,xil-tit-nanba,tit,1,3
18910,xiltitnanba,xil-tit-nanba,nanba,2,3
18911,xiltitnanba,xil-tit-nanba,xil,0,3
18912,xiltitnanba,xil-tit-nanba,tit,1,3
18913,xiltitnanba,xil-tit-nanba,nanba,2,3
18914,xinbei,xin-bei,xin,0,2
18915,xinbei,xin-bei,bei,1,2
18916,xinboi,xin-boi,xin,0,2
18917,xinboi,xin-boi,boi,1,2
18918,xinru'u,xin-ru'u,xin,0,2
18919,xinru'u,xin-ru'u,ru'u,1,2
18920,xintu'a,xin-tu'a,xin,0,2
18921,xintu'a,xin-tu'a,tu'a,1,2
18922,xirba'u,xir-ba'u,xir,0,2
18923,xirba'u,xir-ba'u,ba'u,1,2
18924,xircau,xir-cau,xir,0,2
18925,xircau,xir-cau,cau,1,2
18926,xircaucarce,xir-cau-carce,xir,0,3
18927,xircaucarce,xir-cau-carce,cau,1,3
18928,xircaucarce,xir-cau-carce,carce,2,3
18929,xirdutybajykla,xir-dut-baj-kla,xir,0,4
18930,xirdutybajykla,xir-dut-baj-kla,dut,1,4
18931,xirdutybajykla,xir-dut-baj-kla,baj,2,4
18932,xirdutybajykla,xir-dut-baj-kla,kla,3,4
18933,xirfi'e,xir-fi'e,xir,0,2
18934,xirfi'e,xir-fi'e,fi'e,1,2
18935,xirkla,xir-kla,xir,0,2
18936,xirkla,xir-kla,kla,1,2
18937,xirno'i,xir-no'i,xir,0,2
18938,xirno'i,xir-no'i,no'i,1,2
18939,xirselma'eno'i,xir-sel-ma'e-no'i,xir,0,4
18940,xirselma'eno'i,xir-sel-ma'e-no'i,sel,1,4
18941,xirselma'eno'i,xir-sel-ma'e-no'i,ma'e,2,4
18942,xirselma'eno'i,xir-sel-ma'e-no'i,no'i,3,4
18943,xirsmi,xir-smi,xir,0,2
18944,xirsmi,xir-smi,smi,1,2
18945,xirte'a,xir-te'a,xir,0,2
18946,xirte'a,xir-te'a,te'a,1,2
18947,xiskri,xis-kri,xis,0,2
18948,xiskri,xis-kri,kri,1,2
18949,xisli'icutci,xis-li'i-cutci,xis,0,3
18950,xisli'icutci,xis-li'i-cutci,li'i,1,3
18951,xisli'icutci,xis-li'i-cutci,cutci,2,3
18952,xisnunjbe,xis-nun-jbe,xis,0,3
18953,xisnunjbe,xis-nun-jbe,nun,1,3
18954,xisnunjbe,xis-nun-jbe,jbe,2,3
18955,xiste'i,xis-te'i,xis,0,2
18956,xiste'i,xis-te'i,te'i,1,2
18957,xisyceifu'i,xis-cei-fu'i,xis,0,3
18958,xisyceifu'i,xis-cei-fu'i,cei,1,3
18959,xisyceifu'i,xis-cei-fu'i,fu'i,2,3
18960,xisycrida,xis-crida,xis,0,2
18961,xisycrida,xis-crida,crida,1,2
18962,xlabu'u,xla-bu'u,xla,0,2
18963,xlabu'u,xla-bu'u,bu'u,1,2
18964,xlacu'a,xla-cu'a,xla,0,2
18965,xlacu'a,xla-cu'a,cu'a,1,2
18966,xlafilseljmi,xla-fil-sel-jmi,xla,0,4
18967,xlafilseljmi,xla-fil-sel-jmi,fil,1,4
18968,xlafilseljmi,xla-fil-sel-jmi,sel,2,4
18969,xlafilseljmi,xla-fil-sel-jmi,jmi,3,4
18970,xlafu'a,xla-fu'a,xla,0,2
18971,xlafu'a,xla-fu'a,fu'a,1,2
18972,xlaja'e,xla-ja'e,xla,0,2
18973,xlaja'e,xla-ja'e,ja'e,1,2
18974,xlajbopli,xla-jbo-pli,xla,0,3
18975,xlajbopli,xla-jbo-pli,jbo,1,3
18976,xlajbopli,xla-jbo-pli,pli,2,3
18977,xlajmi,xla-jmi,xla,0,2
18978,xlajmi,xla-jmi,jmi,1,2
18979,xlajmisi'u,xla-jmi-si'u,xla,0,3
18980,xlajmisi'u,xla-jmi-si'u,jmi,1,3
18981,xlajmisi'u,xla-jmi-si'u,si'u,2,3
18982,xlakancu,xla-kancu,xla,0,2
18983,xlakancu,xla-kancu,kancu,1,2
18984,xlama'o,xla-ma'o,xla,0,2
18985,xlama'o,xla-ma'o,ma'o,1,2
18986,xlamau,xla-mau,xla,0,2
18987,xlamau,xla-mau,mau,1,2
18988,xlame'a,xla-me'a,xla,0,2
18989,xlame'a,xla-me'a,me'a,1,2
18990,xlamu'i,xla-mu'i,xla,0,2
18991,xlamu'i,xla-mu'i,mu'i,1,2
18992,xlapre,xla-pre,xla,0,2
18993,xlapre,xla-pre,pre,1,2
18994,xlarai,xla-rai,xla,0,2
18995,xlarai,xla-rai,rai,1,2
18996,xlari'a,xla-ri'a,xla,0,2
18997,xlari'a,xla-ri'a,ri'a,1,2
18998,xlaseljo'e,xla-sel-jo'e,xla,0,3
18999,xlaseljo'e,xla-sel-jo'e,sel,1,3
19000,xlaseljo'e,xla-sel-jo'e,jo'e,2,3
19001,xlastapa,xla-stapa,xla,0,2
19002,xlastapa,xla-stapa,stapa,1,2
19003,xlasu'a,xla-su'a,xla,0,2
19004,xlasu'a,xla-su'a,su'a,1,2
19005,xlati'a,xla-ti'a,xla,0,2
19006,xlati'a,xla-ti'a,ti'a,1,2
19007,xlaxaksu,xla-xaksu,xla,0,2
19008,xlaxaksu,xla-xaksu,xaksu,1,2
19009,xleserti,xle-serti,xle,0,2
19010,xleserti,xle-serti,serti,1,2
19011,xlipe'o,xli-pe'o,xli,0,2
19012,xlipe'o,xli-pe'o,pe'o,1,2
19013,xlixlu,xli-xlu,xli,0,2
19014,xlixlu,xli-xlu,xlu,1,2
19015,xluga'i,xlu-ga'i,xlu,0,2
19016,xluga'i,xlu-ga'i,ga'i,1,2
19017,xluta'a,xlu-ta'a,xlu,0,2
19018,xluta'a,xlu-ta'a,ta'a,1,2
19019,xracau,xra-cau,xra,0,2
19020,xracau,xra-cau,cau,1,2
19021,xraci'a,xra-ci'a,xra,0,2
19022,xraci'a,xra-ci'a,ci'a,1,2
19023,xrakarni,xra-karni,xra,0,2
19024,xrakarni,xra-karni,karni,1,2
19025,xrakinpre,xra-kin-pre,xra,0,3
19026,xrakinpre,xra-kin-pre,kin,1,3
19027,xrakinpre,xra-kin-pre,pre,2,3
19028,xaitce,xai-tce,xai,0,2
19029,xaitce,xai-tce,tce,1,2
19030,xraselci'a,xra-sel-ci'a,xra,0,3
19031,xraselci'a,xra-sel-ci'a,sel,1,3
19032,xraselci'a,xra-sel-ci'a,ci'a,2,3
19033,xraselsku,xra-sel-sku,xra,0,3
19034,xraselsku,xra-sel-sku,sel,1,3
19035,xraselsku,xra-sel-sku,sku,2,3
19036,xraski,xra-ski,xra,0,2
19037,xraski,xra-ski,ski,1,2
19038,xratai,xra-tai,xra,0,2
19039,xratai,xra-tai,tai,1,2
19040,xretra,xre-tra,xre,0,2
19041,xretra,xre-tra,tra,1,2
19042,xripu'o,xri-pu'o,xri,0,2
19043,xripu'o,xri-pu'o,pu'o,1,2
19044,xrislojbo,xri-slo-jbo,xri,0,3
19045,xrislojbo,xri-slo-jbo,slo,1,3
19046,xrislojbo,xri-slo-jbo,jbo,2,3
19047,xrube'i,xru-be'i,xru,0,2
19048,xrube'i,xru-be'i,be'i,1,2
19049,xrube'i,xru-be'i,xru,0,2
19050,xrube'i,xru-be'i,be'i,1,2
19051,xrucikna,xru-cikna,xru,0,2
19052,xrucikna,xru-cikna,cikna,1,2
19053,xrucpa,xru-cpa,xru,0,2
19054,xrucpa,xru-cpa,cpa,1,2
19055,xrudji,xru-dji,xru,0,2
19056,xrudji,xru-dji,dji,1,2
19057,xrufle,xru-fle,xru,0,2
19058,xrufle,xru-fle,fle,1,2
19059,xrugau,xru-gau,xru,0,2
19060,xrugau,xru-gau,gau,1,2
19061,xrugei,xru-gei,xru,0,2
19062,xrugei,xru-gei,gei,1,2
19063,xruji'e,xru-ji'e,xru,0,2
19064,xruji'e,xru-ji'e,ji'e,1,2
19065,xruka'e,xru-ka'e,xru,0,2
19066,xruka'e,xru-ka'e,ka'e,1,2
19067,xruka'o,xru-ka'o,xru,0,2
19068,xruka'o,xru-ka'o,ka'o,1,2
19069,xrukalri,xru-kalri,xru,0,2
19070,xrukalri,xru-kalri,kalri,1,2
19071,xrukla,xru-kla,xru,0,2
19072,xrukla,xru-kla,kla,1,2
19073,xrupa'a,xru-pa'a,xru,0,2
19074,xrupa'a,xru-pa'a,pa'a,1,2
19075,xu'acmu,xu'a-cmu,xu'a,0,2
19076,xu'acmu,xu'a-cmu,cmu,1,2
19077,xubgrudja,xub-gru-dja,xub,0,3
19078,xubgrudja,xub-gru-dja,gru,1,3
19079,xubgrudja,xub-gru-dja,dja,2,3
19080,xukske,xuk-ske,xuk,0,2
19081,xukske,xuk-ske,ske,1,2
19082,xuksle,xuk-sle,xuk,0,2
19083,xuksle,xuk-sle,sle,1,2
19084,xumsne,xum-sne,xum,0,2
19085,xumsne,xum-sne,sne,1,2
19086,xukydei,xuk-dei,xuk,0,2
19087,xukydei,xuk-dei,dei,1,2
19088,xuldri,xul-dri,xul,0,2
19089,xuldri,xul-dri,dri,1,2
19090,xulgau,xul-gau,xul,0,2
19091,xulgau,xul-gau,gau,1,2
19092,xulme'a,xul-me'a,xul,0,2
19093,xulme'a,xul-me'a,me'a,1,2
19094,xumcau,xum-cau,xum,0,2
19095,xumcau,xum-cau,cau,1,2
19096,xumkansa,xum-kansa,xum,0,2
19097,xumkansa,xum-kansa,kansa,1,2
19098,xumske,xum-ske,xum,0,2
19099,xumske,xum-ske,ske,1,2
19100,xumsne,xum-sne,xum,0,2
19101,xumsne,xum-sne,sne,1,2
19102,xunblabi,xun-blabi,xun,0,2
19103,xunblabi,xun-blabi,blabi,1,2
19104,xunbu'e,xun-bu'e,xun,0,2
19105,xunbu'e,xun-bu'e,bu'e,1,2
19106,xuncai,xun-cai,xun,0,2
19107,xuncai,xun-cai,cai,1,2
19108,xuncpi,xun-cpi,xun,0,2
19109,xuncpi,xun-cpi,cpi,1,2
19110,xunjba,xun-jba,xun,0,2
19111,xunjba,xun-jba,jba,1,2
19112,xunkalkemricybanfi,xun-kal-kem-ric-banfi,xun,0,5
19113,xunkalkemricybanfi,xun-kal-kem-ric-banfi,kal,1,5
19114,xunkalkemricybanfi,xun-kal-kem-ric-banfi,kem,2,5
19115,xunkalkemricybanfi,xun-kal-kem-ric-banfi,ric,3,5
19116,xunkalkemricybanfi,xun-kal-kem-ric-banfi,banfi,4,5
19117,xunkanla,xun-kanla,xun,0,2
19118,xunkanla,xun-kanla,kanla,1,2
19119,xunkrexli,xun-kre-xli,xun,0,3
19120,xunkrexli,xun-kre-xli,kre,1,3
19121,xunkrexli,xun-kre-xli,xli,2,3
19122,xunpelxu,xun-pelxu,xun,0,2
19123,xunpelxu,xun-pelxu,pelxu,1,2
19124,xunplini,xun-plini,xun,0,2
19125,xunplini,xun-plini,plini,1,2
19126,xunrai,xun-rai,xun,0,2
19127,xunrai,xun-rai,rai,1,2
19128,xunsmi,xun-smi,xun,0,2
19129,xunsmi,xun-smi,smi,1,2
19130,xunvau,xun-vau,xun,0,2
19131,xunvau,xun-vau,vau,1,2
19132,xunynunmro,xun-nun-mro,xun,0,3
19133,xunynunmro,xun-nun-mro,nun,1,3
19134,xunynunmro,xun-nun-mro,mro,2,3
19135,xunzda,xun-zda,xun,0,2
19136,xunzda,xun-zda,zda,1,2
19137,xuspli,xus-pli,xus,0,2
19138,xuspli,xus-pli,pli,1,2
19139,xusyvei,xus-vei,xus,0,2
19140,xusyvei,xus-vei,vei,1,2
19141,za'adji,za'a-dji,za'a,0,2
19142,za'adji,za'a-dji,dji,1,2
19143,za'atce,za'a-tce,za'a,0,2
19144,za'atce,za'a-tce,tce,1,2
19145,za'ibre,za'i-bre,za'i,0,2
19146,za'ibre,za'i-bre,bre,1,2
19147,za'orbleselga'e,za'o-ble-sel-ga'e,za'o,0,4
19148,za'orbleselga'e,za'o-ble-sel-ga'e,ble,1,4
19149,za'orbleselga'e,za'o-ble-sel-ga'e,sel,2,4
19150,za'orbleselga'e,za'o-ble-sel-ga'e,ga'e,3,4
19151,za'orsipna,za'o-sipna,za'o,0,2
19152,za'orsipna,za'o-sipna,sipna,1,2
19153,zaglamtu'e,zag-lam-tu'e,zag,0,3
19154,zaglamtu'e,zag-lam-tu'e,lam,1,3
19155,zaglamtu'e,zag-lam-tu'e,tu'e,2,3
19156,zaisle,zai-sle,zai,0,2
19157,zaisle,zai-sle,sle,1,2
19158,zajyctu,zaj-ctu,zaj,0,2
19159,zajyctu,zaj-ctu,ctu,1,2
19160,zalmlo,zal-mlo,zal,0,2
19161,zalmlo,zal-mlo,mlo,1,2
19162,zaltci,zal-tci,zal,0,2
19163,zaltci,zal-tci,tci,1,2
19164,zalvei,zal-vei,zal,0,2
19165,zalvei,zal-vei,vei,1,2
19166,zanbe'a,zan-be'a,zan,0,2
19167,zanbe'a,zan-be'a,be'a,1,2
19168,zanbe'a,zan-be'a,zan,0,2
19169,zanbe'a,zan-be'a,be'a,1,2
19170,zancerni,zan-cerni,zan,0,2
19171,zancerni,zan-cerni,cerni,1,2
19172,zancesydu'a,zan-ces-du'a,zan,0,3
19173,zancesydu'a,zan-ces-du'a,ces,1,3
19174,zancesydu'a,zan-ces-du'a,du'a,2,3
19175,zancimstu,zan-cim-stu,zan,0,3
19176,zancimstu,zan-cim-stu,cim,1,3
19177,zancimstu,zan-cim-stu,stu,2,3
19178,zanckasu,zan-ckasu,zan,0,2
19179,zanckasu,zan-ckasu,ckasu,1,2
19180,zancma,zan-cma,zan,0,2
19181,zancma,zan-cma,cma,1,2
19182,zanco'e,zan-co'e,zan,0,2
19183,zanco'e,zan-co'e,co'e,1,2
19184,zancro,zan-cro,zan,0,2
19185,zancro,zan-cro,cro,1,2
19186,zancte,zan-cte,zan,0,2
19187,zancte,zan-cte,cte,1,2
19188,zancu'o,zan-cu'o,zan,0,2
19189,zancu'o,zan-cu'o,cu'o,1,2
19190,zancumla,zan-cumla,zan,0,2
19191,zancumla,zan-cumla,cumla,1,2
19192,zandapma,zan-dapma,zan,0,2
19193,zandapma,zan-dapma,dapma,1,2
19194,zandei,zan-dei,zan,0,2
19195,zandei,zan-dei,dei,1,2
19196,zandimna,zan-dimna,zan,0,2
19197,zandimna,zan-dimna,dimna,1,2
19198,zanfadni,zan-fadni,zan,0,2
19199,zanfadni,zan-fadni,fadni,1,2
19200,zanfri,zan-fri,zan,0,2
19201,zanfri,zan-fri,fri,1,2
19202,zanfridu'a,zan-fri-du'a,zan,0,3
19203,zanfridu'a,zan-fri-du'a,fri,1,3
19204,zanfridu'a,zan-fri-du'a,du'a,2,3
19205,zanfu'a,zan-fu'a,zan,0,2
19206,zanfu'a,zan-fu'a,fu'a,1,2
19207,zangla,zan-gla,zan,0,2
19208,zangla,zan-gla,gla,1,2
19209,zangle,zan-gle,zan,0,2
19210,zangle,zan-gle,gle,1,2
19211,zangli,zan-gli,zan,0,2
19212,zangli,zan-gli,gli,1,2
19213,zanjbo,zan-jbo,zan,0,2
19214,zanjbo,zan-jbo,jbo,1,2
19215,zanjernyfri,zan-jern-fri,zan,0,3
19216,zanjernyfri,zan-jern-fri,jern,1,3
19217,zanjernyfri,zan-jern-fri,fri,2,3
19218,zanji'e,zan-ji'e,zan,0,2
19219,zanji'e,zan-ji'e,ji'e,1,2
19220,zanjilra,zan-jilra,zan,0,2
19221,zanjilra,zan-jilra,jilra,1,2
19222,zanjmi,zan-jmi,zan,0,2
19223,zanjmi,zan-jmi,jmi,1,2
19224,zanju'o,zan-ju'o,zan,0,2
19225,zanju'o,zan-ju'o,ju'o,1,2
19226,zanlenku,zan-lenku,zan,0,2
19227,zanlenku,zan-lenku,lenku,1,2
19228,zanmau,zan-mau,zan,0,2
19229,zanmau,zan-mau,mau,1,2
19230,zanmi'o,zan-mi'o,zan,0,2
19231,zanmi'o,zan-mi'o,mi'o,1,2
19232,zanmupli,zan-mupli,zan,0,2
19233,zanmupli,zan-mupli,mupli,1,2
19234,zanpanci,zan-panci,zan,0,2
19235,zanpanci,zan-panci,panci,1,2
19236,zanpi'u,zan-pi'u,zan,0,2
19237,zanpi'u,zan-pi'u,pi'u,1,2
19238,zanpluja,zan-pluja,zan,0,2
19239,zanpluja,zan-pluja,pluja,1,2
19240,zanrai,zan-rai,zan,0,2
19241,zanrai,zan-rai,rai,1,2
19242,zanselfu'a,zan-sel-fu'a,zan,0,3
19243,zanselfu'a,zan-sel-fu'a,sel,1,3
19244,zanselfu'a,zan-sel-fu'a,fu'a,2,3
19245,zanselski,zan-sel-ski,zan,0,3
19246,zanselski,zan-sel-ski,sel,1,3
19247,zanselski,zan-sel-ski,ski,2,3
19248,zanselsku,zan-sel-sku,zan,0,3
19249,zanselsku,zan-sel-sku,sel,1,3
19250,zanselsku,zan-sel-sku,sku,2,3
19251,zanseltalsa,zan-sel-talsa,zan,0,3
19252,zanseltalsa,zan-sel-talsa,sel,1,3
19253,zanseltalsa,zan-sel-talsa,talsa,2,3
19254,zansi'a,zan-si'a,zan,0,2
19255,zansi'a,zan-si'a,si'a,1,2
19256,zansi'adu'a,zan-si'a-du'a,zan,0,3
19257,zansi'adu'a,zan-si'a-du'a,si'a,1,3
19258,zansi'adu'a,zan-si'a-du'a,du'a,2,3
19259,zansimpe'i,zan-sim-pe'i,zan,0,3
19260,zansimpe'i,zan-sim-pe'i,sim,1,3
19261,zansimpe'i,zan-sim-pe'i,pe'i,2,3
19262,zansirji,zan-sirji,zan,0,2
19263,zansirji,zan-sirji,sirji,1,2
19264,zanskami,zan-skami,zan,0,2
19265,zanskami,zan-skami,skami,1,2
19266,zanski,zan-ski,zan,0,2
19267,zanski,zan-ski,ski,1,2
19268,zanskudu'a,zan-sku-du'a,zan,0,3
19269,zanskudu'a,zan-sku-du'a,sku,1,3
19270,zanskudu'a,zan-sku-du'a,du'a,2,3
19271,zansnada,zan-snada,zan,0,2
19272,zansnada,zan-snada,snada,1,2
19273,zanta'a,zan-ta'a,zan,0,2
19274,zanta'a,zan-ta'a,ta'a,1,2
19275,zantra,zan-tra,zan,0,2
19276,zantra,zan-tra,tra,1,2
19277,zantei,zan-tei,zan,0,2
19278,zantei,zan-tei,tei,1,2
19279,zanticlogji,zan-tic-logji,zan,0,3
19280,zanticlogji,zan-tic-logji,tic,1,3
19281,zanticlogji,zan-tic-logji,logji,2,3
19282,zantra,zan-tra,zan,0,2
19283,zantra,zan-tra,tra,1,2
19284,zanvanci,zan-vanci,zan,0,2
19285,zanvanci,zan-vanci,vanci,1,2
19286,zanvi'u,zan-vi'u,zan,0,2
19287,zanvi'u,zan-vi'u,vi'u,1,2
19288,zanvla,zan-vla,zan,0,2
19289,zanvla,zan-vla,vla,1,2
19290,zanvrici,zan-vrici,zan,0,2
19291,zanvrici,zan-vrici,vrici,1,2
19292,zanydjine'u,zan-dji-ne'u,zan,0,3
19293,zanydjine'u,zan-dji-ne'u,dji,1,3
19294,zanydjine'u,zan-dji-ne'u,ne'u,2,3
19295,zanynalglico,zan-nal-glico,zan,0,3
19296,zanynalglico,zan-nal-glico,nal,1,3
19297,zanynalglico,zan-nal-glico,glico,2,3
19298,zanynalpa'e,zan-nal-pa'e,zan,0,3
19299,zanynalpa'e,zan-nal-pa'e,nal,1,3
19300,zanynalpa'e,zan-nal-pa'e,pa'e,2,3
19301,zanyne'u,zan-ne'u,zan,0,2
19302,zanyne'u,zan-ne'u,ne'u,1,2
19303,zarki'a,zar-ki'a,zar,0,2
19304,zarki'a,zar-ki'a,ki'a,1,2
19305,zarne'u,zar-ne'u,zar,0,2
19306,zarne'u,zar-ne'u,ne'u,1,2
19307,zarxau,zar-xau,zar,0,2
19308,zarxau,zar-xau,xau,1,2
19309,zasfa'i,zas-fa'i,zas,0,2
19310,zasfa'i,zas-fa'i,fa'i,1,2
19311,zasmu'e,zas-mu'e,zas,0,2
19312,zasmu'e,zas-mu'e,mu'e,1,2
19313,zasxa'u,zas-xa'u,zas,0,2
19314,zasxa'u,zas-xa'u,xa'u,1,2
19315,zasygau,zas-gau,zas,0,2
19316,zasygau,zas-gau,gau,1,2
19317,zasyjibri,zas-jibri,zas,0,2
19318,zasyjibri,zas-jibri,jibri,1,2
19319,zasyspo,zas-spo,zas,0,2
19320,zasyspo,zas-spo,spo,1,2
19321,zasysti,zas-sti,zas,0,2
19322,zasysti,zas-sti,sti,1,2
19323,zasyve'u,zas-ve'u,zas,0,2
19324,zasyve'u,zas-ve'u,ve'u,1,2
19325,zasyvelmikce,zas-vel-mikce,zas,0,3
19326,zasyvelmikce,zas-vel-mikce,vel,1,3
19327,zasyvelmikce,zas-vel-mikce,mikce,2,3
19328,zasyzda,zas-zda,zas,0,2
19329,zasyzda,zas-zda,zda,1,2
19330,zatcla,zat-cla,zat,0,2
19331,zatcla,zat-cla,cla,1,2
19332,zatfa'i,zat-fa'i,zat,0,2
19333,zatfa'i,zat-fa'i,fa'i,1,2
19334,zatsta,zat-sta,zat,0,2
19335,zatsta,zat-sta,sta,1,2
19336,zatybi'o,zat-bi'o,zat,0,2
19337,zatybi'o,zat-bi'o,bi'o,1,2
19338,zaukle,zau-kle,zau,0,2
19339,zaukle,zau-kle,kle,1,2
19340,zausku,zau-sku,zau,0,2
19341,zausku,zau-sku,sku,1,2
19342,zausle,zau-sle,zau,0,2
19343,zausle,zau-sle,sle,1,2
19344,zausta,zau-sta,zau,0,2
19345,zausta,zau-sta,sta,1,2
19346,zautra,zau-tra,zau,0,2
19347,zautra,zau-tra,tra,1,2
19348,zazbroda,zaz-broda,zaz,0,2
19349,zazbroda,zaz-broda,broda,1,2
19350,zazlarcu,zaz-larcu,zaz,0,2
19351,zazlarcu,zaz-larcu,larcu,1,2
19352,zaznalsanji,zaz-nal-sanji,zaz,0,3
19353,zaznalsanji,zaz-nal-sanji,nal,1,3
19354,zaznalsanji,zaz-nal-sanji,sanji,2,3
19355,zaznarkri,zaz-nar-kri,zaz,0,3
19356,zaznarkri,zaz-nar-kri,nar,1,3
19357,zaznarkri,zaz-nar-kri,kri,2,3
19358,zazvi'o,zaz-vi'o,zaz,0,2
19359,zazvi'o,zaz-vi'o,vi'o,1,2
19360,zazypa'i,zaz-pa'i,zaz,0,2
19361,zazypa'i,zaz-pa'i,pa'i,1,2
19362,zazypacna,zaz-pacna,zaz,0,2
19363,zazypacna,zaz-pacna,pacna,1,2
19364,zazypanpi,zaz-panpi,zaz,0,2
19365,zazypanpi,zaz-panpi,panpi,1,2
19366,zazypijysisku,zaz-pij-sisku,zaz,0,3
19367,zazypijysisku,zaz-pij-sisku,pij,1,3
19368,zazypijysisku,zaz-pij-sisku,sisku,2,3
19369,zazysnada,zaz-snada,zaz,0,2
19370,zazysnada,zaz-snada,snada,1,2
19371,zazyza'i,zaz-za'i,zaz,0,2
19372,zazyza'i,zaz-za'i,za'i,1,2
19373,zazyzva,zaz-zva,zaz,0,2
19374,zazyzva,zaz-zva,zva,1,2
19375,zbagau,zba-gau,zba,0,2
19376,zbagau,zba-gau,gau,1,2
19377,zbana'u,zba-na'u,zba,0,2
19378,zbana'u,zba-na'u,na'u,1,2
19379,zbaske,zba-ske,zba,0,2
19380,zbaske,zba-ske,ske,1,2
19381,zbasne,zba-sne,zba,0,2
19382,zbasne,zba-sne,sne,1,2
19383,zbato'i,zba-to'i,zba,0,2
19384,zbato'i,zba-to'i,to'i,1,2
19385,zbiblo,zbi-blo,zbi,0,2
19386,zbiblo,zbi-blo,blo,1,2
19387,zbibu'u,zbi-bu'u,zbi,0,2
19388,zbibu'u,zbi-bu'u,bu'u,1,2
19389,zbicpu,zbi-cpu,zbi,0,2
19390,zbicpu,zbi-cpu,cpu,1,2
19391,zbidei,zbi-dei,zbi,0,2
19392,zbidei,zbi-dei,dei,1,2
19393,zbijirnyxi'a,zbi-jirn-xi'a,zbi,0,3
19394,zbijirnyxi'a,zbi-jirn-xi'a,jirn,1,3
19395,zbijirnyxi'a,zbi-jirn-xi'a,xi'a,2,3
19396,zbinai,zbi-nai,zbi,0,2
19397,zbinai,zbi-nai,nai,1,2
19398,zdabarja,zda-barja,zda,0,2
19399,zdabarja,zda-barja,barja,1,2
19400,zdabartu,zda-bartu,zda,0,2
19401,zdabartu,zda-bartu,bartu,1,2
19402,zdabla,zda-bla,zda,0,2
19403,zdabla,zda-bla,bla,1,2
19404,zdacau,zda-cau,zda,0,2
19405,zdacau,zda-cau,cau,1,2
19406,zdacravro,zda-cra-vro,zda,0,3
19407,zdacravro,zda-cra-vro,cra,1,3
19408,zdacravro,zda-cra-vro,vro,2,3
19409,zdadi'u,zda-di'u,zda,0,2
19410,zdadi'u,zda-di'u,di'u,1,2
19411,zdaku'i,zda-ku'i,zda,0,2
19412,zdaku'i,zda-ku'i,ku'i,1,2
19413,zdasazri,zda-sazri,zda,0,2
19414,zdasazri,zda-sazri,sazri,1,2
19415,zdase'u,zda-se'u,zda,0,2
19416,zdase'u,zda-se'u,se'u,1,2
19417,zdaspe,zda-spe,zda,0,2
19418,zdaspe,zda-spe,spe,1,2
19419,zdatelcli,zda-tel-cli,zda,0,3
19420,zdatelcli,zda-tel-cli,tel,1,3
19421,zdatelcli,zda-tel-cli,cli,2,3
19422,zdaxru,zda-xru,zda,0,2
19423,zdaxru,zda-xru,xru,1,2
19424,zdazba,zda-zba,zda,0,2
19425,zdazba,zda-zba,zba,1,2
19426,zdici'i,zdi-ci'i,zdi,0,2
19427,zdici'i,zdi-ci'i,ci'i,1,2
19428,zdida'asnu,zdi-da'a-snu,zdi,0,3
19429,zdida'asnu,zdi-da'a-snu,da'a,1,3
19430,zdida'asnu,zdi-da'a-snu,snu,2,3
19431,zdifanza,zdi-fanza,zdi,0,2
19432,zdifanza,zdi-fanza,fanza,1,2
19433,zdilisri,zdi-lisri,zdi,0,2
19434,zdilisri,zdi-lisri,lisri,1,2
19435,zdimau,zdi-mau,zdi,0,2
19436,zdimau,zdi-mau,mau,1,2
19437,zdipemci,zdi-pemci,zdi,0,2
19438,zdipemci,zdi-pemci,pemci,1,2
19439,zdokumte,zdo-kumte,zdo,0,2
19440,zdokumte,zdo-kumte,kumte,1,2
19441,zdostagi,zdo-stagi,zdo,0,2
19442,zdostagi,zdo-stagi,stagi,1,2
19443,zeicpe,zei-cpe,zei,0,2
19444,zeicpe,zei-cpe,cpe,1,2
19445,zeipre,zei-pre,zei,0,2
19446,zeipre,zei-pre,pre,1,2
19447,zeitra,zei-tra,zei,0,2
19448,zeitra,zei-tra,tra,1,2
19449,zerxai,zer-xai,zer,0,2
19450,zerxai,zer-xai,xai,1,2
19451,zendi'aru'i,zen-di'a-ru'i,zen,0,3
19452,zendi'aru'i,zen-di'a-ru'i,di'a,1,3
19453,zendi'aru'i,zen-di'a-ru'i,ru'i,2,3
19454,zengau,zen-gau,zen,0,2
19455,zengau,zen-gau,gau,1,2
19456,zenkai,zen-kai,zen,0,2
19457,zenkai,zen-kai,kai,1,2
19458,zerce'u,zer-ce'u,zer,0,2
19459,zerce'u,zer-ce'u,ce'u,1,2
19460,zerfa'i,zer-fa'i,zer,0,2
19461,zerfa'i,zer-fa'i,fa'i,1,2
19462,zergau,zer-gau,zer,0,2
19463,zergau,zer-gau,gau,1,2
19464,zergei,zer-gei,zer,0,2
19465,zergei,zer-gei,gei,1,2
19466,zerle'a,zer-le'a,zer,0,2
19467,zerle'a,zer-le'a,le'a,1,2
19468,zernalmo'i,zer-nal-mo'i,zer,0,3
19469,zernalmo'i,zer-nal-mo'i,nal,1,3
19470,zernalmo'i,zer-nal-mo'i,mo'i,2,3
19471,zernerkla,zer-ner-kla,zer,0,3
19472,zernerkla,zer-ner-kla,ner,1,3
19473,zernerkla,zer-ner-kla,kla,2,3
19474,zerxai,zer-xai,zer,0,2
19475,zerxai,zer-xai,xai,1,2
19476,zerxaigau,zer-xai-gau,zer,0,3
19477,zerxaigau,zer-xai-gau,xai,1,3
19478,zerxaigau,zer-xai-gau,gau,2,3
19479,zerzu'e,zer-zu'e,zer,0,2
19480,zerzu'e,zer-zu'e,zu'e,1,2
19481,zgabandu,zga-bandu,zga,0,2
19482,zgabandu,zga-bandu,bandu,1,2
19483,zgabla,zga-bla,zga,0,2
19484,zgabla,zga-bla,bla,1,2
19485,zgabri,zga-bri,zga,0,2
19486,zgabri,zga-bri,bri,1,2
19487,zgagau,zga-gau,zga,0,2
19488,zgagau,zga-gau,gau,1,2
19489,zgaku'i,zga-ku'i,zga,0,2
19490,zgaku'i,zga-ku'i,ku'i,1,2
19491,zgakujli'u,zga-kuj-li'u,zga,0,3
19492,zgakujli'u,zga-kuj-li'u,kuj,1,3
19493,zgakujli'u,zga-kuj-li'u,li'u,2,3
19494,zgamra,zga-mra,zga,0,2
19495,zgamra,zga-mra,mra,1,2
19496,zgatirna,zga-tirna,zga,0,2
19497,zgatirna,zga-tirna,tirna,1,2
19498,zgibarja,zgi-barja,zgi,0,2
19499,zgibarja,zgi-barja,barja,1,2
19500,zgibe'e,zgi-be'e,zgi,0,2
19501,zgibe'e,zgi-be'e,be'e,1,2
19502,zgica'a,zgi-ca'a,zgi,0,2
19503,zgica'a,zgi-ca'a,ca'a,1,2
19504,zgica'apli,zgi-ca'a-pli,zgi,0,3
19505,zgica'apli,zgi-ca'a-pli,ca'a,1,3
19506,zgica'apli,zgi-ca'a-pli,pli,2,3
19507,zgicpi,zgi-cpi,zgi,0,2
19508,zgicpi,zgi-cpi,cpi,1,2
19509,zgidraci,zgi-draci,zgi,0,2
19510,zgidraci,zgi-draci,draci,1,2
19511,zgidrica'a,zgi-dri-ca'a,zgi,0,3
19512,zgidrica'a,zgi-dri-ca'a,dri,1,3
19513,zgidrica'a,zgi-dri-ca'a,ca'a,2,3
19514,zgifau,zgi-fau,zgi,0,2
19515,zgifau,zgi-fau,fau,1,2
19516,zgifi'i,zgi-fi'i,zgi,0,2
19517,zgifi'i,zgi-fi'i,fi'i,1,2
19518,zgijvexajmi,zgi-jve-xajmi,zgi,0,3
19519,zgijvexajmi,zgi-jve-xajmi,jve,1,3
19520,zgijvexajmi,zgi-jve-xajmi,xajmi,2,3
19521,zgikabri,zgi-kabri,zgi,0,2
19522,zgikabri,zgi-kabri,kabri,1,2
19523,zgikalsa,zgi-kalsa,zgi,0,2
19524,zgikalsa,zgi-kalsa,kalsa,1,2
19525,zgikei,zgi-kei,zgi,0,2
19526,zgikei,zgi-kei,kei,1,2
19527,zgilarcu,zgi-larcu,zgi,0,2
19528,zgilarcu,zgi-larcu,larcu,1,2
19529,zgipli,zgi-pli,zgi,0,2
19530,zgipli,zgi-pli,pli,1,2
19531,zgipra,zgi-pra,zgi,0,2
19532,zgipra,zgi-pra,pra,1,2
19533,zgiselsku,zgi-sel-sku,zgi,0,3
19534,zgiselsku,zgi-sel-sku,sel,1,3
19535,zgiselsku,zgi-sel-sku,sku,2,3
19536,zgiselzdi,zgi-sel-zdi,zgi,0,3
19537,zgiselzdi,zgi-sel-zdi,sel,1,3
19538,zgiselzdi,zgi-sel-zdi,zdi,2,3
19539,zgiske,zgi-ske,zgi,0,2
19540,zgiske,zgi-ske,ske,1,2
19541,zgisku,zgi-sku,zgi,0,2
19542,zgisku,zgi-sku,sku,1,2
19543,zgitigbe'e,zgi-tig-be'e,zgi,0,3
19544,zgitigbe'e,zgi-tig-be'e,tig,1,3
19545,zgitigbe'e,zgi-tig-be'e,be'e,2,3
19546,zgitigni,zgi-tigni,zgi,0,2
19547,zgitigni,zgi-tigni,tigni,1,2
19548,zgivo'a,zgi-vo'a,zgi,0,2
19549,zgivo'a,zgi-vo'a,vo'a,1,2
19550,zgizu'e,zgi-zu'e,zgi,0,2
19551,zgizu'e,zgi-zu'e,zu'e,1,2
19552,zgumle,zgu-mle,zgu,0,2
19553,zgumle,zgu-mle,mle,1,2
19554,zgusta,zgu-sta,zgu,0,2
19555,zgusta,zgu-sta,sta,1,2
19556,zguzgi,zgu-zgi,zgu,0,2
19557,zguzgi,zgu-zgi,zgi,1,2
19558,zifri'a,zif-ri'a,zif,0,2
19559,zifri'a,zif-ri'a,ri'a,1,2
19560,zifxamsi,zif-xamsi,zif,0,2
19561,zifxamsi,zif-xamsi,xamsi,1,2
19562,zifyda'a,zif-da'a,zif,0,2
19563,zifyda'a,zif-da'a,da'a,1,2
19564,zilbre,zil-bre,zil,0,2
19565,zilbre,zil-bre,bre,1,2
19566,zilciblanme,zil-cib-lanme,zil,0,3
19567,zilciblanme,zil-cib-lanme,cib,1,3
19568,zilciblanme,zil-cib-lanme,lanme,2,3
19569,zilcibtirxu,zil-cib-tirxu,zil,0,3
19570,zilcibtirxu,zil-cib-tirxu,cib,1,3
19571,zilcibtirxu,zil-cib-tirxu,tirxu,2,3
19572,zilcibykafke,zil-cib-kafke,zil,0,3
19573,zilcibykafke,zil-cib-kafke,cib,1,3
19574,zilcibykafke,zil-cib-kafke,kafke,2,3
19575,zilcrida,zil-crida,zil,0,2
19576,zilcrida,zil-crida,crida,1,2
19577,zilpavypinxe,zil-pav-pinxe,zil,0,3
19578,zilpavypinxe,zil-pav-pinxe,pav,1,3
19579,zilpavypinxe,zil-pav-pinxe,pinxe,2,3
19580,zilrelselpinxe,zil-rel-sel-pinxe,zil,0,4
19581,zilrelselpinxe,zil-rel-sel-pinxe,rel,1,4
19582,zilrelselpinxe,zil-rel-sel-pinxe,sel,2,4
19583,zilrelselpinxe,zil-rel-sel-pinxe,pinxe,3,4
19584,zdilisri,zdi-lisri,zdi,0,2
19585,zdilisri,zdi-lisri,lisri,1,2
19586,zilsto,zil-sto,zil,0,2
19587,zilsto,zil-sto,sto,1,2
19588,zilxru,zil-xru,zil,0,2
19589,zilxru,zil-xru,xru,1,2
19590,zircanjme,zir-can-jme,zir,0,3
19591,zircanjme,zir-can-jme,can,1,3
19592,zircanjme,zir-can-jme,jme,2,3
19593,zirjbo,zir-jbo,zir,0,2
19594,zirjbo,zir-jbo,jbo,1,2
19595,zirjme,zir-jme,zir,0,2
19596,zirjme,zir-jme,jme,1,2
19597,zirsno,zir-sno,zir,0,2
19598,zirsno,zir-sno,sno,1,2
19599,ziryro'i,zir-ro'i,zir,0,2
19600,ziryro'i,zir-ro'i,ro'i,1,2
19601,ziryro'i,zir-ro'i,zir,0,2
19602,ziryro'i,zir-ro'i,ro'i,1,2
19603,zmabi'o,zma-bi'o,zma,0,2
19604,zmabi'o,zma-bi'o,bi'o,1,2
19605,zmafrili,zma-frili,zma,0,2
19606,zmafrili,zma-frili,frili,1,2
19607,zmagei,zma-gei,zma,0,2
19608,zmagei,zma-gei,gei,1,2
19609,zmana'u,zma-na'u,zma,0,2
19610,zmana'u,zma-na'u,na'u,1,2
19611,zmanei,zma-nei,zma,0,2
19612,zmanei,zma-nei,nei,1,2
19613,zmapo'e,zma-po'e,zma,0,2
19614,zmapo'e,zma-po'e,po'e,1,2
19615,zmapu'a,zma-pu'a,zma,0,2
19616,zmapu'a,zma-pu'a,pu'a,1,2
19617,zmari'a,zma-ri'a,zma,0,2
19618,zmari'a,zma-ri'a,ri'a,1,2
19619,zmasatci,zma-satci,zma,0,2
19620,zmasatci,zma-satci,satci,1,2
19621,zmasaurai,zma-sau-rai,zma,0,3
19622,zmasaurai,zma-sau-rai,sau,1,3
19623,zmasaurai,zma-sau-rai,rai,2,3
19624,zmasaurai,zma-sau-rai,zma,0,3
19625,zmasaurai,zma-sau-rai,sau,1,3
19626,zmasaurai,zma-sau-rai,rai,2,3
19627,zmaxau,zma-xau,zma,0,2
19628,zmaxau,zma-xau,xau,1,2
19629,zmazau,zma-zau,zma,0,2
19630,zmazau,zma-zau,zau,1,2
19631,zmetitla,zme-titla,zme,0,2
19632,zmetitla,zme-titla,titla,1,2
19633,zmitra,zmi-tra,zmi,0,2
19634,zmitra,zmi-tra,tra,1,2
19635,zmitra,zmi-tra,zmi,0,2
19636,zmitra,zmi-tra,tra,1,2
19637,zmutu'a,zmu-tu'a,zmu,0,2
19638,zmutu'a,zmu-tu'a,tu'a,1,2
19639,zu'edji,zu'e-dji,zu'e,0,2
19640,zu'edji,zu'e-dji,dji,1,2
19641,zugnalsfa,zug-nal-sfa,zug,0,3
19642,zugnalsfa,zug-nal-sfa,nal,1,3
19643,zugnalsfa,zug-nal-sfa,sfa,2,3
19644,zugygei,zug-gei,zug,0,2
19645,zugygei,zug-gei,gei,1,2
19646,zugyxu'a,zug-xu'a,zug,0,2
19647,zugyxu'a,zug-xu'a,xu'a,1,2
19648,zukybi'i,zuk-bi'i,zuk,0,2
19649,zukybi'i,zuk-bi'i,bi'i,1,2
19650,zukygau,zuk-gau,zuk,0,2
19651,zukygau,zuk-gau,gau,1,2
19652,zukyka'e,zuk-ka'e,zuk,0,2
19653,zukyka'e,zuk-ka'e,ka'e,1,2
19654,zulcarna,zul-carna,zul,0,2
19655,zulcarna,zul-carna,carna,1,2
19656,zuljei,zul-jei,zul,0,2
19657,zuljei,zul-jei,jei,1,2
19658,zuljma,zul-jma,zul,0,2
19659,zuljma,zul-jma,jma,1,2
19660,zulpritu,zul-pritu,zul,0,2
19661,zulpritu,zul-pritu,pritu,1,2
19662,zultercarna,zul-ter-carna,zul,0,3
19663,zultercarna,zul-ter-carna,ter,1,3
19664,zultercarna,zul-ter-carna,carna,2,3
19665,zulxa'e,zul-xa'e,zul,0,2
19666,zulxa'e,zul-xa'e,xa'e,1,2
19667,zumbroda,zum-broda,zum,0,2
19668,zumbroda,zum-broda,broda,1,2
19669,zumcpare,zum-cpare,zum,0,2
19670,zumcpare,zum-cpare,cpare,1,2
19671,zumjijnu,zum-jijnu,zum,0,2
19672,zumjijnu,zum-jijnu,jijnu,1,2
19673,zmutu'a,zmu-tu'a,zmu,0,2
19674,zmutu'a,zmu-tu'a,tu'a,1,2
19675,zumymlu,zum-mlu,zum,0,2
19676,zumymlu,zum-mlu,mlu,1,2
19677,zumymra,zum-mra,zum,0,2
19678,zumymra,zum-mra,mra,1,2
19679,zunkemba'usle,zun-kem-ba'u-sle,zun,0,4
19680,zunkemba'usle,zun-kem-ba'u-sle,kem,1,4
19681,zunkemba'usle,zun-kem-ba'u-sle,ba'u,2,4
19682,zunkemba'usle,zun-kem-ba'u-sle,sle,3,4
19683,zunsna,zun-sna,zun,0,2
19684,zunsna,zun-sna,sna,1,2
19685,zunsnagri,zun-sna-gri,zun,0,3
19686,zunsnagri,zun-sna-gri,sna,1,3
19687,zunsnagri,zun-sna-gri,gri,2,3
19688,zunsa'ile'u,zun-sa'i-le'u,zun,0,3
19689,zunsa'ile'u,zun-sa'i-le'u,sa'i,1,3
19690,zunsa'ile'u,zun-sa'i-le'u,le'u,2,3
19691,zunsnapoi,zun-sna-poi,zun,0,3
19692,zunsnapoi,zun-sna-poi,sna,1,3
19693,zunsnapoi,zun-sna-poi,poi,2,3
19694,zunsnapoimi'u,zun-sna-poi-mi'u,zun,0,4
19695,zunsnapoimi'u,zun-sna-poi-mi'u,sna,1,4
19696,zunsnapoimi'u,zun-sna-poi-mi'u,poi,2,4
19697,zunsnapoimi'u,zun-sna-poi-mi'u,mi'u,3,4
19698,zvacabna,zva-cabna,zva,0,2
19699,zvacabna,zva-cabna,cabna,1,2
19700,zvacu'i,zva-cu'i,zva,0,2
19701,zvacu'i,zva-cu'i,cu'i,1,2
19702,zvadji,zva-dji,zva,0,2
19703,zvadji,zva-dji,dji,1,2
19704,zvafa'i,zva-fa'i,zva,0,2
19705,zvafa'i,zva-fa'i,fa'i,1,2
19706,zvafaktoi,zva-fak-toi,zva,0,3
19707,zvafaktoi,zva-fak-toi,fak,1,3
19708,zvafaktoi,zva-fak-toi,toi,2,3
19709,zvaju'o,zva-ju'o,zva,0,2
19710,zvaju'o,zva-ju'o,ju'o,1,2
19711,zvaju'odji,zva-ju'o-dji,zva,0,3
19712,zvaju'odji,zva-ju'o-dji,ju'o,1,3
19713,zvaju'odji,zva-ju'o-dji,dji,2,3
19714,zvajunydji,zva-jun-dji,zva,0,3
19715,zvajunydji,zva-jun-dji,jun,1,3
19716,zvajunydji,zva-jun-dji,dji,2,3
19717,zvakansa,zva-kansa,zva,0,2
19718,zvakansa,zva-kansa,kansa,1,2
19719,zvali'a,zva-li'a,zva,0,2
19720,zvali'a,zva-li'a,li'a,1,2
19721,zvapre,zva-pre,zva,0,2
19722,zvapre,zva-pre,pre,1,2
19723,zvasenpi,zva-senpi,zva,0,2
19724,zvasenpi,zva-senpi,senpi,1,2
19725,zvaste,zva-ste,zva,0,2
19726,zvaste,zva-ste,ste,1,2
19727,zvatse,zva-tse,zva,0,2
19728,zvatse,zva-tse,tse,1,2
19729,bavlamdei,bav-lam-dei,bav,0,3
19730,bavlamdei,bav-lam-dei,lam,1,3
19731,bavlamdei,bav-lam-dei,dei,2,3
19732,cmevla,cme-vla,cme,0,2
19733,cmevla,cme-vla,vla,1,2
19734,se'ixru,se'i-xru,se'i,0,2
19735,se'ixru,se'i-xru,xru,1,2
19736,tceci'i,tce-ci'i,tce,0,2
19737,tceci'i,tce-ci'i,ci'i,1,2
19738,produkti,pro-dukti,pro,0,2
19739,produkti,pro-dukti,dukti,1,2
