gismu,gismu_shape,pos_tendency,gismu_new,gismu_new_shape,cmavo_rafsi_1,cmavo_rafsi_2,cmavo_rafsi_3,excluded,coef1_1,coef1_2,coef1_3,form_shape_1,form_shape_2,form_shape_3,rafsi_pos_1,rafsi_pos_2,rafsi_pos_3,rafsi_pos,gismu_sum,meaning,override,gismu_new_count
fasnu,CACCA,fin,nu,CA,nu,fau,,  ,100.0,3.4,0.0,CA,CAA,,45,125,,45 125 12345,21094,event,,1
cusku,CACCA,fin,sku,CCA,sku,cu'u,,  ,20.9,10.8,0.0,CCA,CAA,,342,125,,125 342 12345,9954,express,,1
dunli,CACCA,fin,du,CA,du,du'i,,du'u    dun,50.2,3.8,0.0,CA,CAA,,12,125,,12  125  12345,9852,equal,,1
sumti,CACCA,ini,sui,CAA,su'i,,,  sum,2.8,0.0,0.0,CAA,,,125,,,125 12345,8885,argument,,1
cabna,CACCA,ini,ca,CA,ca,cab,,  ,100.0,4.2,0.0,CA,CAC,,12,123,,12 123 12345,8755,now,,1
purci,CACCA,ini,pu,CA,pu,pru,,   pur,100.0,6.1,0.0,CA,CCA,,12,132,,12  132 12345,7120,past,,1
gismu,CACCA,ini,gim,CAC,gim,,,  gi'u,6.1,0.0,0.0,CAC,,,124,,,124  12345,6931,root word,,1
balvi,CACCA,ini,ba,CA,ba,bav,,  ba'a ,100.0,6.3,0.0,CA,CAC,,12,124,,12 124  12345,6885,future,,1
lujvo,CACCA,neut,jvo,CCA,jvo,,, ,20.6,0.0,0.0,CCA,,,345,,,345 12345,6250,affix compound,,1
valsi,CACCA,fin,vla,CCA,vla,va'i,,   val,100.0,5.6,0.0,CCA,CAA,,132,125,,125 132 12345,4348,word,,1
gasnu,CACCA,fin,gau,CAA,gau,,, ,100.0,0.0,0.0,CAA,,,125,,,125 12345,3753,do,,3
nanmu,CACCA,fin,nau,CAA,nau,,, ,4.3,0.0,0.0,CAA,,,125,,,125 12345,3743,man,,1
karbi,CACCA,ini,karb,CACC,,,,ku'i karbi kab,0.0,0.0,0.0,,,,,,,,3487,compare,,1
bangu,CACCA,fin,bau,CAA,bau,ban,,  ,100.0,3.1,0.0,CAA,CAC,,125,123,,123 125 12345,3474,language,,3
pensi,CACCA,neut,pes,CAC,pe'i,pei,,   pes,100.0,7.7,0.0,CAA,CAA,,125,125,,125 125 12345,3402,think,,3
remna,CACCA,ini,rem,CAC,rem,,,  re'a,3.3,0.0,0.0,CAC,,,123,,,123  12345,3395,human,,1
gerku,CACCA,ini,ger,CAC,ger,,,  ge'u,7.5,0.0,0.0,CAC,,,123,,,123  12345,3019,dog,,1
pilno,CACCA,fin,pli,CCA,pli,pi'o,,  ,44.7,24.4,0.0,CCA,CAA,,132,125,,125 132 12345,2987,use,,1
tavla,CACCA,fin,tal,CAC,ta'a,tav,,  ,21.3,2.6,0.0,CAA,CAC,,125,123,,123 125 12345,2928,talk,,2
kakne,CACCA,fin,kai,CAA,ka'e,,, ,100.0,0.0,0.0,CAA,,,125,,,125 12345,2903,able,,1
tanru,CACCA,neut,tau,CAA,tau,ta'u,,  ,8.8,3.9,0.0,CAA,CAA,,125,125,,125 125 12345,2897,phrase compound,,4
jetnu,CACCA,ini,jeu,CAA,je'u,jet,,jei   ,46.1,8.7,0.0,CAA,CAC,,125,123,,123 125  12345,2834,true,,1
sarji,CACCA,ini,sra,CCA,sra,,, ,2.6,0.0,0.0,CCA,,,132,,,132 12345,2532,support,,1
rafsi,CACCA,neut,rab,CAC,raf,,, ,2.1,0.0,0.0,CAC,,,123,,,123 12345,2481,affix,,3
mutce,CACCA,ini,tce,CCA,tce,,, ,53.0,0.0,0.0,CCA,,,345,,,345 12345,2422,much,,1
nenri,CACCA,ini,ner,CAC,ne'i,ner,,  ,94.1,38.1,0.0,CAA,CAC,,125,124,,124 125 12345,2213,in,,1
cukta,CACCA,fin,cku,CCA,cku,,, ,32.4,0.0,0.0,CCA,,,132,,,132 12345,2151,book,,1
rinka,CACCA,fin,ria,CAA,ri'a,,,  rik,100.0,0.0,0.0,CAA,,,125,,,125 12345,1981,cause,,1
since,CACCA,neut,sinc,CACC,,,, sinc,0.0,0.0,0.0,,,,,,,12345,1967,snake,,1
tanxe,CACCA,neut,tanx,CACC,,,, ta'e tax,0.0,0.0,0.0,,,,,,,12345,1878,box,,1
citka,CACCA,ini,cti,CCA,cti,,, ,10.9,0.0,0.0,CCA,,,132,,,132 12345,1851,eat,,1
mukti,CACCA,fin,mui,CAA,mu'i,,,  muk,100.0,0.0,0.0,CAA,,,125,,,125 12345,1833,motive,,2
nelci,CACCA,fin,nel,CAC,nei,,,  nel,31.3,0.0,0.0,CAA,,,125,,,125 12345,1797,fond,,1
xamgu,CACCA,ini,xau,CAA,xau,xag,,   va'u,48.3,13.0,0.0,CAA,CAC,,125,124,,124 125  12345,1770,good,,2
bapli,CACCA,neut,bai,CAA,bai,,,  bap,100.0,0.0,0.0,CAA,,,125,,,125 12345,1758,force,,3
jimpe,CACCA,fin,jmi,CCA,jmi,,,  je'e,25.2,0.0,0.0,CCA,,,132,,,132  12345,1756,understand,,1
nitcu,CACCA,fin,tcu,CCA,tcu,,, ,3.6,0.0,0.0,CCA,,,345,,,345 12345,1637,need,,1
viska,CACCA,ini,via,CAA,vi'a,vis,,  ,7.8,5.3,0.0,CAA,CAC,,125,123,,123 125 12345,1536,see,,1
bacru,CACCA,fin,bau,CAA,ba'u,,, ,28.3,0.0,0.0,CAA,,,125,,,125 12345,1427,utter,,3
mulno,CACCA,ini,mun,CAC,mu'o,mul,,  mu'e ,88.5,21.9,0.0,CAA,CAC,,125,123,,123 125  12345,1398,complete,,1
ninmu,CACCA,neut,nim,CAC,nim,ni'u,,  ,5.6,3.1,0.0,CAC,CAA,,124,125,,124 125 12345,1310,woman,,1
liste,CACCA,fin,ste,CCA,ste,,, ,100.0,0.0,0.0,CCA,,,345,,,345 12345,1286,list,,1
mabla,CACCA,ini,mal,CAC,mal,,, ,100.0,0.0,0.0,CAC,,,124,,,124 12345,1276,derogative,,1
zukte,CACCA,fin,zui,CAA,zu'e,zuk,,  zu'o ,75.7,3.9,0.0,CAA,CAC,,125,123,,123 125  12345,1252,act,,1
barda,CACCA,neut,bra,CCA,bra,,, ,66.8,0.0,0.0,CCA,,,132,,,132 12345,1243,big,,1
binxo,CACCA,fin,biu,CAA,bi'o,bix,,  ,51.5,5.0,0.0,CAA,CAC,,125,124,,124 125 12345,1223,become,,1
dunda,CACCA,fin,dua,CAA,du'a,,,  do'a dud,16.5,0.0,0.0,CAA,,,125,,,125  12345,1209,give,,1
kumfa,CACCA,fin,kua,CAA,ku'a,,,  kum,17.8,0.0,0.0,CAA,,,125,,,125 12345,1198,room,,2
zasti,CACCA,fin,zai,CAA,za'i,,,  zat,82.1,0.0,0.0,CAA,,,125,,,125 12345,1189,exist,,2
ciska,CACCA,fin,cia,CAA,ci'a,,, ,29.0,0.0,0.0,CAA,,,125,,,125 12345,1183,write,,2
melbi,CACCA,neut,mle,CCA,mle,,, ,17.6,0.0,0.0,CCA,,,132,,,132 12345,1161,beautiful,,1
lifri,CACCA,fin,lir,CAC,li'i,fri,ri'i,   ,100.0,43.5,12.6,CAA,CCA,CAA,125,342,425,125 342 425 12345,1140,experience,,2
zarci,CACCA,fin,zai,CAA,zai,,, ,3.4,0.0,0.0,CAA,,,125,,,125 12345,1129,market,,2
simsa,CACCA,fin,sia,CAA,si'a,smi,,  ,15.0,13.6,0.0,CAA,CCA,,125,132,,125 132 12345,1093,similar,,3
ponse,CACCA,fin,poi,CAA,po'e,pos,,  ,26.4,3.2,0.0,CAA,CAC,,125,124,,124 125 12345,1064,possess,,2
jinvi,CACCA,neut,jiv,CAC,ji'i,,,  jiv,4.7,0.0,0.0,CAA,,,125,,,125 12345,1062,opine,,2
pencu,CACCA,fin,peu,CAA,pe'u,,,  pec,4.0,0.0,0.0,CAA,,,125,,,125 12345,1060,touch,,3
sarcu,CACCA,neut,sau,CAA,sau,sa'u,,  ,100.0,10.4,0.0,CAA,CAA,,125,125,,125 125 12345,1043,necessary,,3
sidbo,CACCA,ini,siu,CAA,si'o,sib,,  ,100.0,3.9,0.0,CAA,CAC,,125,124,,124 125 12345,1023,idea,,1
temci,CACCA,fin,tec,CAC,tei,tem,,  ,34.9,7.3,0.0,CAA,CAC,,125,123,,123 125 12345,931,time,,2
nibli,CACCA,fin,nib,CAC,ni'i,,,  nib,100.0,0.0,0.0,CAA,,,125,,,125 12345,917,necessitate,,2
fukpi,CACCA,ini,fui,CAA,fu'i,,,  fuk,100.0,0.0,0.0,CAA,,,125,,,125 12345,912,copy,,2
carmi,CACCA,ini,cai,CAA,cai,cam,,  ,33.0,17.1,0.0,CAA,CAC,,125,124,,124 125 12345,885,intense,,3
finti,CACCA,fin,fit,CAC,fi'i,fin,,  fi'e ,39.9,8.5,0.0,CAA,CAC,,125,123,,123 125  12345,882,invent,,2
nanca,CACCA,fin,nac,CAC,na'a,,, ,31.1,0.0,0.0,CAA,,,125,,,125 12345,881,year,,1
gerna,CACCA,ini,gen,CAC,gen,ge'a,,  ,72.5,42.0,0.0,CAC,CAA,,124,125,,124 125 12345,865,grammar,,1
jalge,CACCA,neut,jai,CAA,ja'e,,,  ja'o jag,100.0,0.0,0.0,CAA,,,125,,,125  12345,860,result,,4
mitre,CACCA,neut,tre,CCA,tre,,, ,20.9,0.0,0.0,CCA,,,345,,,345 12345,843,meter,,1
lebna,CACCA,ini,leb,CAC,leb,le'a,,  ,100.0,28.8,0.0,CAC,CAA,,123,125,,123 125 12345,836,take,,1
simxu,CACCA,ini,sim,CAC,sim,si'u,,  ,100.0,33.2,0.0,CAC,CAA,,123,125,,123 125 12345,834,mutual,,2
mupli,CACCA,fin,mupl,CACC,,,,mu'a mu'u  mup,0.0,0.0,0.0,,,,,,,12345,823,example,,1
bevri,CACCA,fin,ber,CAC,bei,,, ,28.2,0.0,0.0,CAA,,,125,,,125 12345,822,carry,,2
casnu,CACCA,fin,snu,CCA,snu,,, ,28.7,0.0,0.0,CCA,,,345,,,345 12345,822,discuss,,1
galtu,CACCA,ini,gal,CAC,gal,ga'u,,ga'i   ,21.7,3.5,0.0,CAC,CAA,,123,125,,123 125  12345,821,high,,1
catlu,CACCA,fin,cta,CCA,cta,,, ,36.8,0.0,0.0,CCA,,,132,,,132 12345,817,look,,1
mamta,CACCA,neut,mam,CAC,mam,,, ,2.2,0.0,0.0,CAC,,,123,,,123 12345,793,mother,,1
xunre,CACCA,neut,xun,CAC,xun,xu'e,,  ,10.0,7.9,0.0,CAC,CAA,,123,125,,123 125 12345,792,red,,1
cipni,CACCA,fin,cpi,CCA,cpi,,, ,16.2,0.0,0.0,CCA,,,132,,,132 12345,790,bird,,1
jubme,CACCA,ini,jbu,CCA,jbu,,, ,12.4,0.0,0.0,CCA,,,132,,,132 12345,785,table,,1
jundi,CACCA,fin,jui,CAA,ju'i,jud,,  ,100.0,6.8,0.0,CAA,CAC,,125,124,,124 125 12345,784,attentive,,2
cumki,CACCA,fin,cui,CAA,cu'i,cum,,  ,13.5,5.1,0.0,CAA,CAC,,125,123,,123 125 12345,783,possible,,1
fanva,CACCA,fin,fanv,CACC,,,, fanv,0.0,0.0,0.0,,,,,,,12345,781,translate,,1
citno,CACCA,neut,ciu,CAA,ci'o,cit,,  ,45.7,27.3,0.0,CAA,CAC,,125,123,,123 125 12345,774,young,,1
benji,CACCA,neut,bej,CAC,be'i,,,  be'e bej,49.9,0.0,0.0,CAA,,,125,,,125  12345,772,transfer,,1
lisri,CACCA,neut,lis,CAC,lis,,, ,11.2,0.0,0.0,CAC,,,123,,,123 12345,769,story,,1
sevzi,CACCA,ini,sez,CAC,se'i,sez,,   se'a,100.0,38.4,0.0,CAA,CAC,,125,124,,124 125  12345,768,self,,1
batci,CACCA,neut,bad,CAC,bat,,, ,2.8,0.0,0.0,CAC,,,123,,,123 12345,757,bite,,2
pendo,CACCA,fin,peu,CAA,pe'o,ped,,  ,15.0,5.7,0.0,CAA,CAC,,125,124,,124 125 12345,757,friend,,3
kulnu,CACCA,fin,klu,CCA,klu,ku'u,,  ka'u ,100.0,46.4,0.0,CCA,CAA,,132,125,,125 132  12345,752,culture,,1
turni,CACCA,fin,tru,CCA,tru,,, ,100.0,0.0,0.0,CCA,,,132,,,132 12345,749,govern,,1
kelci,CACCA,neut,kec,CAC,kei,kel,,  ,66.8,14.5,0.0,CAA,CAC,,125,123,,123 125 12345,742,play,,1
tadni,CACCA,fin,tad,CAC,tad,,, ,9.5,0.0,0.0,CAC,,,123,,,123 12345,742,study,,2
girzu,CACCA,fin,gri,CCA,gri,,, ,100.0,0.0,0.0,CCA,,,132,,,132 12345,732,group,,1
sutra,CACCA,ini,sud,CAC,sut,,, ,16.3,0.0,0.0,CAC,,,123,,,123 12345,728,fast,,2
nobli,CACCA,ini,nol,CAC,nol,no'i,,  ,100.0,8.0,0.0,CAC,CAA,,124,125,,124 125 12345,724,noble,,1
badri,CACCA,neut,dri,CCA,dri,,, ,11.2,0.0,0.0,CCA,,,345,,,345 12345,723,sad,,1
farna,CACCA,ini,fan,CAC,fa'a,far,,  ,100.0,17.9,0.0,CAA,CAC,,125,123,,123 125 12345,716,direction,,2
lamji,CACCA,neut,lam,CAC,lam,la'i,,  ,100.0,35.5,0.0,CAC,CAA,,123,125,,123 125 12345,713,adjacent,,1
xabju,CACCA,neut,xau,CAA,xa'u,,, ,17.2,0.0,0.0,CAA,,,125,,,125 12345,711,dwell,,2
pinxe,CACCA,fin,pig,CAC,pix,,, ,2.1,0.0,0.0,CAC,,,124,,,124 12345,697,drink,,1
basti,CACCA,ini,bai,CAA,ba'i,bas,,  ,67.4,10.2,0.0,CAA,CAC,,125,123,,123 125 12345,696,replace,,3
fatci,CACCA,ini,fas,CAC,fac,,, ,4.0,0.0,0.0,CAC,,,124,,,124 12345,696,fact,,2
tuple,CACCA,neut,tui,CAA,tu'e,tup,,  ,4.0,2.8,0.0,CAA,CAC,,125,123,,123 125 12345,689,leg,,2
saske,CACCA,fin,ske,CCA,ske,,, ,100.0,0.0,0.0,CCA,,,145,,,145 12345,687,science,,1
morji,CACCA,neut,moi,CAA,mo'i,moj,,  ,33.1,13.7,0.0,CAA,CAC,,125,124,,124 125 12345,684,remember,,1
facki,CACCA,fin,fai,CAA,fa'i,fak,,  ,16.7,3.5,0.0,CAA,CAC,,125,124,,124 125 12345,682,discover,,3
mintu,CACCA,neut,miu,CAA,mi'u,mit,,  ,27.2,20.9,0.0,CAA,CAC,,125,124,,124 125 12345,680,same,,2
lorxu,CACCA,ini,lor,CAC,lor,lo'u,,  ,39.7,9.3,0.0,CAC,CAA,,123,125,,123 125 12345,679,fox,,1
muvdu,CACCA,fin,mud,CAC,mu'u,muv,,  ,34.6,21.2,0.0,CAA,CAC,,125,123,,123 125 12345,676,move,,3
milxe,CACCA,ini,mli,CCA,mli,,,  milx,45.3,0.0,0.0,CCA,,,132,,,132  12345,674,mild,,1
cilre,CACCA,neut,cli,CCA,cli,,, ,8.0,0.0,0.0,CCA,,,132,,,132 12345,669,learn,,1
vanbi,CACCA,fin,vanb,CACC,,,,va'o ,0.0,0.0,0.0,,,,,,,12345,667,environment,,1
jufra,CACCA,neut,jua,CAA,ju'a,juf,,  ,27.4,4.8,0.0,CAA,CAC,,125,123,,123 125 12345,665,sentence,,1
gunka,CACCA,neut,gua,CAA,gu'a,gun,,  ,12.9,8.7,0.0,CAA,CAC,,125,123,,123 125 12345,662,work,,1
banli,CACCA,ini,bal,CAC,bal,ba'i,,  ba'u ,37.9,16.3,0.0,CAC,CAA,,124,125,,124 125  12345,661,great,,1
cevni,CACCA,ini,cen,CAC,cei,cev,,  ,35.8,5.8,0.0,CAA,CAC,,125,123,,123 125 12345,661,god,,1
tadji,CACCA,fin,tai,CAA,ta'i,tadj,,  ,84.7,2.3,0.0,CAA,CACC,,125,1234,,125 1234 12345,657,method,,3
bajra,CACCA,ini,bas,CAC,baj,,, ,19.6,0.0,0.0,CAC,,,123,,,123 12345,656,run,,2
kansa,CACCA,neut,kan,CAC,kan,,, ,15.8,0.0,0.0,CAC,,,123,,,123 12345,650,with,,2
sisku,CACCA,ini,sis,CAC,sis,,, ,7.6,0.0,0.0,CAC,,,123,,,123 12345,650,seek,,3
barja,CACCA,fin,barj,CACC,barj,,, ,7.6,0.0,0.0,CACC,,,1234,,,1234 12345,639,bar,,1
rorci,CACCA,neut,ror,CAC,ror,,, ,6.3,0.0,0.0,CAC,,,123,,,123 12345,639,procreate,,1
sinxa,CACCA,neut,sni,CCA,sni,,, ,30.2,0.0,0.0,CCA,,,132,,,132 12345,630,sign,,1
cadzu,CACCA,neut,dzu,CCA,dzu,,, ,62.4,0.0,0.0,CCA,,,345,,,345 12345,627,walk,,1
tirna,CACCA,ini,tin,CAC,tin,,, ti'e ,13.1,0.0,0.0,CAC,,,124,,,124  12345,626,hear,,1
penmi,CACCA,neut,pem,CAC,pe'i,pen,,  ,39.3,13.5,0.0,CAA,CAC,,125,123,,123 125 12345,624,meet,,2
morsi,CACCA,ini,mro,CCA,mro,,, ,85.6,0.0,0.0,CCA,,,132,,,132 12345,622,dead,,1
karce,CACCA,neut,karc,CACC,karc,,, ,13.7,0.0,0.0,CACC,,,1234,,,1234 12345,621,car,,1
banzu,CACCA,fin,banz,CACC,,,, baz,0.0,0.0,0.0,,,,,,,12345,619,suffice,,1
betfu,CACCA,ini,beb,CAC,bef,be'u,,  ,14.9,5.9,0.0,CAC,CAA,,124,125,,124 125 12345,616,abdomen,,2
sipna,CACCA,ini,sib,CAC,sip,,, ,11.0,0.0,0.0,CAC,,,123,,,123 12345,615,sleep,,2
cinmo,CACCA,neut,cni,CCA,cni,ci'o,,  ,50.8,23.7,0.0,CCA,CAA,,132,125,,125 132 12345,614,emotion,,1
sucta,CACCA,neut,sua,CAA,su'a,suc,,su'u   ,44.4,2.1,0.0,CAA,CAC,,125,123,,123 125  12345,605,abstract,,2
farlu,CACCA,ini,fal,CAC,fal,fa'u,,  ,6.8,3.1,0.0,CAC,CAA,,124,125,,124 125 12345,601,fall,,1
vajni,CACCA,neut,vai,CAA,vai,vaj,,  ,32.5,7.2,0.0,CAA,CAC,,125,123,,123 125 12345,597,important,,2
diklo,CACCA,fin,diu,CAA,di'o,klo,,  ,42.4,16.9,0.0,CAA,CCA,,125,345,,125 345 12345,594,local,,2
nandu,CACCA,ini,nad,CAC,nad,,, ,8.3,0.0,0.0,CAC,,,124,,,124 12345,573,difficult,,1
gugde,CACCA,fin,gui,CAA,gu'e,gug,,  ,65.9,8.5,0.0,CAA,CAC,,125,123,,123 125 12345,571,country,,2
cinri,CACCA,fin,cir,CAC,ci'i,,, ,22.5,0.0,0.0,CAA,,,125,,,125 12345,568,interesting,,2
munje,CACCA,neut,mui,CAA,mu'e,muj,,  ,25.4,7.4,0.0,CAA,CAC,,125,124,,124 125 12345,554,universe,,2
ralju,CACCA,ini,rau,CAA,ra'u,ral,,  ,25.3,12.8,0.0,CAA,CAC,,125,123,,123 125 12345,551,principal,,4
bolci,CACCA,neut,boi,CAA,boi,bol,,  ,31.8,24.3,0.0,CAA,CAC,,125,123,,123 125 12345,550,ball,,1
notci,CACCA,neut,nod,CAC,not,noi,,  ,19.7,19.0,0.0,CAC,CAA,,123,125,,123 125 12345,549,message,,1
pemci,CACCA,neut,pem,CAC,pem,,, ,16.9,0.0,0.0,CAC,,,123,,,123 12345,545,poem,,2
dukse,CACCA,neut,dui,CAA,du'e,dus,,  ,18.7,6.9,0.0,CAA,CAC,,125,124,,124 125 12345,544,excess,,1
zabna,CACCA,ini,zan,CAC,zan,za'a,,  ,100.0,6.6,0.0,CAC,CAA,,124,125,,124 125 12345,543,favorable,,2
pagbu,CACCA,fin,pau,CAA,pau,pa'u,,   pag,29.7,10.3,0.0,CAA,CAA,,125,125,,125 125 12345,528,part,,3
cutci,CACCA,ini,cus,CAC,cuc,,, ,18.2,0.0,0.0,CAC,,,124,,,124 12345,527,shoe,,1
logji,CACCA,ini,los,CAC,loj,,, ,25.5,0.0,0.0,CAC,,,124,,,124 12345,527,logic,,1
litru,CACCA,fin,liu,CAA,li'u,,, ,13.9,0.0,0.0,CAA,,,125,,,125 12345,522,travel,,1
xance,CACCA,ini,xan,CAC,xan,xa'e,,  ,68.2,14.2,0.0,CAC,CAA,,123,125,,123 125 12345,521,hand,,1
rokci,CACCA,neut,roi,CAA,ro'i,rok,,  ,23.0,13.5,0.0,CAA,CAC,,125,123,,123 125 12345,516,rock,,1
kevna,CACCA,fin,kia,CAA,ke'a,kev,,  ,48.2,4.8,0.0,CAA,CAC,,125,123,,123 125 12345,514,cavity,,1
sidju,CACCA,neut,dju,CCA,dju,si'u,,  ,38.9,26.9,0.0,CCA,CAA,,345,125,,125 345 12345,512,help,,1
verba,CACCA,ini,ver,CAC,ver,,,  ve'a,7.3,0.0,0.0,CAC,,,123,,,123  12345,511,child,,1
gusni,CACCA,neut,gui,CAA,gu'i,gus,,  ,58.1,22.0,0.0,CAA,CAC,,125,123,,123 125 12345,508,illumine,,2
sance,CACCA,neut,sna,CCA,sna,,, ,83.9,0.0,0.0,CCA,,,132,,,132 12345,507,sound,,1
satci,CACCA,fin,satc,CACC,satc,,, sa'e ,8.8,0.0,0.0,CACC,,,1234,,,1234 12345,506,exact,,1
tugni,CACCA,fin,tui,CAA,tu'i,,,  tug,17.6,0.0,0.0,CAA,,,125,,,125 12345,499,agree,,2
ciste,CACCA,fin,cit,CAC,ci'e,,, ,100.0,0.0,0.0,CAA,,,125,,,125 12345,497,system,,1
cizra,CACCA,neut,cis,CAC,ciz,,, ,4.2,0.0,0.0,CAC,,,123,,,123 12345,496,strange,,3
lijda,CACCA,ini,jda,CCA,jda,,, ,100.0,0.0,0.0,CCA,,,345,,,345 12345,492,religion,,1
zanru,CACCA,neut,zau,CAA,zau,zar,,  ,45.2,2.1,0.0,CAA,CAC,,125,124,,124 125 12345,492,approve,,1
danfu,CACCA,ini,dab,CAC,daf,,, ,3.4,0.0,0.0,CAC,,,124,,,124 12345,489,answer,,3
senva,CACCA,ini,sne,CCA,sne,,,  se'o,79.3,0.0,0.0,CCA,,,132,,,132 12345,479,dream,,1
terdi,CACCA,ini,ted,CAC,ted,,, ,14.5,0.0,0.0,CAC,,,124,,,124 12345,479,earth,,1
lerfu,CACCA,neut,leu,CAA,le'u,ler,,  ,8.5,6.1,0.0,CAA,CAC,,125,123,,123 125 12345,476,letteral,,1
denpa,CACCA,ini,deb,CAC,dep,de'a,,  ,13.1,3.6,0.0,CAC,CAA,,124,125,,124 125 12345,474,wait,,1
lakne,CACCA,ini,lai,CAA,la'e,,,la'a  ,5.9,0.0,0.0,CAA,,,125,,,125  12345,473,probable,,1
simlu,CACCA,fin,mlu,CCA,mlu,,, ,20.9,0.0,0.0,CCA,,,345,,,345 12345,471,seem,,1
patfu,CACCA,neut,pau,CAA,pa'u,paf,,  ,16.0,11.1,0.0,CAA,CAC,,125,124,,124 125 12345,466,father,,3
curmi,CACCA,fin,cru,CCA,cru,,, ,27.6,0.0,0.0,CCA,,,132,,,132 12345,464,let,,1
pagre,CACCA,neut,gre,CCA,gre,,, pa'o ,45.2,0.0,0.0,CCA,,,345,,,345 12345,461,pass through,,1
birti,CACCA,neut,bid,CAC,bit,,, ,5.3,0.0,0.0,CAC,,,124,,,124 12345,458,certain,,1
panzi,CACCA,fin,pas,CAC,paz,,, ,4.6,0.0,0.0,CAC,,,124,,,124 12345,458,offspring,,4
nixli,CACCA,fin,xli,CCA,xli,,, ,100.0,0.0,0.0,CCA,,,342,,,342 12345,453,girl,,1
vecnu,CACCA,ini,veu,CAA,ve'u,ven,,  ,32.9,21.6,0.0,CAA,CAC,,125,124,,124 125 12345,452,sell,,1
porsi,CACCA,fin,poi,CAA,poi,po'i,por,   ,100.0,20.8,18.6,CAA,CAA,CAC,125,125,123,123 125 125 12345,451,sequence,,2
vasru,CACCA,fin,vau,CAA,vau,,,  vas,21.3,0.0,0.0,CAA,,,125,,,125 12345,451,contain,,2
zifre,CACCA,neut,zir,CAC,zi'e,ri'e,zif,   ,21.3,14.2,7.1,CAA,CAA,CAC,125,425,123,123 125 425 12345,451,free,,2
xusra,CACCA,fin,xua,CAA,xu'a,xus,,  ,17.9,2.9,0.0,CAA,CAC,,125,123,,123 125 12345,450,assert,,1
catra,CACCA,neut,catr,CACC,catr,,, ,18.0,0.0,0.0,CACC,,,1234,,,1234 12345,449,kill,,1
darxi,CACCA,fin,dai,CAA,da'i,dax,,  ,31.0,2.3,0.0,CAA,CAC,,125,124,,124 125 12345,448,hit,,3
fanmo,CACCA,ini,fam,CAC,fam,fa'o,, fe'o  ,39.3,27.0,0.0,CAC,CAA,,124,125,,124 125  12345,448,end,,1
jarco,CACCA,fin,jau,CAA,ja'o,,, ,39.9,0.0,0.0,CAA,,,125,,,125 12345,448,show,,1
menli,CACCA,ini,men,CAC,men,,, ,52.6,0.0,0.0,CAC,,,123,,,123 12345,445,mind,,1
curve,CACCA,neut,cub,CAC,cuv,,, ,7.7,0.0,0.0,CAC,,,124,,,124 12345,436,pure,,2
toknu,CACCA,ini,tog,CAC,tok,,, ,6.3,0.0,0.0,CAC,,,123,,,123 12345,436,oven,,1
xekri,CACCA,ini,xeg,CAC,xek,xe'i,,  ,11.8,2.6,0.0,CAC,CAA,,123,125,,123 125 12345,435,black,,1
zutse,CACCA,neut,tse,CCA,tse,,, ,32.3,0.0,0.0,CCA,,,345,,,345 12345,434,sit,,1
jicmu,CACCA,ini,jiu,CAA,ji'u,cmu,,  ,69.2,51.3,0.0,CAA,CCA,,125,345,,125 345 12345,428,basis,,1
solri,CACCA,ini,sol,CAC,sol,,, ,34.9,0.0,0.0,CAC,,,123,,,123 12345,421,solar,,1
galfi,CACCA,fin,gai,CAA,ga'i,gaf,,  ,29.4,8.9,0.0,CAA,CAC,,125,124,,124 125 12345,416,modify,,3
pixra,CACCA,neut,xra,CCA,xra,,,  pir,36.0,0.0,0.0,CCA,,,345,,,345 12345,416,picture,,1
cidja,CACCA,ini,dja,CCA,dja,,, ,62.9,0.0,0.0,CCA,,,345,,,345 12345,409,food,,1
zekri,CACCA,ini,zer,CAC,zer,zei,,  ,62.5,60.3,0.0,CAC,CAA,,124,125,,124 125 12345,409,crime,,1
namcu,CACCA,ini,nas,CAC,nac,na'u,,  ,22.2,10.5,0.0,CAC,CAA,,124,125,,124 125 12345,406,number,,2
cenba,CACCA,neut,cne,CCA,cne,,, ,17.1,0.0,0.0,CCA,,,132,,,132 12345,403,vary,,1
kerfa,CACCA,neut,kre,CCA,kre,,, ,37.6,0.0,0.0,CCA,,,132,,,132 12345,402,hair,,1
vorme,CACCA,neut,vro,CCA,vro,,, ,64.1,0.0,0.0,CCA,,,132,,,132 12345,402,door,,1
jirna,CACCA,fin,jirn,CACC,jirn,,, ,3.1,0.0,0.0,CACC,,,1234,,,1234 12345,391,horn,,1
kanla,CACCA,ini,kal,CAC,kal,,, ,21.2,0.0,0.0,CAC,,,124,,,124 12345,388,eye,,1
gunse,CACCA,fin,guns,CACC,,,, guns,0.0,0.0,0.0,,,,,,,12345,386,goose,,1
mapti,CACCA,ini,mad,CAC,mat,,, ,18.5,0.0,0.0,CAC,,,124,,,124 12345,384,fit,,2
selci,CACCA,fin,sle,CCA,sle,,, ,69.5,0.0,0.0,CCA,,,132,,,132 12345,383,cell,,1
terpa,CACCA,ini,teb,CAC,tep,te'a,,  ,29.7,26.0,0.0,CAC,CAA,,124,125,,124 125 12345,383,fear,,2
cinfo,CACCA,fin,cinf,CACC,,,,,0.0,0.0,0.0,,,,,,,12345,383,lion,,1
tanjo,CACCA,??,tau,CAA,ta'o,,, ,100.0,0.0,0.0,CAA,,,125,,,125 12345,382,tangent,,4
tarmi,CACCA,fin,tai,CAA,tai,tam,,  ,100.0,7.5,0.0,CAA,CAC,,125,124,,124 125 12345,381,shape,,3
danlu,CACCA,ini,dal,CAC,dal,da'u,,  ,30.1,12.4,0.0,CAC,CAA,,124,125,,124 125 12345,379,animal,,1
jikca,CACCA,ini,jig,CAC,jik,,, ,62.9,0.0,0.0,CAC,,,123,,,123 12345,378,socialize,,1
jibni,CACCA,ini,jbi,CCA,jbi,,, ,66.1,0.0,0.0,CCA,,,132,,,132 12345,375,near,,1
zunle,CACCA,ini,zul,CAC,zul,,, zu'a ,7.1,0.0,0.0,CAC,,,124,,,124  12345,375,left,,1
certu,CACCA,neut,cre,CCA,cre,,, ,30.9,0.0,0.0,CCA,,,132,,,132 12345,373,expert,,1
cecmu,CACCA,fin,ceu,CAA,ce'u,cem,,  ,25.7,2.7,0.0,CAA,CAC,,125,124,,124 125 12345,372,community,,1
gapru,CACCA,ini,gau,CAA,ga'u,gap,,  ,66.5,9.0,0.0,CAA,CAC,,125,123,,123 125 12345,372,above,,3
tarti,CACCA,fin,tra,CCA,tra,,, ,100.0,0.0,0.0,CCA,,,132,,,132 12345,370,behave,,1
bartu,CACCA,ini,bar,CAC,bar,,, ,78.5,0.0,0.0,CAC,,,123,,,123 12345,366,out,,1
berti,CACCA,ini,ber,CAC,ber,,, be'a ,28.2,0.0,0.0,CAC,,,123,,,123  12345,361,north,,2
canko,CACCA,fin,cau,CAA,ca'o,,, ,12.3,0.0,0.0,CAA,,,125,,,125 12345,361,window,,3
ciksi,CACCA,neut,cki,CCA,cki,,, ,50.9,0.0,0.0,CCA,,,132,,,132 12345,361,explain,,1
katna,CACCA,neut,kan,CAC,ka'a,,, ,50.2,0.0,0.0,CAA,,,125,,,125 12345,354,cut,,2
panra,CACCA,fin,pan,CAC,pa'a,,,  panr,100.0,0.0,0.0,CAA,,,125,,,125  12345,353,parallel,,3
gadri,CACCA,fin,gadr,CACC,,,,,0.0,0.0,0.0,,,,,,,12345,351,article,,1
pinka,CACCA,neut,pink,CACC,,,, pik,0.0,0.0,0.0,,,,,,,12345,350,comment,,1
minde,CACCA,neut,mid,CAC,mi'e,mid,,  ,28.1,11.2,0.0,CAA,CAC,,125,124,,124 125 12345,349,command,,1
sisti,CACCA,neut,sti,CCA,sti,,, ,77.0,0.0,0.0,CCA,,,142,,,142 12345,349,cease,,1
dinju,CACCA,fin,diu,CAA,di'u,dij,,  ,70.2,11.0,0.0,CAA,CAC,,125,124,,124 125 12345,346,building,,2
jeftu,CACCA,ini,jeb,CAC,jef,,, ,60.0,0.0,0.0,CAC,,,123,,,123 12345,344,week,,1
xirma,CACCA,neut,xir,CAC,xir,xi'a,,  ,20.5,12.4,0.0,CAC,CAA,,123,125,,123 125 12345,343,horse,,1
ruble,CACCA,neut,ble,CCA,ble,,, ,76.6,0.0,0.0,CCA,,,345,,,345 12345,339,weak,,1
gunma,CACCA,neut,gunm,CACC,,,, gum,0.0,0.0,0.0,,,,,,,12345,338,jointly,,1
pacna,CACCA,neut,pan,CAC,pa'a,,, ,16.2,0.0,0.0,CAA,,,125,,,125 12345,337,hope,,3
vitke,CACCA,neut,vik,CAC,vi'e,,, ,11.0,0.0,0.0,CAA,,,125,,,125 12345,336,guest,,1
damba,CACCA,neut,dab,CAC,da'a,dab,,  ,42.9,9.0,0.0,CAA,CAC,,125,124,,124 125 12345,334,fight,,3
nicte,CACCA,fin,cte,CCA,cte,,, ,53.2,0.0,0.0,CCA,,,345,,,345 12345,331,night,,1
javni,CACCA,ini,jai,CAA,ja'i,jva,,  ,55.7,53.2,0.0,CAA,CCA,,125,132,,125 132 12345,330,rule,,4
fonxa,CACCA,ini,fon,CAC,fon,,, ,50.9,0.0,0.0,CAC,,,123,,,123 12345,326,telephone,,1
lanzu,CACCA,neut,las,CAC,laz,,, ,15.4,0.0,0.0,CAC,,,124,,,124 12345,323,family,,4
punji,CACCA,fin,pui,CAA,pu'i,,, ,57.0,0.0,0.0,CAA,,,125,,,125 12345,321,put,,3
cunso,CACCA,ini,cun,CAC,cun,cu'o,,  ,100.0,63.1,0.0,CAC,CAA,,123,125,,123 125 12345,310,random,,1
bilga,CACCA,ini,big,CAC,big,,, ,5.1,0.0,0.0,CAC,,,124,,,124 12345,307,obliged,,2
kurji,CACCA,fin,kui,CAA,ku'i,kuj,,  ,35.3,5.0,0.0,CAA,CAC,,125,124,,124 125 12345,306,take care of,,2
manku,CACCA,ini,man,CAC,man,,, ,65.0,0.0,0.0,CAC,,,123,,,123 12345,302,dark,,2
santa,CACCA,neut,sant,CACC,sant,,, ,3.8,0.0,0.0,CACC,,,1234,,,1234 12345,302,umbrella,,1
jitro,CACCA,fin,tro,CCA,tro,ji'o,,  ,98.6,20.1,0.0,CCA,CAA,,345,125,,125 345 12345,300,control,,1
mipri,CACCA,ini,mib,CAC,mip,,, ,41.7,0.0,0.0,CAC,,,123,,,123 12345,299,secret,,2
cinba,CACCA,??,cinb,CACC,,,,,0.0,0.0,0.0,,,,,,,12345,299,kiss,,1
xanri,CACCA,ini,xar,CAC,xar,,, ,49.3,0.0,0.0,CAC,,,124,,,124 12345,297,imaginary,,2
serti,CACCA,ini,ser,CAC,ser,,, ,46.0,0.0,0.0,CAC,,,123,,,123 12345,295,stairs,,1
detri,CACCA,ini,der,CAC,de'i,det,,  ,78.0,16.0,0.0,CAA,CAC,,125,123,,123 125 12345,291,date,,2
rirni,CACCA,neut,rir,CAC,rir,,, ,28.8,0.0,0.0,CAC,,,123,,,123 12345,291,parent,,1
bitmu,CACCA,neut,bim,CAC,bim,bi'u,,  ,5.6,3.0,0.0,CAC,CAA,,124,125,,124 125 12345,290,wall,,1
fagri,CACCA,ini,fag,CAC,fag,,, ,86.4,0.0,0.0,CAC,,,123,,,123 12345,285,fire,,2
lunra,CACCA,ini,lur,CAC,lur,,, ,11.3,0.0,0.0,CAC,,,124,,,124 12345,285,lunar,,1
sanga,CACCA,fin,sag,CAC,sa'a,sag,,  ,58.2,3.6,0.0,CAA,CAC,,125,124,,124 125 12345,285,sing,,3
tordu,CACCA,ini,tod,CAC,to'u,tor,,  ,63.3,43.9,0.0,CAA,CAC,,125,123,,123 125 12345,285,short,,1
ganse,CACCA,neut,gai,CAA,ga'e,gas,,  ,35.0,11.1,0.0,CAA,CAC,,125,124,,124 125 12345,284,sense,,3
porpi,CACCA,ini,pob,CAC,pop,po'i,,  ,50.0,6.5,0.0,CAC,CAA,,124,125,,124 125 12345,279,break,,2
xadni,CACCA,ini,xad,CAC,xad,,, ,28.6,0.0,0.0,CAC,,,123,,,123 12345,279,body,,1
jorne,CACCA,neut,joi,CAA,jo'e,jon,,  ,40.8,23.9,0.0,CAA,CAC,,125,124,,124 125 12345,276,joined,,1
xamsi,CACCA,ini,xas,CAC,xas,,, ,74.7,0.0,0.0,CAC,,,124,,,124 12345,276,sea,,3
jukpa,CACCA,ini,jub,CAC,jup,,, ,42.3,0.0,0.0,CAC,,,124,,,124 12345,275,cook,,1
korbi,CACCA,fin,koi,CAA,koi,,,  kor,100.0,0.0,0.0,CAA,,,125,,,125 12345,274,edge,,2
kancu,CACCA,ini,kas,CAC,kac,,, ,51.0,0.0,0.0,CAC,,,124,,,124 12345,273,count,,2
lenku,CACCA,ini,leg,CAC,lek,,, ,20.6,0.0,0.0,CAC,,,124,,,124 12345,273,cold,,1
lumci,CACCA,fin,lui,CAA,lu'i,lum,,  ,100.0,45.0,0.0,CAA,CAC,,125,123,,123 125 12345,272,wash,,1
ranji,CACCA,neut,rai,CAA,ra'i,,, ,25.3,0.0,0.0,CAA,,,125,,,125 12345,272,continue,,3
foldi,CACCA,fin,foi,CAA,foi,flo,,  ,100.0,6.2,0.0,CAA,CCA,,125,132,,125 132 12345,271,field,,1
voksa,CACCA,neut,vog,CAC,vok,vo'a,,  ,13.6,7.5,0.0,CAC,CAA,,123,125,,123 125 12345,271,voice,,1
tarci,CACCA,ini,tar,CAC,tar,,, ,13.0,0.0,0.0,CAC,,,123,,,123 12345,270,star,,1
kalte,CACCA,ini,kad,CAC,kat,,, ,6.4,0.0,0.0,CAC,,,124,,,124 12345,269,hunt,,2
moklu,CACCA,ini,mol,CAC,mol,,,  mo'u,62.0,0.0,0.0,CAC,,,124,,,124  12345,267,mouth,,1
nanla,CACCA,fin,nanl,CACC,,,,,0.0,0.0,0.0,,,,,,,12345,267,boy,,1
nuzba,CACCA,neut,nus,CAC,nuz,,, ,5.9,0.0,0.0,CAC,,,123,,,123 12345,266,news,,2
mikce,CACCA,neut,mis,CAC,mic,,, ,18.4,0.0,0.0,CAC,,,124,,,124 12345,265,doctor,,2
cuxna,CACCA,fin,cua,CAA,cu'a,cux,,  ,18.2,4.1,0.0,CAA,CAC,,125,123,,123 125 12345,263,choose,,1
gacri,CACCA,fin,gai,CAA,gai,,, ,100.0,0.0,0.0,CAA,,,125,,,125 12345,263,cover,,3
mensi,CACCA,fin,mes,CAC,me'i,,, ,27.2,0.0,0.0,CAA,,,125,,,125 12345,262,sister,,1
tutci,CACCA,fin,tci,CCA,tci,,, ,100.0,0.0,0.0,CCA,,,145,,,145 12345,262,tool,,1
zenba,CACCA,fin,zia,CAA,ze'a,zen,,  ,31.7,16.4,0.0,CAA,CAC,,125,123,,123 125 12345,262,increase,,1
condi,CACCA,ini,coi,CAA,coi,cno,,  ,100.0,21.7,0.0,CAA,CCA,,125,132,,125 132 12345,259,deep,,1
respa,CACCA,ini,res,CAC,res,,, ,100.0,0.0,0.0,CAC,,,123,,,123 12345,257,reptile,,1
salci,CACCA,neut,sla,CCA,sla,,, ,100.0,0.0,0.0,CCA,,,132,,,132 12345,256,celebrate,,1
fetsi,CACCA,ini,fed,CAC,fet,fe'i,,  ,100.0,2.9,0.0,CAC,CAA,,123,125,,123 125 12345,255,female,,2
loldi,CACCA,ini,lol,CAC,lol,loi,,  ,19.8,6.4,0.0,CAC,CAA,,123,125,,123 125 12345,255,floor,,1
darno,CACCA,ini,dar,CAC,dar,da'o,,  ,26.2,8.7,0.0,CAC,CAA,,123,125,,123 125 12345,253,far,,1
jivna,CACCA,fin,jvi,CCA,jvi,,, ,100.0,0.0,0.0,CCA,,,132,,,132 12345,252,compete,,1
zirpu,CACCA,neut,zir,CAC,zir,zi'u,,  ,74.6,45.6,0.0,CAC,CAA,,123,125,,123 125 12345,251,purple,,2
carvi,CACCA,neut,cab,CAC,cav,,, ,5.1,0.0,0.0,CAC,,,124,,,124 12345,249,rain,,3
culno,CACCA,neut,clu,CCA,clu,,, ,18.0,0.0,0.0,CCA,,,132,,,132 12345,249,full,,1
xajmi,CACCA,ini,xam,CAC,xam,,, ,28.7,0.0,0.0,CAC,,,124,,,124 12345,249,funny,,1
jibri,CACCA,fin,jib,CAC,jib,,, ,5.0,0.0,0.0,CAC,,,123,,,123 12345,248,job,,3
sepli,CACCA,neut,sel,CAC,sei,sep,,  ,66.9,26.6,0.0,CAA,CAC,,125,123,,123 125 12345,248,apart,,1
marji,CACCA,fin,mai,CAA,mai,maj,,  ma'e ,56.2,9.5,0.0,CAA,CAC,,125,124,,124 125  12345,246,material,,4
degji,CACCA,neut,deg,CAC,deg,,, ,39.7,0.0,0.0,CAC,,,123,,,123 12345,243,finger,,1
fapro,CACCA,neut,pro,CCA,pro,,, ,70.0,0.0,0.0,CCA,,,345,,,345 12345,243,oppose,,1
vimcu,CACCA,fin,viu,CAA,vi'u,,,  vic,46.5,0.0,0.0,CAA,,,125,,,125 12345,243,remove,,2
botpi,CACCA,ini,botp,CACC,,,, bot,0.0,0.0,0.0,,,,,,,12345,243,bottle,,1
senpi,CACCA,ini,sen,CAC,sen,,, ,25.1,0.0,0.0,CAC,,,123,,,123 12345,242,doubt,,1
taxfu,CACCA,neut,tau,CAA,ta'u,taf,,  ,58.5,16.2,0.0,CAA,CAC,,125,124,,124 125 12345,242,garment,,4
xarci,CACCA,neut,xas,CAC,xac,xa'i,,  ,55.2,52.6,0.0,CAC,CAA,,124,125,,124 125 12345,241,weapon,,3
rarna,CACCA,ini,rar,CAC,rar,,, ,77.8,0.0,0.0,CAC,,,123,,,123 12345,240,natural,,1
minji,CACCA,fin,mij,CAC,mi'i,,, ,71.2,0.0,0.0,CAA,,,125,,,125 12345,238,machine,,1
cabra,CACCA,fin,car,CAC,ca'a,,, ,92.9,0.0,0.0,CAA,,,125,,,125 12345,237,apparatus,,2
nabmi,CACCA,neut,nam,CAC,nam,,, ,3.5,0.0,0.0,CAC,,,124,,,124 12345,237,problem,,1
rapli,CACCA,ini,rab,CAC,rap,,, ,95.9,0.0,0.0,CAC,,,123,,,123 12345,237,repeat,,3
birka,CACCA,ini,bir,CAC,bir,,, ,16.3,0.0,0.0,CAC,,,123,,,123 12345,235,arm,,1
cinse,CACCA,ini,cin,CAC,cin,,, ,93.8,0.0,0.0,CAC,,,123,,,123 12345,235,sexual,,1
sampu,CACCA,ini,sau,CAA,sa'u,sap,,  ,47.5,45.1,0.0,CAA,CAC,,125,124,,124 125 12345,235,simple,,3
sanji,CACCA,neut,sas,CAC,saj,,, ,10.4,0.0,0.0,CAC,,,124,,,124 12345,234,conscious,,4
dikni,CACCA,ini,dig,CAC,dik,,, ,100.0,0.0,0.0,CAC,,,123,,,123 12345,233,regular,,2
pajni,CACCA,fin,pai,CAA,pai,,,  pa'e,100.0,0.0,0.0,CAA,,,125,,,125  12345,232,judge,,1
pipno,CACCA,neut,piu,CAA,pi'o,,, ,18.5,0.0,0.0,CAA,,,125,,,125 12345,229,piano,,2
tikpa,CACCA,ini,tib,CAC,tip,,, ,82.4,0.0,0.0,CAC,,,124,,,124 12345,228,kick,,3
jitfa,CACCA,ini,jib,CAC,jif,,, ,25.1,0.0,0.0,CAC,,,124,,,124 12345,227,false,,3
renro,CACCA,neut,reu,CAA,re'o,rer,,  ,7.4,5.0,0.0,CAA,CAC,,125,124,,124 125 12345,227,throw,,2
cecla,CACCA,fin,cia,CAA,ce'a,cel,,  ,35.4,4.9,0.0,CAA,CAC,,125,124,,124 125 12345,226,launcher,,2
rupnu,CACCA,fin,run,CAC,ru'u,,, ,99.1,0.0,0.0,CAA,,,125,,,125 12345,225,dollar,,2
fengu,CACCA,neut,feu,CAA,fe'u,feg,,  ,30.7,16.0,0.0,CAA,CAC,,125,124,,124 125 12345,223,angry,,2
bebna,CACCA,ini,beb,CAC,beb,,, ,4.0,0.0,0.0,CAC,,,123,,,123 12345,222,foolish,,2
dertu,CACCA,neut,der,CAC,der,de'u,,  ,44.6,23.1,0.0,CAC,CAA,,123,125,,123 125 12345,218,dirt,,2
masti,CACCA,fin,mai,CAA,ma'i,,, ,17.4,0.0,0.0,CAA,,,125,,,125 12345,216,month,,4
vacri,CACCA,ini,var,CAC,var,,, ,38.5,0.0,0.0,CAC,,,124,,,124 12345,216,air,,1
dargu,CACCA,ini,dag,CAC,dag,,, ,3.9,0.0,0.0,CAC,,,124,,,124 12345,215,road,,2
makfa,CACCA,neut,mab,CAC,maf,,, ,20.7,0.0,0.0,CAC,,,124,,,124 12345,214,magic,,3
bandu,CACCA,ini,bad,CAC,bad,,, ,52.1,0.0,0.0,CAC,,,124,,,124 12345,212,defend,,2
dakfu,CACCA,neut,dag,CAC,dak,,, ,55.1,0.0,0.0,CAC,,,123,,,123 12345,211,knife,,2
dasni,CACCA,ini,das,CAC,das,,, ,5.5,0.0,0.0,CAC,,,123,,,123 12345,211,wear,,1
kavbu,CACCA,neut,kab,CAC,kav,,, ,4.6,0.0,0.0,CAC,,,123,,,123 12345,211,capture,,3
midju,CACCA,neut,mis,CAC,mij,,, ,55.9,0.0,0.0,CAC,,,124,,,124 12345,211,middle,,2
rozgu,CACCA,neut,zgu,CCA,zgu,,, ,5.5,0.0,0.0,CCA,,,345,,,345 12345,211,rose,,1
bersa,CACCA,fin,bia,CAA,be'a,bes,,  ,54.7,5.0,0.0,CAA,CAC,,125,124,,124 125 12345,210,son,,2
finpe,CACCA,fin,fip,CAC,fi'e,,,  fip,8.4,0.0,0.0,CAA,,,125,,,125 12345,210,fish,,1
masno,CACCA,ini,sno,CCA,sno,,, ,41.9,0.0,0.0,CCA,,,345,,,345 12345,210,slow,,1
fatri,CACCA,neut,fai,CAA,fai,,, ,72.7,0.0,0.0,CAA,,,125,,,125 12345,208,distribute,,3
zasni,CACCA,ini,zas,CAC,zas,,, ,32.5,0.0,0.0,CAC,,,123,,,123 12345,208,temporary,,2
kabri,CACCA,ini,kabr,CACC,kabr,,, ,20.1,0.0,0.0,CACC,,,1234,,,1234 12345,207,cup,,1
palci,CACCA,ini,pas,CAC,pac,,, ,18.8,0.0,0.0,CAC,,,124,,,124 12345,207,evil,,4
cerni,CACCA,ini,cer,CAC,cer,,, ,12.0,0.0,0.0,CAC,,,123,,,123 12345,206,morning,,1
kalri,CACCA,ini,kar,CAC,kar,,,  ke'i,90.5,0.0,0.0,CAC,,,124,,,124  12345,206,open,,1
savru,CACCA,neut,vru,CCA,vru,,,  sav,52.6,0.0,0.0,CCA,,,345,,,345 12345,205,noise,,1
larcu,CACCA,ini,lar,CAC,lar,,, ,93.4,0.0,0.0,CAC,,,123,,,123 12345,204,art,,1
lidne,CACCA,neut,lin,CAC,li'e,,, ,100.0,0.0,0.0,CAA,,,125,,,125 12345,203,precede,,2
selfu,CACCA,fin,seu,CAA,se'u,sef,,  ,100.0,2.6,0.0,CAA,CAC,,125,124,,124 125 12345,203,serve,,1
xatra,CACCA,fin,xar,CAC,xa'a,,, ,38.8,0.0,0.0,CAA,,,125,,,125 12345,203,letter,,2
cacra,CACCA,neut,cacr,CACC,cacr,,, ,4.7,0.0,0.0,CACC,,,1234,,,1234 12345,202,hour,,1
cikna,CACCA,neut,cig,CAC,cik,,, ,16.8,0.0,0.0,CAC,,,123,,,123 12345,202,awake,,1
linji,CACCA,fin,lij,CAC,li'i,lij,,  ,30.8,9.1,0.0,CAA,CAC,,125,124,,124 125 12345,200,line,,1
sonci,CACCA,neut,soi,CAA,soi,son,,  ,62.2,5.9,0.0,CAA,CAC,,125,123,,123 125 12345,200,soldier,,2
bancu,CACCA,ini,bas,CAC,bac,,, ,27.6,0.0,0.0,CAC,,,124,,,124 12345,199,beyond,,2
cinta,CACCA,ini,cint,CACC,cint,,, ,26.8,0.0,0.0,CACC,,,1234,,,1234 12345,199,paint,,1
sudga,CACCA,ini,sud,CAC,sud,,, ,100.0,0.0,0.0,CAC,,,123,,,123 12345,199,dry,,2
rinsa,CACCA,neut,rins,CACC,rins,,, ,2.1,0.0,0.0,CACC,,,1234,,,1234 12345,197,greet,,1
fadni,CACCA,fin,fadn,CACC,,,, fad,0.0,0.0,0.0,,,,,,,12345,196,ordinary,,1
jecta,CACCA,neut,jes,CAC,jec,je'a,,  ,12.3,7.4,0.0,CAC,CAA,,123,125,,123 125 12345,194,polity,,3
natmi,CACCA,neut,nai,CAA,nai,,,  nat,86.4,0.0,0.0,CAA,,,125,,,125 12345,194,nation,,3
cilmo,CACCA,ini,cim,CAC,cim,,, ,92.0,0.0,0.0,CAC,,,124,,,124 12345,192,moist,,1
cipra,CACCA,fin,cib,CAC,cip,,, ,4.8,0.0,0.0,CAC,,,123,,,123 12345,190,test,,3
zumri,CACCA,ini,zmu,CCA,zmu,,, ,2.2,0.0,0.0,CCA,,,132,,,132 12345,190,maize,,1
darlu,CACCA,fin,dau,CAA,dau,,, ,13.5,0.0,0.0,CAA,,,125,,,125 12345,189,argue,,1
kafke,CACCA,fin,kafk,CACC,,,, kafk,0.0,0.0,0.0,,,,,,,12345,189,cough,,1
dacti,CACCA,fin,dai,CAA,dai,,, ,21.3,0.0,0.0,CAA,,,125,,,125 12345,188,object,,3
sefta,CACCA,fin,sfe,CCA,sfe,,, ,77.4,0.0,0.0,CCA,,,132,,,132 12345,188,surface,,1
cifnu,CACCA,neut,cib,CAC,cif,,, ,12.7,0.0,0.0,CAC,,,123,,,123 12345,187,infant,,3
rirxe,CACCA,neut,rix,CAC,ri'e,,, ,33.6,0.0,0.0,CAA,,,125,,,125 12345,187,river,,1
pezli,CACCA,fin,pes,CAC,pez,,, ,3.4,0.0,0.0,CAC,,,123,,,123 12345,184,leaf,,3
censa,CACCA,ini,ces,CAC,ces,,, ,82.0,0.0,0.0,CAC,,,124,,,124 12345,182,holy,,1
vofli,CACCA,ini,voi,CAA,voi,vol,,  ,20.1,5.4,0.0,CAA,CAC,,125,124,,124 125 12345,182,flight,,1
bunre,CACCA,fin,bui,CAA,bu'e,bur,,  ,11.1,7.2,0.0,CAA,CAC,,125,124,,124 125 12345,181,brown,,1
kanro,CACCA,neut,kau,CAA,ka'o,,, ,18.9,0.0,0.0,CAA,,,125,,,125 12345,180,healthy,,3
tumla,CACCA,fin,tua,CAA,tu'a,tum,,  ,100.0,33.3,0.0,CAA,CAC,,125,123,,123 125 12345,180,land,,2
dansu,CACCA,fin,dans,CACC,,,, dans,0.0,0.0,0.0,,,,,,,12345,180,dance,,1
fanta,CACCA,fin,fant,CACC,,,,,0.0,0.0,0.0,,,,,,,12345,180,prevent,,1
cupra,CACCA,fin,pra,CCA,pra,,, ,100.0,0.0,0.0,CCA,,,345,,,345 12345,179,produce,,1
ritli,CACCA,fin,ril,CAC,ri'i,,, ,96.7,0.0,0.0,CAA,,,125,,,125 12345,179,rite,,2
datni,CACCA,ini,datn,CACC,datn,,, ,14.2,0.0,0.0,CACC,,,1234,,,1234 12345,177,data,,1
mudri,CACCA,ini,mud,CAC,mud,,, ,33.1,0.0,0.0,CAC,,,123,,,123 12345,177,wood,,3
xanka,CACCA,ini,xank,CACC,xank,,, ,3.5,0.0,0.0,CACC,,,1234,,,1234 12345,177,nervous,,1
carna,CACCA,neut,car,CAC,car,,, ,29.2,0.0,0.0,CAC,,,123,,,123 12345,176,turn,,2
jamfu,CACCA,ini,jma,CCA,jma,,,  jaf,66.7,0.0,0.0,CCA,,,132,,,132 12345,176,foot,,1
jimte,CACCA,neut,jit,CAC,ji'e,jit,,  ,77.2,23.9,0.0,CAA,CAC,,125,124,,124 125 12345,176,limit,,1
manri,CACCA,neut,mai,CAA,ma'i,mar,,  ,100.0,9.8,0.0,CAA,CAC,,125,124,,124 125 12345,176,reference,,4
tatpi,CACCA,neut,tai,CAA,ta'i,,, ,19.6,0.0,0.0,CAA,,,125,,,125 12345,176,tired,,3
setca,CACCA,fin,sia,CAA,se'a,,, ,23.1,0.0,0.0,CAA,,,125,,,125 12345,175,insert,,3
cortu,CACCA,neut,cro,CCA,cro,,, ,91.1,0.0,0.0,CCA,,,132,,,132 12345,174,pain,,1
vitno,CACCA,neut,viu,CAA,vi'o,,, ,25.7,0.0,0.0,CAA,,,125,,,125 12345,174,permanent,,2
cuntu,CACCA,neut,cut,CAC,cu'u,,, ,94.1,0.0,0.0,CAA,,,125,,,125 12345,173,affair,,1
cafne,CACCA,neut,cab,CAC,caf,,, ,8.2,0.0,0.0,CAC,,,123,,,123 12345,171,often,,3
misno,CACCA,neut,miu,CAA,mi'o,mis,,  ,13.8,11.6,0.0,CAA,CAC,,125,123,,123 125 12345,171,famous,,2
fanza,CACCA,fin,fas,CAC,faz,,, ,8.2,0.0,0.0,CAC,,,124,,,124 12345,169,annoy,,2
dembi,CACCA,fin,demb,CACC,,,,,0.0,0.0,0.0,,,,,,,12345,168,bean,,1
judri,CACCA,fin,judr,CACC,,,,,0.0,0.0,0.0,,,,,,,12345,167,address,,1
kanji,CACCA,neut,kanj,CACC,,,, kaj,0.0,0.0,0.0,,,,,,,12345,166,calculate,,1
bilma,CACCA,neut,bia,CAA,bi'a,,, ,57.1,0.0,0.0,CAA,,,125,,,125 12345,165,ill,,2
lalxu,CACCA,fin,lau,CAA,la'u,,, ,10.7,0.0,0.0,CAA,,,125,,,125 12345,165,lake,,1
bukpu,CACCA,fin,bup,CAC,bu'u,buk,,  ,70.5,15.9,0.0,CAA,CAC,,125,123,,123 125 12345,164,cloth,,1
catni,CACCA,fin,cai,CAA,ca'i,,, ,100.0,0.0,0.0,CAA,,,125,,,125 12345,164,authority,,3
minra,CACCA,neut,mir,CAC,mir,,, ,23.9,0.0,0.0,CAC,,,124,,,124 12345,164,reflect,,1
bende,CACCA,fin,bed,CAC,be'e,bed,,  ,39.3,8.5,0.0,CAA,CAC,,125,124,,124 125 12345,163,crew,,1
kajde,CACCA,ini,jde,CCA,jde,,, ,45.8,0.0,0.0,CCA,,,345,,,345 12345,163,warn,,1
kinli,CACCA,ini,kil,CAC,kil,,, ,100.0,0.0,0.0,CAC,,,124,,,124 12345,162,sharp,,1
jatna,CACCA,fin,jan,CAC,ja'a,,, ,89.4,0.0,0.0,CAA,,,125,,,125 12345,161,captain,,2
karni,CACCA,fin,karn,CACC,karn,,, ,8.8,0.0,0.0,CACC,,,1234,,,1234 12345,161,journal,,1
besna,CACCA,ini,ben,CAC,ben,,, ,3.2,0.0,0.0,CAC,,,124,,,124 12345,159,brain,,1
pelji,CACCA,fin,ple,CCA,ple,,, ,100.0,0.0,0.0,CCA,,,132,,,132 12345,159,paper,,1
ganra,CACCA,ini,gan,CAC,gan,,, ,59.6,0.0,0.0,CAC,,,123,,,123 12345,158,broad,,2
racli,CACCA,fin,racl,CACC,,,, racl,0.0,0.0,0.0,,,,,,,12345,158,sane,,1
sorcu,CACCA,fin,sro,CCA,sro,,, ,100.0,0.0,0.0,CCA,,,132,,,132 12345,157,store,,1
suksa,CACCA,ini,sug,CAC,suk,,, ,18.9,0.0,0.0,CAC,,,123,,,123 12345,157,sudden,,1
gunta,CACCA,neut,gud,CAC,gut,,, ,10.1,0.0,0.0,CAC,,,124,,,124 12345,156,attack,,1
jersi,CACCA,fin,jes,CAC,je'i,,, ,32.2,0.0,0.0,CAA,,,125,,,125 12345,155,chase,,3
xaksu,CACCA,fin,xag,CAC,xak,,, ,10.9,0.0,0.0,CAC,,,123,,,123 12345,155,use up,,1
sinma,CACCA,neut,sia,CAA,si'a,,, ,100.0,0.0,0.0,CAA,,,125,,,125 12345,154,esteem,,3
cisma,CACCA,ini,cism,CACC,cism,,, ,10.9,0.0,0.0,CACC,,,1234,,,1234 12345,153,smile,,1
ganlo,CACCA,ini,gau,CAA,ga'o,,, ,84.3,0.0,0.0,CAA,,,125,,,125 12345,153,closed,,3
canre,CACCA,ini,can,CAC,can,,, ,34.5,0.0,0.0,CAC,,,123,,,123 12345,152,sand,,1
cilce,CACCA,ini,cis,CAC,cic,,, ,61.7,0.0,0.0,CAC,,,124,,,124 12345,152,wild,,3
sanli,CACCA,neut,sai,CAA,sa'i,,, ,4.1,0.0,0.0,CAA,,,125,,,125 12345,152,stand,,3
dirba,CACCA,ini,dib,CAC,dib,,, ,59.6,0.0,0.0,CAC,,,124,,,124 12345,150,dear,,1
morna,CACCA,neut,mua,CAA,mo'a,mon,,  ,51.3,42.3,0.0,CAA,CAC,,125,124,,124 125 12345,150,pattern,,2
surla,CACCA,ini,sur,CAC,sur,,, ,25.0,0.0,0.0,CAC,,,123,,,123 12345,150,relax,,1
denci,CACCA,neut,den,CAC,den,de'i,,  ,30.9,4.5,0.0,CAC,CAA,,123,125,,123 125 12345,149,tooth,,1
denmi,CACCA,ini,dem,CAC,dem,,, ,40.6,0.0,0.0,CAC,,,124,,,124 12345,149,dense,,1
donri,CACCA,neut,doi,CAA,do'i,dor,,  ,28.9,23.7,0.0,CAA,CAC,,125,124,,124 125 12345,148,daytime,,1
lasna,CACCA,fin,lan,CAC,la'a,,, ,84.0,0.0,0.0,CAA,,,125,,,125 12345,148,fasten,,2
ratcu,CACCA,fin,ratc,CACC,,,,,0.0,0.0,0.0,,,,,,,12345,147,rat,,1
dizlo,CACCA,ini,dzi,CCA,dzi,,, ,58.7,0.0,0.0,CCA,,,132,,,132 12345,146,low,,1
sazri,CACCA,fin,sas,CAC,saz,,, ,5.0,0.0,0.0,CAC,,,123,,,123 12345,146,operate,,4
dunku,CACCA,ini,dug,CAC,duk,du'u,,  ,32.4,13.7,0.0,CAC,CAA,,124,125,,124 125 12345,145,anguish,,2
fenki,CACCA,ini,feg,CAC,fek,,, ,23.8,0.0,0.0,CAC,,,124,,,124 12345,145,crazy,,1
dicra,CACCA,neut,dir,CAC,dir,,, ,16.0,0.0,0.0,CAC,,,124,,,124 12345,144,interrupt,,1
nanba,CACCA,fin,nab,CAC,nab,,, ,5.1,0.0,0.0,CAC,,,124,,,124 12345,143,bread,,1
toldi,CACCA,neut,told,CACC,,,, tod,0.0,0.0,0.0,,,,,,,12345,143,butterfly,,1
kucli,CACCA,??,kucl,CACC,,,,,0.0,0.0,0.0,,,,,,,12345,143,curious,,1
rismi,CACCA,ini,ris,CAC,ris,,, ,22.4,0.0,0.0,CAC,,,123,,,123 12345,142,rice,,2
festi,CACCA,ini,fes,CAC,fes,,, ,50.0,0.0,0.0,CAC,,,123,,,123 12345,141,waste,,1
fuzme,CACCA,ini,fui,CAA,fu'e,,, ,3.7,0.0,0.0,CAA,,,125,,,125 12345,141,responsible,,2
kakpa,CACCA,neut,kakp,CACC,kakp,,, ,16.3,0.0,0.0,CACC,,,1234,,,1234 12345,141,dig,,1
pelxu,CACCA,ini,pel,CAC,pel,,, ,16.3,0.0,0.0,CAC,,,123,,,123 12345,140,yellow,,1
xenru,CACCA,ini,xer,CAC,xer,,,  xe'u,26.1,0.0,0.0,CAC,,,124,,,124  12345,140,regret,,1
banro,CACCA,fin,bau,CAA,ba'o,,, ,39.0,0.0,0.0,CAA,,,125,,,125 12345,139,grow,,3
sanmi,CACCA,fin,sai,CAA,sai,,, ,91.7,0.0,0.0,CAA,,,125,,,125 12345,137,meal,,3
canci,CACCA,fin,canc,CACC,canc,,, ,6.2,0.0,0.0,CACC,,,1234,,,1234 12345,136,vanish,,1
cirko,CACCA,neut,cri,CCA,cri,,, ,33.3,0.0,0.0,CCA,,,132,,,132 12345,136,lose,,1
rivbi,CACCA,neut,rib,CAC,riv,,, ,8.8,0.0,0.0,CAC,,,123,,,123 12345,136,avoid,,2
vidni,CACCA,ini,vidn,CACC,vidn,,, ,34.7,0.0,0.0,CACC,,,1234,,,1234 12345,136,video,,1
nupre,CACCA,ini,nui,CAA,nu'e,nup,,  ,50.7,32.9,0.0,CAA,CAC,,125,123,,123 125 12345,134,promise,,2
ciblu,CACCA,neut,blu,CCA,blu,,, ,23.1,0.0,0.0,CCA,,,345,,,345 12345,133,blood,,1
daspo,CACCA,fin,spo,CCA,spo,,, ,100.0,0.0,0.0,CCA,,,345,,,345 12345,133,destroy,,1
sicni,CACCA,fin,sin,CAC,si'i,,, ,15.7,0.0,0.0,CAA,,,125,,,125 12345,133,coin,,2
kalsa,CACCA,ini,kas,CAC,kas,,, ,78.4,0.0,0.0,CAC,,,124,,,124 12345,132,chaotic,,2
panci,CACCA,fin,pan,CAC,pan,,, ,4.3,0.0,0.0,CAC,,,123,,,123 12345,132,odor,,3
vasxu,CACCA,fin,vau,CAA,va'u,vax,,  ,100.0,35.5,0.0,CAA,CAC,,125,124,,124 125 12345,132,breathe,,2
desku,CACCA,fin,des,CAC,des,,, ,24.8,0.0,0.0,CAC,,,123,,,123 12345,131,shake,,1
jinsa,CACCA,neut,jis,CAC,jis,,, ,46.1,0.0,0.0,CAC,,,124,,,124 12345,130,clean,,2
panpi,CACCA,ini,pab,CAC,pap,,, ,24.3,0.0,0.0,CAC,,,124,,,124 12345,130,peace,,2
bakni,CACCA,ini,bag,CAC,bak,,, ,25.2,0.0,0.0,CAC,,,123,,,123 12345,129,bovine,,3
jadni,CACCA,fin,jai,CAA,ja'i,jad,,  ,100.0,21.9,0.0,CAA,CAC,,125,123,,123 125 12345,129,adorn,,4
merli,CACCA,fin,mre,CCA,mre,,, ,16.2,0.0,0.0,CCA,,,132,,,132 12345,129,measure,,1
sirji,CACCA,neut,sir,CAC,sir,,, ,18.3,0.0,0.0,CAC,,,123,,,123 12345,129,straight,,1
basna,CACCA,fin,basn,CACC,,,,,0.0,0.0,0.0,,,,,,,12345,129,emphasize,,1
ricfu,CACCA,fin,cfu,CCA,cfu,,, ,52.3,0.0,0.0,CCA,,,345,,,345 12345,128,rich,,1
mabru,CACCA,fin,mabr,CACC,,,,,0.0,0.0,0.0,,,,,,,12345,128,mammal,,1
xanto,CACCA,ini,xant,CACC,xant,,, ,16.5,0.0,0.0,CACC,,,1234,,,1234 12345,127,elephant,,1
cirla,CACCA,fin,cirl,CACC,,,,,0.0,0.0,0.0,,,,,,,12345,127,cheese,,1
nazbi,CACCA,fin,zbi,CCA,zbi,,,  naz,76.1,0.0,0.0,CCA,,,345,,,345 12345,126,nose,,1
xagji,CACCA,fin,xagj,CACC,,,,,0.0,0.0,0.0,,,,,,,12345,126,hunger,,1
catke,CACCA,neut,cai,CAA,ca'e,,, ,25.3,0.0,0.0,CAA,,,125,,,125 12345,124,shove,,3
gurni,CACCA,neut,gru,CCA,gru,,, ,61.8,0.0,0.0,CCA,,,132,,,132 12345,123,grain,,1
danmo,CACCA,neut,dam,CAC,dam,,, ,47.0,0.0,0.0,CAC,,,124,,,124 12345,122,smoke,,1
fenra,CACCA,fin,fia,CAA,fe'a,,, ,22.2,0.0,0.0,CAA,,,125,,,125 12345,121,crack,,2
zunti,CACCA,ini,zun,CAC,zun,zu'i,,  ,62.5,8.3,0.0,CAC,CAA,,123,125,,123 125 12345,121,interfere,,1
gutci,CACCA,fin,gutc,CACC,,,,,0.0,0.0,0.0,,,,,,,12345,121,cubit,,1
kicne,CACCA,fin,kin,CAC,ki'e,kic,,  ,100.0,5.0,0.0,CAA,CAC,,125,123,,123 125 12345,119,cushion,,3
lanli,CACCA,fin,lal,CAC,lal,,, ,32.2,0.0,0.0,CAC,,,124,,,124 12345,119,analyze,,1
lanci,CACCA,fin,lanc,CACC,,,, lanc,0.0,0.0,0.0,,,,,,,12345,119,flag,,1
kufra,CACCA,ini,kub,CAC,kuf,,, ,19.4,0.0,0.0,CAC,,,123,,,123 12345,118,comfort,,2
kunti,CACCA,ini,kud,CAC,kut,,, ,13.2,0.0,0.0,CAC,,,124,,,124 12345,118,empty,,1
lerci,CACCA,ini,les,CAC,lec,,, ,21.6,0.0,0.0,CAC,,,124,,,124 12345,118,late,,3
ropno,CACCA,fin,ron,CAC,ro'o,ron,,  ,37.5,10.0,0.0,CAA,CAC,,125,124,,124 125 12345,118,European,,1
lafti,CACCA,ini,lab,CAC,laf,,, ,26.6,0.0,0.0,CAC,,,123,,,123 12345,117,lift,,2
jamna,CACCA,neut,jam,CAC,jam,,, ,15.0,0.0,0.0,CAC,,,123,,,123 12345,116,war,,1
junta,CACCA,ini,junt,CACC,junt,,, ,8.4,0.0,0.0,CACC,,,1234,,,1234 12345,116,weight,,1
nalci,CACCA,fin,nai,CAA,na'i,,, ,19.4,0.0,0.0,CAA,,,125,,,125 12345,116,wing,,3
virnu,CACCA,neut,vri,CCA,vri,,, ,75.8,0.0,0.0,CCA,,,132,,,132 12345,116,brave,,1
birje,CACCA,ini,birj,CACC,birj,,, ,21.1,0.0,0.0,CACC,,,1234,,,1234 12345,115,beer,,1
vamji,CACCA,fin,vai,CAA,va'i,vam,,  ,20.8,2.1,0.0,CAA,CAC,,125,123,,123 125 12345,115,value,,2
vanci,CACCA,ini,vas,CAC,vac,,, ,10.7,0.0,0.0,CAC,,,124,,,124 12345,114,evening,,1
mansa,CACCA,neut,mans,CACC,,,, mans,0.0,0.0,0.0,,,,,,,12345,114,satisfy,,1
fange,CACCA,fin,fang,CACC,,,, fang,0.0,0.0,0.0,,,,,,,12345,114,alien,,1
burcu,CACCA,ini,bru,CCA,bru,,, ,100.0,0.0,0.0,CCA,,,132,,,132 12345,113,brush,,1
nakni,CACCA,ini,nag,CAC,nak,,, ,36.1,0.0,0.0,CAC,,,123,,,123 12345,113,male,,2
tubnu,CACCA,fin,tun,CAC,tu'u,,, ,100.0,0.0,0.0,CAA,,,125,,,125 12345,113,tube,,2
kandi,CACCA,ini,kad,CAC,kad,,, ,2.8,0.0,0.0,CAC,,,124,,,124 12345,112,dim,,2
mebri,CACCA,neut,meb,CAC,meb,,, ,14.3,0.0,0.0,CAC,,,123,,,123 12345,112,brow,,1
xebni,CACCA,fin,xen,CAC,xei,,, ,21.2,0.0,0.0,CAA,,,125,,,125 12345,112,hate,,1
dandu,CACCA,neut,dad,CAC,dad,,, ,33.7,0.0,0.0,CAC,,,124,,,124 12345,111,hang,,2
tixnu,CACCA,fin,tiu,CAA,ti'u,,, ,100.0,0.0,0.0,CAA,,,125,,,125 12345,111,daughter,,1
ractu,CACCA,fin,ract,CACC,,,,,0.0,0.0,0.0,,,,,,,12345,111,rabbit,,1
jipci,CACCA,neut,jipc,CACC,jipc,,, ,19.6,0.0,0.0,CACC,,,1234,,,1234 12345,110,chicken,,1
dasri,CACCA,fin,sri,CCA,sri,,, ,100.0,0.0,0.0,CCA,,,345,,,345 12345,109,ribbon,,1
danti,CACCA,ini,dan,CAC,dan,,, ,37.5,0.0,0.0,CAC,,,123,,,123 12345,108,projectile,,1
raktu,CACCA,fin,rau,CAA,ra'u,,, ,36.6,0.0,0.0,CAA,,,125,,,125 12345,108,trouble,,4
tance,CACCA,ini,tas,CAC,tac,,, ,18.7,0.0,0.0,CAC,,,124,,,124 12345,108,tongue,,2
marce,CACCA,fin,mai,CAA,ma'e,,, ,100.0,0.0,0.0,CAA,,,125,,,125 12345,106,vehicle,,4
dapma,CACCA,fin,dab,CAC,dap,,, ,23.6,0.0,0.0,CAC,,,123,,,123 12345,105,curse,,3
lacpu,CACCA,fin,cpu,CCA,cpu,lap,,  ,98.1,3.7,0.0,CCA,CAC,,345,124,,124 345 12345,105,pull,,1
rutni,CACCA,ini,run,CAC,run,,, ,94.4,0.0,0.0,CAC,,,124,,,124 12345,105,artifact,,2
tigni,CACCA,fin,tig,CAC,tig,,, ,16.9,0.0,0.0,CAC,,,123,,,123 12345,104,perform,,2
gusta,CACCA,fin,gust,CACC,,,,,0.0,0.0,0.0,,,,,,,12345,104,restaurant,,1
dilnu,CACCA,neut,dil,CAC,dil,,, ,18.4,0.0,0.0,CAC,,,123,,,123 12345,103,cloud,,1
jutsi,CACCA,ini,jud,CAC,jut,,, ,3.0,0.0,0.0,CAC,,,123,,,123 12345,103,species,,1
mentu,CACCA,fin,meu,CAA,me'u,,, ,3.0,0.0,0.0,CAA,,,125,,,125 12345,103,minute,,1
venfu,CACCA,ini,veb,CAC,vef,,, ,100.0,0.0,0.0,CAC,,,124,,,124 12345,103,revenge,,1
cando,CACCA,ini,cad,CAC,cad,,, ,45.7,0.0,0.0,CAC,,,124,,,124 12345,102,idle,,2
canja,CACCA,neut,cas,CAC,caj,,, ,3.0,0.0,0.0,CAC,,,124,,,124 12345,102,exchange,,3
sovda,CACCA,fin,sua,CAA,so'a,,, ,47.8,0.0,0.0,CAA,,,125,,,125 12345,102,egg,,2
jelca,CACCA,ini,jel,CAC,jel,,, ,44.3,0.0,0.0,CAC,,,123,,,123 12345,101,burn,,1
kargu,CACCA,fin,karg,CACC,karg,,, ,5.2,0.0,0.0,CACC,,,1234,,,1234 12345,101,costly,,1
makcu,CACCA,neut,mau,CAA,ma'u,,, ,74.6,0.0,0.0,CAA,,,125,,,125 12345,101,mature,,2
ganxo,CACCA,ini,gag,CAC,gax,,, ,34.7,0.0,0.0,CAC,,,124,,,124 12345,100,anus,,1
gapci,CACCA,ini,gas,CAC,gac,,, ,100.0,0.0,0.0,CAC,,,124,,,124 12345,100,gas,,1
ranti,CACCA,ini,ran,CAC,ran,,, ,92.3,0.0,0.0,CAC,,,123,,,123 12345,100,soft,,2
senta,CACCA,neut,sed,CAC,set,,, ,100.0,0.0,0.0,CAC,,,124,,,124 12345,100,layer,,2
pulji,CACCA,neut,pulj,CACC,pulj,,, ,11.2,0.0,0.0,CACC,,,1234,,,1234 12345,99,police,,1
titla,CACCA,ini,tid,CAC,tit,,, ,100.0,0.0,0.0,CAC,,,123,,,123 12345,99,sweet,,2
fatne,CACCA,ini,fai,CAA,fa'e,fat,,  ,100.0,82.6,0.0,CAA,CAC,,125,123,,123 125 12345,98,reverse,,3
fendi,CACCA,neut,fed,CAC,fed,,, ,14.1,0.0,0.0,CAC,,,124,,,124 12345,98,divide,,2
natfe,CACCA,neut,nai,CAA,na'e,naf,,  ,25.0,19.1,0.0,CAA,CAC,,125,124,,124 125 12345,98,deny,,3
calku,CACCA,neut,cag,CAC,cak,,, ,40.6,0.0,0.0,CAC,,,124,,,124 12345,97,shell,,3
kampu,CACCA,ini,kau,CAA,kau,,, ,22.5,0.0,0.0,CAA,,,125,,,125 12345,97,common,,3
fepni,CACCA,ini,feb,CAC,fep,,,  fei,4.4,0.0,0.0,CAC,,,123,,,123  12345,96,cent,,2
gubni,CACCA,ini,gub,CAC,gub,,, ,100.0,0.0,0.0,CAC,,,123,,,123 12345,96,public,,1
jipno,CACCA,ini,jib,CAC,jip,ji'o,,  ,61.8,12.7,0.0,CAC,CAA,,123,125,,123 125 12345,96,tip,,3
limna,CACCA,ini,lim,CAC,lim,,, ,7.6,0.0,0.0,CAC,,,123,,,123 12345,96,swim,,1
tonga,CACCA,ini,tua,CAA,to'a,tog,,  ,54.7,26.4,0.0,CAA,CAC,,125,124,,124 125 12345,96,tone,,2
xadba,CACCA,ini,xab,CAC,xab,,, ,37.1,0.0,0.0,CAC,,,124,,,124 12345,96,half,,1
mokca,CACCA,neut,mos,CAC,moc,,, ,18.8,0.0,0.0,CAC,,,124,,,124 12345,95,point,,2
purdi,CACCA,neut,pud,CAC,pud,,, ,18.8,0.0,0.0,CAC,,,124,,,124 12345,95,garden,,1
vinji,CACCA,ini,vis,CAC,vij,,, ,31.5,0.0,0.0,CAC,,,124,,,124 12345,95,airplane,,1
cikre,CACCA,??,cikr,CACC,,,,,0.0,0.0,0.0,,,,,,,12345,95,repair,,1
dukti,CACCA,neut,dud,CAC,dut,,, ,28.8,0.0,0.0,CAC,,,124,,,124 12345,94,opposite,,1
kantu,CACCA,fin,kau,CAA,ka'u,,, ,100.0,0.0,0.0,CAA,,,125,,,125 12345,94,quantum,,3
narju,CACCA,ini,nas,CAC,naj,,, ,2.2,0.0,0.0,CAC,,,124,,,124 12345,94,orange,,2
cedra,CACCA,fin,cedr,CACC,cedr,,, ,10.7,0.0,0.0,CACC,,,1234,,,1234 12345,93,era,,1
jarki,CACCA,ini,jag,CAC,jak,,, ,66.1,0.0,0.0,CAC,,,124,,,124 12345,93,narrow,,1
mekso,CACCA,neut,meg,CAC,mek,,, ,3.3,0.0,0.0,CAC,,,123,,,123 12345,93,MEX,,1
xalka,CACCA,neut,xal,CAC,xal,,, ,50.0,0.0,0.0,CAC,,,123,,,123 12345,93,alcohol,,1
mapku,CACCA,fin,mab,CAC,map,,, ,2.2,0.0,0.0,CAC,,,123,,,123 12345,92,cap,,3
pante,CACCA,fin,pad,CAC,pat,,, ,4.1,0.0,0.0,CAC,,,124,,,124 12345,92,protest,,1
derxi,CACCA,fin,dre,CCA,dre,,, ,92.2,0.0,0.0,CCA,,,132,,,132 12345,91,heap,,1
sakta,CACCA,neut,sad,CAC,sat,,, ,24.7,0.0,0.0,CAC,,,124,,,124 12345,91,sugar,,2
sumne,CACCA,fin,sumn,CACC,,,,,0.0,0.0,0.0,,,,,,,12345,91,smell,,1
citri,CACCA,ini,cir,CAC,cir,,, ,52.5,0.0,0.0,CAC,,,124,,,124 12345,90,history,,2
tunta,CACCA,ini,tun,CAC,tun,,, ,100.0,0.0,0.0,CAC,,,123,,,123 12345,90,poke,,2
dikca,CACCA,ini,dis,CAC,dic,,, ,74.5,0.0,0.0,CAC,,,124,,,124 12345,89,electric,,1
farvi,CACCA,neut,fab,CAC,fav,,, ,9.6,0.0,0.0,CAC,,,124,,,124 12345,88,develop,,1
xukmi,CACCA,ini,xum,CAC,xum,xu'i,,  ,46.3,16.7,0.0,CAC,CAA,,124,125,,124 125 12345,88,chemical,,1
cidni,CACCA,ini,cid,CAC,cid,,, ,100.0,0.0,0.0,CAC,,,123,,,123 12345,86,knee,,1
malsi,CACCA,fin,mas,CAC,mas,,, ,4.9,0.0,0.0,CAC,,,124,,,124 12345,86,temple,,2
sakli,CACCA,neut,sal,CAC,sal,,, ,19.4,0.0,0.0,CAC,,,124,,,124 12345,86,slide,,1
tisna,CACCA,ini,tis,CAC,tis,,, ,45.8,0.0,0.0,CAC,,,123,,,123 12345,86,fill,,2
canlu,CACCA,fin,cau,CAA,ca'u,cal,,  ,45.3,13.2,0.0,CAA,CAC,,125,124,,124 125 12345,84,space,,3
manci,CACCA,ini,mas,CAC,mac,,, ,9.0,0.0,0.0,CAC,,,124,,,124 12345,83,wonder,,2
betri,CACCA,??,betr,CACC,,,,,0.0,0.0,0.0,,,,,,,12345,83,tragedy,,1
funca,CACCA,fin,fua,CAA,fu'a,fun,,  ,100.0,25.5,0.0,CAA,CAC,,125,123,,123 125 12345,81,luck,,1
kusru,CACCA,neut,kus,CAC,kus,,, ,5.2,0.0,0.0,CAC,,,123,,,123 12345,81,cruel,,2
mucti,CACCA,ini,mud,CAC,mut,,, ,100.0,0.0,0.0,CAC,,,124,,,124 12345,81,immaterial,,3
pindi,CACCA,ini,pid,CAC,pid,,, ,42.1,0.0,0.0,CAC,,,124,,,124 12345,81,poor,,2
risna,CACCA,neut,risn,CACC,risn,,, ,6.6,0.0,0.0,CACC,,,1234,,,1234 12345,81,heart,,1
cinki,CACCA,fin,cink,CACC,,,,,0.0,0.0,0.0,,,,,,,12345,81,insect,,1
barna,CACCA,ini,ban,CAC,ba'a,,, ,21.1,0.0,0.0,CAA,,,125,,,125 12345,80,mark,,1
jukni,CACCA,ini,jug,CAC,juk,,, ,45.5,0.0,0.0,CAC,,,123,,,123 12345,80,spider,,1
papri,CACCA,ini,papr,CACC,papr,,, ,12.2,0.0,0.0,CACC,,,1234,,,1234 12345,80,page,,1
pilji,CACCA,fin,pij,CAC,pi'i,,, ,100.0,0.0,0.0,CAA,,,125,,,125 12345,80,multiply,,1
sarxe,CACCA,fin,sag,CAC,sax,,, ,6.7,0.0,0.0,CAC,,,124,,,124 12345,80,harmonious,,3
cange,CACCA,ini,cag,CAC,cag,,, ,18.3,0.0,0.0,CAC,,,124,,,124 12345,79,farm,,3
jenmi,CACCA,fin,jem,CAC,jei,jem,,  ,16.7,3.0,0.0,CAA,CAC,,125,124,,124 125 12345,79,army,,1
kerlo,CACCA,ini,ker,CAC,ker,,, ,29.5,0.0,0.0,CAC,,,123,,,123 12345,79,ear,,1
rectu,CACCA,neut,reu,CAA,re'u,rec,,  ,36.0,22.0,0.0,CAA,CAC,,125,123,,123 125 12345,79,meat,,2
rigni,CACCA,ini,rig,CAC,rig,,, ,51.9,0.0,0.0,CAC,,,123,,,123 12345,79,disgusting,,1
rinju,CACCA,fin,riu,CAA,ri'u,,, ,62.0,0.0,0.0,CAA,,,125,,,125 12345,79,restrain,,2
tutra,CACCA,fin,tud,CAC,tut,,, ,2.6,0.0,0.0,CAC,,,123,,,123 12345,79,territory,,1
jinzi,CACCA,neut,jis,CAC,jiz,,, ,14.7,0.0,0.0,CAC,,,124,,,124 12345,78,innate,,2
pinfu,CACCA,ini,pib,CAC,pif,,, ,30.0,0.0,0.0,CAC,,,124,,,124 12345,78,prisoner,,1
rotsu,CACCA,neut,tsu,CCA,tsu,ro'u,,  ,57.1,28.6,0.0,CCA,CAA,,345,125,,125 345 12345,78,thick,,1
rebla,CACCA,??,rebl,CACC,,,,,0.0,0.0,0.0,,,,,,,12345,78,tail,,1
cerda,CACCA,neut,ced,CAC,ced,,, ,6.9,0.0,0.0,CAC,,,124,,,124 12345,77,heir,,1
cinla,CACCA,fin,cinl,CACC,cinl,,, ,8.5,0.0,0.0,CACC,,,1234,,,1234 12345,77,thin,,1
lacri,CACCA,neut,las,CAC,lac,,, ,26.2,0.0,0.0,CAC,,,123,,,123 12345,77,rely,,4
linsi,CACCA,neut,lin,CAC,lin,,, ,100.0,0.0,0.0,CAC,,,123,,,123 12345,77,chain,,2
murse,CACCA,fin,murs,CACC,murs,,, ,4.1,0.0,0.0,CACC,,,1234,,,1234 12345,77,glimmering,,1
molki,CACCA,fin,mlo,CCA,mlo,,, ,100.0,0.0,0.0,CCA,,,132,,,132 12345,76,mill,,1
narge,CACCA,neut,nag,CAC,nag,,, ,3.4,0.0,0.0,CAC,,,124,,,124 12345,76,nut,,2
renvi,CACCA,neut,rev,CAC,re'i,,, ,20.0,0.0,0.0,CAA,,,125,,,125 12345,76,survive,,1
rimni,CACCA,neut,rim,CAC,rim,,, ,3.7,0.0,0.0,CAC,,,123,,,123 12345,76,rhyme,,1
batke,CACCA,ini,batk,CACC,batk,,, ,100.0,0.0,0.0,CACC,,,1234,,,1234 12345,75,button,,1
daski,CACCA,ini,dask,CACC,dask,,, ,31.6,0.0,0.0,CACC,,,1234,,,1234 12345,75,pocket,,1
jinga,CACCA,ini,jia,CAA,ji'a,jig,,  ,77.8,24.1,0.0,CAA,CAC,,125,124,,124 125 12345,75,win,,1
panka,CACCA,fin,pank,CACC,pank,,, ,4.2,0.0,0.0,CACC,,,1234,,,1234 12345,75,park,,1
cukla,CACCA,ini,cug,CAC,cuk,,, ,25.4,0.0,0.0,CAC,,,123,,,123 12345,74,round,,1
gunro,CACCA,neut,gur,CAC,gu'o,gur,,  ,29.2,25.0,0.0,CAA,CAC,,125,124,,124 125 12345,74,roll,,1
litki,CACCA,ini,lig,CAC,lik,,, ,15.6,0.0,0.0,CAC,,,124,,,124 12345,74,liquid,,2
sigja,CACCA,ini,sig,CAC,sig,,, ,100.0,0.0,0.0,CAC,,,123,,,123 12345,74,cigar,,2
tinsa,CACCA,neut,tins,CACC,tins,,, ,8.8,0.0,0.0,CACC,,,1234,,,1234 12345,74,stiff,,1
curnu,CACCA,fin,cur,CAC,cur,,, ,15.9,0.0,0.0,CAC,,,123,,,123 12345,73,worm,,1
satre,CACCA,fin,sai,CAA,sa'e,,, ,100.0,0.0,0.0,CAA,,,125,,,125 12345,72,stroke,,3
tinbe,CACCA,fin,tib,CAC,tib,,, ,4.3,0.0,0.0,CAC,,,124,,,124 12345,72,obey,,3
xislu,CACCA,neut,xil,CAC,xil,xi'u,,  ,96.9,28.1,0.0,CAC,CAA,,124,125,,124 125 12345,72,wheel,,1
burna,CACCA,neut,burn,CACC,burn,,, ,20.3,0.0,0.0,CACC,,,1234,,,1234 12345,71,embarrassed,,1
kojna,CACCA,neut,kua,CAA,ko'a,koj,,  ,28.6,16.3,0.0,CAA,CAC,,125,123,,123 125 12345,71,corner,,2
kuspe,CACCA,neut,kui,CAA,ku'e,kup,,  ,100.0,21.1,0.0,CAA,CAC,,125,124,,124 125 12345,71,range,,2
ratni,CACCA,ini,rad,CAC,rat,,, ,54.3,0.0,0.0,CAC,,,123,,,123 12345,71,atom,,2
pinji,CACCA,fin,pinj,CACC,,,,,0.0,0.0,0.0,,,,,,,12345,71,penis,,1
sumji,CACCA,fin,sumj,CACC,,,,,0.0,0.0,0.0,,,,,,,12345,71,sum,,1
bisli,CACCA,ini,bis,CAC,bis,,, ,22.8,0.0,0.0,CAC,,,123,,,123 12345,70,ice,,3
karda,CACCA,fin,kard,CACC,,,,,0.0,0.0,0.0,,,,,,,12345,70,card,,1
korcu,CACCA,neut,kro,CCA,kro,,, ,100.0,0.0,0.0,CCA,,,132,,,132 12345,69,bent,,1
ladru,CACCA,neut,lad,CAC,lad,,, ,21.1,0.0,0.0,CAC,,,123,,,123 12345,69,milk,,1
bumru,CACCA,fin,bumr,CACC,,,,,0.0,0.0,0.0,,,,,,,12345,69,fog,,1
fancu,CACCA,ini,fanc,CACC,fanc,,, ,6.2,0.0,0.0,CACC,,,1234,,,1234 12345,68,function,,1
kubli,CACCA,neut,kub,CAC,kub,,, ,19.3,0.0,0.0,CAC,,,123,,,123 12345,68,cube,,2
kukte,CACCA,ini,kug,CAC,kuk,,, ,33.3,0.0,0.0,CAC,,,123,,,123 12345,68,delicious,,1
ragve,CACCA,ini,rab,CAC,rav,,, ,16.7,0.0,0.0,CAC,,,124,,,124 12345,68,across,,3
xalni,CACCA,??,xaln,CACC,,,,,0.0,0.0,0.0,,,,,,,12345,68,panic,,1
datka,CACCA,ini,datk,CACC,datk,,, ,31.4,0.0,0.0,CACC,,,1234,,,1234 12345,67,duck,,1
junri,CACCA,ini,jur,CAC,jur,,, ,19.6,0.0,0.0,CAC,,,124,,,124 12345,67,serious,,1
xasli,CACCA,ini,xasl,CACC,xasl,,, ,3.1,0.0,0.0,CACC,,,1234,,,1234 12345,67,donkey,,1
bikla,CACCA,ini,big,CAC,bik,,, ,4.8,0.0,0.0,CAC,,,123,,,123 12345,66,whip,,2
bongu,CACCA,neut,bog,CAC,bo'u,bog,,  ,41.0,28.2,0.0,CAA,CAC,,125,124,,124 125 12345,66,bone,,1
boxna,CACCA,ini,bon,CAC,bon,bo'a,,  ,42.2,4.4,0.0,CAC,CAA,,124,125,,124 125 12345,66,wave,,1
cimni,CACCA,neut,cimn,CACC,cimn,,, ,11.9,0.0,0.0,CACC,,,1234,,,1234 12345,66,infinite,,1
ganzu,CACCA,fin,ganz,CACC,,,,,0.0,0.0,0.0,,,,,,,12345,66,organize,,1
marbi,CACCA,ini,mra,CCA,mra,,, ,48.9,0.0,0.0,CCA,,,132,,,132 12345,65,shelter,,1
nirna,CACCA,ini,nir,CAC,nir,,, ,19.7,0.0,0.0,CAC,,,123,,,123 12345,65,nerve,,1
ranxi,CACCA,ini,rag,CAC,rax,,, ,14.0,0.0,0.0,CAC,,,124,,,124 12345,65,irony,,3
jalra,CACCA,fin,jalr,CACC,,,,,0.0,0.0,0.0,,,,,,,12345,65,cockroach,,1
ginka,CACCA,ini,gig,CAC,gik,,, ,3.2,0.0,0.0,CAC,,,124,,,124 12345,64,camp,,1
kecti,CACCA,ini,ket,CAC,ke'i,kec,,  ,64.1,64.1,0.0,CAA,CAC,,125,123,,123 125 12345,64,pity,,1
tunba,CACCA,ini,tub,CAC,tub,,, ,100.0,0.0,0.0,CAC,,,124,,,124 12345,64,sibling,,1
manti,CACCA,ini,mant,CACC,mant,,, ,18.9,0.0,0.0,CACC,,,1234,,,1234 12345,63,ant,,1
tanbo,CACCA,fin,tau,CAA,ta'o,,, ,100.0,0.0,0.0,CAA,,,125,,,125 12345,63,board,,4
danre,CACCA,neut,dai,CAA,da'e,,, ,72.2,0.0,0.0,CAA,,,125,,,125 12345,62,pressure,,3
marna,CACCA,ini,marn,CACC,marn,,, ,3.3,0.0,0.0,CACC,,,1234,,,1234 12345,62,hemp,,1
ranmi,CACCA,neut,ram,CAC,ram,,, ,14.8,0.0,0.0,CAC,,,124,,,124 12345,62,myth,,1
janco,CACCA,ini,jan,CAC,jan,,, ,13.0,0.0,0.0,CAC,,,123,,,123 12345,61,shoulder,,2
jerna,CACCA,neut,jern,CACC,jern,,, ,21.8,0.0,0.0,CACC,,,1234,,,1234 12345,61,earn,,1
pilka,CACCA,fin,pia,CAA,pi'a,pil,,  ,86.7,30.0,0.0,CAA,CAC,,125,123,,123 125 12345,61,crust,,1
tivni,CACCA,ini,tib,CAC,tiv,,, ,12.1,0.0,0.0,CAC,,,123,,,123 12345,61,television,,3
vanju,CACCA,ini,van,CAC,van,,, ,64.9,0.0,0.0,CAC,,,123,,,123 12345,61,wine,,1
xarju,CACCA,fin,xas,CAC,xaj,,, ,17.3,0.0,0.0,CAC,,,124,,,124 12345,61,pig,,3
dimna,CACCA,neut,dim,CAC,dim,,, ,30.6,0.0,0.0,CAC,,,123,,,123 12345,60,fate,,1
kalci,CACCA,fin,kalc,CACC,kalc,,, ,3.4,0.0,0.0,CACC,,,1234,,,1234 12345,60,feces,,1
xendo,CACCA,neut,xeu,CAA,xe'o,xed,,  ,16.7,10.4,0.0,CAA,CAC,,125,124,,124 125 12345,60,kind,,1
lazni,CACCA,fin,lazn,CACC,,,,,0.0,0.0,0.0,,,,,,,12345,60,lazy,,1
jemna,CACCA,fin,jme,CCA,jme,,, ,51.3,0.0,0.0,CCA,,,132,,,132 12345,59,gem,,1
nutli,CACCA,fin,nui,CAA,nu'i,nul,,  ,66.7,12.1,0.0,CAA,CAC,,125,124,,124 125 12345,59,neutral,,2
sabji,CACCA,neut,sab,CAC,sab,,, ,11.3,0.0,0.0,CAC,,,123,,,123 12345,59,provide,,1
sitna,CACCA,ini,sid,CAC,sit,,, ,3.5,0.0,0.0,CAC,,,123,,,123 12345,59,cite,,1
sobde,CACCA,ini,soi,CAA,so'e,,, ,100.0,0.0,0.0,CAA,,,125,,,125 12345,59,soya,,2
tilju,CACCA,??,tilj,CACC,,,,,0.0,0.0,0.0,,,,,,,12345,59,heavy,,1
balre,CACCA,fin,bai,CAA,ba'e,,, ,66.7,0.0,0.0,CAA,,,125,,,125 12345,58,blade,,3
salpo,CACCA,neut,sau,CAA,sa'o,,, ,20.8,0.0,0.0,CAA,,,125,,,125 12345,58,slope,,3
ferti,CACCA,neut,fre,CCA,fre,,, ,52.5,0.0,0.0,CCA,,,132,,,132 12345,57,fertile,,1
sakci,CACCA,ini,sag,CAC,sak,,, ,90.0,0.0,0.0,CAC,,,123,,,123 12345,57,suck,,3
tunlo,CACCA,fin,tul,CAC,tu'o,tul,,  ,37.8,16.2,0.0,CAA,CAC,,125,124,,124 125 12345,57,swallow,,1
pikta,CACCA,fin,pikt,CACC,,,,,0.0,0.0,0.0,,,,,,,12345,57,ticket,,1
julne,CACCA,neut,jui,CAA,ju'e,,, ,47.4,0.0,0.0,CAA,,,125,,,125 12345,56,net,,2
kacma,CACCA,ini,kacm,CACC,kacm,,, ,80.6,0.0,0.0,CACC,,,1234,,,1234 12345,56,camera,,1
kelvo,CACCA,fin,keu,CAA,ke'o,,, ,33.3,0.0,0.0,CAA,,,125,,,125 12345,56,kelvin,,1
lanme,CACCA,ini,lan,CAC,lan,,, ,75.0,0.0,0.0,CAC,,,123,,,123 12345,56,sheep,,2
ralte,CACCA,fin,rai,CAA,ra'e,,, ,36.7,0.0,0.0,CAA,,,125,,,125 12345,55,retain,,3
jinto,CACCA,neut,jint,CACC,,,, jint,0.0,0.0,0.0,,,,,,,12345,55,well,,1
banfi,CACCA,fin,banf,CACC,,,,,0.0,0.0,0.0,,,,,,,12345,55,amphibian,,1
nukni,CACCA,??,nukn,CACC,,,,,0.0,0.0,0.0,,,,,,,12345,55,magenta,,1
talsa,CACCA,neut,tal,CAC,tal,,, ,19.6,0.0,0.0,CAC,,,123,,,123 12345,54,challenge,,2
kagni,CACCA,fin,kagn,CACC,,,,,0.0,0.0,0.0,,,,,,,12345,54,company,,1
citsi,CACCA,fin,cits,CACC,cits,,, ,6.0,0.0,0.0,CACC,,,1234,,,1234 12345,53,season,,1
vikmi,CACCA,neut,vim,CAC,vi'i,vim,,  ,38.7,38.7,0.0,CAA,CAC,,125,124,,124 125 12345,53,excrete,,1
sunga,CACCA,??,sung,CACC,,,,,0.0,0.0,0.0,,,,,,,12345,53,garlic,,1
cindu,CACCA,fin,cind,CACC,cind,,, ,8.3,0.0,0.0,CACC,,,1234,,,1234 12345,52,oak,,1
bakfu,CACCA,fin,bakf,CACC,,,,,0.0,0.0,0.0,,,,,,,12345,52,bundle,,1
cimde,CACCA,fin,cimd,CACC,,,,,0.0,0.0,0.0,,,,,,,12345,52,dimension,,1
bargu,CACCA,neut,bag,CAC,bag,,, ,4.1,0.0,0.0,CAC,,,124,,,124 12345,51,arch,,3
gidva,CACCA,fin,gia,CAA,gi'a,gid,,  ,11.1,2.2,0.0,CAA,CAC,,125,123,,123 125 12345,51,guide,,1
rirci,CACCA,ini,rirc,CACC,rirc,,, ,4.1,0.0,0.0,CACC,,,1234,,,1234 12345,51,rare,,1
runta,CACCA,neut,runt,CACC,runt,,, ,21.4,0.0,0.0,CACC,,,1234,,,1234 12345,51,dissolve,,1
xazdo,CACCA,fin,zdo,CCA,zdo,,, ,59.4,0.0,0.0,CCA,,,345,,,345 12345,51,Asiatic,,1
mavji,CACCA,ini,mab,CAC,mav,,, ,28.2,0.0,0.0,CAC,,,123,,,123 12345,50,oats,,3
pulce,CACCA,ini,pui,CAA,pu'e,,, ,16.3,0.0,0.0,CAA,,,125,,,125 12345,50,dust,,3
jijnu,CACCA,neut,jijn,CACC,,,, jij,0.0,0.0,0.0,,,,,,,12345,50,intuit,,1
fusra,CACCA,fin,fusr,CACC,,,,,0.0,0.0,0.0,,,,,,,12345,50,rotten,,1
kensa,CACCA,ini,kes,CAC,kes,,, ,100.0,0.0,0.0,CAC,,,124,,,124 12345,49,outer space,,1
daplu,CACCA,fin,plu,CCA,plu,,, ,100.0,0.0,0.0,CCA,,,345,,,345 12345,48,island,,1
lunbe,CACCA,ini,lub,CAC,lub,,, ,11.6,0.0,0.0,CAC,,,124,,,124 12345,48,bare,,1
purmo,CACCA,fin,pum,CAC,pu'o,,, ,100.0,0.0,0.0,CAA,,,125,,,125 12345,48,powder,,1
rufsu,CACCA,neut,rub,CAC,ruf,,, ,4.3,0.0,0.0,CAC,,,123,,,123 12345,48,rough,,1
torni,CACCA,ini,ton,CAC,ton,to'i,,  ,17.5,2.5,0.0,CAC,CAA,,124,125,,124 125 12345,48,twist,,1
tapla,CACCA,fin,tapl,CACC,,,,,0.0,0.0,0.0,,,,,,,12345,48,tile,,1
febvi,CACCA,neut,feb,CAC,feb,,, ,6.8,0.0,0.0,CAC,,,123,,,123 12345,47,boil,,2
marde,CACCA,neut,mad,CAC,mad,,, ,31.6,0.0,0.0,CAC,,,124,,,124 12345,47,morals,,2
nejni,CACCA,neut,nen,CAC,nen,,, ,56.7,0.0,0.0,CAC,,,124,,,124 12345,47,energy,,1
dirgo,CACCA,neut,dig,CAC,dig,,, ,15.0,0.0,0.0,CAC,,,124,,,124 12345,46,drop,,2
galxe,CACCA,ini,galx,CACC,galx,,, ,31.4,0.0,0.0,CACC,,,1234,,,1234 12345,46,throat,,1
mixre,CACCA,fin,xre,CCA,xre,,, ,46.9,0.0,0.0,CCA,,,345,,,345 12345,46,mixture,,1
tatru,CACCA,ini,tad,CAC,tat,,, ,100.0,0.0,0.0,CAC,,,123,,,123 12345,46,breast,,2
kumte,CACCA,fin,kumt,CACC,,,,,0.0,0.0,0.0,,,,,,,12345,46,camel,,1
juxre,CACCA,fin,juxr,CACC,,,,,0.0,0.0,0.0,,,,,,,12345,46,clumsy,,1
balni,CACCA,??,baln,CACC,,,,,0.0,0.0,0.0,,,,,,,12345,46,balcony,,1
rango,CACCA,fin,rag,CAC,rag,,, ,21.6,0.0,0.0,CAC,,,124,,,124 12345,45,organ,,3
xarnu,CACCA,neut,xarn,CACC,xarn,,, ,18.4,0.0,0.0,CACC,,,1234,,,1234 12345,45,stubborn,,1
bifce,CACCA,ini,bis,CAC,bic,,, ,100.0,0.0,0.0,CAC,,,124,,,124 12345,44,bee,,3
genja,CACCA,neut,ges,CAC,gej,,, ,4.7,0.0,0.0,CAC,,,124,,,124 12345,44,root,,1
tamne,CACCA,fin,tamn,CACC,tamn,,, ,2.3,0.0,0.0,CACC,,,1234,,,1234 12345,44,cousin,,1
vensa,CACCA,ini,ves,CAC,ves,,, ,57.1,0.0,0.0,CAC,,,124,,,124 12345,44,spring,,1
pimlu,CACCA,fin,piu,CAA,pi'u,pim,,  ,100.0,20.0,0.0,CAA,CAC,,125,123,,123 125 12345,43,feather,,2
randa,CACCA,ini,rad,CAC,rad,,, ,34.4,0.0,0.0,CAC,,,124,,,124 12345,43,yield,,2
tamji,CACCA,neut,tas,CAC,taj,,, ,13.2,0.0,0.0,CAC,,,124,,,124 12345,43,thumb,,2
kamju,CACCA,fin,kamj,CACC,,,,,0.0,0.0,0.0,,,,,,,12345,43,column,,1
dirce,CACCA,neut,dic,CAC,di'e,,, ,16.7,0.0,0.0,CAA,,,125,,,125 12345,42,radiate,,1
palta,CACCA,ini,palt,CACC,palt,,, ,61.5,0.0,0.0,CACC,,,1234,,,1234 12345,42,plate,,1
siclu,CACCA,ini,sil,CAC,sil,,, ,19.5,0.0,0.0,CAC,,,124,,,124 12345,42,whistle,,1
vindu,CACCA,ini,vid,CAC,vid,,, ,16.7,0.0,0.0,CAC,,,124,,,124 12345,42,poison,,2
dakli,CACCA,fin,dakl,CACC,,,,,0.0,0.0,0.0,,,,,,,12345,42,sack,,1
dunra,CACCA,ini,dur,CAC,dur,,, ,4.1,0.0,0.0,CAC,,,124,,,124 12345,41,winter,,1
jinru,CACCA,neut,jir,CAC,jir,,, ,20.6,0.0,0.0,CAC,,,124,,,124 12345,41,immerse,,1
nurma,CACCA,ini,num,CAC,num,,, ,7.9,0.0,0.0,CAC,,,124,,,124 12345,41,rural,,1
silna,CACCA,ini,siln,CACC,siln,,, ,24.2,0.0,0.0,CACC,,,1234,,,1234 12345,41,salt,,1
tagji,CACCA,ini,tag,CAC,tag,,, ,10.8,0.0,0.0,CAC,,,123,,,123 12345,41,snug,,2
tanko,CACCA,ini,tank,CACC,tank,,, ,100.0,0.0,0.0,CACC,,,1234,,,1234 12345,41,tobacco,,1
tarbi,CACCA,ini,tarb,CACC,tarb,,, ,5.0,0.0,0.0,CACC,,,1234,,,1234 12345,41,embryo,,1
senci,CACCA,fin,senc,CACC,,,,,0.0,0.0,0.0,,,,,,,12345,41,sneeze,,1
dinko,CACCA,??,dink,CACC,,,,,0.0,0.0,0.0,,,,,,,12345,41,nail,,1
jimca,CACCA,??,jimc,CACC,,,,,0.0,0.0,0.0,,,,,,,12345,41,branch,,1
cokcu,CACCA,fin,cko,CCA,cko,,, ,100.0,0.0,0.0,CCA,,,132,,,132 12345,40,soak up,,1
cumla,CACCA,neut,cul,CAC,cul,,, ,11.1,0.0,0.0,CAC,,,124,,,124 12345,40,humble,,1
garna,CACCA,ini,gar,CAC,gar,,, ,100.0,0.0,0.0,CAC,,,123,,,123 12345,40,rail,,1
jinme,CACCA,ini,jim,CAC,jim,,, ,55.6,0.0,0.0,CAC,,,124,,,124 12345,40,metal,,1
junla,CACCA,ini,jul,CAC,jul,,, ,60.0,0.0,0.0,CAC,,,124,,,124 12345,40,clock,,1
kanxe,CACCA,ini,kag,CAC,kax,,, ,12.2,0.0,0.0,CAC,,,124,,,124 12345,40,conjunction,,2
perli,CACCA,ini,per,CAC,per,,, ,42.9,0.0,0.0,CAC,,,123,,,123 12345,40,pear,,1
minli,CACCA,fin,minl,CACC,,,,,0.0,0.0,0.0,,,,,,,12345,40,mile,,1
pinsi,CACCA,fin,pins,CACC,,,,,0.0,0.0,0.0,,,,,,,12345,40,pencil,,1
boxfo,CACCA,neut,bof,CAC,bo'o,bof,,  ,100.0,60.0,0.0,CAA,CAC,,125,124,,124 125 12345,39,sheet,,1
cutne,CACCA,ini,cud,CAC,cut,,, ,11.4,0.0,0.0,CAC,,,123,,,123 12345,39,chest,,1
lindi,CACCA,ini,lid,CAC,lid,,, ,69.6,0.0,0.0,CAC,,,124,,,124 12345,39,lightning,,2
carce,CACCA,fin,carc,CACC,,,,,0.0,0.0,0.0,,,,,,,12345,39,cart,,1
ralci,CACCA,neut,ras,CAC,rac,,, ,11.8,0.0,0.0,CAC,,,124,,,124 12345,38,delicate,,3
kanba,CACCA,fin,kanb,CACC,,,,,0.0,0.0,0.0,,,,,,,12345,38,goat,,1
litce,CACCA,fin,litc,CACC,,,,,0.0,0.0,0.0,,,,,,,12345,38,liter,,1
bilni,CACCA,ini,bil,CAC,bil,,, ,32.1,0.0,0.0,CAC,,,123,,,123 12345,37,military,,1
cilta,CACCA,neut,cil,CAC,cil,,, ,12.1,0.0,0.0,CAC,,,123,,,123 12345,37,thread,,1
lakse,CACCA,ini,lag,CAC,lak,,, ,89.5,0.0,0.0,CAC,,,123,,,123 12345,36,wax,,1
mifra,CACCA,neut,mib,CAC,mif,,, ,42.3,0.0,0.0,CAC,,,123,,,123 12345,36,code,,2
pinta,CACCA,ini,pin,CAC,pin,,, ,80.0,0.0,0.0,CAC,,,123,,,123 12345,36,level,,1
polje,CACCA,neut,plo,CCA,plo,,, ,71.4,0.0,0.0,CCA,,,132,,,132 12345,36,fold,,1
tirxu,CACCA,fin,tirx,CACC,,,,,0.0,0.0,0.0,,,,,,,12345,36,tiger,,1
kamni,CACCA,fin,kamn,CACC,,,,,0.0,0.0,0.0,,,,,,,12345,36,committee,,1
lante,CACCA,fin,lant,CACC,,,,,0.0,0.0,0.0,,,,,,,12345,36,can,,1
bunda,CACCA,??,bund,CACC,,,,,0.0,0.0,0.0,,,,,,,12345,36,pound,,1
cakla,CACCA,fin,cakl,CACC,cakl,,, ,2.9,0.0,0.0,CACC,,,1234,,,1234 12345,35,chocolate,,1
janli,CACCA,neut,jal,CAC,jal,,, ,14.7,0.0,0.0,CAC,,,124,,,124 12345,35,collide,,1
jicla,CACCA,fin,jicl,CACC,jicl,,, ,5.7,0.0,0.0,CACC,,,1234,,,1234 12345,35,stir,,1
ketco,CACCA,ini,tco,CCA,tco,,, ,29.6,0.0,0.0,CCA,,,345,,,345 12345,35,South American,,1
kurfa,CACCA,ini,kur,CAC,kur,,, ,29.6,0.0,0.0,CAC,,,123,,,123 12345,35,square,,1
zungi,CACCA,ini,zug,CAC,zug,,, ,59.1,0.0,0.0,CAC,,,124,,,124 12345,35,guilt,,1
matci,CACCA,??,matc,CACC,,,,,0.0,0.0,0.0,,,,,,,12345,35,mat,,1
bavmi,CACCA,ini,bavm,CACC,bavm,,, ,100.0,0.0,0.0,CACC,,,1234,,,1234 12345,34,barley,,1
konju,CACCA,ini,kon,CAC,kon,,, ,88.9,0.0,0.0,CAC,,,123,,,123 12345,34,cone,,1
kosta,CACCA,neut,kos,CAC,kos,,, ,25.9,0.0,0.0,CAC,,,123,,,123 12345,34,coat,,1
runme,CACCA,ini,rum,CAC,rum,,, ,78.9,0.0,0.0,CAC,,,124,,,124 12345,34,melt,,1
sombo,CACCA,ini,som,CAC,som,so'o,,  ,100.0,29.2,0.0,CAC,CAA,,123,125,,123 125 12345,34,sow,,1
lanka,CACCA,??,lank,CACC,,,,,0.0,0.0,0.0,,,,,,,12345,34,basket,,1
janbe,CACCA,neut,jab,CAC,jab,,, ,10.0,0.0,0.0,CAC,,,124,,,124 12345,33,bell,,1
sarlu,CACCA,ini,sarl,CACC,sarl,,, ,3.1,0.0,0.0,CACC,,,1234,,,1234 12345,33,spiral,,1
patxu,CACCA,fin,patx,CACC,,,,,0.0,0.0,0.0,,,,,,,12345,33,pot,,1
fulta,CACCA,neut,flu,CCA,flu,,, ,28.0,0.0,0.0,CCA,,,132,,,132 12345,32,float,,1
xotli,CACCA,fin,xoi,CAA,xoi,,, ,6.7,0.0,0.0,CAA,,,125,,,125 12345,32,hotel,,1
xutla,CACCA,ini,xul,CAC,xul,,, ,60.0,0.0,0.0,CAC,,,124,,,124 12345,32,smooth,,1
xalbo,CACCA,??,xalb,CACC,,,,,0.0,0.0,0.0,,,,,,,12345,32,levity,,1
binra,CACCA,ini,binr,CACC,binr,,, ,34.8,0.0,0.0,CACC,,,1234,,,1234 12345,31,insure,,1
civla,CACCA,ini,cib,CAC,civ,,, ,6.9,0.0,0.0,CAC,,,123,,,123 12345,31,louse,,3
gasta,CACCA,ini,gad,CAC,gat,,, ,3.3,0.0,0.0,CAC,,,124,,,124 12345,31,steel,,1
jesni,CACCA,ini,jes,CAC,jes,,, ,14.8,0.0,0.0,CAC,,,123,,,123 12345,31,needle,,3
livla,CACCA,fin,lil,CAC,lil,,, ,3.3,0.0,0.0,CAC,,,124,,,124 12345,31,fuel,,1
pijne,CACCA,neut,pijn,CACC,pijn,,, ,3.3,0.0,0.0,CACC,,,1234,,,1234 12345,31,pin,,1
lanxe,CACCA,fin,lanx,CACC,,,,,0.0,0.0,0.0,,,,,,,12345,31,balance,,1
xasne,CACCA,??,xasn,CACC,,,,,0.0,0.0,0.0,,,,,,,12345,31,sweat,,1
guzme,CACCA,neut,zme,CCA,zme,,, ,7.1,0.0,0.0,CCA,,,345,,,345 12345,30,melon,,1
sunla,CACCA,ini,sul,CAC,sul,,, ,50.0,0.0,0.0,CAC,,,124,,,124 12345,30,wool,,1
vamtu,CACCA,ini,vad,CAC,vat,,, ,66.7,0.0,0.0,CAC,,,124,,,124 12345,30,vomit,,1
kunra,CACCA,ini,kun,CAC,kun,,, ,100.0,0.0,0.0,CAC,,,123,,,123 12345,29,mineral,,2
labno,CACCA,neut,labn,CACC,labn,,, ,45.0,0.0,0.0,CACC,,,1234,,,1234 12345,29,wolf,,1
matli,CACCA,ini,matl,CACC,matl,,, ,100.0,0.0,0.0,CACC,,,1234,,,1234 12345,29,linen,,1
matra,CACCA,neut,matr,CACC,matr,,, ,7.4,0.0,0.0,CACC,,,1234,,,1234 12345,29,motor,,1
sivni,CACCA,ini,sib,CAC,siv,,, ,33.3,0.0,0.0,CAC,,,123,,,123 12345,29,private,,2
tamca,CACCA,ini,tamc,CACC,tamc,,, ,7.4,0.0,0.0,CACC,,,1234,,,1234 12345,29,tomato,,1
vifne,CACCA,neut,vib,CAC,vif,,, ,7.4,0.0,0.0,CAC,,,123,,,123 12345,29,fresh,,3
banxa,CACCA,ini,bag,CAC,bax,,, ,27.3,0.0,0.0,CAC,,,124,,,124 12345,28,bank,,3
bemro,CACCA,ini,bem,CAC,bem,,, ,3.7,0.0,0.0,CAC,,,123,,,123 12345,28,North American,,1
gutra,CACCA,ini,gutr,CACC,gutr,,, ,55.6,0.0,0.0,CACC,,,1234,,,1234 12345,28,womb,,1
komcu,CACCA,ini,kom,CAC,kom,,, ,100.0,0.0,0.0,CAC,,,123,,,123 12345,28,comb,,1
viknu,CACCA,ini,vig,CAC,vik,,, ,64.7,0.0,0.0,CAC,,,123,,,123 12345,28,viscous,,1
darsi,CACCA,fin,dars,CACC,,,,,0.0,0.0,0.0,,,,,,,12345,28,audacity,,1
canpa,CACCA,fin,cna,CCA,cna,,, ,68.8,0.0,0.0,CCA,,,132,,,132 12345,27,shovel,,1
palku,CACCA,ini,pag,CAC,pak,,, ,3.8,0.0,0.0,CAC,,,124,,,124 12345,27,pants,,1
vipsi,CACCA,ini,vib,CAC,vip,,, ,12.5,0.0,0.0,CAC,,,123,,,123 12345,27,deputy,,3
zargu,CACCA,ini,zag,CAC,zag,za'u,,  ,53.3,26.7,0.0,CAC,CAA,,124,125,,124 125 12345,27,buttock,,1
tujli,CACCA,??,tujl,CACC,,,,,0.0,0.0,0.0,,,,,,,12345,27,tulip,,1
jenca,CACCA,fin,jenc,CACC,,,,,0.0,0.0,0.0,,,,,,,12345,26,shock,,1
pikci,CACCA,fin,pikc,CACC,,,,,0.0,0.0,0.0,,,,,,,12345,26,beg,,1
jinci,CACCA,??,jinc,CACC,,,,,0.0,0.0,0.0,,,,,,,12345,26,shears,,1
cartu,CACCA,fin,cad,CAC,cat,,, ,4.2,0.0,0.0,CAC,,,124,,,124 12345,25,chart,,2
mosra,CACCA,ini,mos,CAC,mos,,, ,52.9,0.0,0.0,CAC,,,123,,,123 12345,25,friction,,2
silka,CACCA,neut,sig,CAC,sik,,, ,8.7,0.0,0.0,CAC,,,124,,,124 12345,25,silk,,2
jivbu,CACCA,fin,jivb,CACC,,,,,0.0,0.0,0.0,,,,,,,12345,25,weave,,1
molro,CACCA,??,molr,CACC,,,,,0.0,0.0,0.0,,,,,,,12345,25,mole,,1
taske,CACCA,??,task,CACC,,,,,0.0,0.0,0.0,,,,,,,12345,25,thirst,,1
bidju,CACCA,fin,bidj,CACC,,,,,0.0,0.0,0.0,,,,,,,12345,24,bead,,1
dekpu,CACCA,fin,dekp,CACC,,,,,0.0,0.0,0.0,,,,,,,12345,24,gallon,,1
ganti,CACCA,??,gant,CACC,,,,,0.0,0.0,0.0,,,,,,,12345,24,testicle,,1
jilra,CACCA,fin,jilr,CACC,,,,,0.0,0.0,0.0,,,,,,,12345,24,jealous,,1
dacru,CACCA,??,dacr,CACC,,,,,0.0,0.0,0.0,,,,,,,12345,24,drawer,,1
falnu,CACCA,ini,fan,CAC,fan,,, ,64.3,0.0,0.0,CAC,,,124,,,124 12345,23,sail,,2
fenso,CACCA,ini,feu,CAA,fe'o,fen,,  ,50.0,31.2,0.0,CAA,CAC,,125,123,,123 125 12345,23,sew,,2
forca,CACCA,fin,fro,CCA,fro,,, ,27.8,0.0,0.0,CCA,,,132,,,132 12345,23,fork,,1
muzga,CACCA,neut,mus,CAC,muz,,, ,9.5,0.0,0.0,CAC,,,123,,,123 12345,23,museum,,2
pinca,CACCA,ini,pinc,CACC,pinc,,, ,21.1,0.0,0.0,CACC,,,1234,,,1234 12345,23,urine,,1
tengu,CACCA,ini,teg,CAC,teg,,, ,9.5,0.0,0.0,CAC,,,124,,,124 12345,23,texture,,2
vibna,CACCA,ini,vib,CAC,vib,,, ,43.8,0.0,0.0,CAC,,,123,,,123 12345,23,vagina,,3
dejni,CACCA,fin,dejn,CACC,,,,,0.0,0.0,0.0,,,,,,,12345,23,owe,,1
mirli,CACCA,fin,mirl,CACC,,,,,0.0,0.0,0.0,,,,,,,12345,23,deer,,1
matne,CACCA,fin,matn,CACC,,,,,0.0,0.0,0.0,,,,,,,12345,23,butter,,1
jakne,CACCA,??,jakn,CACC,,,,,0.0,0.0,0.0,,,,,,,12345,23,rocket,,1
cinje,CACCA,??,cinj,CACC,,,,,0.0,0.0,0.0,,,,,,,12345,23,wrinkle,,1
dugri,CACCA,ini,dug,CAC,dug,,, ,10.0,0.0,0.0,CAC,,,123,,,123 12345,22,logarithm,,2
kurki,CACCA,neut,kurk,CACC,kurk,,, ,10.0,0.0,0.0,CACC,,,1234,,,1234 12345,22,bitter,,1
lenjo,CACCA,ini,len,CAC,len,le'o,,  ,61.5,7.7,0.0,CAC,CAA,,123,125,,123 125 12345,22,lens,,1
naxle,CACCA,ini,xle,CCA,xle,,, ,46.7,0.0,0.0,CCA,,,345,,,345 12345,22,canal,,1
zajba,CACCA,ini,zas,CAC,zaj,,, ,57.1,0.0,0.0,CAC,,,123,,,123 12345,22,gymnast,,2
jursa,CACCA,fin,jurs,CACC,,,,,0.0,0.0,0.0,,,,,,,12345,22,severe,,1
sodva,CACCA,??,sodv,CACC,,,,,0.0,0.0,0.0,,,,,,,12345,22,soda,,1
pambe,CACCA,neut,pamb,CACC,pamb,,, ,10.5,0.0,0.0,CACC,,,1234,,,1234 12345,21,pump,,1
nimre,CACCA,fin,nimr,CACC,,,,,0.0,0.0,0.0,,,,,,,12345,21,citrus,,1
badna,CACCA,??,badn,CACC,,,,,0.0,0.0,0.0,,,,,,,12345,21,banana,,1
dunja,CACCA,ini,dus,CAC,duj,,, ,25.0,0.0,0.0,CAC,,,124,,,124 12345,20,freeze,,1
fonmo,CACCA,ini,fom,CAC,fom,,, ,100.0,0.0,0.0,CAC,,,124,,,124 12345,20,foam,,1
guska,CACCA,neut,gug,CAC,guk,,, ,25.0,0.0,0.0,CAC,,,124,,,124 12345,20,scrape,,1
parbi,CACCA,neut,pab,CAC,pab,,, ,5.0,0.0,0.0,CAC,,,124,,,124 12345,20,ratio,,2
damri,CACCA,fin,damr,CACC,,,,,0.0,0.0,0.0,,,,,,,12345,20,drum,,1
jarbu,CACCA,fin,jarb,CACC,,,,,0.0,0.0,0.0,,,,,,,12345,20,suburb,,1
latna,CACCA,??,latn,CACC,,,,,0.0,0.0,0.0,,,,,,,12345,20,lotus,,1
cinza,CACCA,ini,cinz,CACC,cinz,,, ,18.8,0.0,0.0,CACC,,,1234,,,1234 12345,19,tongs,,1
cicna,CACCA,??,cicn,CACC,,,,,0.0,0.0,0.0,,,,,,,12345,19,cyan,,1
fepri,CACCA,??,fepr,CACC,,,,,0.0,0.0,0.0,,,,,,,12345,19,lung,,1
maxri,CACCA,ini,xri,CCA,xri,,, ,38.5,0.0,0.0,CCA,,,345,,,345 12345,18,wheat,,1
xedja,CACCA,ini,xes,CAC,xej,xe'a,,  ,13.3,6.7,0.0,CAC,CAA,,124,125,,124 125 12345,18,jaw,,1
mapni,CACCA,??,mapn,CACC,,,,,0.0,0.0,0.0,,,,,,,12345,18,cotton,,1
tenfa,CACCA,??,tenf,CACC,,,,,0.0,0.0,0.0,,,,,,,12345,18,exponential,,1
tarla,CACCA,??,tarl,CACC,,,,,0.0,0.0,0.0,,,,,,,12345,18,tar,,1
pastu,CACCA,ini,pas,CAC,pas,,, ,54.5,0.0,0.0,CAC,,,123,,,123 12345,17,robe,,4
punli,CACCA,ini,pul,CAC,pul,,, ,41.7,0.0,0.0,CAC,,,124,,,124 12345,17,swelling,,1
nivji,CACCA,??,nivj,CACC,,,,,0.0,0.0,0.0,,,,,,,12345,17,knit,,1
tabra,CACCA,fin,tabr,CACC,,,,,0.0,0.0,0.0,,,,,,,12345,17,trumpet,,1
canti,CACCA,ini,cant,CACC,cant,,, ,6.7,0.0,0.0,CACC,,,1234,,,1234 12345,16,gut,,1
jansu,CACCA,ini,jas,CAC,jas,,, ,100.0,0.0,0.0,CAC,,,124,,,124 12345,16,diplomat,,2
jurme,CACCA,ini,jum,CAC,jum,,, ,23.1,0.0,0.0,CAC,,,124,,,124 12345,16,germ,,1
manfo,CACCA,fin,manf,CACC,,,,,0.0,0.0,0.0,,,,,,,12345,16,uniform,,1
linto,CACCA,??,lint,CACC,,,,,0.0,0.0,0.0,,,,,,,12345,16,lightweight,,1
janta,CACCA,??,jant,CACC,,,,,0.0,0.0,0.0,,,,,,,12345,16,account,,1
jetce,CACCA,neut,jec,CAC,je'e,,, ,15.4,0.0,0.0,CAA,,,125,,,125 12345,15,jet,,1
livga,CACCA,ini,livg,CACC,livg,,, ,100.0,0.0,0.0,CACC,,,1234,,,1234 12345,15,liver,,1
nilce,CACCA,fin,nic,CAC,ni'e,,, ,15.4,0.0,0.0,CAA,,,125,,,125 12345,15,furniture,,1
rilti,CACCA,ini,ril,CAC,ril,,, ,7.1,0.0,0.0,CAC,,,123,,,123 12345,15,rhythm,,2
salta,CACCA,??,salt,CACC,,,,,0.0,0.0,0.0,,,,,,,12345,15,salad,,1
sinso,CACCA,??,sins,CACC,,,,,0.0,0.0,0.0,,,,,,,12345,15,sine,,1
jisra,CACCA,??,jisr,CACC,,,,,0.0,0.0,0.0,,,,,,,12345,15,juice,,1
baktu,CACCA,neut,bakt,CACC,bakt,,, ,16.7,0.0,0.0,CACC,,,1234,,,1234 12345,14,bucket,,1
marxa,CACCA,ini,mag,CAC,max,,, ,16.7,0.0,0.0,CAC,,,124,,,124 12345,14,mash,,2
murta,CACCA,neut,mua,CAA,mu'a,mur,,  ,33.3,22.2,0.0,CAA,CAC,,125,123,,123 125 12345,14,curtain,,2
cigla,CACCA,fin,cigl,CACC,,,,,0.0,0.0,0.0,,,,,,,12345,14,gland,,1
bakri,CACCA,ini,bakr,CACC,bakr,,, ,8.3,0.0,0.0,CACC,,,1234,,,1234 12345,13,chalk,,1
jikru,CACCA,neut,jikr,CACC,jikr,,, ,44.4,0.0,0.0,CACC,,,1234,,,1234 12345,13,liquor,,1
karli,CACCA,neut,karl,CACC,karl,,, ,100.0,0.0,0.0,CACC,,,1234,,,1234 12345,13,collar,,1
kolme,CACCA,neut,kol,CAC,kol,,, ,8.3,0.0,0.0,CAC,,,123,,,123 12345,13,coal,,1
maksi,CACCA,ini,mag,CAC,mak,,, ,50.0,0.0,0.0,CAC,,,123,,,123 12345,13,magnet,,2
vitci,CACCA,ini,vid,CAC,vit,,, ,50.0,0.0,0.0,CAC,,,123,,,123 12345,12,irregular,,2
sacki,CACCA,fin,sack,CACC,,,,,0.0,0.0,0.0,,,,,,,12345,12,match,,1
lastu,CACCA,??,last,CACC,,,,,0.0,0.0,0.0,,,,,,,12345,12,brass,,1
caxno,CACCA,ini,cag,CAC,cax,,, ,22.2,0.0,0.0,CAC,,,123,,,123 12345,11,shallow,,3
panlo,CACCA,fin,pau,CAA,pa'o,,, ,57.1,0.0,0.0,CAA,,,125,,,125 12345,11,slice,,3
radno,CACCA,fin,rau,CAA,ra'o,,, ,100.0,0.0,0.0,CAA,,,125,,,125 12345,11,radian,,4
sorgu,CACCA,??,sorg,CACC,,,,,0.0,0.0,0.0,,,,,,,12345,11,sorghum,,1
jaspu,CACCA,??,jasp,CACC,,,,,0.0,0.0,0.0,,,,,,,12345,11,passport,,1
kobli,CACCA,fin,koi,CAA,ko'i,,, ,28.6,0.0,0.0,CAA,,,125,,,125 12345,9,cabbage,,2
zalvi,CACCA,ini,zal,CAC,zal,,, ,100.0,0.0,0.0,CAC,,,123,,,123 12345,9,grind,,1
kajna,CACCA,fin,kajn,CACC,,,,,0.0,0.0,0.0,,,,,,,12345,9,shelf,,1
lunsa,CACCA,fin,luns,CACC,,,,,0.0,0.0,0.0,,,,,,,12345,9,condense,,1
genxu,CACCA,??,genx,CACC,,,,,0.0,0.0,0.0,,,,,,,12345,9,hook,,1
tansi,CACCA,??,tans,CACC,,,,,0.0,0.0,0.0,,,,,,,12345,9,pan,,1
penbi,CACCA,??,penb,CACC,,,,,0.0,0.0,0.0,,,,,,,12345,9,pen,,1
kenra,CACCA,neut,ken,CAC,ken,,, ,100.0,0.0,0.0,CAC,,,123,,,123 12345,8,cancer,,1
pesxu,CACCA,neut,peg,CAC,pex,,, ,60.0,0.0,0.0,CAC,,,124,,,124 12345,8,paste,,1
vidru,CACCA,ini,vir,CAC,vir,,, ,14.3,0.0,0.0,CAC,,,124,,,124 12345,8,virus,,1
xagri,CACCA,neut,xagr,CACC,xagr,,, ,11.1,0.0,0.0,CACC,,,1234,,,1234 12345,8,reed,,1
zivle,CACCA,fin,vle,CCA,vle,,, ,60.0,0.0,0.0,CCA,,,345,,,345 12345,8,invest,,1
xinmo,CACCA,fin,xinm,CACC,,,,,0.0,0.0,0.0,,,,,,,12345,8,ink,,1
rinci,CACCA,fin,rinc,CACC,,,,,0.0,0.0,0.0,,,,,,,12345,8,drain,,1
jabre,CACCA,fin,jabr,CACC,,,,,0.0,0.0,0.0,,,,,,,12345,8,brake,,1
pandi,CACCA,??,pand,CACC,,,,,0.0,0.0,0.0,,,,,,,12345,8,punctuate,,1
samcu,CACCA,??,samc,CACC,,,,,0.0,0.0,0.0,,,,,,,12345,8,cassava,,1
lanbi,CACCA,??,lanb,CACC,,,,,0.0,0.0,0.0,,,,,,,12345,7,protein,,1
figre,CACCA,??,figr,CACC,,,,,0.0,0.0,0.0,,,,,,,12345,7,fig,,1
patlu,CACCA,??,patl,CACC,,,,,0.0,0.0,0.0,,,,,,,12345,7,potato,,1
balji,CACCA,??,balj,CACC,,,,,0.0,0.0,0.0,,,,,,,12345,7,bulb,,1
famti,CACCA,??,famt,CACC,,,,,0.0,0.0,0.0,,,,,,,12345,7,aunt or uncle,,1
jinku,CACCA,??,jink,CACC,,,,,0.0,0.0,0.0,,,,,,,12345,7,vaccine,,1
cunmi,CACCA,??,cunm,CACC,,,,,0.0,0.0,0.0,,,,,,,12345,7,millet,,1
gundi,CACCA,??,gund,CACC,,,,,0.0,0.0,0.0,,,,,,,12345,6,industry,,1
sanso,CACCA,??,sans,CACC,,,,,0.0,0.0,0.0,,,,,,,12345,6,sauce,,1
korka,CACCA,ini,kog,CAC,kok,,,,100.0,0.0,0.0,CAC,,,124,,,124,5,cork,,1
jalna,CACCA,??,jaln,CACC,,,,,0.0,0.0,0.0,,,,,,,12345,5,starch,,1
sufti,CACCA,??,suft,CACC,,,,,0.0,0.0,0.0,,,,,,,12345,5,hoof,,1
xampo,CACCA,??,xamp,CACC,,,,,0.0,0.0,0.0,,,,,,,12345,4,ampere,,1
ransu,CACCA,??,rans,CACC,,,,,0.0,0.0,0.0,,,,,,,12345,4,bronze,,1
delno,CACCA,ini,del,CAC,del,,,,100.0,0.0,0.0,CAC,,,123,,,123,3,candela,,1
jendu,CACCA,??,jend,CACC,,,,,0.0,0.0,0.0,,,,,,,12345,3,axle,,1
jilka,CACCA,??,jilk,CACC,,,,,0.0,0.0,0.0,,,,,,,12345,3,alkali,,1
panje,CACCA,??,panj,CACC,,,,,0.0,0.0,0.0,,,,,,,12345,2,sponge,,1
fanri,CACCA,??,fanr,CACC,,,,,0.0,0.0,0.0,,,,,,,12345,2,factory,,1
saclu,CACCA,??,sacl,CACC,,,,,0.0,0.0,0.0,,,,,,,12345,2,decimal,,1
sabnu,CACCA,??,sabn,CACC,,,,,0.0,0.0,0.0,,,,,,,12345,1,cabin,,1
ckaji,CCACA,fin,ka,CA,ka,kai,,  ,100.0,7.4,0.0,CA,CAA,,23,235,,23 235 12345,9254,quality,,1
klama,CCACA,fin,kla,CCA,kla,ka'a,,  ,21.1,2.1,0.0,CCA,CAA,,123,135,,123 135 12345,6481,come,,1
djuno,CCACA,fin,jun,CAC,ju'o,du'o,,   jun,22.1,3.1,0.0,CAA,CAA,,235,135,,135  235 12345,6100,know,,1
bridi,CCACA,ini,bri,CCA,bri,,, ,100.0,0.0,0.0,CCA,,,123,,,123 12345,5040,predicate,,1
prenu,CCACA,fin,pre,CCA,pre,,, ,22.9,0.0,0.0,CCA,,,123,,,123 12345,4731,person,,1
cmavo,CCACA,ini,cmau,CCAA,ma'o,,, ,20.9,0.0,0.0,CAA,,,235,,,235 12345,4632,structure word,,1
klani,CCACA,fin,ni,CA,ni,lai,,  la'u ,100.0,4.0,0.0,CA,CAA,,45,235,,45 235  12345,4439,quantity,,1
zmadu,CCACA,fin,mau,CAA,mau,zma,,  ,72.1,31.5,0.0,CAA,CCA,,235,123,,123 235 12345,2754,more,,2
djica,CCACA,fin,dji,CCA,dji,,, ,18.3,0.0,0.0,CCA,,,123,,,123 12345,2632,desire,,1
cmene,CCACA,neut,cme,CCA,cme,me'e,,  ,22.6,12.7,0.0,CCA,CAA,,123,235,,123 235 12345,2117,name,,1
mlatu,CCACA,ini,mlat,CCAC,,,, lat,0.0,0.0,0.0,,,,,,,12345,1940,cat,,1
zdani,CCACA,fin,zda,CCA,zda,,, ,63.3,0.0,0.0,CCA,,,123,,,123 12345,1906,nest,,1
krinu,CCACA,neut,kriu,CCAA,ki'u,,,  rin,100.0,0.0,0.0,CAA,,,135,,,135  12345,1864,reason,,1
blanu,CCACA,ini,bla,CCA,bla,,, ,4.5,0.0,0.0,CCA,,,123,,,123 12345,1795,blue,,1
jmina,CCACA,ini,jmia,CCAA,ji'a,min,,  ,100.0,3.1,0.0,CAA,CAC,,135,234,,135 234 12345,1652,add,,1
traji,CCACA,fin,rai,CAA,rai,,, ,100.0,0.0,0.0,CAA,,,235,,,235 12345,1650,superlative,,3
zvati,CCACA,ini,zva,CCA,zva,,, ,21.5,0.0,0.0,CCA,,,123,,,123 12345,1432,at,,1
drata,CCACA,ini,dad,CAC,dat,,, ,4.8,0.0,0.0,CAC,,,134,,,134 12345,1362,other,,2
drani,CCACA,fin,dra,CCA,dra,,, ,59.8,0.0,0.0,CCA,,,123,,,123 12345,1341,correct,,1
smuni,CCACA,neut,smu,CCA,smu,,,  mun,30.7,0.0,0.0,CCA,,,123,,,123  12345,1309,meaning,,1
djacu,CCACA,ini,djau,CCAA,jau,jac,,  ,16.7,2.9,0.0,CAA,CAC,,235,234,,234 235 12345,1301,water,,1
djedi,CCACA,fin,ded,CAC,dei,dje,,  ,100.0,3.7,0.0,CAA,CCA,,135,123,,123 135 12345,1298,full day,,1
troci,CCACA,fin,toi,CAA,toi,,,  toc,19.0,0.0,0.0,CAA,,,135,,,135 12345,1241,try,,1
zgana,CCACA,fin,zan,CAC,za'a,zga,ga'a,   ,45.6,17.6,14.1,CAA,CCA,CAA,135,123,235,123 135 235 12345,1188,observe,,2
skami,CCACA,ini,sam,CAC,sam,,, ,55.0,0.0,0.0,CAC,,,134,,,134 12345,1170,computer,,1
prami,CCACA,ini,pam,CAC,pam,pa'i,,  ,11.4,7.2,0.0,CAC,CAA,,134,135,,134 135 12345,1167,love,,1
tcidu,CCACA,fin,tcid,CCAC,,,, tid,0.0,0.0,0.0,,,,,,,12345,1139,read,,1
clani,CCACA,ini,cla,CCA,cla,,, ,28.8,0.0,0.0,CCA,,,123,,,123 12345,1135,long,,1
plise,CCACA,ini,plis,CCAC,,,, plis,0.0,0.0,0.0,,,,,,,12345,1130,apple,,1
stedu,CCACA,fin,sed,CAC,sed,,, ,2.3,0.0,0.0,CAC,,,134,,,134 12345,1071,head,,2
cmalu,CCACA,ini,cma,CCA,cma,,, ,71.0,0.0,0.0,CCA,,,123,,,123 12345,1061,small,,1
zbasu,CCACA,fin,zba,CCA,zba,,, ,20.3,0.0,0.0,CCA,,,123,,,123 12345,994,make,,1
cmima,CCACA,ini,cmi,CCA,cmi,,, ,29.9,0.0,0.0,CCA,,,123,,,123 12345,982,member,,1
ckafi,CCACA,ini,kab,CAC,kaf,,, ,82.3,0.0,0.0,CAC,,,234,,,234 12345,977,coffee,,3
krefu,CCACA,neut,kreu,CCAA,ke'u,ref,,   ke'o,43.4,9.4,0.0,CAA,CAC,,135,234,,135  234 12345,914,recur,,1
gleki,CCACA,fin,gek,CAC,gei,,,  gek,31.1,0.0,0.0,CAA,,,135,,,135 12345,909,happy,,1
krici,CCACA,ini,kri,CCA,kri,,, ,12.2,0.0,0.0,CCA,,,123,,,123 12345,897,believe,,1
ckire,CCACA,neut,kir,CAC,ki'e,,,  kir,100.0,0.0,0.0,CAA,,,235,,,235 12345,862,grateful,,1
claxu,CCACA,fin,cau,CAA,cau,,, ,100.0,0.0,0.0,CAA,,,135,,,135 12345,854,without,,3
frica,CCACA,neut,fis,CAC,fic,,, ,3.8,0.0,0.0,CAC,,,134,,,134 12345,826,differ,,1
stuzi,CCACA,fin,stu,CCA,stu,tu'i,,  ,98.5,59.7,0.0,CCA,CAA,,123,235,,123 235 12345,814,site,,1
xruti,CCACA,neut,xru,CCA,xru,,, ,45.8,0.0,0.0,CCA,,,123,,,123 12345,763,return,,1
cnino,CCACA,ini,nin,CAC,nin,ni'o,,  ,20.0,3.1,0.0,CAC,CAA,,234,235,,234 235 12345,757,new,,1
tcita,CCACA,fin,tcit,CCAC,,,, tcit,0.0,0.0,0.0,,,,,,,12345,729,label,,1
spuda,CCACA,ini,spu,CCA,spu,,, ,28.3,0.0,0.0,CCA,,,123,,,123 12345,718,reply,,1
cliva,CCACA,fin,lia,CAA,li'a,liv,,  ,15.1,4.8,0.0,CAA,CAC,,235,234,,234 235 12345,714,leave,,1
srana,CCACA,fin,ran,CAC,ra'a,,, ,100.0,0.0,0.0,CAA,,,235,,,235 12345,703,pertain,,2
cpedu,CCACA,fin,peu,CAA,pe'u,cpe,,  ,76.4,43.5,0.0,CAA,CCA,,235,123,,123 235 12345,687,request,,3
skicu,CCACA,fin,ski,CCA,ski,,, ,52.1,0.0,0.0,CCA,,,123,,,123 12345,687,describe,,1
ctuca,CCACA,fin,ctu,CCA,ctu,,, ,43.6,0.0,0.0,CCA,,,123,,,123 12345,656,teach,,1
klesi,CCACA,fin,les,CAC,lei,kle,,  le'a ,48.6,16.0,0.0,CAA,CCA,,235,123,,123 235  12345,655,class,,3
crida,CCACA,fin,rid,CAC,rid,,, ,8.2,0.0,0.0,CAC,,,234,,,234 12345,620,fairy,,1
jmive,CCACA,ini,jiv,CAC,ji'e,miv,,  ,52.3,13.0,0.0,CAA,CAC,,135,234,,135 234 12345,616,live,,2
speni,CCACA,neut,spe,CCA,spe,,, ,65.6,0.0,0.0,CCA,,,123,,,123 12345,612,married,,1
preti,CCACA,ini,ret,CAC,rei,,,  ret,14.2,0.0,0.0,CAA,,,235,,,235 12345,585,question,,1
mrilu,CCACA,neut,mri,CCA,mri,,, ,100.0,0.0,0.0,CCA,,,123,,,123 12345,557,mail,,1
blabi,CCACA,ini,lab,CAC,lab,,,  blab,8.0,0.0,0.0,CAC,,,231,,,231  12345,555,white,,2
slabu,CCACA,neut,slau,CCAA,sau,,, ,38.2,0.0,0.0,CAA,,,135,,,135 12345,554,old,,1
stidi,CCACA,ini,tid,CAC,ti'i,sid,,  ,54.6,4.9,0.0,CAA,CAC,,235,134,,134 235 12345,554,suggest,,2
tricu,CCACA,ini,ris,CAC,ric,,, ,48.2,0.0,0.0,CAC,,,234,,,234 12345,544,tree,,2
glare,CCACA,neut,gla,CCA,gla,,, ,45.8,0.0,0.0,CCA,,,123,,,123 12345,527,hot,,1
xlali,CCACA,ini,xla,CCA,xla,,, ,33.4,0.0,0.0,CCA,,,123,,,123 12345,527,bad,,1
srera,CCACA,neut,sre,CCA,sre,,, ,11.5,0.0,0.0,CCA,,,123,,,123 12345,523,err,,1
skari,CCACA,fin,ska,CCA,ska,,, ,31.1,0.0,0.0,CCA,,,123,,,123 12345,519,color,,1
pruce,CCACA,fin,pui,CAA,pu'e,ru'e,,pu'u   ,28.4,9.0,0.0,CAA,CAA,,135,235,,135  235 12345,507,process,,3
frili,CCACA,ini,fil,CAC,fil,,,  fu'i,40.8,0.0,0.0,CAC,,,134,,,134  12345,488,easy,,1
snada,CCACA,fin,sad,CAC,sad,,, ,2.7,0.0,0.0,CAC,,,134,,,134 12345,488,succeed,,2
cnita,CCACA,ini,cnia,CCAA,ni'a,nit,,  ,69.4,40.6,0.0,CAA,CAC,,235,234,,234 235 12345,480,beneath,,1
krasi,CCACA,neut,krai,CCAA,ra'i,kra,,  ,58.4,24.8,0.0,CAA,CCA,,235,123,,123 235 12345,473,source,,2
tcadu,CCACA,neut,tca,CCA,tca,,, ,25.5,0.0,0.0,CCA,,,123,,,123 12345,473,city,,1
klina,CCACA,neut,klia,CCAA,li'a,kli,,  ,100.0,27.7,0.0,CAA,CCA,,235,123,,123 235 12345,462,clear,,1
ckule,CCACA,neut,ckui,CCAA,cu'e,kul,,  ,11.9,10.6,0.0,CAA,CAC,,135,234,,135 234 12345,461,school,,1
cfari,CCACA,neut,cfa,CCA,cfa,,, ,56.8,0.0,0.0,CCA,,,123,,,123 12345,453,initiate,,1
cpana,CCACA,neut,cpan,CCAC,,,, cpan,0.0,0.0,0.0,,,,,,,12345,452,upon,,1
zdile,CCACA,fin,zdi,CCA,zdi,,, ,52.6,0.0,0.0,CCA,,,123,,,123 12345,450,amusing,,1
pluka,CCACA,fin,pua,CAA,pu'a,puk,,  ,26.4,2.2,0.0,CAA,CAC,,135,134,,134 135 12345,444,pleasant,,1
gletu,CCACA,neut,gle,CCA,gle,,, ,100.0,0.0,0.0,CCA,,,123,,,123 12345,432,copulate,,1
cteki,CCACA,ini,teg,CAC,tek,ce'i,,  ,4.7,3.9,0.0,CAC,CAA,,234,135,,135 234 12345,431,tax,,2
cribe,CCACA,neut,crib,CCAC,,,, rib,0.0,0.0,0.0,,,,,,,12345,430,bear,,1
cpacu,CCACA,fin,cpa,CCA,cpa,,, ,30.0,0.0,0.0,CCA,,,123,,,123 12345,421,get,,1
tcati,CCACA,fin,tcat,CCAC,tcat,,, ,3.3,0.0,0.0,CCAC,,,1234,,,1234 12345,410,tea,,1
jbena,CCACA,fin,jbe,CCA,jbe,,, ,80.1,0.0,0.0,CCA,,,123,,,123 12345,386,born,,1
stizu,CCACA,fin,stiz,CCAC,,,, tiz,0.0,0.0,0.0,,,,,,,12345,374,chair,,1
tsali,CCACA,ini,tsa,CCA,tsa,,, ,20.7,0.0,0.0,CCA,,,123,,,123 12345,373,strong,,1
sruri,CCACA,neut,sru,CCA,sru,,,ru'u  ,20.6,0.0,0.0,CCA,,,123,,,123  12345,366,surround,,1
pluta,CCACA,neut,plua,CCAA,lu'a,,,  lut,18.4,0.0,0.0,CAA,,,235,,,235 12345,339,route,,1
cfipu,CCACA,ini,cfiu,CCAA,fi'u,,, ,13.1,0.0,0.0,CAA,,,235,,,235 12345,333,confusing,,1
plini,CCACA,fin,plin,CCAC,,,, plin,0.0,0.0,0.0,,,,,,,12345,332,planet,,1
bruna,CCACA,fin,bua,CAA,bu'a,,,  bun,5.8,0.0,0.0,CAA,,,135,,,135 12345,330,brother,,1
flalu,CCACA,neut,fla,CCA,fla,,, ,31.0,0.0,0.0,CCA,,,123,,,123 12345,319,law,,1
brife,CCACA,neut,bib,CAC,bif,bi'e,,  ,25.1,22.2,0.0,CAC,CAA,,134,135,,134 135 12345,305,breeze,,1
crane,CCACA,ini,cra,CCA,cra,,, ca'u ,64.3,0.0,0.0,CCA,,,123,,,123  12345,305,front,,1
vreta,CCACA,neut,vre,CCA,vre,,, ,14.0,0.0,0.0,CCA,,,123,,,123 12345,302,reclining,,1
spoja,CCACA,ini,spua,CCAA,po'a,poj,,  ,3.1,3.1,0.0,CAA,CAC,,235,234,,234 235 12345,300,explode,,1
tcika,CCACA,neut,tcik,CCAC,,,, ti'u tcik,0.0,0.0,0.0,,,,,,,12345,288,time of day,,1
cladu,CCACA,neut,clau,CCAA,lau,,, ,71.9,0.0,0.0,CAA,,,235,,,235 12345,287,loud,,1
mleca,CCACA,neut,mlia,CCAA,me'a,mec,,  ,42.4,13.6,0.0,CAA,CAC,,135,134,,134 135 12345,287,less,,1
smadi,CCACA,fin,smad,CCAC,smad,,, ,7.1,0.0,0.0,CCAC,,,1234,,,1234 12345,285,guess,,1
jdini,CCACA,ini,din,CAC,din,di'i,,  ,18.2,2.1,0.0,CAC,CAA,,234,235,,234 235 12345,284,money,,1
ckini,CCACA,neut,kin,CAC,ki'i,,, ,62.5,0.0,0.0,CAA,,,235,,,235 12345,283,related,,3
friti,CCACA,neut,fit,CAC,fi'i,fit,,  ,100.0,7.5,0.0,CAA,CAC,,135,134,,134 135 12345,282,offer,,2
pruxi,CCACA,neut,rug,CAC,rux,ru'i,,  ,66.4,53.1,0.0,CAC,CAA,,234,235,,234 235 12345,281,spirit,,1
vlipa,CCACA,ini,vli,CCA,vli,,, ,89.8,0.0,0.0,CCA,,,123,,,123 12345,279,powerful,,1
bloti,CCACA,ini,blo,CCA,blo,,,  lo'i,66.7,0.0,0.0,CCA,,,123,,,123  12345,277,boat,,1
plipe,CCACA,neut,pip,CAC,pi'e,pip,,  ,25.0,20.7,0.0,CAA,CAC,,135,134,,134 135 12345,274,leap,,1
zgike,CCACA,ini,zgi,CCA,zgi,,,  gi'e,63.2,0.0,0.0,CCA,,,123,,,123  12345,274,music,,1
smaji,CCACA,ini,sma,CCA,sma,,, ,35.7,0.0,0.0,CCA,,,123,,,123 12345,273,quiet,,1
platu,CCACA,fin,pla,CCA,pla,,, ,100.0,0.0,0.0,CCA,,,123,,,123 12345,269,plan,,1
cmana,CCACA,neut,man,CAC,ma'a,,, ,43.9,0.0,0.0,CAA,,,235,,,235 12345,259,mountain,,2
pleji,CCACA,ini,les,CAC,lej,le'i,,  ,26.6,22.8,0.0,CAC,CAA,,234,235,,234 235 12345,259,pay,,3
vrici,CCACA,neut,vric,CCAC,vric,,, ,4.0,0.0,0.0,CCAC,,,1234,,,1234 12345,258,miscellaneous,,1
mluni,CCACA,neut,mlun,CCAC,,,, lun,0.0,0.0,0.0,,,,,,,12345,257,satellite,,1
flira,CCACA,ini,fir,CAC,fir,,, ,26.0,0.0,0.0,CAC,,,134,,,134 12345,252,face,,1
stali,CCACA,neut,sta,CCA,sta,,, ,39.0,0.0,0.0,CCA,,,123,,,123 12345,249,remain,,1
bredi,CCACA,ini,bre,CCA,bre,re'i,red,   ,86.5,25.2,3.6,CCA,CAA,CAC,123,235,234,123 234 235 12345,237,ready,,1
friko,CCACA,ini,friu,CCAA,fi'o,,, ,17.5,0.0,0.0,CAA,,,135,,,135 12345,235,African,,1
stici,CCACA,neut,sis,CAC,sic,,, vu'a ,22.7,0.0,0.0,CAC,,,134,,,134  12345,234,west,,3
cfika,CCACA,fin,fia,CAA,fi'a,fik,,  ,92.2,34.0,0.0,CAA,CAC,,235,234,,234 235 12345,233,fiction,,2
xlura,CCACA,fin,xlu,CCA,xlu,,, ,50.7,0.0,0.0,CCA,,,123,,,123 12345,229,influence,,1
jgari,CCACA,fin,jai,CAA,jai,,, ,77.6,0.0,0.0,CAA,,,135,,,135 12345,225,grasp,,4
grake,CCACA,fin,gra,CCA,gra,,, ,70.5,0.0,0.0,CCA,,,123,,,123 12345,223,gram,,1
crino,CCACA,fin,riu,CAA,ri'o,,, ,28.7,0.0,0.0,CAA,,,235,,,235 12345,222,green,,2
ckana,CCACA,ini,cka,CCA,cka,,, ,28.8,0.0,0.0,CCA,,,123,,,123 12345,219,bed,,1
vreji,CCACA,neut,vej,CAC,vei,rej,,  ,57.8,19.5,0.0,CAA,CAC,,135,234,,135 234 12345,219,record,,1
sruma,CCACA,fin,rua,CAA,ru'a,,, ,100.0,0.0,0.0,CAA,,,235,,,235 12345,216,assume,,2
xrani,CCACA,fin,xai,CAA,xai,,, ,59.2,0.0,0.0,CAA,,,135,,,135 12345,215,injure,,1
jdice,CCACA,neut,jdi,CCA,jdi,,, ,27.9,0.0,0.0,CCA,,,123,,,123 12345,214,decide,,1
pluja,CCACA,ini,lus,CAC,luj,,, ,36.1,0.0,0.0,CAC,,,234,,,234 12345,211,complicated,,2
grana,CCACA,neut,gan,CAC,ga'a,,, ,81.0,0.0,0.0,CAA,,,135,,,135 12345,210,rod,,2
xrula,CCACA,ini,rul,CAC,rul,,, ,36.6,0.0,0.0,CAC,,,234,,,234 12345,209,flower,,1
prije,CCACA,ini,pis,CAC,pij,,, ,49.0,0.0,0.0,CAC,,,134,,,134 12345,208,wise,,1
pritu,CCACA,ini,priu,CCAA,ri'u,prit,,  ,63.6,8.3,0.0,CAA,CCAC,,235,1234,,235 1234 12345,208,right,,1
krixa,CCACA,neut,kria,CCAA,ki'a,kix,,  ,13.6,8.0,0.0,CAA,CAC,,135,134,,134 135 12345,206,cry out,,1
stuna,CCACA,neut,sun,CAC,sun,,,  du'a,28.2,0.0,0.0,CAC,,,134,,,134  12345,206,east,,1
plana,CCACA,fin,plan,CCAC,plan,,, ,2.1,0.0,0.0,CCAC,,,1234,,,1234 12345,197,plump,,1
trixe,CCACA,fin,tix,CAC,ti'e,rix,,  ti'a ,36.1,17.6,0.0,CAA,CAC,,135,234,,135  234 12345,195,behind,,1
steci,CCACA,fin,tec,CAC,te'i,tec,,  ,24.2,3.2,0.0,CAA,CAC,,235,234,,234 235 12345,194,specific,,2
smacu,CCACA,neut,smac,CCAC,,,, smac,0.0,0.0,0.0,,,,,,,12345,193,mouse,,1
tsani,CCACA,neut,tan,CAC,tan,,, ,11.0,0.0,0.0,CAC,,,134,,,134 12345,191,sky,,1
stura,CCACA,neut,tur,CAC,tur,su'a,,  ,54.0,35.0,0.0,CAC,CAA,,234,135,,135 234 12345,189,structure,,1
flecu,CCACA,fin,fle,CCA,fle,,, ,50.4,0.0,0.0,CCA,,,123,,,123 12345,188,flow,,1
klaji,CCACA,ini,las,CAC,laj,,, ,16.8,0.0,0.0,CAC,,,234,,,234 12345,188,street,,4
jbini,CCACA,neut,bin,CAC,bi'i,bin,,  ,29.0,23.7,0.0,CAA,CAC,,235,234,,234 235 12345,187,between,,1
trina,CCACA,neut,tri,CCA,tri,,, ,72.9,0.0,0.0,CCA,,,123,,,123 12345,185,attract,,1
fraxu,CCACA,neut,fag,CAC,fax,,, ,4.5,0.0,0.0,CAC,,,134,,,134 12345,184,forgive,,2
spaji,CCACA,neut,pas,CAC,paj,,, ,53.3,0.0,0.0,CAC,,,234,,,234 12345,184,surprise,,4
cmila,CCACA,ini,cmia,CCAA,mi'a,,, ,32.4,0.0,0.0,CAA,,,235,,,235 12345,183,laugh,,1
frati,CCACA,fin,fra,CCA,fra,,, ,100.0,0.0,0.0,CCA,,,123,,,123 12345,179,react,,1
tcima,CCACA,fin,tia,CAA,ti'a,,,  tim,40.5,0.0,0.0,CAA,,,135,,,135 12345,179,weather,,1
grusi,CCACA,ini,rus,CAC,rus,,, ,8.5,0.0,0.0,CAC,,,234,,,234 12345,178,gray,,1
briju,CCACA,ini,bis,CAC,bij,,, ,14.5,0.0,0.0,CAC,,,134,,,134 12345,174,office,,3
tcaci,CCACA,ini,cas,CAC,cac,,, ,34.9,0.0,0.0,CAC,,,234,,,234 12345,174,custom,,3
cpare,CCACA,fin,par,CAC,par,,, ,4.2,0.0,0.0,CAC,,,234,,,234 12345,172,climb,,1
vrusi,CCACA,ini,vus,CAC,vus,vu'i,,  ,100.0,11.0,0.0,CAC,CAA,,134,135,,134 135 12345,172,taste,,1
srasu,CCACA,ini,sas,CAC,sas,,, ,47.8,0.0,0.0,CAC,,,134,,,134 12345,170,grass,,4
slilu,CCACA,neut,sli,CCA,sli,,, ,100.0,0.0,0.0,CCA,,,123,,,123 12345,168,oscillate,,1
tcica,CCACA,neut,tis,CAC,tic,,,  tcic,51.3,0.0,0.0,CAC,,,132,,,132  12345,167,deceive,,2
gradu,CCACA,fin,rau,CAA,rau,,, ,29.7,0.0,0.0,CAA,,,235,,,235 12345,165,unit,,4
sraji,CCACA,ini,ras,CAC,raj,,, ,100.0,0.0,0.0,CAC,,,234,,,234 12345,164,vertical,,3
smoka,CCACA,fin,smok,CCAC,,,, smo,0.0,0.0,0.0,,,,,,,12345,164,sock,,1
prosa,CCACA,fin,rua,CAA,ro'a,ros,,  ,62.2,4.1,0.0,CAA,CAC,,235,234,,234 235 12345,163,prose,,2
mlana,CCACA,neut,mla,CCA,mla,,, ,62.4,0.0,0.0,CCA,,,123,,,123 12345,161,side,,1
stodi,CCACA,fin,sto,CCA,sto,,, ,78.4,0.0,0.0,CCA,,,123,,,123 12345,157,constant,,1
ckilu,CCACA,neut,ckiu,CCAA,ci'u,,, ,61.2,0.0,0.0,CAA,,,135,,,135 12345,156,scale,,1
vlile,CCACA,ini,vil,CAC,vil,,, ,67.0,0.0,0.0,CAC,,,132,,,132 12345,155,violent,,1
spati,CCACA,ini,spa,CCA,spa,,, ,47.1,0.0,0.0,CCA,,,123,,,123 12345,153,plant,,1
krati,CCACA,neut,krai,CCAA,ka'i,,, ,100.0,0.0,0.0,CAA,,,135,,,135 12345,150,represent,,2
jmaji,CCACA,neut,jas,CAC,jaj,,, ,30.2,0.0,0.0,CAC,,,134,,,134 12345,148,gather,,2
prane,CCACA,neut,prai,CCAA,pa'e,,, ,13.8,0.0,0.0,CAA,,,135,,,135 12345,148,perfect,,1
snura,CCACA,ini,nur,CAC,nur,,,  nu'a,50.5,0.0,0.0,CAC,,,234,,,234  12345,146,secure,,1
klaku,CCACA,ini,kag,CAC,kak,,, ,5.8,0.0,0.0,CAC,,,134,,,134 12345,145,weep,,2
jdima,CCACA,fin,dia,CAA,di'a,,, ,10.8,0.0,0.0,CAA,,,235,,,235 12345,144,price,,1
skapi,CCACA,neut,kab,CAC,kap,,, ,23.5,0.0,0.0,CAC,,,234,,,234 12345,139,pelt,,3
tcila,CCACA,ini,til,CAC,til,,, ,40.4,0.0,0.0,CAC,,,134,,,134 12345,139,detail,,1
snanu,CCACA,ini,nan,CAC,nan,,,  ne'u,39.1,0.0,0.0,CAC,,,234,,,234  12345,138,south,,1
steba,CCACA,fin,steb,CCAC,,,,,0.0,0.0,0.0,,,,,,,12345,138,frustration,,1
vrude,CCACA,fin,vui,CAA,vu'e,vud,,  ,95.6,7.4,0.0,CAA,CAC,,135,134,,134 135 12345,137,virtue,,1
tsiju,CCACA,fin,tsi,CCA,tsi,,, ,67.9,0.0,0.0,CCA,,,123,,,123 12345,136,seed,,1
skina,CCACA,ini,kin,CAC,kin,,, ,22.0,0.0,0.0,CAC,,,234,,,234 12345,133,cinema,,3
cnano,CCACA,neut,cnau,CCAA,na'o,,, ,5.6,0.0,0.0,CAA,,,235,,,235 12345,132,norm,,1
ctino,CCACA,ini,ctiu,CCAA,ti'o,,, ,27.4,0.0,0.0,CAA,,,235,,,235 12345,130,shadow,,1
jvinu,CCACA,neut,jviu,CCAA,ji'u,vin,,  ,8.0,6.2,0.0,CAA,CAC,,135,234,,135 234 12345,128,view,,1
sfasa,CCACA,fin,sfa,CCA,sfa,,, ,100.0,0.0,0.0,CCA,,,123,,,123 12345,128,punish,,1
bliku,CCACA,fin,bli,CCA,bli,,, ,100.0,0.0,0.0,CCA,,,123,,,123 12345,120,block,,1
cfila,CCACA,fin,cfi,CCA,cfi,,, ,30.4,0.0,0.0,CCA,,,123,,,123 12345,118,flaw,,1
clira,CCACA,ini,lir,CAC,lir,,, ,25.5,0.0,0.0,CAC,,,234,,,234 12345,118,early,,2
cmoni,CCACA,ini,cmo,CCA,cmo,,, ,25.3,0.0,0.0,CCA,,,123,,,123 12345,118,moan,,1
dzena,CCACA,fin,dze,CCA,dze,,, ,30.8,0.0,0.0,CCA,,,123,,,123 12345,117,elder,,1
mruli,CCACA,fin,mru,CCA,mru,,, ,25.8,0.0,0.0,CCA,,,123,,,123 12345,117,hammer,,1
grute,CCACA,neut,rud,CAC,rut,,, ,7.5,0.0,0.0,CAC,,,234,,,234 12345,115,fruit,,1
jdika,CCACA,ini,jdik,CCAC,jdik,,, ,27.9,0.0,0.0,CCAC,,,1234,,,1234 12345,110,decrease,,1
jdari,CCACA,ini,jar,CAC,jar,,, ,14.7,0.0,0.0,CAC,,,134,,,134 12345,109,firm,,1
tcini,CCACA,ini,tcin,CCAC,tcin,,, ,5.8,0.0,0.0,CCAC,,,1234,,,1234 12345,109,situation,,1
draci,CCACA,fin,drac,CCAC,,,, drac,0.0,0.0,0.0,,,,,,,12345,108,drama,,1
ckape,CCACA,neut,cab,CAC,cap,,, ,15.6,0.0,0.0,CAC,,,134,,,134 12345,104,peril,,3
cnemu,CCACA,fin,neu,CAA,ne'u,nem,,  ,100.0,3.4,0.0,CAA,CAC,,235,234,,234 235 12345,101,reward,,1
clite,CCACA,neut,lid,CAC,lit,,, ,23.1,0.0,0.0,CAC,,,234,,,234 12345,96,polite,,2
spofu,CCACA,ini,pob,CAC,pof,po'u,,  ,11.9,2.4,0.0,CAC,CAA,,234,235,,234 235 12345,96,broken,,2
prina,CCACA,ini,pri,CCA,pri,,, ,32.9,0.0,0.0,CCA,,,123,,,123 12345,92,print,,1
cnebo,CCACA,ini,neb,CAC,neb,ne'o,,  ,59.2,24.5,0.0,CAC,CAA,,234,235,,234 235 12345,90,neck,,1
jgira,CCACA,fin,jgi,CCA,jgi,,, ,71.2,0.0,0.0,CCA,,,123,,,123 12345,89,pride,,1
grasu,CCACA,ini,ras,CAC,ras,,, ,100.0,0.0,0.0,CAC,,,234,,,234 12345,87,grease,,3
cmaci,CCACA,ini,cmac,CCAC,cmac,,, ,29.2,0.0,0.0,CCAC,,,1234,,,1234 12345,84,mathematics,,1
snuji,CCACA,neut,nus,CAC,nuj,,, ,7.7,0.0,0.0,CAC,,,234,,,234 12345,84,sandwich,,2
drudi,CCACA,fin,dru,CCA,dru,,, ,66.0,0.0,0.0,CCA,,,123,,,123 12345,83,roof,,1
fliba,CCACA,neut,fli,CCA,fli,,, ,26.1,0.0,0.0,CCA,,,123,,,123 12345,83,fail,,1
cnici,CCACA,ini,nis,CAC,nic,,, ,100.0,0.0,0.0,CAC,,,231,,,231 12345,82,orderly,,1
kruca,CCACA,neut,kus,CAC,kuc,,, ,34.4,0.0,0.0,CAC,,,134,,,134 12345,82,intersect,,2
stapa,CCACA,fin,stap,CCAC,,,, tap,0.0,0.0,0.0,,,,,,,12345,80,step,,1
spisa,CCACA,fin,spi,CCA,spi,,, ,100.0,0.0,0.0,CCA,,,123,,,123 12345,78,piece,,1
snime,CCACA,ini,sim,CAC,si'e,,, ,26.7,0.0,0.0,CAA,,,135,,,135 12345,76,snow,,2
xruki,CCACA,ini,xug,CAC,xuk,,, ,44.2,0.0,0.0,CAC,,,134,,,134 12345,75,turkey,,1
djine,CCACA,ini,jin,CAC,jin,,, ,72.1,0.0,0.0,CAC,,,234,,,234 12345,74,ring,,1
trene,CCACA,fin,ren,CAC,re'e,ren,,  ,81.1,21.6,0.0,CAA,CAC,,235,234,,234 235 12345,73,train,,1
clupa,CCACA,ini,cub,CAC,cup,,, ,73.2,0.0,0.0,CAC,,,134,,,134 12345,71,loop,,2
sfani,CCACA,fin,sfan,CCAC,,,,,0.0,0.0,0.0,,,,,,,12345,69,fly,,1
ckasu,CCACA,neut,cas,CAC,cas,,, ,37.7,0.0,0.0,CAC,,,134,,,134 12345,67,ridicule,,3
crisa,CCACA,ini,cis,CAC,cis,,, ,15.8,0.0,0.0,CAC,,,134,,,134 12345,66,summer,,3
klupe,CCACA,neut,klui,CCAA,lu'e,lup,,  ,3.2,3.2,0.0,CAA,CAC,,235,234,,234 235 12345,66,screw,,1
snuti,CCACA,neut,nud,CAC,nut,,, ,8.5,0.0,0.0,CAC,,,234,,,234 12345,64,accidental,,1
ckiku,CCACA,ini,kig,CAC,kik,,, ,69.4,0.0,0.0,CAC,,,234,,,234 12345,61,key,,1
stace,CCACA,ini,sas,CAC,sac,,, ,28.6,0.0,0.0,CAC,,,134,,,134 12345,61,honest,,4
stika,CCACA,neut,tig,CAC,tik,,, ,9.1,0.0,0.0,CAC,,,234,,,234 12345,60,adjust,,2
cpina,CCACA,ini,cpin,CCAC,cpin,,, ,34.1,0.0,0.0,CCAC,,,1234,,,1234 12345,59,pungent,,1
jbera,CCACA,neut,jer,CAC,jer,,, ,7.3,0.0,0.0,CAC,,,134,,,134 12345,59,borrow,,1
tcana,CCACA,fin,tcan,CCAC,,,,,0.0,0.0,0.0,,,,,,,12345,59,station,,1
kliti,CCACA,ini,kid,CAC,kit,,, ,100.0,0.0,0.0,CAC,,,134,,,134 12345,58,clay,,1
creka,CCACA,fin,crek,CCAC,,,,,0.0,0.0,0.0,,,,,,,12345,58,shirt,,1
plita,CCACA,ini,pid,CAC,pit,,, ,46.2,0.0,0.0,CAC,,,134,,,134 12345,57,plane,,2
prali,CCACA,ini,pal,CAC,pal,,, ,34.0,0.0,0.0,CAC,,,134,,,134 12345,57,profit,,1
sluji,CCACA,ini,slu,CCA,slu,,, ,58.3,0.0,0.0,CCA,,,123,,,123 12345,57,muscle,,1
ctaru,CCACA,??,ctar,CCAC,,,,,0.0,0.0,0.0,,,,,,,12345,55,tide,,1
preja,CCACA,ini,pes,CAC,pej,pe'a,,  ,51.5,27.3,0.0,CAC,CAA,,134,135,,134 135 12345,54,spread,,3
snidu,CCACA,ini,nid,CAC,nid,,, ,63.6,0.0,0.0,CAC,,,234,,,234 12345,54,second,,1
kruvi,CCACA,fin,kru,CCA,kru,,, ,93.1,0.0,0.0,CCA,,,123,,,123 12345,52,curve,,1
slaka,CCACA,fin,slak,CCAC,,,,,0.0,0.0,0.0,,,,,,,12345,50,syllable,,1
ckeji,CCACA,fin,cke,CCA,cke,,, ,100.0,0.0,0.0,CCA,,,123,,,123 12345,49,ashamed,,1
sputu,CCACA,fin,put,CAC,pu'u,,, ,25.6,0.0,0.0,CAA,,,235,,,235 12345,49,spit,,1
sfofa,CCACA,??,sfof,CCAC,,,,,0.0,0.0,0.0,,,,,,,12345,49,sofa,,1
bradi,CCACA,ini,brad,CCAC,brad,,, ,6.5,0.0,0.0,CCAC,,,1234,,,1234 12345,48,enemy,,1
zbepi,CCACA,fin,zbe,CCA,zbe,,, ,71.4,0.0,0.0,CCA,,,123,,,123 12345,48,pedestal,,1
jgena,CCACA,ini,jge,CCA,jge,,, ,30.3,0.0,0.0,CCA,,,123,,,123 12345,43,knot,,1
sligu,CCACA,neut,lig,CAC,lig,,, ,34.4,0.0,0.0,CAC,,,234,,,234 12345,43,solid,,2
tcena,CCACA,neut,ten,CAC,ten,,, ,15.0,0.0,0.0,CAC,,,134,,,134 12345,42,stretch,,1
jbari,CCACA,fin,jba,CCA,jba,,, ,64.0,0.0,0.0,CCA,,,123,,,123 12345,41,berry,,1
vraga,CCACA,fin,vra,CCA,vra,,, ,100.0,0.0,0.0,CCA,,,123,,,123 12345,41,lever,,1
cripu,CCACA,neut,rib,CAC,rip,,, ,11.1,0.0,0.0,CAC,,,234,,,234 12345,40,bridge,,2
mledi,CCACA,neut,led,CAC,led,,, ,11.1,0.0,0.0,CAC,,,234,,,234 12345,40,mold,,1
skori,CCACA,neut,sko,CCA,sko,,, ,100.0,0.0,0.0,CCA,,,123,,,123 12345,40,cord,,1
trati,CCACA,ini,trat,CCAC,trat,,, ,5.4,0.0,0.0,CCAC,,,1234,,,1234 12345,39,taut,,1
clika,CCACA,??,clik,CCAC,,,,,0.0,0.0,0.0,,,,,,,12345,39,mossy,,1
stagi,CCACA,fin,stag,CCAC,stag,,, ,5.6,0.0,0.0,CCAC,,,1234,,,1234 12345,38,vegetable,,1
ctebi,CCACA,ini,teb,CAC,teb,,, ,5.7,0.0,0.0,CAC,,,234,,,234 12345,37,lip,,2
sfubu,CCACA,ini,sub,CAC,su'u,,, ,5.7,0.0,0.0,CAA,,,135,,,135 12345,37,dive,,1
sraku,CCACA,ini,rag,CAC,rak,,, ,68.2,0.0,0.0,CAC,,,234,,,234 12345,37,scratch,,3
vlina,CCACA,neut,vlin,CCAC,vlin,,, ,33.3,0.0,0.0,CCAC,,,1234,,,1234 12345,36,alternation,,1
blaci,CCACA,neut,blac,CCAC,blac,,, ,12.9,0.0,0.0,CCAC,,,1234,,,1234 12345,35,glass,,1
jgalu,CCACA,ini,jgau,CCAA,ja'u,,, ,25.9,0.0,0.0,CAA,,,135,,,135 12345,34,claw,,1
snipa,CCACA,neut,nib,CAC,nip,,, ,30.8,0.0,0.0,CAC,,,234,,,234 12345,34,sticky,,2
stani,CCACA,neut,stan,CCAC,stan,,, ,6.2,0.0,0.0,CCAC,,,1234,,,1234 12345,34,stalk,,1
critu,CCACA,??,crit,CCAC,,,,,0.0,0.0,0.0,,,,,,,12345,34,autumn,,1
stati,CCACA,??,stat,CCAC,,,,,0.0,0.0,0.0,,,,,,,12345,33,talent,,1
skuro,CCACA,??,skur,CCAC,,,,,0.0,0.0,0.0,,,,,,,12345,32,groove,,1
frumu,CCACA,ini,fru,CCA,fru,,, ,100.0,0.0,0.0,CCA,,,123,,,123 12345,31,frown,,1
smani,CCACA,ini,sman,CCAC,sman,,, ,14.8,0.0,0.0,CCAC,,,1234,,,1234 12345,31,monkey,,1
bratu,CCACA,??,brat,CCAC,,,,,0.0,0.0,0.0,,,,,,,12345,31,hail,,1
cradi,CCACA,ini,crad,CCAC,crad,,, ,3.6,0.0,0.0,CCAC,,,1234,,,1234 12345,29,radio,,1
jbama,CCACA,ini,bam,CAC,bam,,, ,26.1,0.0,0.0,CAC,,,234,,,234 12345,29,bomb,,1
spali,CCACA,fin,spal,CCAC,,,,,0.0,0.0,0.0,,,,,,,12345,29,polish,,1
greku,CCACA,fin,grek,CCAC,,,,,0.0,0.0,0.0,,,,,,,12345,29,frame,,1
plixa,CCACA,fin,plix,CCAC,,,,,0.0,0.0,0.0,,,,,,,12345,28,plow,,1
flani,CCACA,fin,flan,CCAC,flan,,, ,3.8,0.0,0.0,CCAC,,,1234,,,1234 12345,27,flute,,1
stela,CCACA,ini,tel,CAC,tel,,, ,68.8,0.0,0.0,CAC,,,234,,,234 12345,27,lock,,1
zbabu,CCACA,ini,bab,CAC,bab,,, ,22.7,0.0,0.0,CAC,,,234,,,234 12345,27,soap,,1
xruba,CCACA,fin,xub,CAC,xub,,, ,8.3,0.0,0.0,CAC,,,134,,,134 12345,26,buckwheat,,1
zmiku,CCACA,neut,zmi,CCA,zmi,,, ,100.0,0.0,0.0,CCA,,,123,,,123 12345,26,automatic,,1
vlagi,CCACA,??,vlag,CCAC,,,,,0.0,0.0,0.0,,,,,,,12345,26,vulva,,1
kluza,CCACA,ini,lus,CAC,luz,,, ,100.0,0.0,0.0,CAC,,,234,,,234 12345,25,loose,,2
slari,CCACA,ini,sar,CAC,sar,,, ,66.7,0.0,0.0,CAC,,,134,,,134 12345,25,sour,,1
jgina,CCACA,ini,gin,CAC,gin,,, ,50.0,0.0,0.0,CAC,,,234,,,234 12345,24,gene,,1
smuci,CCACA,ini,mus,CAC,muc,,, ,76.9,0.0,0.0,CAC,,,234,,,234 12345,23,spoon,,2
crepu,CCACA,neut,reb,CAC,rep,,, ,43.8,0.0,0.0,CAC,,,234,,,234 12345,22,harvest,,1
frinu,CCACA,neut,frin,CCAC,frin,,, ,22.2,0.0,0.0,CCAC,,,1234,,,1234 12345,22,fraction,,1
jgita,CCACA,neut,gid,CAC,git,,, ,9.5,0.0,0.0,CAC,,,234,,,234 12345,22,guitar,,1
jganu,CCACA,ini,jga,CCA,jga,,, ,61.5,0.0,0.0,CCA,,,123,,,123 12345,21,angle,,1
gluta,CCACA,fin,glu,CCA,glu,,, ,33.3,0.0,0.0,CCA,,,123,,,123 12345,20,glove,,1
slasi,CCACA,ini,las,CAC,las,,, ,5.3,0.0,0.0,CAC,,,231,,,231 12345,20,plastic,,4
jduli,CCACA,ini,jdu,CCA,jdu,,, ,100.0,0.0,0.0,CCA,,,123,,,123 12345,19,jelly,,1
sluni,CCACA,ini,slun,CCAC,slun,,, ,5.6,0.0,0.0,CCAC,,,1234,,,1234 12345,19,onion,,1
kruji,CCACA,fin,kruj,CCAC,,,,,0.0,0.0,0.0,,,,,,,12345,19,cream,,1
plibu,CCACA,??,plib,CCAC,,,,,0.0,0.0,0.0,,,,,,,12345,19,pubic,,1
ctile,CCACA,neut,ctil,CCAC,ctil,,, ,12.5,0.0,0.0,CCAC,,,1234,,,1234 12345,18,petroleum,,1
spita,CCACA,fin,spit,CCAC,,,,,0.0,0.0,0.0,,,,,,,12345,18,hospital,,1
ckunu,CCACA,neut,kun,CAC,ku'u,,, ,100.0,0.0,0.0,CAA,,,235,,,235 12345,17,conifer,,2
stasu,CCACA,??,stas,CCAC,,,,,0.0,0.0,0.0,,,,,,,12345,15,soup,,1
tsapi,CCACA,ini,tsap,CCAC,tsap,,, ,27.3,0.0,0.0,CCAC,,,1234,,,1234 12345,14,seasoning,,1
slanu,CCACA,fin,slan,CCAC,,,,,0.0,0.0,0.0,,,,,,,12345,13,cylinder,,1
mraji,CCACA,ini,mraj,CCAC,mraj,,, ,50.0,0.0,0.0,CCAC,,,1234,,,1234 12345,12,rye,,1
pruni,CCACA,neut,pun,CAC,pun,,, ,100.0,0.0,0.0,CAC,,,134,,,134 12345,12,elastic,,1
tsina,CCACA,ini,sin,CAC,sin,,, ,100.0,0.0,0.0,CAC,,,234,,,234 12345,12,stage,,2
ckabu,CCACA,??,ckab,CCAC,,,,,0.0,0.0,0.0,,,,,,,12345,12,rubber,,1
staku,CCACA,ini,tag,CAC,tak,,, ,22.2,0.0,0.0,CAC,,,234,,,234 12345,11,ceramic,,2
slami,CCACA,fin,slam,CCAC,,,,,0.0,0.0,0.0,,,,,,,12345,11,acid,,1
skaci,CCACA,??,skac,CCAC,,,,,0.0,0.0,0.0,,,,,,,12345,11,skirt,,1
cfine,CCACA,??,cfin,CCAC,,,,,0.0,0.0,0.0,,,,,,,12345,10,wedge,,1
krili,CCACA,??,kril,CCAC,,,,,0.0,0.0,0.0,,,,,,,12345,9,crystal,,1
stero,CCACA,fin,teu,CAA,te'o,,, ,14.3,0.0,0.0,CAA,,,235,,,235 12345,8,steradian,,1
skiji,CCACA,ini,sis,CAC,sij,,, ,20.0,0.0,0.0,CAC,,,134,,,134 12345,6,ski,,3
zbani,CCACA,??,zban,CCAC,,,,,0.0,0.0,0.0,,,,,,,12345,6,bay,,1
dzipo,CCACA,??,dzip,CCAC,,,,,0.0,0.0,0.0,,,,,,,12345,5,Antarctican,,1
kramu,CCACA,??,kram,CCAC,,,,,0.0,0.0,0.0,,,,,,,12345,3,acre,,1
jmifa,CCACA,??,jmif,CCAC,,,,,0.0,0.0,0.0,,,,,,,12345,3,shoal,,1
