cmavo_composite,freq,dubious,eleven,not_found,notes
a'abu'odai,1,,,1,CMAVO
a'acaidai,3,,,1,CMAVO
a'acu'i,21,,,1,CMAVO4
a'adai,7,,,1,CMAVO
a'anaicai,4,,,1,CMAVO
a'apei,3,,,1,CMAVO
a'aru'e,2,,,1,CMAVO
a'ecai,2,,,1,CMAVO
a'enai,22,,,1,CMAVO
a'enairo'e,1,,,1,CMAVO
a'enairo'o,3,,,1,CMAVO
a'icai,6,,,1,CMAVO
a'icu'i,6,,,1,CMAVO
a'idai,4,,,1,CMAVO
a'ije,4,,,1,CMAVO4
a'inai,5,,,1,CMAVO
a'izo'o,1,,,1,CMAVO
a'ocai,35,,,1,CMAVO
a'oji'a,7,,,1,CMAVO
a'omei,1,question_mark,,1,CMAVO
a'onai,39,,,1,CMAVO
a'onaicai,7,,,1,CMAVO
a'ope'u,5,,,1,CMAVO
a'oru'e,4,,,1,CMAVO
a'osai,6,,,1,CMAVO
a'ozo'o,2,,,1,CMAVO
a'uba'a,2,,,1,CMAVO
a'ucai,6,,,1,CMAVO
a'ucaidai,2,,,1,CMAVO
a'ucu'i,19,,,1,CMAVO
a'ucu'isai,2,,,1,CMAVO
a'udai,5,,,1,CMAVO
a'uje,1,,,1,CMAVO
a'unai,29,,,1,CMAVO
a'unaicai,23,,,1,CMAVO
a'unaicairo'e,2,,,1,CMAVO
a'unaicairo'i,1,,,1,CMAVO
a'unaipei,3,,,1,CMAVO4
a'unairo'e,1,,,1,CMAVO4
a'unairo'i,2,,,1,CMAVO
a'upei,1,,,1,CMAVO
a'uro'u,11,,,1,CMAVO
a'uru'e,6,,,1,CMAVO
a'usai,9,,,1,CMAVO
abu,427,,,1,CMAVO
abuboi,11,,,1,CMAVO
abuby,7,,,1,CMAVO
abuso,1,,,1,CMAVO
aicai,30,,,1,CMAVO
aicu'i,28,,,1,CMAVO
aidai,8,,,1,CMAVO
aijei,1,,,1,CMAVO
aiku'i,4,,,1,CMAVO4
aimai,1,,,1,CMAVO
aimi'u,1,,,1,CMAVO4
ainai,28,,,1,CMAVO
ainaicai,5,,,1,CMAVO4
ainei,1,,,1,CMAVO
aipe'i,2,,,1,CMAVO
aipei,20,,,1,CMAVO
airu'e,5,,,1,CMAVO
aisai,8,,,1,CMAVO4
aise'inai,4,,,1,CMAVO
aixu,2,,,1,CMAVO
aje'abo,2,,,1,CMAVO4
aledu'u,1,,,1,CMAVO
alenu,2,,,1,CMAVO4
apo'o,4,,11,1,CMAVO
aubu'onai,2,,,1,CMAVO
aucai,14,,,1,CMAVO
aucainai,6,,,1,CMAVO
aucairo'a,3,,,1,CMAVO
aucu'i,16,,,1,CMAVO
auki'a,2,,,1,CMAVO4
aunai,42,,,1,CMAVO
aunaisai,8,,,1,CMAVO
aupei,31,,,1,CMAVO
auro'esai,3,,,1,CMAVO
auru'e,11,,,1,CMAVO
ausai,23,,,1,CMAVO
ausaiju'o,3,,,1,CMAVO
ba'acai,4,,,1,CMAVO4
ba'acu'i,27,,,1,CMAVO
ba'aju'o,1,,,1,CMAVO
ba'aju'ocu'i,1,,,1,CMAVO
ba'aju'opa'e,2,,,1,CMAVO4
ba'anai,53,,,1,CMAVO
ba'anaiju'oru'e,3,,,1,CMAVO
ba'anaika'uta'o,3,,,1,CMAVO4
ba'anairu'e,5,,,1,CMAVO
ba'anaita'o,15,,,1,CMAVO4
ba'anaiza'a,2,,,1,CMAVO4
ba'apei,2,,,1,CMAVO4
ba'eba'o,2,,,1,CMAVO4
ba'edo'u,5,,,1,CMAVO4
ba'eje'a,1,,,1,CMAVO4
ba'emi,6,,,1,CMAVO4
ba'ena,1,,,1,CMAVO
ba'ena'e,3,,,1,CMAVO
ba'enai,5,,,1,CMAVO
ba'epa,3,,,1,CMAVO4
ba'esu'epa,3,,,1,CMAVO4
ba'ibo,74,,,1,CMAVO
ba'igi,9,,,1,CMAVO
ba'obo,3,,,1,CMAVO4
ba'oco'a,9,,,1,CMAVO
ba'oki,4,,,1,CMAVO
ba'oku,20,,,1,CMAVO
ba'olenu,1,,,1,CMAVO
ba'omo'u,4,,,1,CMAVO
ba'onai,10,,,1,CMAVO
ba'onu'o,2,,,1,CMAVO
ba'opu'o,13,,,1,CMAVO
ba'ozei,8,,,1,CMAVO
ba'ucai,2,,,1,CMAVO
ba'ucu'i,4,,,1,CMAVO
ba'unai,10,,,1,CMAVO
ba'unoi,1,,,1,CMAVO
ba'upa,2,,,1,CMAVO4
ba'ure'e,1,,,1,CMAVO4
ba'uru'e,6,,,1,CMAVO
ba'usai,2,,,1,CMAVO
baba,270,,,1,CMAVO
baba'a,4,,,1,CMAVO4
baba'o,9,,,1,CMAVO
babo,40,,,1,CMAVO
babu,1,,,1,CMAVO
baca,4,,,1,CMAVO
baca'a,8,,,1,CMAVO
baca'o,17,,,1,CMAVO
bacano,1,,,1,CMAVO
bacapiso'iroi,3,,,1,CMAVO4
bacau,1,,,1,CMAVO
baco'a,41,,,1,CMAVO
baco'i,2,,,1,CMAVO
baco'uku,18,,,1,CMAVO
bada,3,,,1,CMAVO
bada'i,2,,,1,CMAVO
bade,7,,,1,CMAVO
badi,1,,,1,CMAVO
bado,1,,,1,CMAVO
bagi,6,,,1,CMAVO
baiki,1,,,1,CMAVO
bainai,5,,,1,CMAVO
bainaiku,4,,,1,CMAVO4
baji'a,2,,,1,CMAVO4
baka'e,5,,,1,CMAVO
baki,29,,,1,CMAVO
baki'e,2,,,1,CMAVO
bakibo,2,,,1,CMAVO
baku,69,,,1,CMAVO
baku'anoroi,4,,,1,CMAVO4
baku'aroroi,1,,,1,CMAVO4
baku'aroroiru'i,4,,,1,CMAVO4
baku'i,1,,,1,CMAVO4
bala'a,2,,,1,CMAVO4
balai,2,,,1,CMAVO
bama,12,,,1,CMAVO
bamo'u,8,,,1,CMAVO
bamo'uku,2,,,1,CMAVO
bana'e,2,,,1,CMAVO4
banai,26,,,1,CMAVO
banaka'e,1,,,1,CMAVO4
bane'i,2,,,1,CMAVO4
bane'iki,6,,,1,CMAVO
banu'o,1,,,1,CMAVO
bapu,5,,,1,CMAVO
bapu'i,3,,,1,CMAVO
bapu'o,23,,,1,CMAVO
bara,24,,,1,CMAVO
bari,27,,,1,CMAVO
bari'uku,6,,,1,CMAVO
baroda,1,,,1,CMAVO
baru'i,1,,,1,CMAVO4
basai,4,,,1,CMAVO
bata,10,,,1,CMAVO
bate'i,1,,,1,CMAVO
bati,2,,,1,CMAVO
batu,9,,,1,CMAVO
batu'a,5,,,1,CMAVO4
bau'i,2,,,1,CMAVO
bava,9,,,1,CMAVO
bave'e,2,,,1,CMAVO4
bavine'ivi,2,,,1,CMAVO4
bavizi,5,,,1,CMAVO4
bavu,2,,,1,CMAVO4
bavune'iva,2,,,1,CMAVO4
bavuvu,1,,,1,CMAVO4
bavuza,5,,,1,CMAVO4
baza,70,,,1,CMAVO
bazabo,4,,,1,CMAVO4
bazaco'a,1,,,1,CMAVO4
bazaku,6,,,1,CMAVO
bazaze'o,1,,,1,CMAVO4
baze'e,2,,,1,CMAVO
baze'eku,1,,,1,CMAVO
baze'i,4,,,1,CMAVO4
baze'iku,2,,,1,CMAVO
baze'inai,1,,,1,CMAVO4
baze'o,8,,,1,CMAVO4
baze'u,7,,,1,CMAVO4
bazi,361,,,1,CMAVO
baziba'o,9,,,1,CMAVO
bazica'o,4,,,1,CMAVO
bazico'uku,10,,,1,CMAVO
bazidi'a,2,,,1,CMAVO4
baziki,8,,,1,CMAVO
bazikiku,2,,,1,CMAVO
baziku,13,,,1,CMAVO
bazimo'u,2,,,1,CMAVO
bazinu,2,,,1,CMAVO4
bazita,1,,,1,CMAVO
bazivi,4,,,1,CMAVO4
bazivive'u,3,,,1,CMAVO
bazize'o,2,,,1,CMAVO4
bazize'u,4,,,1,CMAVO
bazo'i,1,,,1,CMAVO4
bazu,46,,,1,CMAVO
bazuco'uku,10,,,1,CMAVO
bazuki,1,,,1,CMAVO4
bazukiku,3,,,1,CMAVO
bazuku,54,,,1,CMAVO
bazuze'o,2,,,1,CMAVO4
be'adu'amo'i,1,,,1,CMAVO
be'aku,16,,,1,CMAVO
be'ava,8,,,1,CMAVO
be'avixoi,16,,,1,CMAVO
be'avu'ava,8,,,1,CMAVO
be'axoi,8,,,1,CMAVO
be'azavoi,1,,,1,CMAVO
be'ebe'e,5,question_mark,,1,CMAVO4
be'obe'o,6,question_mark,,1,CMAVO4
be'oku,13,,,1,CMAVO4
be'okuvauku'ovau,1,question_mark,,1,CMAVO4
be'ono'u,1,,,1,CMAVO
be'opoi,1,,,1,CMAVO
be'ucu'i,15,,,1,CMAVO
be'ucu'idai,1,,,1,CMAVO
be'usai,4,,,1,CMAVO
bebau,2,,,1,CMAVO
bebaula,3,,,1,CMAVO
beberi'a,1,question_mark,,1,CMAVO
bebi'a,1,,,1,CMAVO
becau,2,,,1,CMAVO
becausei,4,,,1,CMAVO
beci'a,1,,,1,CMAVO4
beci'o,4,,,1,CMAVO
beda,12,,,1,CMAVO
bede,8,,,1,CMAVO
bedi,7,,,1,CMAVO
bedi'o,11,,,1,CMAVO4
bedi'u,3,,,1,CMAVO4
bedo,8,,,1,CMAVO
befa,29,,,1,CMAVO
befa'a,12,,,1,CMAVO4
befai,5,,,1,CMAVO
befe,44,,,1,CMAVO
befelenu,1,,,1,CMAVO4
befi,261,,,1,CMAVO
befi'e,4,,,1,CMAVO4
befidocuse,5,question_mark,,1,CMAVO
befidoka'ese,1,question_mark,,1,CMAVO
befiko'e,2,,11,1,CMAVO
befila,8,,,1,CMAVO
befilenu,1,question_mark,,1,CMAVO4
befilipa,1,question_mark,,1,CMAVO4
befilire,1,question_mark,,1,CMAVO
befilo,1,question_mark,,1,CMAVO
befizo,6,question_mark,,1,CMAVO
befo,24,,,1,CMAVO
befo'a,4,,,1,CMAVO4
befozo,1,,,1,CMAVO
befu,12,,,1,CMAVO
bega,1,,,1,CMAVO
bega'a,2,,,1,CMAVO
bege,1,,,1,CMAVO
bego,1,,,1,CMAVO
beiba,3,question_mark,,1,CMAVO4
beica,12,question_mark,,1,CMAVO4
beici'a,1,question_mark,,1,CMAVO4
beidaxipa,4,question_mark,,1,CMAVO
beifai,5,question_mark,,1,CMAVO
beife,10,question_mark,,1,CMAVO
beifi'e,2,question_mark,,1,CMAVO4
beifo,6,question_mark,,1,CMAVO
beifu,33,question_mark,,1,CMAVO
beila,2,question_mark,,1,CMAVO4
beilenu,5,question_mark,,1,CMAVO4
beili,2,question_mark,,1,CMAVO
beilo,4,question_mark,,1,CMAVO
beima,1,question_mark,,1,CMAVO
beime'elu,3,question_mark,,1,CMAVO4
beimu'o,2,question_mark,,1,CMAVO
beipu,1,question_mark,,1,CMAVO4
beipu'o,1,question_mark,,1,CMAVO4
beira'i,5,question_mark,,1,CMAVO4
beire'o,1,question_mark,,1,CMAVO
beita,1,question_mark,,1,CMAVO
beiti,4,question_mark,,1,CMAVO
beito,3,question_mark,,1,CMAVO
beiva'o,2,question_mark,,1,CMAVO4
beivi,11,question_mark,,1,CMAVO4
beizo,1,question_mark,,1,CMAVO4
beja'i,7,,,1,CMAVO
beke'a,4,,,1,CMAVO4
beko,2,,,1,CMAVO
beko'a,15,,,1,CMAVO
bela,89,,,1,CMAVO
bela'e,1,,,1,CMAVO
bela'edi'u,2,,,1,CMAVO
bele,110,,,1,CMAVO
bele'a,4,,,1,CMAVO4
bele'i,5,,,1,CMAVO4
bele'inu,7,,,1,CMAVO4
bele'ipunu,4,,,1,CMAVO4
beledu'u,3,,,1,CMAVO4
belega,2,,,1,CMAVO
belei,19,,,1,CMAVO
beleka,14,,,1,CMAVO
belemi,3,,,1,CMAVO4
belenu,113,,,1,CMAVO
beletu'a,2,,,1,CMAVO
beli,58,,,1,CMAVO
belibino,10,,,1,CMAVO
belici,1,,,1,CMAVO
beliji'ire,1,,,1,CMAVO
beliji'ivo,1,,,1,CMAVO
belipimu,36,,,1,CMAVO
belire,1,,,1,CMAVO
belisu'o,1,,,1,CMAVO
belivo,5,,,1,CMAVO
belo,98,,,1,CMAVO
belo'i,4,,,1,CMAVO
beloi,8,,,1,CMAVO4
beloka,24,,,1,CMAVO4
bema'a,2,,,1,CMAVO
beme'e,10,,,1,CMAVO4
bemi,7,,,1,CMAVO
bemu'i,5,,,1,CMAVO
bemu'u,1,,,1,CMAVO4
bemuta,1,,,1,CMAVO
bepa'o,3,,,1,CMAVO4
bepi'o,2,,,1,CMAVO4
bepu,1,,,1,CMAVO
bera,2,,,1,CMAVO
bera'a,1,,,1,CMAVO
beri,14,,,1,CMAVO
beru,3,,,1,CMAVO
bese,1,question_mark,,1,CMAVO
besecau,3,question_mark,,1,CMAVO
beseta'ilo,1,question_mark,,1,CMAVO4
besu'oroi,2,,,1,CMAVO
beta,552,,,1,CMAVO
beta'i,5,,,1,CMAVO4
betai,4,,,1,CMAVO
bete,3,question_mark,,1,CMAVO
betezu'e,1,question_mark,,1,CMAVO4
beti'i,6,,,1,CMAVO
betu'a,4,,,1,CMAVO
beva'o,5,,,1,CMAVO4
beva'u,8,,,1,CMAVO4
beve,2,question_mark,,1,CMAVO
bevepu'e,2,,,1,CMAVO4
bevi,10,,,1,CMAVO4
beviko'a,1,question_mark,,1,CMAVO4
bevo'a,3,,,1,CMAVO4
bevo'apedi'u,1,,,1,CMAVO4
bevu,5,question_mark,,1,CMAVO
bexe,1,question_mark,,1,CMAVO
bezi'o,6,,,1,CMAVO
bezo,57,,,1,CMAVO
*bi'a,6,,,1,CMAVO
bi'e,35,,,1,CMAVO
bi'ito,2,question_mark,,1,CMAVO
bi'ogi,7,,,1,CMAVO4
bi'u,78,,,1,CMAVO
bi'unai,41,,,1,CMAVO
bibi,7,,,1,CMAVO
bibido,4,,,1,CMAVO
bibire,1,,,1,CMAVO
biby,12,,,1,CMAVO
bida,1,,,1,CMAVO
bide,14,,,1,CMAVO
bilai,3,question_mark,,1,CMAVO
bile,14,,,1,CMAVO
bilo,2,,,1,CMAVO
bima,1,,,1,CMAVO
bimei,3,,,1,CMAVO
bimo'o,6,,,1,CMAVO
bimoi,25,,,1,CMAVO
bimu,3,,,1,CMAVO
bimumoi,2,,,1,CMAVO4
bino,17,,,1,CMAVO
binomoi,1,,,1,CMAVO4
bipamoi,1,,,1,CMAVO4
bipi'ecino,2,,,1,CMAVO
bipi'exa,2,,,1,CMAVO
bipimu,5,,,1,CMAVO4
bipimuki'oki'o,5,,,1,CMAVO4
bira,24,,,1,CMAVO
birau,4,question_mark,,1,CMAVO
bire,2,,,1,CMAVO
biri,2,,,1,CMAVO
biru,5,,,1,CMAVO
biso'o,1,,,1,CMAVO
bisono,8,,,1,CMAVO
bita,4,,,1,CMAVO
biti,2,,,1,CMAVO
bitu,1,,,1,CMAVO
bize,2,,,1,CMAVO
*bo'a,2,,,1,CMAVO
*bo'e,4,,,1,CMAVO
*bo'i,2,,,1,CMAVO
*bo'ibo,4,,,1,CMAVO
*bo'o,8,,,1,CMAVO
*bo'u,11,,,1,CMAVO
*bo'unai,5,,,1,CMAVO
bu'akau,3,,,1,CMAVO4
bu'akaunai,6,,,1,CMAVO4
bu'anai,1,,,1,CMAVO
bu'ara'o,1,,,1,CMAVO
bu'axipy,2,,,1,CMAVO
bu'o,19,,,1,CMAVO
bu'onai,8,,,1,CMAVO
bu'uki,1,,,1,CMAVO
bu'uku,2,,,1,CMAVO
bu'uva,5,,,1,CMAVO
bu'uve'abe'a,1,,,1,CMAVO
bu'uve'ari'u,1,,,1,CMAVO
bu'uvi,48,,,1,CMAVO
bu'uvu,5,,,1,CMAVO
bytyky,19,,,,LERFU COMPOUND4
byxy,1,,,,LERFU COMPOUND4
ca'aba,2,,,1,CMAVO4
ca'ajeba,2,,,1,CMAVO4
ca'ajoiba,2,,,1,CMAVO4
ca'aku,4,,,1,CMAVO
ca'aku'aba,2,,,1,CMAVO4
ca'ala'a,2,,,1,CMAVO
ca'apu,2,,,1,CMAVO
ca'avi,6,,,1,CMAVO
ca'avida'i,1,,,1,CMAVO4
ca'axu,2,,,1,CMAVO
ca'aza'a,2,,,1,CMAVO
ca'emi'e,19,,,1,CMAVO
ca'enai,2,,,1,CMAVO
ca'iba'u,3,,,1,CMAVO4
ca'iku,1,,,1,CMAVO
ca'obo,4,,,1,CMAVO
ca'ojamo'u,2,,,1,CMAVO
ca'ojeba'onai,1,,,1,CMAVO
ca'oki,3,,,1,CMAVO4
ca'oku,8,,,1,CMAVO
ca'oku'u,2,,,1,CMAVO
ca'olemu'e,4,,,1,CMAVO4
ca'olenu,4,,,1,CMAVO4
ca'olepu'inu,2,,,1,CMAVO4
ca'onaijeba'o,1,,,1,CMAVO
ca'onu,4,,,1,CMAVO
ca'ozaki,1,,,1,CMAVO4
ca'ozi,1,,,1,CMAVO4
ca'ufa'a,1,,,1,CMAVO
ca'umo'i,2,,,1,CMAVO
ca'uto'o,1,,,1,CMAVO
ca'uvi,13,,,1,CMAVO
ca'uvu,2,,,1,CMAVO
caba,39,,,1,CMAVO
caba'a,2,,,1,CMAVO
caba'o,19,,,1,CMAVO
cababo,3,,,1,CMAVO4
cabaca,1,,,1,CMAVO
cabana,1,,,1,CMAVO
cabazi,9,,,1,CMAVO4
cabi'iba,2,,,1,CMAVO4
cabi'ibajenairu'i,6,,,1,CMAVO4
cabi'ibaxipa,7,,,1,CMAVO4
cabo,7,,,1,CMAVO
cabu,1,,,1,CMAVO
cabu'u,8,,,1,CMAVO
cabu'uku,1,,,1,CMAVO
caca,14,,,1,CMAVO
caca'a,55,,,1,CMAVO
caca'aco'a,1,,,1,CMAVO
caca'o,29,,,1,CMAVO
cacai,3,,,1,CMAVO
caco'a,10,,,1,CMAVO
caco'i,3,,,1,CMAVO
caco'u,3,,,1,CMAVO
cada,108,,,1,CMAVO
cade,4,,,1,CMAVO
cade'a,1,,,1,CMAVO
cadeira,6,,,1,CMAVO
caga'uku,6,,,1,CMAVO
cage,47,question_mark,,1,CMAVO
cagi,6,,,1,CMAVO
cago,1,question_mark,,1,CMAVO
caicai,6,,,1,CMAVO4
cainai,3,,,1,CMAVO
caja,2,,,1,CMAVO
caje,2,,,1,CMAVO
cajeba,34,,,1,CMAVO
cajebaze'uci'iroi,1,,,1,CMAVO4
cajebe'a,1,,,1,CMAVO4
cajecapu,2,,11,1,CMAVO
caji'a,8,,,1,CMAVO4
caka'e,2,,,1,CMAVO4
caki,54,,,1,CMAVO
cakiku,3,,,1,CMAVO
caku,149,,,1,CMAVO
cala,3,,,1,CMAVO4
cala'edi'u,6,,,1,CMAVO4
cale,15,,,1,CMAVO
calemu'e,3,,,1,CMAVO
calenu,43,,,1,CMAVO
caleti'enu,2,,,1,CMAVO4
cali,9,,,1,CMAVO
calo,1,,,1,CMAVO
cama,14,,,1,CMAVO
camakau,2,,,1,CMAVO
came,4196,question_mark,,1,CMAVO
camera,335,question_mark,,1,CMAVO
camerera,1,question_mark,,1,CMAVO
camo,1,,,1,CMAVO
camo'u,4,,,1,CMAVO4
cana,4,,,1,CMAVO
cana'e,2,,,1,CMAVO4
cana'o,1,,,1,CMAVO4
canai,14,,,1,CMAVO
canaidu,1,,,1,CMAVO4
canaijeba,1,,,1,CMAVO4
cane'uvi,1,,,1,CMAVO4
cani,1,question_mark,,1,CMAVO
canoda,2,,,1,CMAVO4
canoga,1,question_mark,,1,CMAVO
canu,4,question_mark,,1,CMAVO
canu'o,2,,,1,CMAVO
capa'a,2,,,1,CMAVO
capacita,1,question_mark,,1,CMAVO
capacity,20,question_mark,11,1,CMAVO
capale,1,question_mark,,1,CMAVO
capiroroi,2,,,1,CMAVO
capixaba,1,question_mark,,1,CMAVO
capu,99,,,1,CMAVO
capu'i,1,,,1,CMAVO
capu'o,38,,,1,CMAVO
capupu,6,,,1,CMAVO4
capuza,1,,,1,CMAVO4
cara,25,,,1,CMAVO
carere'upu'o,3,,,1,CMAVO
cari,12,,,1,CMAVO
caru,2,,,1,CMAVO
cata,25,,,1,CMAVO
cata'e,7,,,1,CMAVO4
cate'e,3,,,1,CMAVO4
cati,9,,,1,CMAVO
cati'a,1,,,1,CMAVO
cato'ovi,1,,,1,CMAVO4
cauce,69,question_mark,,1,CMAVO
cauda,1,question_mark,,1,CMAVO
cauge,2,question_mark,,1,CMAVO
caule,1,question_mark,,1,CMAVO
cause,2709,question_mark,,1,CMAVO
cauza,1,question_mark,,1,CMAVO
cava,6,,,1,CMAVO
cavi,50,,,1,CMAVO
caviki,2,,,1,CMAVO
cavine'ivi,2,,,1,CMAVO4
cavizi,5,,,1,CMAVO4
cavu,3,,,1,CMAVO
caza,20,,,1,CMAVO
caza'o,8,,,1,CMAVO
cazaca,1,,,1,CMAVO
caze'a,17,,,1,CMAVO
caze'aba,22,,,1,CMAVO
caze'aca,6,,,1,CMAVO
caze'aku,4,,,1,CMAVO
caze'apu,7,,,1,CMAVO
caze'e,4,,,1,CMAVO
caze'epu,2,,,1,CMAVO
caze'evi,2,,,1,CMAVO4
caze'evu,4,,,1,CMAVO4
caze'i,1,,,1,CMAVO4
caze'ipuku,2,,,1,CMAVO
caze'u,12,,,1,CMAVO
caze'uca,1,,,1,CMAVO
cazi,205,,,1,CMAVO
cazico'a,4,,,1,CMAVO4
cazimo'ifa'ava,1,,,1,CMAVO4
cazu,14,,,1,CMAVO
ce'afy,3,,,1,CMAVO4
ce'e,109,,,1,CMAVO
ce'efi'o,2,,,1,CMAVO
ce'eva'o,4,,,1,CMAVO
ce'ibipika'ote'o,1,question_mark,,1,CMAVO
ce'icu'o,1,,,1,CMAVO
ce'obo,56,,,1,CMAVO
ce'ogi,1,,,1,CMAVO4
ce'oku'i,2,,,1,CMAVO4
ce'ory,12,,,,LERFU COMPOUND4
ce'u,750,,,1,CMAVO
ce'uda,1,,,1,CMAVO
ce'upevo'a,3,,,1,CMAVO
ce'upevo'e,3,,,1,CMAVO
ce'upipa,2,,,1,CMAVO
ce'upira,9,,,1,CMAVO
ce'upire,7,,,1,CMAVO
ce'uxici,2,,,1,CMAVO
ce'uxipa,30,,,1,CMAVO
ce'uxire,20,,,1,CMAVO
ce'uxivo,2,,,1,CMAVO
cebabo,1,,,1,CMAVO4
ceci,11,question_mark,,1,CMAVO
cecidi,1,question_mark,,1,CMAVO
ceda,1,question_mark,,1,CMAVO
cede,11,question_mark,,1,CMAVO
cedi,1,question_mark,,1,CMAVO
cei'a,1,question_mark,,1,CMAVO
ceibe,1,question_mark,,1,CMAVO
ceibu'a,2,,,1,CMAVO4
ceita'unai,11,,,1,CMAVO4
cela,20,question_mark,,1,CMAVO
celeri,1,question_mark,,1,CMAVO
celero,4,question_mark,,1,CMAVO
celi'o,6,,,1,CMAVO4
celo,33,question_mark,,1,CMAVO
celoi,2,question_mark,,1,CMAVO4
celonu,1,question_mark,,1,CMAVO4
cena,3,question_mark,,1,CMAVO
ceno,1,question_mark,,1,CMAVO
cenu,10,question_mark,,1,CMAVO
cepu,2,question_mark,,1,CMAVO
cera,2,question_mark,,1,CMAVO
cere,6,question_mark,,1,CMAVO
ceta,1,question_mark,,1,CMAVO
ceti,6,question_mark,,1,CMAVO
*ci'a,56,former meant "written by": BAI,,1,CMAVO4
ci'edoi,2,,,1,CMAVO4
ci'elo,2,,,1,CMAVO4
ci'iroi,1,,,1,CMAVO4
ciba,12,,,1,CMAVO
cibi,36,,,1,CMAVO
ciboi,23,,,1,CMAVO
cici,2,,,1,CMAVO
ciciki'oki'o,8,,,1,CMAVO
cida,42,,,1,CMAVO
cide,14,,,1,CMAVO
cidi,1,,,1,CMAVO
cifi'uci,2,,,1,CMAVO
cifi'ucisi'e,4,,,1,CMAVO
cifi'uvocu'o,1,,,1,CMAVO
cifi'uvosi'e,6,,,1,CMAVO
cifi'uzesi'e,2,,,1,CMAVO
ciki'o,12,,,1,CMAVO
ciki'omei,3,,,1,CMAVO
cile,17,,,1,CMAVO
cilei,5,,,1,CMAVO
cima,6,,,1,CMAVO
cimai,32,,,1,CMAVO
cimaitu'e,4,,,1,CMAVO
cimei,603,,,1,CMAVO
cimice,1,question_mark,,1,CMAVO
cimo,1,,,1,CMAVO
cimo'o,6,,,1,CMAVO
cimoi,115,,,1,CMAVO
cino,42,,,1,CMAVO
cinoji'ivono,7,,,1,CMAVO4
cinomai,1,,,1,CMAVO4
cinomoi,4,,,1,CMAVO4
cinono,8,,,1,CMAVO
cinonono,4,,,1,CMAVO
cipamoi,5,,,1,CMAVO4
cipapa,2,,,1,CMAVO
cipaze,4,,,1,CMAVO
cipi'ebi,4,,,1,CMAVO
cipi'ebimoi,2,,,1,CMAVO
cipi'eci,2,,,1,CMAVO
cipi'emu,2,,,1,CMAVO
cipi'epa,2,,,1,CMAVO
cipi'exa,4,,,1,CMAVO
cipi'eze,4,,,1,CMAVO
cipi'i,20,,,1,CMAVO
cipicici,1,,,1,CMAVO4
cipimu,5,,,1,CMAVO
cira,1,,,1,CMAVO
cire,6,,,1,CMAVO
cire'u,4,,,1,CMAVO
cireze,2,,,1,CMAVO
ciri,2,,,1,CMAVO4
cirice,1,question_mark,,1,CMAVO
ciroi,14,,,1,CMAVO
ciromoi,19,,,1,CMAVO
ciso,3,,,1,CMAVO4
cisole,4,,,1,CMAVO
cisu'eci,4,,,1,CMAVO
cita'i,2,,,1,CMAVO
citi,6,,,1,CMAVO
city,126,question_mark,11,1,CMAVO
civo,1,,,1,CMAVO
cixa,1,,,1,CMAVO4
cize,2,,,1,CMAVO
cizemoi,5,,,1,CMAVO4
co'abaza,2,,,1,CMAVO4
co'aco'u,2,,,1,CMAVO
co'ajapu'o,2,,,1,CMAVO
co'ajedi'ice'o,1,,,1,CMAVO
co'aki,9,,,1,CMAVO4
co'aku,19,,,1,CMAVO
co'anai,5,,,1,CMAVO
co'ane'i,1,,,1,CMAVO4
co'aru'inai,5,,,1,CMAVO4
co'ava,6,,,1,CMAVO4
co'azei,4,,,1,CMAVO
co'ekau,11,,,1,CMAVO
co'eli'o,7,,,1,CMAVO
co'emi'u,12,,,1,CMAVO
co'era'o,1,,,1,CMAVO
co'esa'a,2,,,1,CMAVO4
co'esa'ali'o,1,,,1,CMAVO4
*co'i'co'u,1,,,1,CMAVO4
co'ida,3,,,1,CMAVO
co'igi,2,,,1,CMAVO
co'ijenai,2,,,1,CMAVO4
co'imi'e,4,,,1,CMAVO
co'o'o'o'o,2,,,1,CMAVO
co'oce'o,1,,,1,CMAVO4
co'ocoi,6,,,1,CMAVO
co'odo'u,1,,,1,CMAVO4
co'odoi,1,,,1,CMAVO
co'ofe'o,2,,,1,CMAVO4
co'oke'u,2,,,1,CMAVO4
co'oki'e,1,,,1,CMAVO
co'omi'e,329,,,1,CMAVO
co'omi'exe,7,,,1,CMAVO
co'omi'o,2,,,1,CMAVO
*co'omie,1,,,1,CMAVO
co'orodo,2,,,1,CMAVO
co'uku,3,,,1,CMAVO4
co'unai,8,,,1,CMAVO4
co'uvi,3,,,1,CMAVO4
cofei,1,question_mark,,1,CMAVO
coico'o,3,,,1,CMAVO
coicoi,5,,,1,CMAVO
coicu'i,6,,,1,CMAVO4
coido'u,4,,,1,CMAVO4
coidoi,50,,,1,CMAVO
coidoido'u,2,,,1,CMAVO
coiki'e,3,,,1,CMAVO
coimi'e,1,,,1,CMAVO4
coiro'anai,2,,,1,CMAVO4
comi'a,1,question_mark,,1,CMAVO
cu'ekau,10,,,1,CMAVO
cu'uji'a,2,,,1,CMAVO
cu'uku,39,,,1,CMAVO
cu'ula,5,,,1,CMAVO
cu'unai,10,,,1,CMAVO
cu'usa'a,32,,,1,CMAVO
cuba,101,,,1,CMAVO
cuca,2,,,1,CMAVO
cuca'e,9,,,1,CMAVO4
cudu,5,,,1,CMAVO
cugo'i,1,,,1,CMAVO4
cuja'o,3,,,1,CMAVO4
cujai,2,,,1,CMAVO
cuju'ocu'i,2,,,1,CMAVO4
cuka'e,5,,,1,CMAVO4
cuka'u,6,,,1,CMAVO4
cuku'i,5,,,1,CMAVO4
culi'a,2,,,1,CMAVO4
cuna,6,,,1,CMAVO
cunai,1,question_mark,,1,CMAVO
cuni,3,,,1,CMAVO
cunu,1,,,1,CMAVO
cupa'a,2,,,1,CMAVO4
cuse,12,,,1,CMAVO
cute,84,,11,1,CMAVO
cuva,2,,,1,CMAVO
cuza'a,1,,,1,CMAVO4
cyboi,1,,11,,LEhAVLA
cynyny,14,,11,,LEhAVLA
da'ada,7,,,1,CMAVO
da'ada'a,3,,,1,CMAVO
da'ale,2,,,1,CMAVO4
da'amei,9,,,1,CMAVO
da'amoi,101,,,1,CMAVO
da'apa,5,,,1,CMAVO
da'apave'o,2,,,1,CMAVO
da'are'u,1,,11,1,CMAVO
da'areda,2,,,1,CMAVO
da'aremoi,4,,,1,CMAVO4
da'aro,1,,,1,CMAVO
da'aso'a,1,,,1,CMAVO
da'aso'e,2,,,1,CMAVO
da'aso'eroi,1,,,1,CMAVO
da'aso'o,2,,,1,CMAVO
da'asu'e,3,,,1,CMAVO
da'asu'eda'a,6,,,1,CMAVO
da'asu'o,2,,,1,CMAVO
da'icu'i,3,,,1,CMAVO
da'inai,73,,,1,CMAVO
da'inaipei,3,,,1,CMAVO
da'inaizo'o,2,,,1,CMAVO
da'inu,4,,,1,CMAVO4
da'iru'a,2,,,1,CMAVO
dace,1,,,1,CMAVO
dada,22,,,1,CMAVO
dade,4,,,1,CMAVO
dadi,1,,,1,CMAVO
dagiku,1,,,1,CMAVO
daige'ege'ege'e,2,,,1,CMAVO
daiki,1,question_mark,,1,CMAVO
daily,40,question_mark,11,1,CMAVO
daimaui'o,2,,,1,CMAVO
daimi,4,question_mark,,1,CMAVO
daini,2,question_mark,,1,CMAVO
daipezo,2,question_mark,,1,CMAVO4
dairepa,1,question_mark,,1,CMAVO
daji,2,,,1,CMAVO
daji'a,1,,,1,CMAVO
daka,7,,,1,CMAVO
dakau,114,,,1,CMAVO
dakaunai,6,,,1,CMAVO4
damo,6,,,1,CMAVO
dane,39,question_mark,,1,CMAVO
dape,1,,,1,CMAVO
dapedo,2,,,1,CMAVO
dapela,2,,,1,CMAVO
dapemi,3,,,1,CMAVO
dapemu'u,1,,,1,CMAVO4
dapo,2,,,1,CMAVO
dapoi,46,,,1,CMAVO
dasa'enai,2,,,1,CMAVO4
datumo,2,question_mark,,1,CMAVO
daude,1,question_mark,,1,CMAVO4
daulo,1,question_mark,,1,CMAVO
dauta'a,2,,,1,CMAVO
dava,9,question_mark,,1,CMAVO
davi,2,question_mark,,1,CMAVO
daxa'u,1,question_mark,,1,CMAVO4
daxi,95,,,1,CMAVO
daxici,4,,,1,CMAVO
daximu,5,,,1,CMAVO
daxino,2,,,1,CMAVO4
daxipa,29,,,1,CMAVO
daxipanono,8,,,1,CMAVO
daxire,17,,,1,CMAVO
daxisy,10,,,1,CMAVO4
daxitu'o,11,,,1,CMAVO
daxivo,10,,,1,CMAVO
daxixa,3,,,1,CMAVO
daza,9,question_mark,,1,CMAVO
dazo'u,4,question_mark,,1,CMAVO
dazu,10,question_mark,,1,CMAVO
de'agi,2,,,1,CMAVO
de'anai,1,,,1,CMAVO4
de'eba,2,,,1,CMAVO
de'ena,2,,,1,CMAVO
de'osai,1,,,1,CMAVO
dece,8,question_mark,,1,CMAVO
dedai,2,question_mark,,1,CMAVO
deide'e,2,,,1,CMAVO4
deipeza,2,,,1,CMAVO4
deity,6,question_mark,11,1,CMAVO
deixa,12,question_mark,,1,CMAVO
deixiro,2,,,1,CMAVO
deji,1,,,1,CMAVO
deji'a,1,question_mark,,1,CMAVO
dekau,3,,,1,CMAVO4
demo,350,question_mark,,1,CMAVO
dene,63,,,1,CMAVO
deneva,2,,,1,CMAVO
depe,2,,,1,CMAVO
depo,1,,,1,CMAVO
dexi,1,,,1,CMAVO
dexici,3,,,1,CMAVO4
dexipa,8,,,1,CMAVO
dexire,5,,,1,CMAVO4
dexomai,1,,,1,CMAVO
dezo'u,1,,,1,CMAVO
di'exipa,1,,,1,CMAVO4
di'exivo'a,1,,,1,CMAVO4
di'inai,20,,,1,CMAVO
di'inaiku,2,,,1,CMAVO
di'ize'i,1,,,1,CMAVO
di'ugide'u,7,,,1,CMAVO4
di'uji'a,6,,,1,CMAVO
di'upeza,2,,,1,CMAVO4
di'upezi,2,,,1,CMAVO4
di'upezu,2,,,1,CMAVO4
di'uxire,5,,,1,CMAVO
di'uxivei,1,,,1,CMAVO4
diji,1,,,1,CMAVO
dine,45,question_mark,,1,CMAVO
dine'e,1,question_mark,,1,CMAVO
dinei,2,question_mark,,1,CMAVO
dipole,1,question_mark,,1,CMAVO
diri'a,1,question_mark,,1,CMAVO
dixi,5,,,1,CMAVO
dixici,3,,,1,CMAVO4
dixipa,6,,,1,CMAVO
dixire,4,,,1,CMAVO4
do'anai,29,,,1,CMAVO4
do'azo'o,2,,,1,CMAVO
do'ekaumakau,7,,,1,CMAVO
do'eki,2,,,1,CMAVO
do'i,38,,,1,CMAVO
do'ili,2,question_mark,,1,CMAVO
do'opezi,4,,,1,CMAVO4
do'udoi,2,question_mark,,1,CMAVO4
do'uxire,3,,,1,CMAVO
doce,10,,,1,CMAVO
docu,4,question_mark,,1,CMAVO
dodoi,5,question_mark,,1,CMAVO
doga'i,1,,,1,CMAVO
doga'inaicai,2,,,1,CMAVO
doga'inairu'e,2,,,1,CMAVO
dogi'e,5,,,1,CMAVO
dogi'eka'e,1,,,1,CMAVO
doido'o,4,,,1,CMAVO
doido'u,10,,,1,CMAVO
doido'uga'inai,2,,,1,CMAVO
doimi,4,,,1,CMAVO
doimi'o,21,,,1,CMAVO
doji,1,,,1,CMAVO
doji'ago'i,2,question_mark,,1,CMAVO
dokau,2,,,1,CMAVO
domo,56,,,1,CMAVO
donabo,1,question_mark,,1,CMAVO
donau,1,question_mark,,1,CMAVO
done,9380,question_mark,,1,CMAVO
dope,34,question_mark,,1,CMAVO
dopecaku,2,,,1,CMAVO4
dopeza,5,,,1,CMAVO4
dopeze'a,2,,,1,CMAVO
dopo,1,,,1,CMAVO
dorobo,1,question_mark,,1,CMAVO
doxipa,1,,,1,CMAVO4
doxire,1,,,1,CMAVO4
doxu,2,,,1,CMAVO4
doza'a,5,,,1,CMAVO4
du'emei,11,,,1,CMAVO
du'emoi,1,,,1,CMAVO
du'ere'u,1,,,1,CMAVO
du'eroi,11,,,1,CMAVO
du'eso'iroi,1,,,1,CMAVO4
du'ibo,27,,,1,CMAVO
du'igi,1,,,1,CMAVO
du'ila'edi'u,9,,,1,CMAVO4
du'inai,1,,,1,CMAVO
du'uda'i,3,,,1,CMAVO
du'uke,4,,,1,CMAVO
du'umei,1,,,1,CMAVO
dubi,1,question_mark,,1,CMAVO
dubita,1,question_mark,,1,CMAVO
dubu,2,,,1,CMAVO4
duda,3,,,1,CMAVO
dude,115,question_mark,,1,CMAVO
dudi,2,,,1,CMAVO
dufai,1,question_mark,,1,CMAVO
dulo,1,question_mark,,1,CMAVO
duma,36,,,1,CMAVO
dumu,2,question_mark,,1,CMAVO
dupa,3,,,1,CMAVO
dura,7,,,1,CMAVO
dure,2,,,1,CMAVO
duri,1,,,1,CMAVO
duro,4,,,1,CMAVO
duta,1,,,1,CMAVO
duti,6,,,1,CMAVO
duty,12,question_mark,11,1,CMAVO
duxa,1,question_mark,,1,CMAVO
duzo,1,question_mark,,1,CMAVO
dybu,2,,,,LERFU COMPOUND4
dyby,1,,11,,LEhAVLA
e'aji'a,3,,,1,CMAVO4
e'anai,72,,,1,CMAVO
e'anaicai,8,,,1,CMAVO4
e'anairo'a,5,,,1,CMAVO4
e'anairu'e,2,,,1,CMAVO
e'anaisai,2,,,1,CMAVO
e'apei,27,,,1,CMAVO
e'aro'i,1,,,1,CMAVO4
e'aru'e,2,,,1,CMAVO
e'asai,10,,,1,CMAVO4
e'asaije,1,question_mark,,1,CMAVO
e'ase'idai,2,,,1,CMAVO
e'ecai,18,,,1,CMAVO
e'ecu'i,2,,,1,CMAVO4
e'edai,1,,,1,CMAVO
e'enai,52,,,1,CMAVO
e'enaise'i,1,,,1,CMAVO
e'enaise'inai,6,,,1,CMAVO
e'epei,2,,,1,CMAVO
e'ero'e,2,,,1,CMAVO
e'eru'e,1,,,1,CMAVO
e'icu'i,8,,,1,CMAVO
e'inai,46,,,1,CMAVO
e'ire,2,,,1,CMAVO
e'ocai,38,,,1,CMAVO
e'ocaizo'o,6,,,1,CMAVO
e'odo'a,2,,,1,CMAVO4
e'oga'i,4,,,1,CMAVO
e'oga'inai,4,,,1,CMAVO
e'oji'a,1,,,1,CMAVO4
e'onai,13,,,1,CMAVO
e'ori'e,4,,,1,CMAVO4
e'oru'e,8,,,1,CMAVO
e'osai,2269,,,1,CMAVO
e'osaidai,1,,,1,CMAVO
e'ucai,31,,,1,CMAVO
e'ucu'i,5,,,1,CMAVO
e'uga'i,5,,,1,CMAVO
e'unai,34,,,1,CMAVO
e'unaicai,1,,,1,CMAVO
e'upe'ipei,2,,,1,CMAVO
e'upei,17,,,1,CMAVO
e'uru'e,19,,,1,CMAVO
e'usai,26,,,1,CMAVO
e'uzo'o,1,,,1,CMAVO4
eba,8,,,1,CMAVO
ebabo,16,,,1,CMAVO
ebake,3,,,1,CMAVO
ebaza,1,,,1,CMAVO4
ebazake,9,,,1,CMAVO4
ebazibo,1,,,1,CMAVO4
ebo,28,,,1,CMAVO
ebu,117,,,1,CMAVO
ebukyry,1,,,,LERFU COMPOUND4
eca,2,,,1,CMAVO
ecabo,2,,,1,CMAVO4
eco'abo,2,,,1,CMAVO4
eda,10,,,1,CMAVO
edamo,1,question_mark,,1,CMAVO
ede,11,,,1,CMAVO
edi,21,,,1,CMAVO
edipodo,1,question_mark,,1,CMAVO
edo,53,,,1,CMAVO
edope,1,,,1,CMAVO
edu'ibo,3,,,1,CMAVO
ega,13,,,1,CMAVO
egale,5,,,1,CMAVO
ege,15,,,1,CMAVO
egedi,4,,,1,CMAVO
egeire,5,question_mark,,1,CMAVO
egi,3,question_mark,,1,CMAVO
egiba,1,question_mark,,1,CMAVO
egico'abo,1,,,1,CMAVO4
egino,1,question_mark,,1,CMAVO
ego,272,question_mark,,1,CMAVO
egola,1,,,1,CMAVO
egu,3,,,1,CMAVO
eicai,11,,,1,CMAVO
eicu'i,1,,,1,CMAVO
eidai,2,,,1,CMAVO
eifu'e,3,,,1,CMAVO4
einai,65,,,1,CMAVO
einaidai,2,,,1,CMAVO
einairo'a,1,,,1,CMAVO4
eipa'e,1,,,1,CMAVO4
eipei,12,,,1,CMAVO
eipeixu,2,,,1,CMAVO4
eiro'a,3,,,1,CMAVO4
eiro'apa'e,5,,,1,CMAVO4
eiro'i,4,,,1,CMAVO4
eiru'e,7,,,1,CMAVO
eisai,6,,,1,CMAVO
eisaidai,2,,,1,CMAVO
eisau,3,,,1,CMAVO
eivai,1,,,1,CMAVO
eizo'o,4,,,1,CMAVO
eizo'u,2,,,1,CMAVO
*eja'ai,2,,,1,CMAVO
ejabo,1,,,1,CMAVO
eji'a,43,,,1,CMAVO
ejo'a,8,,,1,CMAVO
eju'ocu'i,1,,,1,CMAVO
eju'onai,1,,,1,CMAVO
eke,20,question_mark,,1,CMAVO
eki,5,,,1,CMAVO
ekiba,1,,,1,CMAVO
eko,13,,,1,CMAVO
ekomo,1,question_mark,,1,CMAVO
eku'i,13,,,1,CMAVO
ela,35,,,1,CMAVO
ela'a,1,,,1,CMAVO
ela'anai,1,,,1,CMAVO
elai,5,,,1,CMAVO
elau,1,question_mark,11,1,CMAVO
ele,57,,,1,CMAVO
ele'ele,1,question_mark,,1,CMAVO
eledu'ukau,2,,,1,CMAVO4
eleko'a,1,,,1,CMAVO4
eleru,1,,,1,CMAVO
elete,2,,,1,CMAVO
eleve,1,,,1,CMAVO
eli,117,question_mark,,1,CMAVO
eli'a,1,,,1,CMAVO
eli'o,2,,,1,CMAVO4
elo,25,,,1,CMAVO
eloni,1,,,1,CMAVO
elu,2,,,1,CMAVO
ema,45,,,1,CMAVO
emaubo,10,,,1,CMAVO
emaugi,2,,,1,CMAVO
eme'abo,1,,,1,CMAVO
eme'o,3,question_mark,,1,CMAVO4
emele,1,,,1,CMAVO
emelo,1,,,1,CMAVO
emi,12,,,1,CMAVO
enai,531,,,1,CMAVO
enaike,1,,,1,CMAVO
enaiku'i,5,,,1,CMAVO
ene'ibo,6,,,1,CMAVO
eno,14,,,1,CMAVO
enola,8,,,1,CMAVO
enovikai,2,question_mark,,1,CMAVO
enu'i,6,,,1,CMAVO
enu'o,3,,,1,CMAVO
epa,28,question_mark,,1,CMAVO
epeixirimata,1,question_mark,,1,CMAVO
era,540,question_mark,,1,CMAVO
ere,48,question_mark,,1,CMAVO
erede,1,,,1,CMAVO
erela,2,,,1,CMAVO
erese,2,,,1,CMAVO
eri,2,,,1,CMAVO
ero,412,question_mark,,1,CMAVO
erode,1,question_mark,,1,CMAVO
erori,1,question_mark,,1,CMAVO
eru,13,,,1,CMAVO
esau,3,question_mark,,1,CMAVO
esei,2,question_mark,,1,CMAVO
esemaubo,8,,,1,CMAVO
esemu'ibo,3,,,1,CMAVO
eta,91,question_mark,,1,CMAVO
etai,8,question_mark,,1,CMAVO
ete'i,1,,,1,CMAVO4
etei,1,question_mark,,1,CMAVO
eti,63,,,1,CMAVO
etu,1,,,1,CMAVO
eva,54,question_mark,,1,CMAVO
evadau,2,question_mark,,1,CMAVO
evade,59,question_mark,,1,CMAVO
evi,3,,,1,CMAVO
evitu,3,,,1,CMAVO
evora,4,question_mark,,1,CMAVO
evu,1,,,1,CMAVO
examo,4,question_mark,,1,CMAVO
exu,40,question_mark,,1,CMAVO
eza,2,,,1,CMAVO
ezi,5,,,1,CMAVO
ezo,70,,,1,CMAVO
ezoko,1,,,1,CMAVO
ezopa,2,question_mark,,1,CMAVO
fa'a'a,18,question_mark,,1,CMAVO
fa'aca'u,2,,,1,CMAVO
fa'agau,4,,,1,CMAVO
fa'ajeto'o,2,,,1,CMAVO
fa'aku,2,,,1,CMAVO
fa'amo'i,2,,,1,CMAVO
fa'anai,12,,,1,CMAVO
fa'ane'i,3,,,1,CMAVO4
fa'ane'inai,2,,,1,CMAVO
fa'ari'u,2,,,1,CMAVO
fa'avi,8,,,1,CMAVO
fa'avu,1,,,1,CMAVO4
fa'onai,5,,,1,CMAVO
fa'ubo,96,,,1,CMAVO
fa'ugi,2,,,1,CMAVO
fa'ulu,2,,,1,CMAVO4
faci,25,question_mark,,1,CMAVO
facila,30,question_mark,,1,CMAVO
facile,63,question_mark,,1,CMAVO
facility,15,question_mark,11,1,CMAVO
facilo,2,question_mark,,1,CMAVO
fada,10,,,1,CMAVO
fade,78,question_mark,,1,CMAVO
fadene,1,question_mark,,1,CMAVO
fadi'e,6,question_mark,,1,CMAVO
fado,2,,,1,CMAVO
fagai,1,question_mark,,1,CMAVO
fage,2,,,1,CMAVO
fagi,2,question_mark,,1,CMAVO
fago,1,,,1,CMAVO
fagu,1,,,1,CMAVO
faileriba,1,,,1,CMAVO
faileripa,1,question_mark,,1,CMAVO
failevi,1,,,1,CMAVO
faili,1,question_mark,,1,CMAVO
failire,1,,,1,CMAVO
failo,3,,,1,CMAVO
faina,2,,,1,CMAVO
fainanai,1,,,1,CMAVO
faire,82,,,1,CMAVO
faisa'a,8,,,1,CMAVO4
faiti,1,question_mark,,1,CMAVO
faixi,2,,,1,CMAVO
faixipa,1,,,1,CMAVO4
faixire,3,,,1,CMAVO
fakau,2,question_mark,,1,CMAVO
fako,3,,,1,CMAVO
fala,6,,,1,CMAVO
fale,21,,,1,CMAVO
faleda'inu,1,,,1,CMAVO4
faledu'u,2,,,1,CMAVO
falei,2,,,1,CMAVO
faleka,2,,,1,CMAVO
faleku'i,6,,,1,CMAVO
falemi,2,,,1,CMAVO
falemu'e,1,,,1,CMAVO4
faleni,2,,,1,CMAVO
falenu,182,,,1,CMAVO
falepe'a,3,,,1,CMAVO4
falesedu'u,3,,,1,CMAVO
faleza'i,4,,,1,CMAVO4
fali,4,,,1,CMAVO
falo,25,,,1,CMAVO
falomu'e,2,,,1,CMAVO
falonu,4,,,1,CMAVO
falu,3,,,1,CMAVO
fama,10,,,1,CMAVO
famacedo,11,,,1,CMAVO
fami,14,,,1,CMAVO
famine,14,question_mark,,1,CMAVO
fanau,1,question_mark,,1,CMAVO
fano,1,question_mark,,1,CMAVO
fapalo,1,,,1,CMAVO
fapo'o,2,,,1,CMAVO
fara,13,,,1,CMAVO
fare,125,question_mark,,1,CMAVO
fari,28,,,1,CMAVO
faru,6,,,1,CMAVO
fata,2,,,1,CMAVO
fati,1,,,1,CMAVO
fatu'a,8,,,1,CMAVO
fauci,1,,,1,CMAVO
faufa'i,2,,,1,CMAVO4
faulenu,8,,,1,CMAVO
faulinei,1,question_mark,,1,CMAVO
faulonu,6,,,1,CMAVO
faupa,2,question_mark,,1,CMAVO
fautu'a,4,,,1,CMAVO
favora,3,,,1,CMAVO
favore,10,,,1,CMAVO
favori,1,,,1,CMAVO
faxixa,2,,,1,CMAVO4
fazu'i,2,,,1,CMAVO
fe'e'e,18,question_mark,,1,CMAVO
fe'eba'o,7,,,1,CMAVO
fe'eba'ovu,2,,,1,CMAVO
fe'eciroi,1,,,1,CMAVO
fe'eco'a,9,,,1,CMAVO
fe'eco'ida,1,,,1,CMAVO
fe'eco'u,4,,,1,CMAVO
fe'edu'eso'iroi,1,,,1,CMAVO4
fe'emo'u,4,,,1,CMAVO
fe'enoroi,3,,,1,CMAVO4
fe'eroroi,18,,,1,CMAVO
fe'eru'i,2,,,1,CMAVO
fe'exe'i,3,question_mark,,1,CMAVO
fe'oca'eki'ami'e,2,,,1,CMAVO
fe'oca'emi'e,18,,,1,CMAVO
fe'odoi,1,,,1,CMAVO4
fe'omi'e,39,,,1,CMAVO
fe'onai,3,,,1,CMAVO
fede,1,,,1,CMAVO
feimai,3,,,1,CMAVO
feino,2,,,1,CMAVO
feira,7,,,1,CMAVO
feko,8,,,1,CMAVO
fela,8,,,1,CMAVO
fela'i,3,,,1,CMAVO
fele,15,,,1,CMAVO
feledu'u,3,,,1,CMAVO4
feleli'i,17,,,1,CMAVO
felenu,14,,,1,CMAVO
feli,8,,,1,CMAVO
felici,47,question_mark,,1,CMAVO
felino,1,,11,1,CMAVO
felixa,8,,,1,CMAVO
felo,1,,,1,CMAVO
feloka,4,,,1,CMAVO4
felonu,4,,,1,CMAVO4
felu,2,,,1,CMAVO
fema,9,,,1,CMAVO
femi,5,,,1,CMAVO
femine,6,question_mark,,1,CMAVO
fere,4,question_mark,,1,CMAVO
feri,190,,,1,CMAVO
fero,8,question_mark,,1,CMAVO
ferole,1,,,1,CMAVO4
feru,1,,,1,CMAVO
fetu'ado,4,,,1,CMAVO4
fi'akau,4,,,1,CMAVO
fi'aso,4,,,1,CMAVO
fi'eka'u,2,,,1,CMAVO4
fi'i'i,8,question_mark,,1,CMAVO
fi'icai,2,,,1,CMAVO
fi'idai,5,,,1,CMAVO
fi'idaido'u,3,,,1,CMAVO
fi'ido'u,4,,,1,CMAVO4
fi'idoi,1,,,1,CMAVO4
fi'ijecu'u,2,,,1,CMAVO
fi'ike'u,2,,,1,CMAVO
fi'iki'e,1,,,1,CMAVO
fi'inai,10,,,1,CMAVO4
fi'ire'ido'u,1,,,1,CMAVO
fi'ogo'i,3,,,1,CMAVO
fi'u'i,2,question_mark,,1,CMAVO
fi'uci,1,,,1,CMAVO4
fi'upai,2,,,1,CMAVO
fi'uvei,10,,,1,CMAVO
fi'uvo,2,,,1,CMAVO
fi'uvosi'e,2,,,1,CMAVO
fiba,1,,,1,CMAVO
fica,18,question_mark,,1,CMAVO
fice'u,1,,11,1,CMAVO
fida,6,,,1,CMAVO
fide,72,,,1,CMAVO
fidexipa,4,,,1,CMAVO
fidi'e,1,,,1,CMAVO4
fido,53,question_mark,,1,CMAVO
fidomo,2,question_mark,,1,CMAVO
figa,2,,,1,CMAVO
fika'u,4,,,1,CMAVO4
fike'a,3,,,1,CMAVO
fila,24,,,1,CMAVO
fila'e,2,,,1,CMAVO
fila'edi'u,4,,,1,CMAVO4
file,4191,question_mark,,1,CMAVO
filedu'u,1,,,1,CMAVO
filei,4,,,1,CMAVO
fileka,6,,,1,CMAVO
filemi,1,,,1,CMAVO4
filemo,1,question_mark,,1,CMAVO
filemu'e,2,,,1,CMAVO4
fileni,2,,,1,CMAVO4
filenu,30,,,1,CMAVO
fileri,1,,11,1,CMAVO
fili,16,,,1,CMAVO
filino,8,,,1,CMAVO
filipino,81,question_mark,,1,CMAVO
filirezecipipamu,1,question_mark,,1,CMAVO
filo,58,,,1,CMAVO
filo'i,3,,,1,CMAVO
filoca,6,,,1,CMAVO
filu,4,,,1,CMAVO
fime,1,,,1,CMAVO
fimi,2,,,1,CMAVO4
finilize,1,question_mark,,1,CMAVO
fino,11,question_mark,,1,CMAVO
fira,2,,,1,CMAVO
fire,1218,question_mark,,1,CMAVO
firi,3,,,1,CMAVO
firu,1,,,1,CMAVO
fiso'ida,4,,,1,CMAVO
fita,40,,,1,CMAVO
fiti,2,,,1,CMAVO
fitu,1,,,1,CMAVO
fitu'a,8,,,1,CMAVO
fitu'alo,1,,,1,CMAVO
fo'age'u,1,,,1,CMAVO4
fo'o'o,8,question_mark,,1,CMAVO
foci,39,question_mark,,1,CMAVO
fode,1,,,1,CMAVO
fofo'a,18,,,1,CMAVO
fogo,1,,,1,CMAVO
foke'a,6,,,1,CMAVO4
foko,1,,,1,CMAVO
fola,1,,,1,CMAVO
fole,4,,,1,CMAVO
folei,4,,,1,CMAVO4
foleka,2,,,1,CMAVO
folenu,4,,,1,CMAVO
folo,10,,,1,CMAVO
foma,8,,,1,CMAVO
fono,10,question_mark,,1,CMAVO
fopa,1,question_mark,,1,CMAVO
fora,77,,,1,CMAVO
fore,49,question_mark,,1,CMAVO
fori,2,,,1,CMAVO
foro,7,question_mark,,1,CMAVO
forumo,1,question_mark,,1,CMAVO
foti,1,,,1,CMAVO
foxalo,1,question_mark,,1,CMAVO
fu'axicivo'a,1,,,1,CMAVO4
fu'axire,1,,,1,CMAVO4
fu'eba'u,1,,,1,CMAVO4
fu'eba'uzo'o,2,,,1,CMAVO4
fu'ebe'ucu'i,4,,,1,CMAVO
fu'eda'i,14,,,1,CMAVO
fu'efu'a,1,,,1,CMAVO4
fu'eje'unai,2,,,1,CMAVO
fu'ejo'a,2,,,1,CMAVO
fu'eju'o,2,,,1,CMAVO
fu'eka'u,6,,,1,CMAVO
fu'enai,1,,,1,CMAVO
fu'epe'a,37,,,1,CMAVO
fu'epe'anai,2,,,1,CMAVO
fu'epo'o,15,,,1,CMAVO
fu'eri'e,3,,,1,CMAVO4
fu'eru'a,1,,,1,CMAVO
fu'esa'enai,4,,,1,CMAVO
fu'ete'i,2,,,1,CMAVO
fu'eti'e,2,,,1,CMAVO
fu'icu'i,6,,,1,CMAVO
fu'idai,2,,,1,CMAVO
fu'inai,6,,,1,CMAVO
fu'inairu'e,3,,,1,CMAVO
fu'inaisai,4,,,1,CMAVO
fu'iro'odai,1,,,1,CMAVO
fu'iro'ose'inai,4,,,1,CMAVO
fu'u'u,8,question_mark,,1,CMAVO
fude,2,,,1,CMAVO
fuga,6,,,1,CMAVO
fugalo,3,,,1,CMAVO
fuge,2,,,1,CMAVO
fugu,1,,,1,CMAVO
fula,10,,,1,CMAVO
fulau,3,question_mark,,1,CMAVO
fuledi'u,1,,,1,CMAVO4
fulo,2,,,1,CMAVO4
fulu,8,,,1,CMAVO
fuma,11,,,1,CMAVO
fumi,2,,,1,CMAVO
furo,3,question_mark,,1,CMAVO
furore,1,question_mark,,1,CMAVO
futa,8,,,1,CMAVO
futu,3,,,1,CMAVO
futu'a,1,,,1,CMAVO4
fyboi,4,,,,LERFU COMPOUND4
fyfyfyfy,10,,,,
fyky,11,,,,LERFU COMPOUND4
*fylyfia,1,,,,
fylyny,1,,,,
fytypy,4,,,,LERFU COMPOUND4
ga'ami,1,,,1,CMAVO
ga'anai,5,,,1,CMAVO
ga'axai,3,,,1,CMAVO4
ga'icai,3,,,1,CMAVO
ga'icu'i,15,,,1,CMAVO
ga'inai,195,,,1,CMAVO
ga'inaicai,4,,,1,CMAVO
ga'iro'a,4,,,1,CMAVO4
ga'iru'e,5,,,1,CMAVO
ga'izu,1,,,1,CMAVO
ga'obi'iga'o,4,,,1,CMAVO
ga'oza,1,,,1,CMAVO
ga'ozu,1,,,1,CMAVO
ga'ufa'a,2,,,1,CMAVO
ga'unai,4,,,1,CMAVO
ga'ute'e,1,,,1,CMAVO4
ga'uto'o,1,,,1,CMAVO
ga'uva,1,,,1,CMAVO4
ga'uve'u,8,,,1,CMAVO
ga'uvi,4,,,1,CMAVO
gabada,4,question_mark,,1,CMAVO
gabadi,3,question_mark,,1,CMAVO
gabala,1,question_mark,,1,CMAVO
gacei,1,question_mark,,1,CMAVO
gade,1,,,1,CMAVO
gado,4,,,1,CMAVO
gaida,2,,,1,CMAVO
gaimoi,3,,,1,CMAVO
gaita,3,question_mark,11,1,CMAVO
gajai,1,question_mark,,1,CMAVO
gako,2,,,1,CMAVO
gala,12,question_mark,,1,CMAVO
gale,114,question_mark,,1,CMAVO
galici,1,,,1,CMAVO
galo,1,,,1,CMAVO
galore,11,question_mark,,1,CMAVO
galu,1,,,1,CMAVO
gama,5,,,1,CMAVO
ganai,212,,,1,CMAVO
ganaigo'i,4,,,1,CMAVO4
gape'o,1,,,1,CMAVO
gara,1,,,1,CMAVO
garage,119,question_mark,,1,CMAVO
gare,3,question_mark,,1,CMAVO
gari,2,,,1,CMAVO
garikai,24,question_mark,,1,CMAVO
garo,5,question_mark,,1,CMAVO
gary,38,question_mark,11,1,CMAVO
gata,8,question_mark,,1,CMAVO
gaudy,1,question_mark,11,1,CMAVO
gaulo,2,question_mark,,1,CMAVO
gaunai,1,question_mark,,1,CMAVO4
gauze,7,question_mark,,1,CMAVO
gavu,1,question_mark,,1,CMAVO
gaza,11,question_mark,,1,CMAVO
ge'edai,2,,,1,CMAVO
ge'ekau,31,,,1,CMAVO
ge'ekaunai,1,,,1,CMAVO4
ge'enai,2,,,1,CMAVO
ge'enairu'e,6,,,1,CMAVO
ge'ikau,9,,,1,CMAVO4
ge'oby,1,,,1,CMAVO
ge'oly,7,,,1,CMAVO
ge'olynau,2,,,,LERFU COMPOUND4
ge'ujo'u,5,,,1,CMAVO4
ge'ukei,1,,,1,CMAVO4
ge'uku,7,,,1,CMAVO
ge'uzi'enoi,3,,,1,CMAVO4
gebo,2,,,1,CMAVO
gecabo,2,,,1,CMAVO4
geco'ubo,1,,,1,CMAVO4
gefu'eti'e,4,,,1,CMAVO
geibo,1,question_mark,,1,CMAVO
geile,1,question_mark,,1,CMAVO
geima,1,question_mark,,1,CMAVO
geiri,3,question_mark,,1,CMAVO
geji'a,2,,,1,CMAVO
geli,3,,,1,CMAVO
gelo,1,,,1,CMAVO
gelu,2,,,1,CMAVO
gema,2,,,1,CMAVO
genai,65,,,1,CMAVO
genau,10,question_mark,,1,CMAVO
gera,7,,,1,CMAVO
gere,10,question_mark,,1,CMAVO
gero,4,question_mark,,1,CMAVO
geta,10,question_mark,,1,CMAVO
gezu'u,3,,,1,CMAVO
gi'abo,1,,,1,CMAVO4
gi'ake,1,,,1,CMAVO
gi'anai,30,,,1,CMAVO
gi'anaibabo,3,,,1,CMAVO4
gi'eba,2,,,1,CMAVO
gi'eba'enai,2,,,1,CMAVO
gi'ebabo,119,,,1,CMAVO
gi'ebajeri'abo,1,,,1,CMAVO
gi'ebazibo,13,,,1,CMAVO
gi'ebo,11,,,1,CMAVO
gi'eca,2,,,1,CMAVO
gi'eca'e,4,,,1,CMAVO
gi'eca'obo,4,,,1,CMAVO4
gi'ecabo,21,,,1,CMAVO
gi'ega'i,5,,,1,CMAVO4
gi'eja'ebo,14,,,1,CMAVO
gi'eji'a,10,,,1,CMAVO4
gi'eji'aku'ipe'i,2,,,1,CMAVO
gi'eju'a,2,,,1,CMAVO4
gi'eki'ubo,3,,,1,CMAVO
gi'eku'i,102,,,1,CMAVO
gi'eku'iji'a,2,,,1,CMAVO
gi'ekuki,2,,,1,CMAVO
gi'ela'a,3,,,1,CMAVO
gi'emu'ibo,9,,,1,CMAVO
gi'enai,262,,,1,CMAVO
gi'enaiba'obo,5,,,1,CMAVO4
gi'enaibabo,1,,,1,CMAVO4
gi'enaicabo,4,,,1,CMAVO4
gi'enaidu,5,,,1,CMAVO4
gi'enaiku'i,9,,,1,CMAVO
gi'enaipe'i,5,,,1,CMAVO4
gi'enaiseni'ibo,1,,,1,CMAVO4
gi'enapubo,1,,,1,CMAVO4
gi'epa'abo,1,,,1,CMAVO4
gi'epe'i,8,,,1,CMAVO
gi'eri'abo,4,,,1,CMAVO
gi'eseki'ubo,21,,,1,CMAVO
gi'esemu'ibo,13,,,1,CMAVO
gi'eseni'ibo,18,,,1,CMAVO
gi'eseri'abo,27,,,1,CMAVO
gi'esu'anai,6,,,1,CMAVO
gi'eza'a,5,,,1,CMAVO
gi'ikau,3,,,1,CMAVO
gi'onai,41,,,1,CMAVO
gi'onaikaunai,2,,,1,CMAVO4
gi'onaike,1,,,1,CMAVO
gi'ubo,1,,,1,CMAVO
gi'uda,1,,,1,CMAVO
gi'uke,1,,,1,CMAVO
giba,1,,,1,CMAVO
giba'obo,1,,,1,CMAVO
gibabo,5,,,1,CMAVO
gibo,1,,,1,CMAVO
gica'obo,2,,,1,CMAVO
gicabo,4,,,1,CMAVO4
gicai,1,question_mark,,1,CMAVO
gice'ogi,2,,,1,CMAVO4
gide,4,,,1,CMAVO
gidi,9,,,1,CMAVO
*gienai,6,,,1,CMAVO
gifa'u,7,,,1,CMAVO
giga,4,question_mark,,1,CMAVO
gige,32,question_mark,,1,CMAVO
gigege,2,question_mark,,1,CMAVO
gigei,1,question_mark,,1,CMAVO
gigo,9,,,1,CMAVO
gijai,1,question_mark,,1,CMAVO
giji'a,2,,,1,CMAVO
giku'i,7,,,1,CMAVO
gila,1,question_mark,,1,CMAVO
gile,3,question_mark,,1,CMAVO
gimi,12,,,1,CMAVO
ginai,73,,,1,CMAVO
*gionai,4,,,1,CMAVO
gipa'agi,1,,,1,CMAVO4
gira,1,,,1,CMAVO
giri'a,2,,,1,CMAVO
gisemaubo,3,,,1,CMAVO
gisemu'i,2,,,1,CMAVO
gita,16,question_mark,,1,CMAVO
giti,1,,,1,CMAVO
gitu,2,,,1,CMAVO
givi,2,,,1,CMAVO
gizu'unai,3,,,1,CMAVO
go'ara'o,2,,,1,CMAVO
go'eje'u,7,,,1,CMAVO4
go'era'o,3,,,1,CMAVO
go'icai,3,,,1,CMAVO
go'icu,1,question_mark,,1,CMAVO4
go'iji'a,1,,,1,CMAVO
go'ili'i,1,,,1,CMAVO
go'ira'o,96,,,1,CMAVO
go'ixino,2,,,1,CMAVO
go'ixire,1,,,1,CMAVO4
goda,1,,,1,CMAVO
gode,339,question_mark,,1,CMAVO
godo,1,,,1,CMAVO
goida,2,,,1,CMAVO
goiko'a,1,,,1,CMAVO4
gola,5,,,1,CMAVO
gole,2,,,1,CMAVO
golova,1,question_mark,,1,CMAVO
golove,1,question_mark,,1,CMAVO
golovu,1,question_mark,,1,CMAVO
gomera,18,question_mark,,1,CMAVO
gonai,32,,,1,CMAVO
gono,2,question_mark,,1,CMAVO
gopei,1,question_mark,,1,CMAVO
gora,7,,,1,CMAVO
gorau,1,question_mark,,1,CMAVO
gore,172,question_mark,,1,CMAVO
goro,1,question_mark,,1,CMAVO
gory,4,,11,1,CMAVO
gota,3,question_mark,,1,CMAVO
govi,7,question_mark,,1,CMAVO
gu'anai,1,,,1,CMAVO
gu'enai,1,,11,1,CMAVO
gu'erubusy'abu,2,,,,LEhAVLA
guda,1,,,1,CMAVO
guga,121,,,1,CMAVO
guko,2,,,1,CMAVO
gula,31,,,1,CMAVO
gule,9,,,1,CMAVO
gulo,29,,,1,CMAVO
gulu,2,,,1,CMAVO
guma,4,,,1,CMAVO
gumi,1,,,1,CMAVO
gura,14,,,1,CMAVO
gure,3,question_mark,,1,CMAVO
guru,42,question_mark,,1,CMAVO
guta,6,question_mark,,1,CMAVO
guti,2,,,1,CMAVO
guza,1,question_mark,,1,CMAVO
i'acai,6,,,1,CMAVO
i'acu'i,3,,,1,CMAVO
i'aki'e,3,,,1,CMAVO
i'aku'i,1,,,1,CMAVO4
i'alo,2,question_mark,,1,CMAVO
i'anai,39,,,1,CMAVO
i'anaisai,3,,,1,CMAVO
i'anaise'i,6,,,1,CMAVO
i'apeile'o,4,,,1,CMAVO4
i'aru'e,2,,,1,CMAVO4
i'asai,2,,,1,CMAVO
i'ata,4,question_mark,,1,CMAVO
i'ati,25,question_mark,,1,CMAVO
i'ecai,23,,,1,CMAVO
i'ecaise'i,1,,,1,CMAVO4
i'ecu'i,10,,,1,CMAVO4
i'edoi,5,,,1,CMAVO4
*i'eja'ai,6,,,1,CMAVO
i'enai,65,,,1,CMAVO
i'enaicai,10,,,1,CMAVO4
i'enaicairi'e,4,,,1,CMAVO4
i'enairo'a,6,,,1,CMAVO4
i'enairu'e,5,,,1,CMAVO4
i'enaisai,13,,,1,CMAVO
i'enaise'i,1,,,1,CMAVO
i'epei,1,,,1,CMAVO4
i'ero'u,8,,,1,CMAVO
i'eru'e,3,,,1,CMAVO
i'esai,36,,,1,CMAVO
i'esairo'e,1,,,1,CMAVO4
i'ibu,2,,,1,CMAVO4
i'icai,8,,,1,CMAVO
i'idoi,1,,,1,CMAVO4
i'inai,13,,,1,CMAVO
i'ipei,2,,,1,CMAVO4
i'iro'i,1,,11,1,CMAVO
i'isai,2,,,1,CMAVO
i'oba'a,4,,,1,CMAVO
i'obememo,1,question_mark,,1,CMAVO
i'ocai,9,,,1,CMAVO
i'odai,3,,,1,CMAVO
i'onai,16,,,1,CMAVO
i'onaicai,15,,,1,CMAVO
i'onairu'e,2,,,1,CMAVO
i'ore'ecai,2,,,1,CMAVO
i'oro'e,2,,,1,CMAVO
i'oro'u,3,,,1,CMAVO
i'osai,3,,,1,CMAVO
i'ucu'i,3,,,1,CMAVO4
i'unai,27,,,1,CMAVO
i'unaisai,4,,,1,CMAVO
iacai,21,,,1,CMAVO
iacu'i,66,,,1,CMAVO
iacu'izo'o,1,,,1,CMAVO4
iada'i,3,,,1,CMAVO
iadai,8,,,1,CMAVO
iala,25,question_mark,11,1,CMAVO
iala'a,4,,11,1,CMAVO
iana,2,question_mark,11,1,CMAVO
ianai,130,,,1,CMAVO
ianaicai,5,,,1,CMAVO
ianaicaivu'ocu'i,2,,,1,CMAVO4
ianaipei,2,,,1,CMAVO
ianairu'e,10,,,1,CMAVO
ianaise'i,4,,,1,CMAVO
ianaiti'e,2,,,1,CMAVO4
iapei,9,,,1,CMAVO
iari'e,4,,,1,CMAVO4
iaru'e,18,,,1,CMAVO
iasai,9,,,1,CMAVO
iazo'o,1,,,1,CMAVO
iba,20,,,1,CMAVO
iba'a,3,,,1,CMAVO
iba'anai,1,,,1,CMAVO4
iba'i,1,,,1,CMAVO
iba'o,5,,,1,CMAVO4
iba'obo,4,,,1,CMAVO
iba'ojenaipubo,2,,,1,CMAVO4
iba'oze'abo,1,,,1,CMAVO4
ibabo,312,,,1,CMAVO
ibaboke'u,7,,,1,CMAVO4
ibabomi,2,,,1,CMAVO4
ibai,1,,,1,CMAVO
ibaibo,7,,,1,CMAVO
ibaloi,1,,,1,CMAVO
ibaubo,1,,,1,CMAVO4
ibaza,5,,,1,CMAVO4
ibazabo,5,,,1,CMAVO
ibaze'e,1,,,1,CMAVO4
ibaze'u,1,,,1,CMAVO4
ibazi,2,,,1,CMAVO
ibazibo,15,,,1,CMAVO
ibazijesebaibo,1,,,1,CMAVO4
ibi'unai,2,,,1,CMAVO4
ibile,3,question_mark,,1,CMAVO
ibimai,13,,,1,CMAVO
ibo,44,,,1,CMAVO
ibofa,1,,,1,CMAVO
iboku'i,8,,,1,CMAVO
ibora,2,,11,1,CMAVO
ibu,139,,,1,CMAVO
ica,32,,,1,CMAVO
ica'e,9,,,1,CMAVO
ica'o,1,,,1,CMAVO4
icabo,75,,,1,CMAVO
icaca'o,1,,,1,CMAVO4
icado,3,,,1,CMAVO
icajeba,5,,,1,CMAVO4
icajebabo,3,,,1,CMAVO4
icala,4,,,1,CMAVO4
icazibo,2,,,1,CMAVO4
icaziku,3,,,1,CMAVO4
ice,874,question_mark,,1,CMAVO
ice'o,64,,,1,CMAVO
icele,2,,,1,CMAVO
iceli,1,,,1,CMAVO
icimai,15,,,1,CMAVO
icimaitu'e,2,,,1,CMAVO
icino,1,question_mark,,1,CMAVO
icize,1,question_mark,,1,CMAVO
ico'o,9,,,1,CMAVO
ico'omi'e,6,,,1,CMAVO
icoi,9,,,1,CMAVO
icoidoi,1,,,1,CMAVO
icu'u,8,,,1,CMAVO
icy,1,question_mark,,1,CMAVO4
ida,120,,,1,CMAVO
ida'e,1,,,1,CMAVO
ida'i,5,,,1,CMAVO
idade,1,,,1,CMAVO
ide,35,,,1,CMAVO
ide'e,1,,,1,CMAVO
idi,24,,,1,CMAVO
idi'e,3,,,1,CMAVO
idi'u,1,,,1,CMAVO4
ido,893,,,1,CMAVO
idoi,6,,,1,CMAVO
idolize,3,question_mark,,1,CMAVO
idu,4,question_mark,,1,CMAVO
idu'ibo,4,,,1,CMAVO4
ie'e,1,question_mark,,1,CMAVO4
ie'o,3,question_mark,,1,CMAVO4
ie'u,2,question_mark,,1,CMAVO4
iecai,51,,,1,CMAVO
iecu'i,30,,,1,CMAVO
iefi'i,12,,,1,CMAVO4
iego'i,1,,,1,CMAVO
iejai,1,,,1,CMAVO
ieje'u,2,,,1,CMAVO4
ieju'o,10,,,1,CMAVO
ieki'ase'i,1,,,1,CMAVO
ieki'e,1,,,1,CMAVO4
ienai,108,,,1,CMAVO
ienaicai,8,,,1,CMAVO
ienaiju'ocu'i,2,,,1,CMAVO
ienaipei,13,,,1,CMAVO
ienairu'e,2,,,1,CMAVO
ienaisai,17,,,1,CMAVO
ienaisaiga'inai,1,,,1,CMAVO4
iepe'a,1,,,1,CMAVO
iepei,98,,,1,CMAVO
*iepeiu,1,,,1,CMAVO
iero'i,2,,,1,CMAVO
ieru'e,32,,,1,CMAVO
iesai,63,,,1,CMAVO
ievu'o,2,,,1,CMAVO
ifalo,1,,,1,CMAVO
ifaubo,6,,,1,CMAVO4
ife,3,,,1,CMAVO
ifera,2,,11,1,CMAVO
ifere,1,question_mark,,1,CMAVO
ifero,2,question_mark,11,1,CMAVO
ifi,52,,,1,CMAVO
ifida,3,,,1,CMAVO
ifola,1,,,1,CMAVO
ifu'esa'e,2,,,1,CMAVO
iga'abo,2,,,1,CMAVO4
iga'inai,2,,,1,CMAVO
igado,2,,11,1,CMAVO
iganai,1,,,1,CMAVO
igauko,4,,,1,CMAVO
ige,8,,,1,CMAVO
igei,1,,,1,CMAVO
igero,1,question_mark,,1,CMAVO
igo,27,,,1,CMAVO
igo'i,7,,,1,CMAVO
igodi,2,,,1,CMAVO
igu,3,,,1,CMAVO
igu'u,3,,,1,CMAVO4
igure,1,question_mark,,1,CMAVO
igy,1,,,1,CMAVO4
iicai,3,,11,1,CMAVO
iicu'i,1,,11,1,CMAVO
iinai,9,,,1,CMAVO4
iiru'e,1,,,1,CMAVO4
iisai,4,,11,1,CMAVO
ija,139,,,1,CMAVO
ija'a,4,,,1,CMAVO4
ija'e,23,,,1,CMAVO
ija'ebo,84,,,1,CMAVO
ija'enai,2,,,1,CMAVO
ija'enaibo,6,,,1,CMAVO
ija'o,22,,,1,CMAVO
ijaba'u,1,,,1,CMAVO
ijabo,1,,,1,CMAVO
ijaku'i,3,,,1,CMAVO
ijanai,32,,,1,CMAVO
ijanaibo,9,,,1,CMAVO
ije,1579,,,1,CMAVO
ije'abo,4,,,1,CMAVO
ije'i,36,,,1,CMAVO
ije'ibo,4,,,1,CMAVO
ije'u,12,,,1,CMAVO
ije'uje'ucai,2,,,1,CMAVO4
ijeba'obo,1,,,1,CMAVO
ijebabo,32,,,1,CMAVO
ijebakige,2,question_mark,,1,CMAVO
ijebo,41,,,1,CMAVO
ijecabo,10,,,1,CMAVO
ijeda,1,,,1,CMAVO4
ijedu'u,4,,,1,CMAVO
ijeja'ebo,4,,,1,CMAVO4
ijeji'a,2,,,1,CMAVO
ijekau,1,,,1,CMAVO4
ijekicabo,1,,,1,CMAVO4
ijeku'i,38,,,1,CMAVO
ijeku'iseki'unaibo,5,,,1,CMAVO4
ijemu'ibo,3,,,1,CMAVO
ijenai,23,,,1,CMAVO
ijenaiku'i,1,,,1,CMAVO4
ijeni'ibo,2,,,1,CMAVO4
ijeri'abo,2,,,1,CMAVO4
ijeseki'u,3,,,1,CMAVO4
ijeseki'ubo,12,,,1,CMAVO4
ijesemaubo,6,,,1,CMAVO
ijesemu'ibo,5,,,1,CMAVO4
ijezu'u,1,,,1,CMAVO4
ijezu'unai,2,,,1,CMAVO4
iji'a,177,,,1,CMAVO
iji'ali'a,4,,,1,CMAVO
iji'e,1,,,1,CMAVO
iji'ubo,12,,,1,CMAVO4
iji'uso'oda,3,,,1,CMAVO4
ijo,141,,,1,CMAVO
ijobo,2,,,1,CMAVO
ijoi,1,,,1,CMAVO
ijoibo,3,,,1,CMAVO
ijonai,47,,,1,CMAVO
ijonaibabo,1,,11,1,CMAVO
ijonaili'a,3,,,1,CMAVO4
iju,30,,,1,CMAVO
iju'a,7,,,1,CMAVO
iju'e,1,,,1,CMAVO
iju'o,4,,,1,CMAVO
iju'ocu'i,10,,,1,CMAVO
iju'oru'e,1,,,1,CMAVO4
ijubo,8,,,1,CMAVO
ika'u,7,,,1,CMAVO
ika'upuki,1,,,1,CMAVO4
ikau,4,,,1,CMAVO
ike,20,question_mark,,1,CMAVO
ike'o,2,,,1,CMAVO
ike'u,6,,,1,CMAVO
ike'unai,7,,,1,CMAVO
ikei,9,question_mark,,1,CMAVO
iki,17,,,1,CMAVO
iki'a,2,,,1,CMAVO4
iki'adoi,1,,,1,CMAVO
iki'e,3,,,1,CMAVO
iki'ecai,1,,,1,CMAVO4
iki'eco'omi'e,2,,,1,CMAVO
iki'esai,2,,,1,CMAVO
iki'u,14,,,1,CMAVO
iki'ubo,77,,,1,CMAVO
iki'uboku'i,4,,,1,CMAVO
iki'uku,4,,,1,CMAVO
iki'uma,1,,,1,CMAVO4
ikibo,2,,,1,CMAVO4
ikicabo,2,,,1,CMAVO4
ikitai,12,,,1,CMAVO
*ikiubo,8,,,1,CMAVO
ikivive'i,6,,,1,CMAVO4
iko,8,,,1,CMAVO
iku'i,1096,,,1,CMAVO
iku'ibo,31,,,1,CMAVO
iku'iku'i,2,,,1,CMAVO
iku'inai,7,,,1,CMAVO
iku'ipe'i,2,,,1,CMAVO
ila,33,,,1,CMAVO
ila'a,13,,,1,CMAVO
ila'aru'e,6,,,1,CMAVO4
ilai,1,,,1,CMAVO
ile,26,,,1,CMAVO
ileda'inu,2,,,1,CMAVO4
iledi,1,,,1,CMAVO
iledo,2,,,1,CMAVO4
ilemi,2,,,1,CMAVO
ilenu,5,,,1,CMAVO4
ilerici,1,question_mark,,1,CMAVO
ilevi,2,,,1,CMAVO4
ilezu'u,2,,,1,CMAVO4
ili,186,,,1,CMAVO
ili'a,12,,,1,CMAVO
ili'i,1,,,1,CMAVO4
ili'o,1,,,1,CMAVO4
ilo,37,,,1,CMAVO
iloza,1,,,1,CMAVO
ilu,13,,,1,CMAVO
ima,55,,,1,CMAVO
imai,34,question_mark,,1,CMAVO
imaubo,2,,,1,CMAVO
imela'ezoify,3,,,1,CMAVO4
imi,17,,,1,CMAVO
imi'a,6,,,1,CMAVO
imi'e,2,,,1,CMAVO4
imi'ibo,3,,,1,CMAVO
imi'u,1,,,1,CMAVO4
imizo'u,1,,,1,CMAVO4
imo,1007,,,1,CMAVO
imu'a,24,,,1,CMAVO
imu'asu'oroi,1,,,1,CMAVO4
imu'i,11,,,1,CMAVO
imu'ibo,42,,,1,CMAVO
imu'ibotu'e,2,,,1,CMAVO4
imu'inai,2,,,1,CMAVO4
imu'inaibo,2,,,1,CMAVO
imu'obo,4,,,1,CMAVO
imu'u,5,,,1,CMAVO
imu'ubo,11,,,1,CMAVO
imumai,14,,,1,CMAVO
ina,71,question_mark,,1,CMAVO
ina'igo'i,6,,,1,CMAVO4
inago'a,1,,,1,CMAVO
inai,49,question_mark,,1,CMAVO
inaja,216,,,1,CMAVO
inajabo,3,,,1,CMAVO
inaku,3,,,1,CMAVO
inaseja,2,,,1,CMAVO
inau,1,,,1,CMAVO
inei,5,question_mark,,1,CMAVO
ini'i,1,,,1,CMAVO4
ini'ibo,56,,,1,CMAVO
ini'inaibo,6,,,1,CMAVO
ini'ixunaibo,5,,,1,CMAVO
ini'o,7,,,1,CMAVO
ino,37,question_mark,,1,CMAVO
ino'i,6,,,1,CMAVO
inode,3,,,1,CMAVO
iobai,1,,,1,CMAVO
iocai,14,,,1,CMAVO
ioga'inai,1,,,1,CMAVO
ioli'i,2,,,1,CMAVO
iomei,1,,,1,CMAVO
ionai,47,,,1,CMAVO
ionaidoi,4,question_mark,,1,CMAVO4
ionairo'u,5,,,1,CMAVO
ionairu'e,4,,,1,CMAVO4
iore'e,3,,,1,CMAVO4
ioro'e,2,,,1,CMAVO
ioru'e,2,,,1,CMAVO4
iota,1,question_mark,11,1,CMAVO
ipa,1634,question_mark,,1,CMAVO
ipa'abo,14,,,1,CMAVO
ipa'aku,6,,,1,CMAVO4
ipa'ape'i,4,,,1,CMAVO
ipabimai,2,,,1,CMAVO
ipacimai,2,,,1,CMAVO
ipamai,5,,,1,CMAVO4
ipamaimu'a,3,,,1,CMAVO4
ipamumai,2,,,1,CMAVO
ipanomai,4,,,1,CMAVO
ipapamai,2,,,1,CMAVO
iparemai,2,,,1,CMAVO
ipau,14,,,1,CMAVO
ipavomai,1,question_mark,11,1,CMAVO
ipaxamai,2,,,1,CMAVO
ipazemai,2,,,1,CMAVO
ipe'i,57,,,1,CMAVO
ipei,2,,,1,CMAVO
ipiso'iroi,1,,,1,CMAVO4
ipo'obo,2,,,1,CMAVO
ipo'u,1,,,1,CMAVO
ipu'o,3,,,1,CMAVO
ipu'obo,5,,,1,CMAVO4
ipubo,2,,,1,CMAVO
ipujecabo,5,,,1,CMAVO4
ipujecajebabo,4,,,1,CMAVO4
ipuki,1,,,1,CMAVO4
ira,37,question_mark,,1,CMAVO
ira'abo,2,,,1,CMAVO
ira'u,1,,,1,CMAVO
ira'ucu'i,1,,,1,CMAVO
ira'unaisai,2,,,1,CMAVO
irai,2,question_mark,,1,CMAVO
irau,1,question_mark,,1,CMAVO
ire,49,,,1,CMAVO
ire'ido'u,1,,,1,CMAVO
irebimai,2,,,1,CMAVO
irecimai,2,,,1,CMAVO
irele,1,,,1,CMAVO
iremai,9,,,1,CMAVO
iremaitu'e,2,,,1,CMAVO
iremumai,2,,,1,CMAVO
irenomai,2,,,1,CMAVO
irepamai,2,,,1,CMAVO
ireremai,2,,,1,CMAVO
irevomai,2,question_mark,,1,CMAVO
irexamai,2,,,1,CMAVO
irezemai,2,,,1,CMAVO
iri,38,,,1,CMAVO
iri'a,4,,,1,CMAVO
iri'abo,2,,,1,CMAVO
iri'anai,4,,,1,CMAVO4
iri'o,3,,,1,CMAVO4
iridu,1,,,1,CMAVO
iripura,2,question_mark,,1,CMAVO
iro,14,,,1,CMAVO
*iroi,6,,,1,CMAVO
*iroiro,5,,,1,CMAVO4
iromai,2,,,1,CMAVO4
iru,22,,,1,CMAVO
iru'a,13,,,1,CMAVO
iru'e,1,,,1,CMAVO4
isa'a,8,,,1,CMAVO4
isa'e,9,,,1,CMAVO
isa'u,9,,,1,CMAVO
isa'unai,7,,,1,CMAVO
isai,4,,,1,CMAVO
isauboji'a,1,,,1,CMAVO4
ise'o,3,,,1,CMAVO
iseba'ibo,1,,,1,CMAVO4
isebaibo,4,,,1,CMAVO
isecaubo,1,,,1,CMAVO4
isecu'u,6,,,1,CMAVO
isefaubo,1,,,1,CMAVO
isei,14,,,1,CMAVO
iseja'ebo,15,,,1,CMAVO
iseja'ibo,1,,,1,CMAVO4
iseji'ebo,1,,,1,CMAVO4
iseji'ubo,1,,,1,CMAVO4
iseji'unaibo,5,,,1,CMAVO4
isejo,1,,,1,CMAVO
iseju,31,,,1,CMAVO
isejubabo,2,,,1,CMAVO
isejubo,3,,,1,CMAVO
isejuku'i,2,,,1,CMAVO
isejupau,8,,,1,CMAVO
iseki'u,2,,,1,CMAVO4
iseki'ubo,158,,,1,CMAVO
iseki'unai,7,,,1,CMAVO
iseki'unaibo,11,,,1,CMAVO
*isekiubo,2,,,1,CMAVO
iseku'ibo,11,,,1,CMAVO
iseku'inaibo,2,,,1,CMAVO4
isemaubo,2,,,1,CMAVO
isemu'i,10,,,1,CMAVO
isemu'ibo,142,,,1,CMAVO
isemu'iku,2,,,1,CMAVO4
isemu'ubo,1,,,1,CMAVO4
iseni'i,1,,,1,CMAVO4
iseni'ibo,97,,,1,CMAVO
iseni'ibozo'o,8,,,1,CMAVO4
iseni'inaibo,26,,,1,CMAVO
isepi'obo,1,,,1,CMAVO4
isepo'ibo,1,,,1,CMAVO4
isera'a,2,,,1,CMAVO
iseri'a,3,,,1,CMAVO
iseri'abo,23,,,1,CMAVO
iseri'anaibo,1,,,1,CMAVO4
isesaubo,1,,,1,CMAVO4
isetaibo,1,,,1,CMAVO4
iseva'obo,2,,,1,CMAVO
isi'a,16,,,1,CMAVO
isi'anai,4,,,1,CMAVO
iso'uroi,1,,,1,CMAVO4
isomai,9,,,1,CMAVO
isomei,2,,,1,CMAVO
isu'a,13,,,1,CMAVO
isu'anai,10,,,1,CMAVO
ita,55,question_mark,,1,CMAVO
ita'a,1,,,1,CMAVO4
ita'ase'inai,1,,,1,CMAVO
ita'o,13,,,1,CMAVO
ita'ocu'i,7,,,1,CMAVO4
ita'onai,6,,,1,CMAVO
itai,21,question_mark,,1,CMAVO
itaibo,8,,,1,CMAVO
italicize,1,question_mark,,1,CMAVO
itau,2,question_mark,,1,CMAVO
ite'i,8,,,1,CMAVO
iteki'ibo,1,,,1,CMAVO4
itepu'ebo,1,,,1,CMAVO4
itezu'ebo,4,,,1,CMAVO
iti,56,,,1,CMAVO
iti'e,10,,,1,CMAVO4
ito,26,,,1,CMAVO
ito'obo,6,,,1,CMAVO4
ito'u,1,,,1,CMAVO
ito'unai,5,,,1,CMAVO
itu,40,,,1,CMAVO
itu'e,145,,,1,CMAVO
itu'eda'i,1,,11,1,CMAVO
itu'edu'u,2,,,1,CMAVO
itu'efu'eka'u,2,,,1,CMAVO4
itu'efu'epe'icu'i,1,,11,1,CMAVO
itu'epamo'o,1,,11,1,CMAVO
itu'esa'atu'u,2,,,1,CMAVO4
itu'ibo,4,,,1,CMAVO
itu'u,1,,,1,CMAVO4
iucai,5,,,1,CMAVO
iucairo'i,2,,,1,CMAVO
iucu'i,3,,,1,CMAVO
iudai,1,,,1,CMAVO
*iuiu'i,1,,,1,CMAVO
iunai,27,,,1,CMAVO
iunaicai,11,,,1,CMAVO
iunairu'e,1,,,1,CMAVO
iunaisai,1,,,1,CMAVO
iure'e,1,,11,1,CMAVO
iuro'a,3,,,1,CMAVO
iuro'e,1,,11,1,CMAVO
iuro'i,1,,11,1,CMAVO
iuro'u,2,,11,1,CMAVO
iuru'e,3,,,1,CMAVO
iuru'eku'i,2,,,1,CMAVO
iusai,8,,,1,CMAVO
iuse'inai,1,,,1,CMAVO4
iva,13,,,1,CMAVO
iva'i,16,,,1,CMAVO
iva'oda'i,1,,,1,CMAVO
ivai,1,question_mark,,1,CMAVO
ivama,1,question_mark,,1,CMAVO
ivi,3,,,1,CMAVO
ivica,1,,,1,CMAVO
ivo,9,question_mark,,1,CMAVO
ivomai,12,,,1,CMAVO
ivory,6,,11,1,CMAVO
ivu,1,,,1,CMAVO
ixa,5,question_mark,,1,CMAVO
ixamai,10,,,1,CMAVO
ixo,1,,,1,CMAVO
ixu,47,,,1,CMAVO
ixuja'o,2,,,1,CMAVO4
ixuse'izo'o,6,,,1,CMAVO4
ixuseki'ubo,2,,,1,CMAVO4
iza,5,,,1,CMAVO
iza'a,2,,,1,CMAVO
ize,75,question_mark,,1,CMAVO
ize'iku,28,,,1,CMAVO
izemai,2,,,1,CMAVO
izi,2,,,1,CMAVO
izipeizo'o,1,,,1,CMAVO
izo'o,10,,,1,CMAVO
izo'onai,4,,,1,CMAVO
izolo,1,,,1,CMAVO
izu,3,,,1,CMAVO
izu'u,6,,,1,CMAVO
izu'unai,27,,,1,CMAVO
izuku,2,,,1,CMAVO
ja'aba,5,,,1,CMAVO4
ja'abo,11,,,1,CMAVO
ja'aca,1,,,1,CMAVO4
ja'adi'u,1,,,1,CMAVO
ja'ago'i,19,,,1,CMAVO
ja'ai,54,question_mark,,1,CMAVO
ja'aje'ikauna,1,,,1,CMAVO
ja'aju'o,1,,,1,CMAVO
ja'akau,3,,,1,CMAVO
ja'aku,15,,,1,CMAVO
ja'anai,4,,,1,CMAVO
ja'axi,6,,,1,CMAVO
ja'axiny,1,,,1,CMAVO
ja'ebo,10,,,1,CMAVO
ja'eku'i,2,,,1,CMAVO4
ja'ibi'o,1,,,1,CMAVO4
ja'ima,4,,,1,CMAVO
ja'odai,3,,,1,CMAVO
ja'opei,2,,,1,CMAVO
ja'oru'e,2,,,1,CMAVO4
ja'ozo'o,2,,,1,CMAVO
ja'u,12,,,1,CMAVO
jaba,2,,,1,CMAVO
jabo,6,,,1,CMAVO
jabu,1,,,1,CMAVO
jaca,2,,,1,CMAVO
jacabo,2,,,1,CMAVO
jagei,1,question_mark,,1,CMAVO
jaibai,1,,,1,CMAVO4
jaibu'u,25,,,1,CMAVO
jaica,19,,,1,CMAVO
jaicu'u,1,,,1,CMAVO
jaido'e,1,,,1,CMAVO
jaifa,14,,,1,CMAVO4
jaifau,29,,,1,CMAVO
jaife,5,,,1,CMAVO4
jaifi,4,,,1,CMAVO4
jaigau,48,,,1,CMAVO
jaigause,2,question_mark,,1,CMAVO4
jaiki'u,3,,,1,CMAVO4
jaiku'u,2,,,1,CMAVO4
jaila'u,7,,,1,CMAVO
jainasolo,1,question_mark,,1,CMAVO
jaine'i,2,,,1,CMAVO
jaipa'o,2,,,1,CMAVO4
jaipi'o,1,,,1,CMAVO4
jaipu,1,,,1,CMAVO
jairi'a,5,,,1,CMAVO
jairi'i,2,,,1,CMAVO4
jairo,7,question_mark,,1,CMAVO
jaisau,2,question_mark,,1,CMAVO4
jaise,42,question_mark,,1,CMAVO
jaisecu'u,12,,,1,CMAVO
jaisela'u,1,,,1,CMAVO
jaisepi'o,11,,,1,CMAVO
jaita'i,2,,,1,CMAVO
jaitai,24,question_mark,,1,CMAVO4
jaiteta'i,1,,,1,CMAVO
jaiva,1,,,1,CMAVO
jaivecu'u,2,,,1,CMAVO4
jaivi,47,,,1,CMAVO
jaivu,3,,,1,CMAVO
jaixebe'i,1,,,1,CMAVO4
jake,1784,question_mark,,1,CMAVO
jaku,4,,,1,CMAVO
janai,20,,,1,CMAVO
jaudo,1,question_mark,,1,CMAVO
jaume,3,question_mark,,1,CMAVO
java,306,question_mark,,1,CMAVO
je'abo,5,,,1,CMAVO
je'avi'e,2,,,1,CMAVO
je'avu,1,,,1,CMAVO
je'axi,4,,,1,CMAVO
je'axiny,4,,,1,CMAVO
je'axipa,3,,,1,CMAVO
je'ecu'i,5,,,1,CMAVO4
je'edo'u,2,,,1,CMAVO4
je'eki'e,8,,,1,CMAVO4
je'emi'e,2,,,1,CMAVO
je'enu'e,2,,,1,CMAVO
je'ikau,6,,,1,CMAVO
je'oma,1,,,1,CMAVO
je'ucai,33,,,1,CMAVO
je'ucu'i,33,,,1,CMAVO
je'unai,74,,,1,CMAVO
je'unaicai,33,,,1,CMAVO
je'unaipei,2,,,1,CMAVO
je'unairo'o,2,,,1,CMAVO
je'unairu'e,33,,,1,CMAVO
je'unaisai,12,,,1,CMAVO
je'unaiti'e,1,,,1,CMAVO4
je'upei,26,,,1,CMAVO
je'uru'e,73,,,1,CMAVO
je'usai,12,,,1,CMAVO
jeba,1,,,1,CMAVO
jeba'obo,2,,,1,CMAVO
jebabo,23,,,1,CMAVO
jebazibo,1,,,1,CMAVO4
jebo,8,,,1,CMAVO
jeca,7,,,1,CMAVO
jegu'eri'a,2,,,1,CMAVO4
jeikau,1,question_mark,,1,CMAVO
jeizi,1,question_mark,,1,CMAVO
jeja,1,,,1,CMAVO
jeje,1,,,1,CMAVO
jeje'a,3,,,1,CMAVO
jeji'a,9,,,1,CMAVO
jeke,7,,,1,CMAVO
jeki,1,,,1,CMAVO
jeku'i,2,,,1,CMAVO
jeku'ibo,1,,,1,CMAVO
jenai,125,,,1,CMAVO
jenaike,3,,,1,CMAVO4
jenu,1,,,1,CMAVO
jeri'abo,4,,,1,CMAVO
jese,2,,,1,CMAVO
jezike,1,,,1,CMAVO
jeziku,2,,,1,CMAVO
ji'acai,7,,,1,CMAVO
ji'aji'a,2,,,1,CMAVO
ji'aka'e,3,,,1,CMAVO
ji'anai,12,,,1,CMAVO
ji'ape'i,2,,,1,CMAVO
ji'asai,6,,,1,CMAVO
ji'azo'u,3,,,1,CMAVO
ji'elenu,3,,,1,CMAVO4
ji'ibi,8,,,1,CMAVO
ji'ibinoki'o,4,,,1,CMAVO
ji'ici,1,,,1,CMAVO4
ji'icimu,1,,,1,CMAVO4
ji'icinoji'ivono,1,,,1,CMAVO4
ji'icinomoi,1,,,1,CMAVO4
ji'ilepujeru'i,1,question_mark,,1,CMAVO
ji'ima'u,10,,,1,CMAVO4
ji'imu,3,,,1,CMAVO
ji'imuno,4,,,1,CMAVO
ji'ini'u,4,,,1,CMAVO4
ji'ini'ucino,6,,,1,CMAVO4
ji'ino,6,,,1,CMAVO4
ji'inomei,8,,,1,CMAVO4
ji'inoroi,2,,,1,CMAVO4
ji'ipaki'oki'o,4,,,1,CMAVO
ji'ipano,27,,,1,CMAVO4
ji'ipanoda,4,,,1,CMAVO
ji'ipanomei,4,,,1,CMAVO4
ji'ipimu,3,,,1,CMAVO
ji'ireci,4,,,1,CMAVO4
ji'irefi'umu,3,,,1,CMAVO
ji'ireno,2,,,1,CMAVO
ji'ivono,2,,,1,CMAVO4
ji'iza'ucino,4,,,1,CMAVO4
ji'iza'uso'u,9,,,1,CMAVO4
jiba,1,question_mark,,1,CMAVO
jida,3,,,1,CMAVO
jidi,1,,,1,CMAVO
jikau,55,,,1,CMAVO
jila,1,,,1,CMAVO
jima,13,,,1,CMAVO
jinai,1,,,1,CMAVO
jipa,1,question_mark,,1,CMAVO
jira,3,,,1,CMAVO
jiri,96,question_mark,,1,CMAVO
jita,1,question_mark,,1,CMAVO
jivi,1,,,1,CMAVO
jo'acu'i,3,,,1,CMAVO
jo'ugi,2,,,1,CMAVO4
jo'uke,6,,,1,CMAVO4
jo'uli'o,5,,,1,CMAVO4
jo'unai,1,,,1,CMAVO
jobo,4,,,1,CMAVO
jocava,1,,,1,CMAVO
joibo,9,,,1,CMAVO
joide,1,,,1,CMAVO
joidu'ibo,6,,,1,CMAVO
joiji'a,2,,,1,CMAVO
joike,2,,,1,CMAVO
joiku'i,10,,,1,CMAVO4
joilenu,1,,,1,CMAVO4
joinai,1,,,1,CMAVO4
jojei,1,question_mark,,1,CMAVO
jojo,19,,,1,CMAVO
joke,743,question_mark,,1,CMAVO
jonai,38,,,1,CMAVO
joni,4,question_mark,,1,CMAVO
jopara,3,,,1,CMAVO
jose,147,question_mark,,1,CMAVO
josei,2,question_mark,,1,CMAVO
ju'aju'o,1,,,1,CMAVO4
ju'asai,1,,,1,CMAVO
ju'e,80,,,1,CMAVO
ju'eba'ibo,6,,,1,CMAVO
ju'emaubo,6,,,1,CMAVO
ju'enai,4,,,1,CMAVO
ju'eri'abo,2,,,1,CMAVO
ju'eru'e,2,,,1,CMAVO
ju'eseni'ibo,1,,,1,CMAVO
ju'icoi,5,,,1,CMAVO4
ju'ido'u,11,,,1,CMAVO
ju'idoi,6,,,1,CMAVO
ju'iji'a,1,,,1,CMAVO
ju'inai,7,,,1,CMAVO
ju'inairu'e,1,,,1,CMAVO
ju'ipe'u,3,,,1,CMAVO
ju'isai,3,,,1,CMAVO4
ju'ocai,77,,,1,CMAVO
ju'ocu'i,185,,,1,CMAVO
ju'ocu'ipei,2,,,1,CMAVO
ju'odai,2,,,1,CMAVO
ju'oja'ago'i,2,,,1,CMAVO
ju'oli'a,4,,,1,CMAVO
ju'onai,18,,,1,CMAVO
ju'onairo'e,5,,,1,CMAVO
ju'opei,8,,,1,CMAVO
ju'oru'e,37,,,1,CMAVO
ju'osai,24,,,1,CMAVO
jugu'a,4,,,1,CMAVO4
juju,6,,,1,CMAVO
juka,2,,,1,CMAVO
juki,1,,,1,CMAVO
jumaira,1,question_mark,,1,CMAVO
juni,9,question_mark,,1,CMAVO
*juocui,1,,,1,CMAVO4
jure,46,question_mark,,1,CMAVO
jute,56,,11,1,CMAVO
ka'azu,1,,,1,CMAVO
ka'eba,1,,,1,CMAVO4
ka'ejenaipu'ojenaica'a,1,,,1,CMAVO
ka'eju'o,1,,,1,CMAVO
ka'enai,93,,,1,CMAVO
ka'enaida'i,1,,,1,CMAVO
ka'eroroi,1,,,1,CMAVO4
ka'esai,6,,,1,CMAVO
ka'evi,2,,,1,CMAVO4
ka'exu,9,,,1,CMAVO
ka'omei,1,,,1,CMAVO4
ka'udi'inai,3,,,1,CMAVO
ka'uki,2,,,1,CMAVO
ka'ukiku,2,,,1,CMAVO
ka'unai,1,,,1,CMAVO
ka'upei,1,,,1,CMAVO
ka'upuki,3,,,1,CMAVO4
kafei,1,question_mark,,1,CMAVO
kaifa,4,question_mark,,1,CMAVO
kaifo,1,question_mark,,1,CMAVO
kaita,5,question_mark,,1,CMAVO
kaiti,1,question_mark,,1,CMAVO
kaizai,1,question_mark,,1,CMAVO
kalerevo,1,question_mark,,1,CMAVO
kalu,12,question_mark,,1,CMAVO
kamo,2,,,1,CMAVO
kanese,2,,,1,CMAVO
karusela,1,,,1,CMAVO
kase,4,,,1,CMAVO
kasei,1,question_mark,,1,CMAVO
kaunai,25,question_mark,,1,CMAVO
kaupa,4,question_mark,,1,CMAVO
kause'i,4,,,1,CMAVO4
kause'inai,4,,,1,CMAVO4
ke'a'a,6,question_mark,,1,CMAVO
ke'a'e,6,question_mark,,1,CMAVO
ke'abe'o,2,,,1,CMAVO
*ke'abebe,1,,,1,CMAVO
ke'akau,5,,,1,CMAVO
ke'apo'o,2,,,1,CMAVO
ke'axi,31,,,1,CMAVO
ke'axipa,2,,,1,CMAVO
ke'axire,6,,,1,CMAVO
*ke'ebebe,1,,,1,CMAVO
ke'eku,2,question_mark,,1,CMAVO
ke'unai,24,,,1,CMAVO
ke'unaipei,6,,,1,CMAVO
kedai,1,question_mark,,1,CMAVO
keigi'e,3,,,1,CMAVO4
keiji'a,8,,,1,CMAVO
keikei,42,,,1,CMAVO
keikeikei,1,,,1,CMAVO
keikeivau,4,,,1,CMAVO4
keiku,28,,,1,CMAVO
keikukeivau,2,,,1,CMAVO4
keikuku,5,,,1,CMAVO
keikukuli'a,1,,11,1,CMAVO
keimu'i,1,,,1,CMAVO4
keipe'i,1,,,1,CMAVO4
keivike'a,2,,,1,CMAVO4
keixu,1,,,1,CMAVO
keizo'o,4,,,1,CMAVO
kejei,1,question_mark,,1,CMAVO
keke,2,,,1,CMAVO
kemo,1,,,1,CMAVO
kenuku,2,,,1,CMAVO
kese,2,,,1,CMAVO
ki'a'i,1,question_mark,,1,CMAVO
ki'acai,10,,,1,CMAVO
ki'anai,73,,,1,CMAVO
ki'anaicai,3,,,1,CMAVO
ki'anaidai,4,,,1,CMAVO
ki'anaipei,1,,,1,CMAVO
ki'ape'i,4,,,1,CMAVO
ki'apei,10,,,1,CMAVO
ki'aru'e,3,,,1,CMAVO
ki'asai,1,,,1,CMAVO4
ki'eba'a,1,,,1,CMAVO
ki'ecai,10,,,1,CMAVO
ki'eco'o,1,,,1,CMAVO4
ki'edo'u,5,,,1,CMAVO
ki'edoi,2,,,1,CMAVO4
ki'ega'unai,1,,,1,CMAVO4
ki'emi'e,2,,,1,CMAVO4
ki'enai,2,,,1,CMAVO
ki'epe'u,1,,,1,CMAVO4
ki'esai,11,,,1,CMAVO
ki'i'i,15,question_mark,,1,CMAVO
ki'oki'o,3,,,1,CMAVO
ki'oki'omei,8,,,1,CMAVO
ki'omei,1,,,1,CMAVO
ki'ore,2,,,1,CMAVO
ki'ua,1,question_mark,,1,CMAVO
ki'ubo,33,,,1,CMAVO
ki'ugi,8,,,1,CMAVO
ki'uji'a,3,,,1,CMAVO
ki'ula'edi'u,3,,,1,CMAVO
ki'ule,2,,,1,CMAVO4
ki'uledu'u,5,,,1,CMAVO4
ki'ulenu,10,,,1,CMAVO
ki'uma,25,,,1,CMAVO
ki'umakau,1,,,1,CMAVO
ki'umaki'a,2,,,1,CMAVO4
ki'unai,90,,,1,CMAVO
ki'unaibo,1,,,1,CMAVO4
ki'unaigi,2,,,1,CMAVO
ki'unaiku,2,,11,1,CMAVO
ki'uzo'ekau,1,,,1,CMAVO4
kibo,8,,,1,CMAVO
kibu,1,,,1,CMAVO
kica'o,5,,,1,CMAVO4
kifai,1,question_mark,,1,CMAVO
kigai,1,question_mark,,1,CMAVO
kija,1,,,1,CMAVO
kije,1,,,1,CMAVO
kiju,1,,,1,CMAVO
kiki,10,,,1,CMAVO
kiku,28,,,1,CMAVO
kila,2,question_mark,,1,CMAVO
kile,5,question_mark,,1,CMAVO
kilo,44,question_mark,,1,CMAVO
kima,4,question_mark,,1,CMAVO
kimi,17,question_mark,,1,CMAVO
kimo,3,,,1,CMAVO
kira,11,question_mark,,1,CMAVO
kiri,2,question_mark,,1,CMAVO
kiru,2,question_mark,,1,CMAVO
kisei,2,,,1,CMAVO
kiva,3,,,1,CMAVO
kixipa,1,,,1,CMAVO
kixipaku,1,,,1,CMAVO
kixire,1,,,1,CMAVO4
ko'agoi,1,,11,1,CMAVO
ko'akau,1,,,1,CMAVO
ko'apidu'emei,2,question_mark,,1,CMAVO4
ko'axicire,2,,,1,CMAVO
ko'axipa,2,,,1,CMAVO
ko'axire,30,,,1,CMAVO
ko'egoi,1,,11,1,CMAVO
*ko'ekari,1,,,1,CMAVO
ko'exire,6,,,1,CMAVO
ko'ixibixamunonoci,2,,,1,CMAVO
ko'ixire,8,,,1,CMAVO
ko'oxire,18,,,1,CMAVO
ko'uxire,3,,11,1,CMAVO
kodoi,3,question_mark,,1,CMAVO4
kodu,2,,,1,CMAVO
koipa,7,question_mark,,1,CMAVO
koipamu,2,question_mark,,1,CMAVO
koira,14,question_mark,,1,CMAVO
koji,6,,,1,CMAVO
kokau,48,question_mark,,1,CMAVO
kokauxire,4,,,1,CMAVO
koko,31,question_mark,,1,CMAVO
kokomo,11,,,1,CMAVO
komo,23,,,1,CMAVO
kone,6,question_mark,,1,CMAVO
kope,1,question_mark,,1,CMAVO
kori'o,2,question_mark,,1,CMAVO
*kou,3,,,1,CMAVO4
ku'a'u,4,question_mark,,1,CMAVO
ku'anai,1,,,1,CMAVO
ku'au,15,question_mark,,1,CMAVO
ku'ije'ujo'a,1,,,1,CMAVO4
ku'iku'i,1,,,1,CMAVO
ku'isai,2,,,1,CMAVO
ku'izo'o,2,,,1,CMAVO
ku'izu'unai,1,,,1,CMAVO4
ku'obe'oku,4,,,1,CMAVO4
ku'oce,2,,,1,CMAVO
ku'okeivau,3,,,1,CMAVO4
ku'oku,2,question_mark,,1,CMAVO
ku'okuku,2,question_mark,,1,CMAVO
ku'osa'a,1,,,1,CMAVO4
ku'ovau,3,,,1,CMAVO4
ku'ozi'enoi,1,,,1,CMAVO4
*kua'a,8,,,1,CMAVO
*kua'ai,1,,,1,CMAVO
*kua'aje,1,,,1,CMAVO
*kua'u,2,,,1,CMAVO
kuce,80,,,1,CMAVO
kuce'o,20,,,1,CMAVO4
kucera,10,question_mark,,1,CMAVO
kufa'u,4,,,1,CMAVO
kugu,3,question_mark,,1,CMAVO
kuje,1,,,1,CMAVO
kujo'u,25,,,1,CMAVO
kujoi,50,,,1,CMAVO
kukeiku,2,,,1,CMAVO
kuku,52,,,1,CMAVO
kukuku,3,,,1,CMAVO
kukukujoi,1,,,1,CMAVO
kune,8,,,1,CMAVO
kupe,6,,,1,CMAVO
kupe'ida'i,4,,,1,CMAVO
kupo'o,2,question_mark,,1,CMAVO
kusoi,1,question_mark,,1,CMAVO
kuto'u,1,question_mark,11,1,CMAVO
kuvau,3,,,1,CMAVO4
kuxici,2,,,1,CMAVO
kuxipa,2,,,1,CMAVO
kuxire,2,,,1,CMAVO
kuzo'ocu'inaisai,2,,,1,CMAVO
kybu,2,,,,LERFU COMPOUND4
kybycy,24,,11,,LEhAVLA
kysy,2,,,,LERFU COMPOUND4
la'a'a,6,question_mark,,1,CMAVO
la'acu'i,15,,,1,CMAVO
*la'acui,4,,,1,CMAVO4
*la'acuizo'o,6,,,1,CMAVO4
la'aji'a,2,,,1,CMAVO
la'anai,3,,,1,CMAVO
la'aru'e,9,,,1,CMAVO4
la'aru'i,8,,,1,CMAVO
la'asai,4,,,1,CMAVO4
la'eda'u,9,,,1,CMAVO
la'ede'e,2,,,1,CMAVO4
la'ede'u,91,,,1,CMAVO
la'edei,28,,,1,CMAVO
la'edi'e,63,,,1,CMAVO
la'edi'u,725,,,1,CMAVO
la'edi'uxipa,2,,,1,CMAVO
la'edi'uxire,2,,,1,CMAVO
*la'ediu,3,,,1,CMAVO4
la'edo'i,5,,,1,CMAVO
la'ejoigi,3,,,1,CMAVO4
la'eko'a,2,,,1,CMAVO4
la'ela,6,,,1,CMAVO
la'ela'o,1,,,1,CMAVO4
la'ela'ogy,4,,,1,CMAVO
la'ele,9,,,1,CMAVO
la'eledu'ugo'i,1,,,1,CMAVO4
la'elego'i,1,,,1,CMAVO4
la'elesego'i,1,,,1,CMAVO4
la'eli,6,,,1,CMAVO
la'elo,3,,,1,CMAVO4
la'elo'e,1,,,1,CMAVO
la'elo'u,3,,,1,CMAVO4
la'elu,312,,,1,CMAVO
la'eme'o,2,,,1,CMAVO
la'emi,6,,,1,CMAVO4
la'emo'eda,2,,,1,CMAVO
la'emo'epada,2,,,1,CMAVO
la'eno'a,4,,,1,CMAVO
la'eri,15,,,1,CMAVO
la'eso'odi'u,4,,,1,CMAVO4
la'ezo,97,,,1,CMAVO
la'ezoi,38,,,1,CMAVO
la'ezoiby,3,,,1,CMAVO4
la'ezoify,1,,,1,CMAVO
la'ezoigy,17,,,1,CMAVO
la'iku,2,question_mark,,1,CMAVO
la'ogy,27,,,1,CMAVO
la'oly,5,,,1,CMAVO
la'ula,1,,,1,CMAVO
la'umakau,4,,,1,CMAVO
laifei,1,question_mark,,1,CMAVO
laiku,1,question_mark,,1,CMAVO
lakau,2,question_mark,,1,CMAVO
laku,2,question_mark,,1,CMAVO
lalai,1,question_mark,,1,CMAVO
lanu,10,question_mark,,1,CMAVO
laso,3,,,1,CMAVO
laufe,1,question_mark,,1,CMAVO
laure,1,question_mark,,1,CMAVO
lauta,2,question_mark,,1,CMAVO
lavo,1,,,1,CMAVO
le'adi'u,1,,,1,CMAVO4
le'ala'ezo,48,,,1,CMAVO
le'ala'ozo,5,,,1,CMAVO
le'ali,12,,,1,CMAVO
le'avi,2,,,1,CMAVO
le'e'o'u,1,question_mark,,1,CMAVO
le'emi,1,,,1,CMAVO
le'enu,3,,,1,CMAVO
le'i'o'u,1,question_mark,,1,CMAVO
*le'ibe,1,,,1,CMAVO
*le'ibebe,3,,,1,CMAVO
le'ido,2,,,1,CMAVO4
le'iji'a,2,,,1,CMAVO4
le'ilu'ara,1,,,1,CMAVO4
le'ino'a,1,,,1,CMAVO4
le'inu,4,,,1,CMAVO4
le'ipu,3,,,1,CMAVO4
le'ira,1,,,1,CMAVO4
le'o'u,2,question_mark,,1,CMAVO
le'ocu'i,2,,,1,CMAVO4
le'ori'e,3,,,1,CMAVO
le'oro'a,2,,,1,CMAVO4
le'oro'e,1,,,1,CMAVO
le'oro'u,4,,,1,CMAVO
le'ozo'o,3,,,1,CMAVO
le'uro'e,5,,,1,CMAVO
le'uro'u,4,,,1,CMAVO
le'uzo'u,1,,,1,CMAVO4
leba,3,,,1,CMAVO
leba'emi,2,,,1,CMAVO4
lebi'u,64,,,1,CMAVO
lebi'unai,16,,,1,CMAVO
*lebiunai,1,,11,1,CMAVO
lebu'u,9,,,1,CMAVO
leca,36,,,1,CMAVO
lecaca'a,8,,,1,CMAVO4
lece'u,2,,11,1,CMAVO
lecei,16,question_mark,,1,CMAVO
leci,7,,,1,CMAVO
leco'anu,6,,,1,CMAVO
leco'unu,4,,,1,CMAVO
leda,27,,,1,CMAVO
leda'i,4,,,1,CMAVO
leda'igo'i,1,,,1,CMAVO4
leda'inu,17,,,1,CMAVO4
lede,14,,,1,CMAVO
lede'u,3,,,1,CMAVO
ledei,36,question_mark,,1,CMAVO
ledi,1,,,1,CMAVO
ledi'e,27,,,1,CMAVO
ledi'u,31,,,1,CMAVO
ledidai,12,question_mark,,1,CMAVO
ledo,389,,,1,CMAVO
ledo'o,3,,,1,CMAVO
ledu,1,,,1,CMAVO
ledu'u,1447,,,1,CMAVO
ledu'ukau,1,,,1,CMAVO4
ledu'upe'i,4,,,1,CMAVO
ledu'utu'e,2,,11,1,CMAVO
lefei,5,question_mark,,1,CMAVO
lefi'e,1,,,1,CMAVO4
lefo'a,66,,,1,CMAVO
lefo'e,6,,,1,CMAVO4
lefo'i,5,,,1,CMAVO4
lefo'u,2,,,1,CMAVO
legai,3,question_mark,,1,CMAVO
legei,1,question_mark,,1,CMAVO
lego'e,2,,,1,CMAVO
lego'i,132,,,1,CMAVO
lei'o'u,1,question_mark,,1,CMAVO
leica,1,,,1,CMAVO
leide'u,3,,,1,CMAVO
leido,24,,,1,CMAVO
leidu'u,1,,,1,CMAVO4
leifo'a,1,,,1,CMAVO
leigo'i,4,,,1,CMAVO
leiji'a,1,,,1,CMAVO4
leika,13,,,1,CMAVO
leike'a,6,,,1,CMAVO4
leiko'a,16,,,1,CMAVO4
leiko'i,1,,,1,CMAVO4
leiko'u,11,,,1,CMAVO4
leima'a,1,,,1,CMAVO4
leimi,78,,,1,CMAVO
leimi'a,10,,,1,CMAVO
leinu,26,,,1,CMAVO
leipanu,1,,,1,CMAVO4
leipuzi,2,,,1,CMAVO4
leira,5,,,1,CMAVO
leire,1,,,1,CMAVO4
leiri,6,,,1,CMAVO4
leiva,15,,,1,CMAVO
leivi,4,,,1,CMAVO4
leivo'a,2,,,1,CMAVO4
leivu,6,,,1,CMAVO4
lejai,2,,,1,CMAVO
lejaivi,1,,,1,CMAVO
leje'udu'u,2,,,1,CMAVO4
lejei,119,,,1,CMAVO
lejeikau,7,,,1,CMAVO
leji'a,6,,,1,CMAVO4
leka,1608,,11,1,CMAVO
lekau,28,question_mark,,1,CMAVO
leke'a,17,,,1,CMAVO
leke'unai,2,,,1,CMAVO4
leki'a,3,,,1,CMAVO
leko,14,,,1,CMAVO
leko'a,202,,,1,CMAVO
leko'axire,2,,,1,CMAVO
leko'e,41,,,1,CMAVO
leko'i,2,,,1,CMAVO
leko'o,2,,,1,CMAVO
leko'u,74,,,1,CMAVO
lelego'i,1,,,1,CMAVO4
lelego'iku,2,question_mark,,1,CMAVO4
leli'i,41,,,1,CMAVO
lelu'avo'a,2,,,1,CMAVO4
lema,36,,,1,CMAVO
lema'a,8,,,1,CMAVO
lemai,5,question_mark,,1,CMAVO
lemaire,5,,,1,CMAVO
lemeli,62,question_mark,,1,CMAVO
lemi,999,,,1,CMAVO
lemi'a,31,,,1,CMAVO
lemi'o,26,,,1,CMAVO
leminu,4,,,1,CMAVO
lemo,3,,,1,CMAVO
lemu,10,,,1,CMAVO
lemu'e,125,,,1,CMAVO
lemumoi,2,,,1,CMAVO
lemy,1,question_mark,11,1,CMAVO
lenei,3,question_mark,,1,CMAVO
leni,392,,,1,CMAVO
leno,30,,,1,CMAVO
leno'a,29,,,1,CMAVO
leno'aku,1,question_mark,,1,CMAVO4
lenu,8267,,,1,CMAVO
lenu'o,1,,,1,CMAVO4
lenu'onu,2,,,1,CMAVO4
lenuco'e,5,,,1,CMAVO
lenuda'i,1,,,1,CMAVO4
lenugo'i,6,,,1,CMAVO
lenuke,9,,,1,CMAVO
lenumi,2,,,1,CMAVO
lenumiba,2,question_mark,,1,CMAVO
lenuno'a,1,,,1,CMAVO
lenuzo'e,16,,,1,CMAVO
lepa,37,,,1,CMAVO
lepa'anu,6,,,1,CMAVO4
lepalo,2,,,1,CMAVO
lepanu,1,,,1,CMAVO4
lepei,2,question_mark,,1,CMAVO
lepiro,8,,,1,CMAVO
lepo'o,5,,,1,CMAVO
lepo'onu,2,,,1,CMAVO
lepu,28,,,1,CMAVO
lepu'e,5,,,1,CMAVO
lepu'o,2,,,1,CMAVO
lepu'u,109,,,1,CMAVO
lepuzi,6,,,1,CMAVO
lera,42,,,1,CMAVO
lere,14,,,1,CMAVO
lerejei,3,question_mark,,1,CMAVO4
leri,140,,,1,CMAVO
lerixici,2,,,1,CMAVO
lerixini'ure,2,,,1,CMAVO
lero,6,,,1,CMAVO4
leroboi,7,question_mark,,1,CMAVO4
leropano,13,,,1,CMAVO4
lesa'a,2,,,1,CMAVO4
lese,16,,,1,CMAVO
lesedi'u,6,,,1,CMAVO
lesedu'u,105,,,1,CMAVO
lesedu'ugoi,1,,,1,CMAVO4
lesego'i,10,,,1,CMAVO
lesego'iku,2,,,1,CMAVO
lesei,7,question_mark,,1,CMAVO
lesi'o,103,,,1,CMAVO
leso,6,,,1,CMAVO
leso'i,8,,,1,CMAVO
lesore,2,,,1,CMAVO
lesu'o,3,,,1,CMAVO4
lesu'u,37,,,1,CMAVO
leta,25,,,1,CMAVO
letai,33,question_mark,,1,CMAVO
lete,10,question_mark,,1,CMAVO
letei,5,question_mark,,1,CMAVO
leti,38,,,1,CMAVO
letu,152,,,1,CMAVO
letu'a,3,,,1,CMAVO
leva,93,,,1,CMAVO
leve,13,question_mark,,1,CMAVO
levi,270,,,1,CMAVO
levico'e,3,,,1,CMAVO
levijenaiva,2,,,1,CMAVO4
levo,28,,,1,CMAVO
levo'a,61,,,1,CMAVO
levu,20,,,1,CMAVO
levuzu,1,,,1,CMAVO
lexe,1,question_mark,,1,CMAVO
lexunu,9,question_mark,,1,CMAVO
leza'i,77,,,1,CMAVO
leza'o,1,,11,1,CMAVO
lezare,14,,,1,CMAVO
leze,2,,,1,CMAVO
lezu'e,3,,,1,CMAVO4
lezu'o,52,,,1,CMAVO
lezu'ojasu'u,4,,,1,CMAVO
lezu'unai,2,,,1,CMAVO4
li'acai,5,,,1,CMAVO
li'aka'u,2,,,1,CMAVO
li'anai,12,,,1,CMAVO
li'anaipei,6,,,1,CMAVO
li'azo'o,7,,,1,CMAVO
li'ei,4,,,1,CMAVO
li'oli'o,3,,,1,CMAVO4
li'oli'u,11,,,1,CMAVO
li'onai,2,,,1,CMAVO
li'osa'a,30,,,1,CMAVO
li'osa'anai,4,,,1,CMAVO
li'ubu,2,,,1,CMAVO4
li'uli'u,1,,,1,CMAVO4
li'uloi,7,,,1,CMAVO
li'utoikei,1,,,1,CMAVO4
li'uzo'u,5,,,1,CMAVO4
libi,6,,,1,CMAVO
libu,1,,,1,CMAVO
lici,6,,,1,CMAVO
licinosoji'i,4,,,1,CMAVO
licipipa,1,,,1,CMAVO
lida'a,3,,,1,CMAVO
lida'ada'a,1,,,1,CMAVO
lida'ano,1,,,1,CMAVO
lida'asu'e,1,,,1,CMAVO
lida'asu'eda'a,2,,,1,CMAVO
lida'avei,1,,,1,CMAVO
lifai,1,,,1,CMAVO
lima'u,6,question_mark,,1,CMAVO
limu,5,,,1,CMAVO
limube'o,2,,,1,CMAVO4
lino,3,,,1,CMAVO
linobi'opano,1,,,1,CMAVO
lipa,12,,,1,CMAVO
lipabi'iro,1,,,1,CMAVO
lipaite'o,4,,,1,CMAVO
lipare,4,,,1,CMAVO
lipavo,7,,,1,CMAVO
lipaxaki'o,1,,,1,CMAVO
lipazeji'imu,6,,,1,CMAVO
lipi,3,,,1,CMAVO
lipi'epano,2,,,1,CMAVO
lipimu,3,,,1,CMAVO
lipiso'e,2,,,1,CMAVO
lipiso'o,8,,,1,CMAVO
lipisu'opi,6,,,1,CMAVO
lire,31,question_mark,,1,CMAVO
lireci,6,,,1,CMAVO
lireno,3,,,1,CMAVO
lirepa,3,,,1,CMAVO
lirepapisu'o,12,,,1,CMAVO
lirepipa,1,,,1,CMAVO
lirexaji'ici,4,,,1,CMAVO
liro,1,,,1,CMAVO
lirobi'ida'a,1,,,1,CMAVO
lisei,1,,,1,CMAVO
lisi'o,1,question_mark,,1,CMAVO4
liso,4,,,1,CMAVO
liso'e,2,,,1,CMAVO
liso'i,3,,,1,CMAVO
liso'u,2,,,1,CMAVO
lisu'e,1,,,1,CMAVO
lisu'o,2,,,1,CMAVO
lisu'obi'ida'a,1,,,1,CMAVO
lisu'oda'apa,1,,,1,CMAVO
lisu'opi,6,,,1,CMAVO
liveipa,1,,,1,CMAVO
livo,1,,11,1,CMAVO
lixa,11,,,1,CMAVO
lixaji'imu,6,,,1,CMAVO
lixokau,2,,,1,CMAVO
lo'eka,8,,,1,CMAVO
lo'eko'a,1,,,1,CMAVO4
lo'emi,2,,,1,CMAVO
lo'enelai,1,,,1,CMAVO
lo'eni,1,,,1,CMAVO
lo'enu,33,,,1,CMAVO
lo'ini,3,,,1,CMAVO
lo'inu,2,,,1,CMAVO
lo'iri,1,,,1,CMAVO
lo'iro,3,,,1,CMAVO4
lo'isu'ono,1,,,1,CMAVO4
lo'olo,2,,,1,CMAVO
loba,3,,,1,CMAVO
loba'a,6,,,1,CMAVO4
loba'emi,2,,,1,CMAVO4
loca,2,,,1,CMAVO
loci,12,question_mark,,1,CMAVO
loco'e,1,,,1,CMAVO
loda'i,1,,,1,CMAVO4
lode,26,question_mark,,1,CMAVO
lodi,2,,,1,CMAVO
lodo,12,,,1,CMAVO
lodu'u,43,,,1,CMAVO
lofi'e,7,,,1,CMAVO4
logo'i,3,,,1,CMAVO
loido,1,,,1,CMAVO4
loika,31,,,1,CMAVO
loiki,1,,,1,CMAVO
loimeilai,2,,,1,CMAVO4
loimelai,5,,,1,CMAVO4
loimele,2,,,1,CMAVO4
loimi,1,,,1,CMAVO4
loimu'e,1,,,1,CMAVO4
loinu,92,,,1,CMAVO
loipe'a,2,,,1,CMAVO
loire,5,,,1,CMAVO4
loise,1,,,1,CMAVO
loisi'a,2,,,1,CMAVO4
loivi,7,,,1,CMAVO
loizu'o,1,,,1,CMAVO4
lojei,12,,,1,CMAVO
loka,232,,,1,CMAVO
lokau,10,question_mark,,1,CMAVO
loke'a,2,,,1,CMAVO4
loke'unai,2,,,1,CMAVO4
loki,52,question_mark,,1,CMAVO
lokiti,1,,,1,CMAVO
loko,20,,,1,CMAVO
loko'a,3,,,1,CMAVO4
loli'i,2,,,1,CMAVO4
loma,6,,,1,CMAVO
lomele,1,,,1,CMAVO4
lomeri,1,,,1,CMAVO
lomi,27,,,1,CMAVO
lomi'a,8,,,1,CMAVO
lomo,1,,,1,CMAVO
lomu'e,11,,,1,CMAVO
lona'o,1,,,1,CMAVO
loni,27,question_mark,,1,CMAVO
lono'a,1,,,1,CMAVO4
lonu,333,,,1,CMAVO
lonupu'o,1,,,1,CMAVO4
lopa,7,,,1,CMAVO
lopatu,1,,,1,CMAVO
lopei,1,question_mark,,1,CMAVO
lopu,9,,,1,CMAVO
lopu'e,2,,,1,CMAVO4
lopu'u,2,,,1,CMAVO
lora,29,,,1,CMAVO
lorau,2,question_mark,,1,CMAVO
lore,142,,,1,CMAVO
lorelei,18,question_mark,,1,CMAVO
lori,42,question_mark,,1,CMAVO
loro,1,,,1,CMAVO
lose,1326,question_mark,,1,CMAVO
losi'o,5,,,1,CMAVO
losu'anai,1,,,1,CMAVO4
losu'u,1,,,1,CMAVO
lota,2,,,1,CMAVO
love,4222,question_mark,,1,CMAVO
lovi,24,,,1,CMAVO
lovo'e,4,,,1,CMAVO
lovu,3,,,1,CMAVO4
loxe,2,question_mark,,1,CMAVO
loza'i,41,,,1,CMAVO
lozu'o,15,,,1,CMAVO
lu'ale,2,,,1,CMAVO
lu'anai,8,,,1,CMAVO4
lu'ara,1,,,1,CMAVO4
lu'ela,4,,,1,CMAVO
lu'ela'elu,4,,,1,CMAVO
lu'elu,14,,,1,CMAVO4
lu'etu'e,1,,11,1,CMAVO
lu'evo'a,2,,,1,CMAVO
lu'ezoi,2,,,1,CMAVO4
lu'oko,4,,,1,CMAVO
luli'o,2,,,1,CMAVO
ly'ai,1,question_mark,,1,CMAVO
ma'inai,2,,,1,CMAVO4
ma'iu,2,question_mark,,1,CMAVO
ma'ofy,6,,,1,CMAVO4
ma'oxy,10,,,1,CMAVO4
ma'umai,1,,,1,CMAVO
madu,1,,,1,CMAVO
maika'i,5,,,1,CMAVO
maja,2,,,1,CMAVO
maje,1,,,1,CMAVO
majo,5,,,1,CMAVO
makau,1335,,,1,CMAVO
makauli'u,2,,,1,CMAVO
makaumoi,2,question_mark,,1,CMAVO
makauxire,13,,,1,CMAVO
maki'a,6,,,1,CMAVO
mamo,6,,,1,CMAVO
mane,18,question_mark,,1,CMAVO
mano'a,1,,,1,CMAVO
mapaunai,9,,,1,CMAVO
mari'a,3,,,1,CMAVO
matai,4,question_mark,,1,CMAVO
matei,2,question_mark,,1,CMAVO
maubo,52,,,1,CMAVO
maubu,1,,,1,CMAVO4
maugi,13,,,1,CMAVO
mauku,1,question_mark,,1,CMAVO4
maura,5,,,1,CMAVO
mauri,9,,,1,CMAVO
mauru,1,,,1,CMAVO
mauvaise,3,question_mark,,1,CMAVO
maxi,4,question_mark,,1,CMAVO
me'abo,6,,,1,CMAVO
me'ai,1,question_mark,,1,CMAVO
me'esa'a,1,,,1,CMAVO4
me'ezei,2,,,1,CMAVO
me'ibipimu,6,,,1,CMAVO4
me'ibipimuki'oki'o,1,,,1,CMAVO4
me'ibipimuki'oki'omei,2,,,1,CMAVO4
me'ici,1,,,1,CMAVO4
me'icino,1,,,1,CMAVO
me'imanono,3,,,1,CMAVO
me'ipanonono,2,,,1,CMAVO
me'ire,3,,,1,CMAVO
me'iro,4,,,1,CMAVO
me'okeiku'oku'o,1,,11,1,CMAVO
meda,5,,,1,CMAVO
mede,7,,,1,CMAVO
medi,9,question_mark,,1,CMAVO
medo,8,,,1,CMAVO4
mefai,1,question_mark,,1,CMAVO
mela,179,,,1,CMAVO
mela'e,22,,,1,CMAVO
mela'edi'u,7,,,1,CMAVO4
mela'elu,3,,,1,CMAVO4
mela'ezo,18,,,1,CMAVO
mela'ezoga'e,1,,,1,CMAVO4
mela'ezoi,2,,,1,CMAVO4
mela'ezoiby,4,,,1,CMAVO4
mela'ezoigy,2,,,1,CMAVO4
mela'ezoze'i,1,,,1,CMAVO4
mela'ezoze'u,1,,,1,CMAVO4
mela'ogy,15,,,1,CMAVO
mele,23,,,1,CMAVO
mele'eka,2,,,1,CMAVO4
melei,1,,,1,CMAVO4
meleli'i,6,,,1,CMAVO4
meli,42,,,1,CMAVO
melo,7,,,1,CMAVO
melota,1,question_mark,,1,CMAVO
melu,8,,,1,CMAVO
melu'ezo,1,,,1,CMAVO4
melu'o,1,,,1,CMAVO4
mema,10,,,1,CMAVO
memi,6,,,1,CMAVO
memi'a,4,,,1,CMAVO4
meny,2,,,1,CMAVO4
mepei,1,question_mark,,1,CMAVO
mera,2,,,1,CMAVO
meri,31,,,1,CMAVO
meru,3,,,1,CMAVO
meta,361,question_mark,,1,CMAVO
meti,29,,,1,CMAVO
metu,4,,,1,CMAVO4
mexu,4,question_mark,,1,CMAVO
mezo,12,,,1,CMAVO
mezo'epe,1,,,1,CMAVO4
mezofi'o,6,,,1,CMAVO
mezoi,7,,,1,CMAVO
mezu'i,8,,,1,CMAVO4
mi'apevi,3,,,1,CMAVO4
mi'edoi,1,,,1,CMAVO4
mi'i,21,,,1,CMAVO
mi'oko,1,,,1,CMAVO
mi'unai,2,,,1,CMAVO4
mi'usai,1,,,1,CMAVO
mice,143,question_mark,,1,CMAVO
miga'i,9,,,1,CMAVO
miga'inai,1,,,1,CMAVO
miga'iru'e,1,,,1,CMAVO
mijai,2,question_mark,,1,CMAVO
mijeko'a,1,,,1,CMAVO4
miji'a,2,,,1,CMAVO
mijoido,3,,,1,CMAVO
mika'e,13,,,1,CMAVO4
mikau,10,,,1,CMAVO
mine,2072,question_mark,,1,CMAVO
mipeca,4,,,1,CMAVO4
mipeziku,1,,,1,CMAVO4
mipezu,4,,,1,CMAVO4
misi'a,8,,,1,CMAVO4
misosososo,1,,,1,CMAVO
mixu,3,,,1,CMAVO
mo'ada,4,,,1,CMAVO
mo'amei,14,,,1,CMAVO
mo'aroi,1,,,1,CMAVO
mo'eda,2,,,1,CMAVO
mo'epa,1,,,1,CMAVO4
mo'ibe'a,3,,,1,CMAVO
mo'ibu'u,2,,,1,CMAVO
mo'ica'u,18,,,1,CMAVO
mo'ica'ufa'a,1,,,1,CMAVO
mo'ica'uvi,8,,,1,CMAVO
mo'ica'uzi,4,,,1,CMAVO
mo'idu'a,2,,,1,CMAVO
mo'idu'aku,2,,,1,CMAVO
mo'ifa'a,36,,,1,CMAVO
mo'ifa'ava,1,,,1,CMAVO4
mo'ifa'avi,8,,,1,CMAVO4
mo'iga'u,14,,,1,CMAVO
mo'ine'a,2,,,1,CMAVO
mo'ine'aca'a,1,,,1,CMAVO
mo'ine'i,36,,,1,CMAVO
mo'ine'inai,2,,,1,CMAVO
mo'ine'u,2,,,1,CMAVO
mo'ini'a,29,,,1,CMAVO
mo'ipa'o,13,,,1,CMAVO
mo'ire'a,1,,,1,CMAVO
mo'ire'o,14,,,1,CMAVO
mo'iri'u,4,,,1,CMAVO
mo'iri'uvi,12,,,1,CMAVO
mo'iru'u,17,,,1,CMAVO
mo'iti'a,2,,,1,CMAVO
mo'ito'o,9,,,1,CMAVO
mo'ito'oku'i,4,,,1,CMAVO
mo'ivi,3,,,1,CMAVO4
mo'ivi'u,4,,,1,CMAVO
mo'ize'o,6,,,1,CMAVO
mo'ize'oku,12,,,1,CMAVO4
mo'izo'a,20,,,1,CMAVO
mo'izo'i,14,,,1,CMAVO
mo'izu'a,15,,,1,CMAVO
mo'izu'afa'a,1,,,1,CMAVO
mo'unai,2,,,1,CMAVO
mofa,6,question_mark,,1,CMAVO
mofile,1,question_mark,,1,CMAVO
mofo,2,question_mark,,1,CMAVO
mofu,1,question_mark,,1,CMAVO
moiri'a,1,question_mark,,1,CMAVO4
*moiriara'u,1,,,1,CMAVO4
moja,8,,,1,CMAVO
mojo,2,,,1,CMAVO
moju,2,,,1,CMAVO
mokau,60,,,1,CMAVO
moke,7,,,1,CMAVO
molo,1,question_mark,,1,CMAVO
moloka,1,question_mark,,1,CMAVO
moma,2,,,1,CMAVO
momi,5,,,1,CMAVO
momo,4,,,1,CMAVO
monoi,2,,,1,CMAVO
mopale,1,question_mark,,1,CMAVO
mopalo,3,question_mark,,1,CMAVO
mora,140,,,1,CMAVO
more,3148,question_mark,,1,CMAVO
morei,5,question_mark,,1,CMAVO
morele,1,question_mark,,1,CMAVO
mori,59,,,1,CMAVO
moriri,1,question_mark,,1,CMAVO
moru,1,,,1,CMAVO
mota,3,,,1,CMAVO
moti,2,,,1,CMAVO
motu,16,,,1,CMAVO
movei,1,question_mark,,1,CMAVO
mu'acu'i,1,,,1,CMAVO
mu'acu'icai,4,,,1,CMAVO
mu'aji'a,2,,,1,CMAVO
mu'anai,25,,,1,CMAVO
mu'eke,2,,,1,CMAVO4
mu'ibo,12,,,1,CMAVO
mu'igi,7,,,1,CMAVO
mu'iji'a,4,,,1,CMAVO4
mu'iku,3,,,1,CMAVO
mu'ila'edi'u,1,,,1,CMAVO4
mu'iledu'u,2,,,1,CMAVO4
mu'ilenu,12,,,1,CMAVO4
mu'ilonu,4,,,1,CMAVO4
mu'ima,7,,,1,CMAVO4
mu'imakau,1,,,1,CMAVO4
mu'inai,26,,,1,CMAVO
mu'inaigi,1,,,1,CMAVO4
mu'itu'ale,2,,,1,CMAVO
mu'izo'ekau,4,,,1,CMAVO4
mu'izo'o,1,,,1,CMAVO4
mu'ocu'i,2,,,1,CMAVO
mu'oi,2,question_mark,,1,CMAVO
mu'omi'e,11,,,1,CMAVO
mu'onai,8,,,1,CMAVO
mu'osa'a,1,,,1,CMAVO4
mu'u'a,1,question_mark,,1,CMAVO
mu'ulo,2,question_mark,,1,CMAVO4
mu'ulu,3,,,1,CMAVO
muboi,24,,,1,CMAVO
muce'i,3,,,1,CMAVO
mucisoso,2,,,1,CMAVO
muda,2,,,1,CMAVO
mudauze,2,,,1,CMAVO
mude,4,,,1,CMAVO
mudo,5,,,1,CMAVO
mufi'uze,1,,,1,CMAVO
muji'iroi,4,,,1,CMAVO
muji'ixa,1,,,1,CMAVO4
muki'o,8,,,1,CMAVO
mumai,7,,,1,CMAVO
mumei,36,,,1,CMAVO
mumo'o,2,,,1,CMAVO
mumoi,9,,,1,CMAVO
mumu,12,,,1,CMAVO
munajemu,1,,,1,CMAVO
muno,22,,,1,CMAVO
munoki'o,8,,,1,CMAVO
munomei,2,,,1,CMAVO4
munono,4,,,1,CMAVO
mupi'ebi,2,,,1,CMAVO
mupi'ebipi'erenorexa,8,,,1,CMAVO
mupi'emu,8,,,1,CMAVO
mupi'eremoi,5,,,1,CMAVO
mupi'evo,2,,,1,CMAVO
mupi'exa,4,,,1,CMAVO
mupi'eze,6,,,1,CMAVO
mupimu,4,,,1,CMAVO
mura,13,,,1,CMAVO
murai,4,question_mark,,1,CMAVO
mure,1,,,1,CMAVO
mure'u,1,question_mark,,1,CMAVO
muremo'o,4,,,1,CMAVO4
muri,3,,,1,CMAVO
muro,7,,,1,CMAVO
muroi,15,,,1,CMAVO
muru,1,,,1,CMAVO
muse'e,1,question_mark,,1,CMAVO
muso,9,,,1,CMAVO
muta,1,,,1,CMAVO4
mute'o,1,question_mark,,1,CMAVO
muti,9,,,1,CMAVO
mutu,8,,,1,CMAVO
muvo,1,,,1,CMAVO
muxazeki'o,8,,,1,CMAVO
muxei,1,question_mark,,1,CMAVO4
muze,7,,,1,CMAVO
muzefi'ubiresi'e,2,,,1,CMAVO
muzepano,2,,,1,CMAVO
mytytytyty,2,,,,
na'a,11,,,1,CMAVO
na'eba'o,3,,,1,CMAVO
na'ebo,91,,,1,CMAVO
na'ebodo,2,,,1,CMAVO
na'ebolesego'i,6,,,1,CMAVO4
na'ebomi,14,,,1,CMAVO
na'ebomi'a,1,,,1,CMAVO4
na'ebomi'o,6,,,1,CMAVO4
na'ebori,7,,,1,CMAVO
na'ebota,1,,,1,CMAVO
na'eboti,1,,,1,CMAVO
na'eca'a,4,,,1,CMAVO
na'ecai,1,,,1,CMAVO4
na'eco'a,2,,,1,CMAVO
na'ego'i,3,,,1,CMAVO
na'eka'e,60,,,1,CMAVO
na'eke,27,,,1,CMAVO
na'elenu,2,,,1,CMAVO4
na'emu'i,2,,,1,CMAVO
na'ena'e,1,,,1,CMAVO
na'enai,27,,,1,CMAVO
na'ene'a,2,,,1,CMAVO
na'epu'i,8,,,1,CMAVO
na'eru'e,4,,,1,CMAVO
na'eseba'inai,1,,,1,CMAVO
na'evi,1,,,1,CMAVO4
na'icu'i,6,,,1,CMAVO
na'ifu'oje'u,1,,,1,CMAVO
na'igo'i,4,,,1,CMAVO
na'iki'a,5,,,1,CMAVO
na'inai,6,,,1,CMAVO
na'ipei,13,,,1,CMAVO
na'oca'o,5,,,1,CMAVO4
na'ojeca,4,,,1,CMAVO4
na'oko,2,,,1,CMAVO
na'oku,18,,,1,CMAVO
na'onai,6,,,1,CMAVO
na'udu,13,question_mark,,1,CMAVO4
naba,3,,,1,CMAVO
nabo,20,question_mark,,1,CMAVO
nabu,2,,,1,CMAVO
naca'a,1,,,1,CMAVO4
nacefi'a,1,,,1,CMAVO4
naci'o,1,,,1,CMAVO
naco'a,1,,,1,CMAVO
nadine'i,1,question_mark,,1,CMAVO
nadu,8,,,1,CMAVO
naga,13,,,1,CMAVO
nagai,1,question_mark,,1,CMAVO
nagare,8,question_mark,,1,CMAVO
nagata,1,question_mark,,1,CMAVO
nagenai,4,,,1,CMAVO
nagi'a,102,,,1,CMAVO
nagi'ababo,1,,,1,CMAVO4
nagi'apubo,6,,,1,CMAVO4
nagi'e,65,,,1,CMAVO
nagi'eku'i,10,,,1,CMAVO
nagi'enai,15,,,1,CMAVO
nagi'o,3,,,1,CMAVO
nagi'u,6,,,1,CMAVO
nago'i,72,,,1,CMAVO
nagoi'i,1,question_mark,,1,CMAVO
nagu'e,3,,,1,CMAVO
naiba'e,2,question_mark,,1,CMAVO
naicai,6,,,1,CMAVO
nairu'e,4,,,1,CMAVO
naisai,6,,,1,CMAVO
naja,64,,,1,CMAVO
naje,59,,,1,CMAVO
najeku'i,3,,,1,CMAVO4
najenai,27,,,1,CMAVO
naji,1,,,1,CMAVO
najo,9,,,1,CMAVO
najoke,3,,,1,CMAVO
naju,1,,,1,CMAVO
naka'e,24,,,1,CMAVO
nakau,2,question_mark,,1,CMAVO
nake,15,,,1,CMAVO
naki,4,question_mark,,1,CMAVO
naki'u,2,,,1,CMAVO4
naku,597,,,1,CMAVO
namo,4,,,1,CMAVO
namu'i,2,,,1,CMAVO
nana,39,question_mark,,1,CMAVO
nanai,13,question_mark,,1,CMAVO
nanaicai,8,question_mark,,1,CMAVO
nape'i,1,,,1,CMAVO4
napu,6,,,1,CMAVO
naru'e,15,,,1,CMAVO
nasai,2,question_mark,,1,CMAVO
nauba,2,question_mark,,1,CMAVO
naukiku,5,,,1,CMAVO
nauku,1,,,1,CMAVO
naupu,2,question_mark,,1,CMAVO
nauta,3,question_mark,,1,CMAVO
nauxa,1,question_mark,,1,CMAVO
nava,6,,,1,CMAVO
navi,7,,,1,CMAVO
naxei,4,question_mark,11,1,CMAVO
naxi,7,question_mark,,1,CMAVO
naxu,1,question_mark,,1,CMAVO
naza,1,,,1,CMAVO
nazi,175,question_mark,,1,CMAVO
nazu,3,,,1,CMAVO
ne'aku,2,,,1,CMAVO4
ne'amo'ifa'a,1,,,1,CMAVO
ne'amo'ine'i,1,,,1,CMAVO
*ne'e,24,,,1,CMAVO
ne'ibo,15,,,1,CMAVO
ne'ifa'a,11,,,1,CMAVO
ne'ijefa'a,1,,,1,CMAVO
ne'iki,25,,,1,CMAVO
ne'ikiku,4,,,1,CMAVO
ne'iku,10,,,1,CMAVO
ne'imo'i,6,,,1,CMAVO
ne'imo'ifa'a,1,,,1,CMAVO
ne'inaiku,2,,,1,CMAVO
ne'ito'o,4,,,1,CMAVO
ne'izo'i,1,,,1,CMAVO4
neba,3,,,1,CMAVO
neba'i,2,,,1,CMAVO4
nebau,15,,,1,CMAVO
neci'e,1,,,1,CMAVO4
neda'i,4,,,1,CMAVO4
nedi,2,,,1,CMAVO
nedi'o,10,,,1,CMAVO4
nedu'i,1,,,1,CMAVO4
nedu'u,1,,,1,CMAVO4
nefa'a,3,,,1,CMAVO4
nefi'e,8,,,1,CMAVO4
nefi'o,3,,,1,CMAVO4
nefoi,1,question_mark,,1,CMAVO
nega'u,13,,,1,CMAVO4
neifi,5,question_mark,,1,CMAVO
neira'o,4,,,1,CMAVO
neja'i,1,,,1,CMAVO4
nejai,1,question_mark,,1,CMAVO
neka'a,2,,,1,CMAVO
neka'i,4,,,1,CMAVO
neki'i,2,,,1,CMAVO
neki'unai,3,,,1,CMAVO4
nela,3,question_mark,,1,CMAVO
neli,6,question_mark,,1,CMAVO
nelo,5,question_mark,,1,CMAVO
neloi,2,question_mark,,1,CMAVO
nema,7,,,1,CMAVO
nemau,4,question_mark,,1,CMAVO
neme'e,14,,,1,CMAVO
nemu'a,1,,,1,CMAVO4
nemu'i,1,,,1,CMAVO4
nemu'u,56,,,1,CMAVO
nemu'unau,1,,,1,CMAVO4
nene'i,11,,,1,CMAVO
neni'a,2,,,1,CMAVO4
neni'inai,1,,,1,CMAVO4
nepa'a,6,,,1,CMAVO
nepa'aku,1,,,1,CMAVO4
nepa'anai,1,,,1,CMAVO4
nepa'u,6,,,1,CMAVO
nepalese,2,question_mark,,1,CMAVO
nepali,36,question_mark,,1,CMAVO
nera,6,,,1,CMAVO
nere'o,4,,,1,CMAVO
nerede,1,question_mark,,1,CMAVO
neri,10,,,1,CMAVO
nero,38,question_mark,,1,CMAVO
neru,4,,,1,CMAVO
nese,5,,,1,CMAVO
neseba'i,8,,,1,CMAVO4
nesecau,2,,,1,CMAVO
nesecu'u,7,,,1,CMAVO
neseka'i,2,,,1,CMAVO4
nesekai,4,,,1,CMAVO4
nesekaicai,1,,,1,CMAVO4
nesemau,4,,,1,CMAVO
nesemu'u,2,,,1,CMAVO
nesepa'u,1,,,1,CMAVO4
nesepi'o,2,,,1,CMAVO4
neta,3,,,1,CMAVO
neta'i,2,,,1,CMAVO4
netai,1,question_mark,,1,CMAVO4
neteci'e,1,,,1,CMAVO4
neti,11,,,1,CMAVO
netu'i,2,,,1,CMAVO
neva'o,1,,,1,CMAVO4
neva'onai,1,,,1,CMAVO4
neve'a,3,,,1,CMAVO4
nevi,26,,,1,CMAVO4
neza,1,,,1,CMAVO
nezu,1,,,1,CMAVO
ni'afa'a,1,,,1,CMAVO
ni'amo'i,2,,,1,CMAVO
ni'ato'o,1,,,1,CMAVO
ni'ava,2,,,1,CMAVO4
ni'avu,4,,,1,CMAVO4
ni'ibo,23,,,1,CMAVO
ni'ida'uku,2,,,1,CMAVO4
ni'igi,1,,,1,CMAVO
ni'ike,9,,,1,CMAVO4
ni'iku,2,,,1,CMAVO4
ni'ilenu,3,,,1,CMAVO4
ni'ilo,7,,,1,CMAVO
ni'ima,2,,,1,CMAVO
ni'inai,13,,,1,CMAVO
ni'inaigi,2,,,1,CMAVO
ni'obabo,6,,,1,CMAVO4
ni'oca'e,3,,,1,CMAVO4
ni'ocai,1,,,1,CMAVO
ni'ocimai,1,,,1,CMAVO4
ni'ocimo'o,7,,,1,CMAVO4
ni'oco'oki'e,1,,,1,CMAVO
ni'oco'omi'e,49,,,1,CMAVO
ni'ofau,2,,,1,CMAVO
ni'oji'a,6,,,1,CMAVO
ni'oki,4,,,1,CMAVO
ni'oku'i,3,,11,1,CMAVO
ni'omumai,1,,,1,CMAVO4
ni'oni'o,151,,,1,CMAVO
ni'oni'oki,2,,,1,CMAVO4
ni'oni'oni'o,14,,,1,CMAVO
ni'oni'oni'oni'o,4,,,1,CMAVO4
ni'oni'osa'a,3,,,1,CMAVO4
ni'oni'otu'e,1,,,1,CMAVO4
ni'opamai,1,,,1,CMAVO4
ni'ope'a,2,,,1,CMAVO
ni'ope'i,1,,,1,CMAVO
ni'orai,1,,,1,CMAVO
ni'oremai,1,,,1,CMAVO4
ni'oremo'o,8,,,1,CMAVO4
ni'oru'e,1,,,1,CMAVO4
ni'osa'a,8,,,1,CMAVO4
ni'osu'a,4,,,1,CMAVO
ni'ota'o,2,,,1,CMAVO4
ni'ovomai,1,,,1,CMAVO4
ni'oxamai,1,,,1,CMAVO4
ni'ozemai,1,,,1,CMAVO4
ni'ozo'o,2,,,1,CMAVO
ni'ubu,14,,,1,CMAVO4
ni'uci,1,,,1,CMAVO
ni'ucimoi,3,,,1,CMAVO4
ni'ucino,1,,,1,CMAVO4
ni'upa,3,,,1,CMAVO
ni'ure,4,,,1,CMAVO
ni'ureze,2,question_mark,,1,CMAVO
ni'uro,1,,,1,CMAVO
ni'uti'u,1,,,1,CMAVO
nibo,3,,,1,CMAVO
nibu,1,,,1,CMAVO
nikau,2,question_mark,,1,CMAVO
nikaunai,3,question_mark,,1,CMAVO4
niku'i,2,,,1,CMAVO4
nimai,2,question_mark,,1,CMAVO
nimidu,1,question_mark,,1,CMAVO
nise,1,,,1,CMAVO
niseze,1,,,1,CMAVO
nize,1,,,1,CMAVO
no'au,4,question_mark,,1,CMAVO
no'axino,1,,,1,CMAVO
no'axire,2,,,1,CMAVO
no'axiro,2,,,1,CMAVO
no'ebo,3,,,1,CMAVO
no'egu'i,2,,,1,CMAVO4
no'ese,1,question_mark,,1,CMAVO
no'iji'a,2,,,1,CMAVO
no'imu'a,6,,,1,CMAVO
no'imu'ibo,2,,,1,CMAVO
no'ipe'i,8,,,1,CMAVO
no'isemu'ibo,4,,,1,CMAVO
no'oco'omi'e,1,,,1,CMAVO
no'osu'oxorau,1,,,1,CMAVO
no'umu'a,4,,,1,CMAVO
nobi,1,,,1,CMAVO
nobi'i,1,,,1,CMAVO
nobi'oga'oso,1,,,1,CMAVO
noboi,7,,,1,CMAVO
noci,2,,,1,CMAVO
nocipapa,2,,,1,CMAVO
nocu'o,2,,,1,CMAVO
noda,561,,,1,CMAVO
nodapevi,4,,,1,CMAVO4
nodaru'a,4,,,1,CMAVO4
node,216,question_mark,,1,CMAVO
nodi,11,,,1,CMAVO
nodo,1,question_mark,,1,CMAVO
noida'i,9,,,1,CMAVO4
noika'u,1,,,1,CMAVO4
noika'uli'a,1,,,1,CMAVO4
noiku'i,2,,,1,CMAVO4
noise,397,question_mark,,1,CMAVO
noisu'anai,7,,,1,CMAVO4
noko,4,question_mark,,1,CMAVO
nola,3,,,1,CMAVO
nola'ada,1,,,1,CMAVO
nole,3,,,1,CMAVO4
nolo,1,,,1,CMAVO
noma,9,,,1,CMAVO
nomai,104,,,1,CMAVO
nomei,35,,,1,CMAVO
nomi,11,,,1,CMAVO
nomine,39,question_mark,,1,CMAVO
nomo,17,,,1,CMAVO
nomoi,11,,,1,CMAVO
nomu,9,,,1,CMAVO
nono,6,,,1,CMAVO
nono'odu'emo'o,1,,,1,CMAVO
nonononono,4,,,1,CMAVO
nope'ida,2,,,1,CMAVO
nopi'enopi'ere,2,,,1,CMAVO4
nopi'exazepapi'ebizesozepi'eb i,2,,,1,CMAVO
nopi'exazepapi'ezesozecisopi' emu,2,,,1,CMAVO
nopi'exazepapi'ezevomumusopi' exy,2,,,1,CMAVO
nopino,2,,,1,CMAVO
nopire,2,,,1,CMAVO
nora,1603,question_mark,,1,CMAVO
nora'a,1,,,1,CMAVO4
nore,4,,,1,CMAVO
norenoci,3,,,1,CMAVO
norezevo,1,,,1,CMAVO4
nori,10,,,1,CMAVO
noro,5,question_mark,,1,CMAVO
noroi,207,,,1,CMAVO
noroiku,4,,,1,CMAVO4
noru,3,,,1,CMAVO
nosoreso,2,,,1,CMAVO
nosy,5,,11,1,CMAVO
nota,59,question_mark,,1,CMAVO
noti,5,,,1,CMAVO
notice,2364,question_mark,,1,CMAVO
notu,2,,,1,CMAVO
novo,17,,,1,CMAVO
noze,1,,,1,CMAVO
nu'ate'a,1,,,1,CMAVO4
nu'edai,5,,,1,CMAVO
nu'edo'u,3,,,1,CMAVO
nu'edoi,1,,,1,CMAVO
nu'ile,2,,,1,CMAVO4
nu'oki,2,,,1,CMAVO
nu'onai,1,,,1,CMAVO
nu'ufa'u,3,,,1,CMAVO
nuke,119,,,1,CMAVO
nulu,3,question_mark,,1,CMAVO
numera,2,question_mark,,1,CMAVO
numeru,1,question_mark,,1,CMAVO
nurau,1,question_mark,,1,CMAVO
nuse,3,,,1,CMAVO
nuxire,4,,,1,CMAVO
nycyry,1,,,,LERFU COMPOUND4
nymai,4,,11,,LEhAVLA
nymei,3,,,,
nymy,2,,,,
nyny,1,,,,
nypi'emypi'e,1,,,,LERFU COMPOUND4
nyso'ipamai,4,,11,,LEhAVLA
nyso'iremai,4,,11,,LEhAVLA
o'acai,13,,,1,CMAVO
o'acairo'a,6,,,1,CMAVO
o'acaise'i,1,,,1,CMAVO
o'acu'i,45,,,1,CMAVO
o'acu'ise'i,2,,,1,CMAVO
o'acu'izo'o,1,,,1,CMAVO
o'ai,3,question_mark,,1,CMAVO
*o'ajege'ejeba'e,1,,,1,CMAVO
o'anai,30,,,1,CMAVO
o'anairo'a,3,,,1,CMAVO
o'anairo'e,8,,,1,CMAVO
o'anairu'e,2,,,1,CMAVO
o'anaise'i,3,,,1,CMAVO
*o'ane,4,,,1,CMAVO
o'apei,3,,,1,CMAVO
o'aru'e,10,,,1,CMAVO
o'aru'ero'enairu'e,1,,,1,CMAVO
o'asai,6,,,1,CMAVO
o'ase'i,2,,,1,CMAVO
o'ase'inai,2,,,1,CMAVO
o'ase'izo'o,1,,,1,CMAVO4
o'azo'o,1,,,1,CMAVO
o'ecai,2,,,1,CMAVO
o'edai,9,,,1,CMAVO
o'enai,33,,,1,CMAVO
o'ero'a,1,,,1,CMAVO4
o'ero'i,1,,,1,CMAVO4
o'ero'o,1,,,1,CMAVO4
o'ero'odaifu'o,3,,,1,CMAVO
o'ero'u,1,,,1,CMAVO4
o'inai,16,,,1,CMAVO
o'inaicai,1,,,1,CMAVO4
o'iro'a,2,,,1,CMAVO4
o'iru'e,2,,,1,CMAVO
o'obu,2,,,1,CMAVO4
o'ocai,6,,,1,CMAVO
o'ocu'i,28,,,1,CMAVO
o'ocu'iro'e,2,,,1,CMAVO4
o'odai,5,,,1,CMAVO
o'onai,182,,,1,CMAVO
o'onaicai,2,,,1,CMAVO
o'onaicaidai,2,,,1,CMAVO
o'onaidai,6,,,1,CMAVO
o'onaido'a,3,,,1,CMAVO
o'onaifu'o,1,,11,1,CMAVO
o'onairo'a,4,,,1,CMAVO
o'onairo'e,1,,,1,CMAVO4
o'onairu'e,18,,,1,CMAVO
o'onairu'ero'a,5,,,1,CMAVO4
o'onaisai,3,,,1,CMAVO
o'onaise'i,6,,,1,CMAVO
o'onaizo'o,4,,,1,CMAVO
o'ubu'o,2,,,1,CMAVO
o'ucu'i,14,,,1,CMAVO
o'ucu'isai,2,,,1,CMAVO
o'unai,45,,,1,CMAVO
o'unaidai,4,,,1,CMAVO
o'unairo'a,8,,,1,CMAVO
o'usai,3,,,1,CMAVO
obei,3,question_mark,,1,CMAVO
obu,21,,,1,CMAVO
oda,10,,,1,CMAVO
ode,76,question_mark,,1,CMAVO
odi,6,,,1,CMAVO
odo,8,,,1,CMAVO
oga,1,,,1,CMAVO
oge,2,,,1,CMAVO
ogeda,1,,,1,CMAVO
ogo,11,,,1,CMAVO
oicai,35,,,1,CMAVO
oicaicaicaicai,2,,,1,CMAVO
oicaidai,3,,,1,CMAVO
oicairo'a,2,,,1,CMAVO
oicairo'e,2,,,1,CMAVO
oicairo'ese'i,2,,,1,CMAVO
oicairo'o,6,,,1,CMAVO4
oicairo'u,1,,,1,CMAVO4
oicaisa'e,15,,,1,CMAVO
oicaise'i,1,,,1,CMAVO
oicei,1,question_mark,,1,CMAVO
oicu'i,8,,,1,CMAVO
oicu'iro'o,2,,,1,CMAVO
oicu'iro'odai,5,,,1,CMAVO
oifo'a,1,,,1,CMAVO4
oile'o,4,,,1,CMAVO4
oinai,43,,,1,CMAVO
oinaiba'a,2,,,1,CMAVO
oinaicai,1,,,1,CMAVO4
oinaipei,6,,,1,CMAVO
oinairo'e,1,,,1,CMAVO
oinairu'e,2,,,1,CMAVO
oiri'e,4,question_mark,,1,CMAVO4
oiro'a,44,,,1,CMAVO
oiro'acai,2,,,1,CMAVO4
oiro'adai,2,,,1,CMAVO
oiro'aru'e,1,,,1,CMAVO4
oiro'e,51,,,1,CMAVO
oiro'enai,2,,,1,CMAVO4
oiro'ese'i,20,,,1,CMAVO
oiro'i,7,,,1,CMAVO
oiro'o,69,,,1,CMAVO
oiro'osai,1,,,1,CMAVO
oiro'u,1,,,1,CMAVO4
oiru'e,11,,,1,CMAVO
oiru'ero'a,3,,,1,CMAVO
oiru'ezo'o,2,,,1,CMAVO
oisa'e,3,,,1,CMAVO
oisai,36,,,1,CMAVO
oisairo'e,4,,,1,CMAVO
oisaise'i,14,,,1,CMAVO
oisaizo'o,7,,,1,CMAVO
oise'i,24,,,1,CMAVO
oise'inai,6,,,1,CMAVO
oise'iro'e,2,,,1,CMAVO
oizo'o,10,,,1,CMAVO
oke,6,,,1,CMAVO
oki,1,,,1,CMAVO
okike,1,,,1,CMAVO
oko,7,,,1,CMAVO
ola,20,,,1,CMAVO
ole,133,question_mark,,1,CMAVO
oleni,1,,,1,CMAVO
oli,15,,,1,CMAVO
olo,14,,,1,CMAVO
olosei,1,question_mark,,1,CMAVO
olu,3,,,1,CMAVO
oma,4,,,1,CMAVO
omi,24,,,1,CMAVO
omine,2,,,1,CMAVO
onai,112,,,1,CMAVO
ono,21,question_mark,,1,CMAVO
onodo,3,,,1,CMAVO
onoly,1,question_mark,11,1,CMAVO
opa,10,question_mark,,1,CMAVO
ora,46,question_mark,,1,CMAVO
ore,62,question_mark,,1,CMAVO
ori,19,question_mark,,1,CMAVO
oro,27,question_mark,,1,CMAVO
oroci,1,question_mark,,1,CMAVO
oromo,8,question_mark,,1,CMAVO
oru,10,question_mark,,1,CMAVO
ota,25,question_mark,,1,CMAVO
oti,14,,,1,CMAVO
*p'ou,4,,,1,CMAVO4
pa'aco'a,2,,,1,CMAVO4
pa'aku,40,,,1,CMAVO
pa'anai,5,,,1,CMAVO
pa'edai,1,,,1,CMAVO
pa'ele'o,2,,,1,CMAVO4
pa'enai,1,,,1,CMAVO
pa'ero'a,7,,,1,CMAVO4
pa'ese'inai,1,,,1,CMAVO
pa'omo'i,12,,,1,CMAVO
pabi,16,,,1,CMAVO
pabi'ida'a,2,,,1,CMAVO
pabi'ire,1,,,1,CMAVO
pabi'ore,2,,,1,CMAVO
pabi'oxamoi,1,,,1,CMAVO4
pabiki'ofeiki'osono,5,,,1,CMAVO4
pabimo'o,2,,,1,CMAVO
pabimu,2,,,1,CMAVO
pabimuci,4,,,1,CMAVO4
pabirepa,8,,,1,CMAVO4
paboi,68,,,1,CMAVO
pace,440,question_mark,,1,CMAVO
paci,23,,,1,CMAVO
pacimei,8,,,1,CMAVO4
pacimo'o,4,,,1,CMAVO
pacimoi,7,,,1,CMAVO
pacino,1,,,1,CMAVO
pacipi'ecino,2,,,1,CMAVO
pacivoze,3,,,1,CMAVO4
pacu'o,2,,,1,CMAVO
pada,136,,,1,CMAVO
pade,13,,,1,CMAVO
padi,2,,,1,CMAVO
pafi'uci,62,,,1,CMAVO
pafi'ucisi'e,14,,,1,CMAVO
paidi,4,,,1,CMAVO
paira'era'e,1,,,1,CMAVO
paire,3,,,1,CMAVO
paji'ire,30,,,1,CMAVO
paji'ireroi,1,,,1,CMAVO
pakau,3,,,1,CMAVO
paki'o,11,,,1,CMAVO
paki'oki'o,3,,,1,CMAVO
paki'omei,9,,,1,CMAVO
paki'ososobi,3,,,1,CMAVO
paki'ovovono,2,,,1,CMAVO
pala,40,,,1,CMAVO
palai,13,,,1,CMAVO
palare,1,question_mark,,1,CMAVO
palau,12,question_mark,,1,CMAVO
pale,127,question_mark,,1,CMAVO
palemi,4,,,1,CMAVO4
pali,40,,,1,CMAVO
palo,87,,,1,CMAVO
paloca,1,,,1,CMAVO
paloma,1,question_mark,11,1,CMAVO
palore,2,,,1,CMAVO4
palu'alu'e,1,,,1,CMAVO4
pama,23,,,1,CMAVO
pamai,78,,,1,CMAVO
pamaitu'e,6,,,1,CMAVO
pamau,1,,,1,CMAVO
pamei,325,,,1,CMAVO
pami,5,,,1,CMAVO
pamo'o,35,,,1,CMAVO
pamoi,502,,,1,CMAVO
pamu,49,,,1,CMAVO
pamumo'o,2,,,1,CMAVO
pamupi'eba,3,,11,1,CMAVO
pamupimu,1,,,1,CMAVO4
pano,246,,,1,CMAVO
panoce'i,3,,,1,CMAVO
panoji'ireno,8,,,1,CMAVO
panoki'o,4,,,1,CMAVO
panomei,14,,,1,CMAVO
panomo'o,2,,,1,CMAVO
panomoi,23,,,1,CMAVO
panono,20,,,1,CMAVO
panonomei,3,,,1,CMAVO
panonomoi,1,,,1,CMAVO
panonono,3,,,1,CMAVO
panononono,6,,,1,CMAVO4
panonopa,1,,,1,CMAVO
papa,221,question_mark,,1,CMAVO
papagai,1,question_mark,,1,CMAVO
papaki'o,2,,,1,CMAVO
papaki'omei,2,,,1,CMAVO
papamo'o,2,,,1,CMAVO
papamoi,10,,,1,CMAVO
papanono,3,,,1,CMAVO
papapa,3,,,1,CMAVO
papapapa,6,,,1,CMAVO
papapapapapapapapapa,2,,,1,CMAVO
papapapapapapapapapapapapapapapapapapapa,4,x,,,CMAVO
papapi'e,6,,,1,CMAVO
papavo,1,,,1,CMAVO
papi,3,,,1,CMAVO
papi'ebi,2,,,1,CMAVO
papi'ecimoi,3,,,1,CMAVO
papi'emu,5,,,1,CMAVO
papi'emumoi,2,,,1,CMAVO
papi'epa,2,,,1,CMAVO
papi'eremoi,2,,,1,CMAVO
papi'evomoi,2,,,1,CMAVO
papi'exa,2,,,1,CMAVO
papi'examoi,2,,,1,CMAVO
papibi,1,,,1,CMAVO
papibimuji'i,2,,,1,CMAVO
papimu,14,,,1,CMAVO
papino,9,,,1,CMAVO
papinomoi,48,,,1,CMAVO
papinora'e,4,,,1,CMAVO
papiso,1,,,1,CMAVO
papisu'e,3,,,1,CMAVO
papixa,2,,,1,CMAVO
papo'o,2,,,1,CMAVO4
para,395,question_mark,,1,CMAVO
parai,1,question_mark,,1,CMAVO
paramo,1,question_mark,,1,CMAVO
pare,99,,,1,CMAVO
pare'u,32,,,1,CMAVO
parece,3,,,1,CMAVO
parecido,2,,,1,CMAVO
parecinovo,2,,,1,CMAVO
parecivomuxazebisono,8,,,1,CMAVO
paremei,4,,,1,CMAVO
paremo'o,2,,,1,CMAVO
paremoi,4,,,1,CMAVO
pareno,6,,,1,CMAVO
parenoki'o,12,,,1,CMAVO
pareze,3,,,1,CMAVO4
pari,6,,,1,CMAVO
paroi,99,,,1,CMAVO
paroiki,4,,,1,CMAVO4
paroikiku,2,,,1,CMAVO4
paroiku,19,,,1,CMAVO
paroipo'oku,2,,,1,CMAVO
parola,32,question_mark,,1,CMAVO
parole,32,question_mark,,1,CMAVO
parolo,5,question_mark,,1,CMAVO
paromei,9,,,1,CMAVO4
paru,1,,,1,CMAVO
pasau,1,question_mark,,1,CMAVO
paso,25,,,1,CMAVO
pasobino,5,,,1,CMAVO4
pasobinomei,5,,,1,CMAVO4
pasocibi,8,,,1,CMAVO
pasomei,2,,,1,CMAVO
pasomo'o,4,,,1,CMAVO
pasosono,3,,,1,CMAVO4
pasosopa,5,,,1,CMAVO
pasosore,2,,,1,CMAVO4
pasososo,2,,,1,CMAVO
pasososomoi,4,,,1,CMAVO
pasosoxa,2,,,1,CMAVO
pasosoxajoi,12,question_mark,,1,CMAVO
pasoxaxa,18,,,1,CMAVO
pasoxaze,4,,,1,CMAVO
pata,8,,,1,CMAVO
pati,3,,,1,CMAVO
paticu,1,question_mark,,1,CMAVO
patu,1,,,1,CMAVO
paubu,1,,,1,CMAVO4
pauci,1,,,1,CMAVO
paucu,1,question_mark,,1,CMAVO
paunai,117,,,1,CMAVO
paunaiku,2,,,1,CMAVO
paunaipau,2,,,1,CMAVO
paupei,5,,,1,CMAVO
pausai,8,,,1,CMAVO4
pause,521,question_mark,,1,CMAVO
pause'i,1,,,1,CMAVO4
pave'o,1,,,1,CMAVO
pavo,25,,,1,CMAVO
pavomo'o,2,,,1,CMAVO
pavomoi,1,,,1,CMAVO4
pavoso,1,,,1,CMAVO
pavosore,8,,,1,CMAVO
paxa,9,,,1,CMAVO
paxaki'o,1,,,1,CMAVO
paxamo'o,2,,,1,CMAVO
paxamoi,7,,,1,CMAVO
paxano,4,,,1,CMAVO
paxe'e,13,,,1,CMAVO
paxi,1,question_mark,,1,CMAVO
paze,17,,,1,CMAVO
pazemo'o,2,,,1,CMAVO
pazemoi,2,,,1,CMAVO
pazepi'ecino,2,,,1,CMAVO
pazereze,2,,,1,CMAVO
pe'anai,3,,,1,CMAVO
pe'azo'o,1,,,1,CMAVO
pe'eje,8,,,1,CMAVO
pe'ejebabo,1,,,1,CMAVO
pe'ica'e,1,,,1,CMAVO
pe'icai,13,,,1,CMAVO4
pe'icu'i,10,,,1,CMAVO
pe'icu'iji'a,2,,,1,CMAVO
pe'idai,10,,,1,CMAVO
pe'idaidai,9,,,1,CMAVO
pe'iga'inai,6,,,1,CMAVO
pe'iji'a,10,,,1,CMAVO
pe'inai,3,,,1,CMAVO
pe'inaika'u,1,,,1,CMAVO4
pe'inairu'e,2,,,1,CMAVO
pe'ipei,220,,,1,CMAVO
pe'iru'e,10,,,1,CMAVO
pe'isai,2,,,1,CMAVO
pe'ise'inai,19,,,1,CMAVO4
pe'izo'o,3,,,1,CMAVO
pe'ucai,2,,,1,CMAVO
pe'uda,2,,,1,CMAVO
pe'udo,1,,,1,CMAVO4
pe'udo'u,9,,,1,CMAVO4
pe'udoi,4,,,1,CMAVO
pe'udoido,4,,,1,CMAVO4
pe'uki'e,1,,,1,CMAVO
pe'upei,2,,,1,CMAVO4
pe'usai,3,,,1,CMAVO
peba,2,,,1,CMAVO
pebau,22,,,1,CMAVO
pebu,1,,,1,CMAVO
pebu'u,11,,,1,CMAVO
peca,1,,,1,CMAVO
peca'a,2,,,1,CMAVO4
pecau,2,,,1,CMAVO
pecu'u,5,,,1,CMAVO
peda,2,,,1,CMAVO
peda'u,1,,,1,CMAVO
pede,7,,,1,CMAVO
pede'i,6,,,1,CMAVO
pede'u,1,,11,1,CMAVO
pedi,7,,,1,CMAVO
pedi'o,3,,,1,CMAVO
pedo,4,,,1,CMAVO
pedu'i,3,,,1,CMAVO4
pedu'o,2,,,1,CMAVO
pefa'a,1,,,1,CMAVO4
pefai,1,question_mark,,1,CMAVO
pefaikau,2,question_mark,,1,CMAVO
pefi'a,10,,,1,CMAVO
pefi'e,21,,,1,CMAVO
pefi'i,6,,,1,CMAVO
pega'u,4,,,1,CMAVO4
peikau,7,question_mark,,1,CMAVO
peina'i,2,,,1,CMAVO
peinai,4,,,1,CMAVO
peipaucu'i,1,,,1,CMAVO
peipe'i,13,,,1,CMAVO
pekai,3,question_mark,,1,CMAVO
peki,7,question_mark,,1,CMAVO
peki'i,30,,,1,CMAVO
peko'a,3,,,1,CMAVO4
peko'o,2,,,1,CMAVO
peku'i,1,,,1,CMAVO4
peku'u,2,,,1,CMAVO4
pela,16,,,1,CMAVO
pela'u,8,,,1,CMAVO4
pele,41,question_mark,,1,CMAVO
pele'a,5,,,1,CMAVO4
pelei,6,,,1,CMAVO
pelema'a,2,,,1,CMAVO
peli,8,,,1,CMAVO
pelo,17,,,1,CMAVO
pelo'e,1,,,1,CMAVO
peloi,3,,,1,CMAVO4
peloimelai,2,,,1,CMAVO4
pelota,5,question_mark,,1,CMAVO
pema'e,2,,,1,CMAVO4
peme'e,29,,,1,CMAVO
pemi,6,,,1,CMAVO
pemi'a,2,,,1,CMAVO
pemu'u,4,,,1,CMAVO4
pene'a,6,,,1,CMAVO4
pene'ale,2,,,1,CMAVO4
pene'i,6,,,1,CMAVO4
pene'o,1,,,1,CMAVO4
peni'a,3,,,1,CMAVO
peno,3,question_mark,,1,CMAVO
pepa'u,1,,,1,CMAVO4
pepi'o,2,,,1,CMAVO
pepuzi,2,,,1,CMAVO
pera,7,,,1,CMAVO
pera'a,4,,,1,CMAVO
pera'i,4,,,1,CMAVO4
pere,7,question_mark,,1,CMAVO
pere'o,7,,,1,CMAVO4
pereda,1,,,1,CMAVO
perei,1,question_mark,,1,CMAVO
pereira,4,question_mark,,1,CMAVO
peri,22,,,1,CMAVO
peri'odo,1,,,1,CMAVO
pero,81,question_mark,,1,CMAVO
peru,67,question_mark,,1,CMAVO
peru'uku,6,,,1,CMAVO
pese,1,,,1,CMAVO
peseba'i,13,,,1,CMAVO
pesecau,3,,,1,CMAVO
pesecu'u,5,,,1,CMAVO
pesekai,6,,,1,CMAVO
pesepa'a,4,,,1,CMAVO
pesepi'o,4,,,1,CMAVO
pesera'a,4,,,1,CMAVO
pesetai,2,,,1,CMAVO
pesetu'i,4,,,1,CMAVO
peta,12,,,1,CMAVO
peta'i,6,,,1,CMAVO4
pete'e,2,,,1,CMAVO
peti,7,,,1,CMAVO
peti'i,2,,,1,CMAVO
petu'i,15,,,1,CMAVO
peva'o,2,,,1,CMAVO4
peva'onai,1,,,1,CMAVO
pevaku,1,,,1,CMAVO4
peve'a,3,,,1,CMAVO4
pevi,63,,,1,CMAVO
pevige'u,1,,,1,CMAVO4
pevive'a,1,,,1,CMAVO4
pevu,2,,,1,CMAVO4
peza,3,,,1,CMAVO
pezo'a,2,,,1,CMAVO4
pezu,2,,11,1,CMAVO
pi'ecibi,2,,,1,CMAVO
pi'enoroi,1,,,1,CMAVO
pi'epasosopa,1,,,1,CMAVO4
pi'epasososo,10,,,1,CMAVO
pi'epi'e,10,question_mark,,1,CMAVO
pi'erepasovo,2,,,1,CMAVO
pi'eso,2,,,1,CMAVO4
pi'esopa,2,,,1,CMAVO4
pi'exa,10,,,1,CMAVO
pi'eze,1,,,1,CMAVO4
pi'ici,1,,,1,CMAVO4
pi'ugi,1,,,1,CMAVO
pibi,2,,,1,CMAVO
pibimu,20,,,1,CMAVO
pici,2,,,1,CMAVO4
piciki'o,2,,,1,CMAVO
pida'a,4,,,1,CMAVO
pida'ari,6,,,1,CMAVO
pidu'e,2,,,1,CMAVO
pidu'emei,10,,,1,CMAVO
piji'i,6,,,1,CMAVO
piji'iro,2,,,1,CMAVO4
pime'imei,2,,,1,CMAVO
pimo'a,2,,,1,CMAVO4
pimo'ale,4,,,1,CMAVO4
pimo'amei,2,,,1,CMAVO
pimu,231,,,1,CMAVO
pimudo,18,,,1,CMAVO
pimuji'i,2,,,1,CMAVO
pimumei,6,,,1,CMAVO
pimusei,1,,,1,CMAVO
pimusi'e,8,,,1,CMAVO
pini'umei,10,,,1,CMAVO
pinomu,14,,,1,CMAVO
pinonopa,1,,,1,CMAVO
pinopa,19,,,1,CMAVO
pinopacu'o,2,,,1,CMAVO
pinore,1,,,1,CMAVO
pipa,2,,,1,CMAVO
pipai,2,question_mark,,1,CMAVO
pipari,1,,,1,CMAVO
pirau,3,question_mark,,1,CMAVO
pirauroi,4,,,1,CMAVO
pire,9,,,1,CMAVO
piremu,4,,,1,CMAVO4
piresi'e,2,,,1,CMAVO4
piro,865,,,1,CMAVO
piroi,9,,,1,CMAVO
piroko'a,3,,,1,CMAVO
piroku,1,question_mark,,1,CMAVO4
pirole,7,,,1,CMAVO4
piroleimi,4,,,1,CMAVO4
piroloi,15,,,1,CMAVO
piromei,4,,,1,CMAVO4
piroroi,2,,,1,CMAVO4
pirosi'e,5,,,1,CMAVO
pirozo'e,1,,,1,CMAVO4
piso,53,,,1,CMAVO
piso'a,58,,,1,CMAVO
piso'aci,10,,,1,CMAVO4
piso'acu'o,1,,,1,CMAVO4
piso'acu'oku,1,,,1,CMAVO4
piso'ado,1,,,1,CMAVO4
piso'amei,9,,,1,CMAVO
piso'are,2,,,1,CMAVO4
piso'aroi,9,,,1,CMAVO4
piso'aroiku,2,,,1,CMAVO
piso'asi'e,2,,,1,CMAVO
piso'e,51,,,1,CMAVO
piso'ecu'o,2,,,1,CMAVO
piso'emei,1,,,1,CMAVO4
piso'eroi,3,,,1,CMAVO
piso'eroiku,2,,,1,CMAVO
piso'i,85,,,1,CMAVO
piso'imei,6,,,1,CMAVO4
piso'iroi,18,,,1,CMAVO
piso'o,16,,,1,CMAVO
piso'ocu'o,2,,,1,CMAVO
piso'oda,4,,,1,CMAVO
piso'olei,2,,,1,CMAVO
piso'oroi,18,,,1,CMAVO
piso'oso'e,3,,,1,CMAVO
piso'u,39,,,1,CMAVO
piso'ucu'o,2,,,1,CMAVO4
piso'umei,22,,,1,CMAVO
piso'umoi,2,,,1,CMAVO4
piso'uroi,16,,,1,CMAVO
piso'uso'e,3,,,1,CMAVO
pisomu,1,,,1,CMAVO
pisoni,1,,,1,CMAVO
pisoso,9,,,1,CMAVO
pisoxa,5,,,1,CMAVO
pisozu,1,,,1,CMAVO
pisu'e,1,,,1,CMAVO
pisu'eba'eso'u,1,,,1,CMAVO4
pisu'epimu,8,,,1,CMAVO
pisu'eso'omei,1,,,1,CMAVO4
pisu'o,350,,,1,CMAVO
pisu'oba'eso'u,2,,,1,CMAVO4
pisu'ocu'o,2,,,1,CMAVO
pisu'ole,1,,,1,CMAVO
pisu'oloi,1,,,1,CMAVO4
pisu'ono,1,,,1,CMAVO
pisu'opi,2,,,1,CMAVO
pisu'opimu,8,,,1,CMAVO
pisu'opire,4,,,1,CMAVO
pisu'ori,4,,,1,CMAVO4
pisu'osi'e,9,,,1,CMAVO
pisu'oso'u,2,,,1,CMAVO4
pitu'o,2,,,1,CMAVO
pivo,3,,,1,CMAVO
pixo,2,,,1,CMAVO
pixoda,1,,,1,CMAVO
pixokau,3,question_mark,,1,CMAVO
pixukau,1,question_mark,,1,CMAVO
piza'u,2,,,1,CMAVO
pize,1,,,1,CMAVO
pizemu,1,,,1,CMAVO4
pizemusi'e,2,,,1,CMAVO
po'afa'e,2,,,1,CMAVO4
po'agi'e,3,,,1,CMAVO4
po'aru'a,1,,,1,CMAVO
po'okau,3,,,1,CMAVO
po'onai,42,,,1,CMAVO
po'opei,4,,,1,CMAVO
po'osa'a,5,,,1,CMAVO4
po'unai,2,,,1,CMAVO
po'usa'a,1,,,1,CMAVO4
pode,2,,,1,CMAVO
poiku'i,1,,,1,CMAVO4
poila'a,2,,,1,CMAVO4
poise,4,question_mark,,1,CMAVO
poizi'anoi,2,,,1,CMAVO
poki,10,question_mark,,1,CMAVO
pola,3,,,1,CMAVO
pole,167,question_mark,,1,CMAVO
poli,21,,,1,CMAVO
polo,17,question_mark,,1,CMAVO
poma,2,,,1,CMAVO
pomi,3,,,1,CMAVO
pony,724,question_mark,11,1,CMAVO
pora,4,,,1,CMAVO
pore,13,question_mark,,1,CMAVO
pori,2,,,1,CMAVO
poro,16,question_mark,,1,CMAVO
poroi,3,,,1,CMAVO4
porola,1,question_mark,,1,CMAVO
poru,1,,,1,CMAVO
pose'e,2,,,1,CMAVO
pota,1,,,1,CMAVO
poti,4,,,1,CMAVO
*pou,1,,,1,CMAVO4
pu'acai,1,,,1,CMAVO
pu'inai,7,,,1,CMAVO
pu'oba'o,1,,,1,CMAVO
pu'omo'u,2,,,1,CMAVO
pu'onaijeca'o,1,,,1,CMAVO
pu'oza,1,,,1,CMAVO
pu'ujemu'e,2,,,1,CMAVO4
puba,15,,,1,CMAVO
puba'o,19,,,1,CMAVO
pubaku,6,,,1,CMAVO
pubi'iba,10,,,1,CMAVO
pubi'ica,2,,,1,CMAVO4
pubu,1,,,1,CMAVO
puca,23,,,1,CMAVO
puca'a,34,,,1,CMAVO
puca'ajecaka'e,1,,,1,CMAVO
puca'o,24,,,1,CMAVO
pucaki,3,,,1,CMAVO4
pucaze'a,2,,,1,CMAVO4
puce,2,,,1,CMAVO
puco'a,23,,,1,CMAVO
puco'aku,24,,,1,CMAVO
puco'u,6,,,1,CMAVO
puco'uba,6,,,1,CMAVO
puco'uku,6,,,1,CMAVO
pufe'eroroi,1,,,1,CMAVO4
pugi,5,,,1,CMAVO
pujaba,2,,,1,CMAVO
pujaca,3,,,1,CMAVO
puje'iba,2,,,1,CMAVO
pujeba,12,,,1,CMAVO
pujeba'eca,2,,,1,CMAVO
pujebaji'a,3,,,1,CMAVO4
pujebaku,6,,,1,CMAVO
pujebocanai,4,,,1,CMAVO
pujeca,59,,,1,CMAVO
pujecaca'a,3,,,1,CMAVO4
pujecaca'o,3,,,1,CMAVO
pujecajeba,8,,,1,CMAVO4
pujecaki,2,,,1,CMAVO
pujecanai,15,,,1,CMAVO
pujecaze'a,3,,,1,CMAVO4
pujenaica,2,,,1,CMAVO
pujenaicalemu'i,2,,,1,CMAVO4
pujesemauca,6,,,1,CMAVO
pujevi'eku,1,,,1,CMAVO4
pujo'uca,2,,,1,CMAVO4
pujoiba,10,,,1,CMAVO
puka'e,2,,,1,CMAVO
puke,34,question_mark,,1,CMAVO
puki,72,,,1,CMAVO
pukiku,8,,,1,CMAVO
puku,96,,,1,CMAVO
puku'anoroi,8,,,1,CMAVO
pukucaki,8,,,1,CMAVO4
pukuki'e,2,,,1,CMAVO
pula,10,,,1,CMAVO
pulai,1,,,1,CMAVO
pulenu,11,,,1,CMAVO
pulo,1,,,1,CMAVO
pulu,2,,,1,CMAVO
puma,1,question_mark,11,1,CMAVO
pumi,1,,,1,CMAVO
pumo,3,,,1,CMAVO
pumo'u,10,,,1,CMAVO
puna'e,1,,,1,CMAVO4
puna'o,2,,,1,CMAVO
punai,70,,,1,CMAVO
punaijeba,3,,,1,CMAVO4
punaijeca,6,,,1,CMAVO4
punaijecajebanai,1,,,1,CMAVO4
punaijecanai,3,,,1,CMAVO4
punaijecanaijeba,6,,,1,CMAVO
punaixu,7,,,1,CMAVO4
pune'a,2,,,1,CMAVO4
puni,3,,,1,CMAVO
punoroi,5,,,1,CMAVO4
punu,4,,,1,CMAVO
puparoi,3,,,1,CMAVO4
pupu'i,1,,,1,CMAVO
pupu'o,10,,,1,CMAVO
pupujeca,2,,,1,CMAVO4
pupupu,1,,,1,CMAVO
pupupukiku,3,,,1,CMAVO
pupupupu,2,,,1,CMAVO
pupupupupupupupupupupupu,2,,,1,CMAVO
pupuze'ico'a,1,,,1,CMAVO
pupuziki,5,,,1,CMAVO4
pura,16,,,1,CMAVO
pure,1173,question_mark,,1,CMAVO
puri,1,,,1,CMAVO
puroroi,1,,,1,CMAVO4
puse,2,,,1,CMAVO
puta,13,,,1,CMAVO
puta'e,28,,,1,CMAVO
puti,1,,,1,CMAVO
putu'a,1,,,1,CMAVO
puva,8,,,1,CMAVO
puvi,9,,,1,CMAVO
puvi'eku,5,,,1,CMAVO4
puvi'uku,2,,,1,CMAVO4
puvine'iva,2,,,1,CMAVO4
puvive'a,2,,,1,CMAVO4
puviza,2,,,1,CMAVO4
puxe'i,3,question_mark,,1,CMAVO
puxipa,3,,,1,CMAVO
puxire,3,,,1,CMAVO
puxirejeva,7,,,1,CMAVO4
puxiso'e,8,,,1,CMAVO4
puza,133,,,1,CMAVO
puza'o,4,,,1,CMAVO
puzairu'i,1,,,1,CMAVO4
puzalo,1,,,1,CMAVO
puzapu,2,,,1,CMAVO
puzavi,5,,,1,CMAVO4
puzazi,1,,,1,CMAVO4
puze'a,35,,,1,CMAVO
puze'aca,6,,,1,CMAVO
puze'aki,2,,,1,CMAVO4
puze'aku,4,,,1,CMAVO
puze'apu,4,,,1,CMAVO
puze'e,8,,,1,CMAVO
puze'epu,2,,,1,CMAVO
puze'i,2,,,1,CMAVO
puze'u,31,,,1,CMAVO
puze'uba,4,,,1,CMAVO
puze'uca'a,1,,,1,CMAVO4
puze'uki,1,,,1,CMAVO4
puze'uku,1,,,1,CMAVO4
puze'upuku,2,,,1,CMAVO
puzi,311,,,1,CMAVO
puziba,1,,,1,CMAVO
puziba'o,4,,,1,CMAVO
puzico'adi'a,1,,,1,CMAVO
puzico'aku,10,,,1,CMAVO
puzijenaica,1,,,1,CMAVO4
puzika'e,7,,,1,CMAVO4
puziki,2,,,1,CMAVO
puziku,8,,,1,CMAVO
puzipu'o,2,,,1,CMAVO4
puzivaje'o,1,,,1,CMAVO4
puzize'u,2,,,1,CMAVO
puzize'upu,1,,,1,CMAVO
puzu,108,,,1,CMAVO
puzu'a,4,,,1,CMAVO
puzu'aku,6,,,1,CMAVO
puzu'u,1,,,1,CMAVO
puzuba'o,1,,,1,CMAVO4
puzubazuku,20,,,1,CMAVO
puzuco'aku,10,,,1,CMAVO
puzuki,16,,,1,CMAVO
puzukiku,8,,,1,CMAVO
puzuku,73,,,1,CMAVO
puzupe'i,1,,,1,CMAVO
puzuso'iroi,3,,,1,CMAVO
puzuve'u,1,,,1,CMAVO
puzuvu,13,,,1,CMAVO
puzuzai,3,,,1,CMAVO4
puzuze'a,8,,,1,CMAVO
puzuze'u,7,,,1,CMAVO4
puzuze'udi'i,1,,11,1,CMAVO
puzuze'uku,2,,,1,CMAVO4
puzuzuzu,1,,,1,CMAVO
pycy,11,,,,LERFU COMPOUND4
pylysy,5,,,,LERFU COMPOUND4
pysyjysy,13,,,,LERFU COMPOUND4
ra'anai,9,,,1,CMAVO4
ra'iku,2,,,1,CMAVO4
ra'inai,1,,,1,CMAVO
ra'ivi,5,,,1,CMAVO4
ra'onai,1,,,1,CMAVO
ra'ucu'i,2,,,1,CMAVO
ra'unai,57,,,1,CMAVO
rabu,3,,,1,CMAVO
radu,3,,,1,CMAVO
rai'i,2,question_mark,,1,CMAVO
rai'igau,2,question_mark,11,1,CMAVO
raiki,1,,,1,CMAVO
raire,1,question_mark,,1,CMAVO
raise,806,question_mark,,1,CMAVO
raiti,1,,,1,CMAVO
rajoiri,1,,,1,CMAVO4
rane,7,,,1,CMAVO
raneta'i,1,,,1,CMAVO4
rape,81,question_mark,,1,CMAVO
rapo,37,question_mark,,1,CMAVO
rauda,6,,,1,CMAVO
raulai,1,,,1,CMAVO
rauma,2,,,1,CMAVO
raumei,19,,,1,CMAVO
rauroi,8,,,1,CMAVO
rauta,1,question_mark,,1,CMAVO
re'ecai,1,,,1,CMAVO4
re'enai,2,,,1,CMAVO
re'icai,4,,,1,CMAVO
re'inai,9,,,1,CMAVO
re'isai,1,,11,1,CMAVO
re'ove'u,1,,11,1,CMAVO
re'u,76,,,1,CMAVO
rebi,12,,,1,CMAVO
reboi,45,,,1,CMAVO
rece,2,question_mark,,1,CMAVO
reci,11,,,1,CMAVO
recigeixa,4,question_mark,,1,CMAVO
recimoi,2,,,1,CMAVO4
recinomoi,4,,,1,CMAVO
recinonopinononononono,1,,,1,CMAVO4
recinotu'o,1,,,1,CMAVO4
recipi'ecino,2,,,1,CMAVO
recipi'evono,1,,,1,CMAVO
recitu'otu'o,1,,,1,CMAVO4
recivoki'o,8,,,1,CMAVO
reda,41,,,1,CMAVO
rede,15,,,1,CMAVO
redi,6,,,1,CMAVO
redice,1,question_mark,,1,CMAVO
redo,80,,,1,CMAVO
redoi,5,,,1,CMAVO
refi'ici,1,,,1,CMAVO4
refi'uci,2,,,1,CMAVO
refi'ucisi'e,4,,,1,CMAVO
refi'umu,13,,,1,CMAVO
refi'umucu'o,2,,,1,CMAVO
regale,1,question_mark,,1,CMAVO
rege,7,question_mark,,1,CMAVO
regi,8,question_mark,,1,CMAVO
rego,3,question_mark,,1,CMAVO
regu,3,question_mark,,1,CMAVO
regule,2,question_mark,,1,CMAVO
reguleca,1,question_mark,,1,CMAVO
regulo,8,question_mark,,1,CMAVO
reiru,1,,11,1,CMAVO
reji'i,1,,,1,CMAVO
reji'imu,1,,,1,CMAVO
reki'o,11,,,1,CMAVO
rela,8,,,1,CMAVO
rele,3,,,1,CMAVO
relei,2,,,1,CMAVO4
releive,2,,,1,CMAVO
releva,1,,,1,CMAVO
releve,1,,,1,CMAVO
relo,10,,,1,CMAVO
reloi,7,,,1,CMAVO
rely,35,question_mark,11,1,CMAVO
rema,22,,,1,CMAVO
remai,69,,,1,CMAVO
remaitu'e,4,,,1,CMAVO
remei,433,,,1,CMAVO
remi,14,,,1,CMAVO
remi'o,3,,,1,CMAVO
remo,1,,,1,CMAVO
remo'o,15,,,1,CMAVO
remoi,310,,,1,CMAVO
remu,13,,,1,CMAVO
remumoi,5,,,1,CMAVO4
remupi'eze,2,,,1,CMAVO
rene'e,1,,,1,CMAVO
reno,154,,,1,CMAVO
renomei,30,,,1,CMAVO
renomo'o,4,,,1,CMAVO
renono,18,,,1,CMAVO
renopi'ecize,2,,,1,CMAVO
renopiso'e,3,,,1,CMAVO
repa,25,,,1,CMAVO
repamo'o,1,,11,1,CMAVO
repare,1,,,1,CMAVO
repasovo,2,,,1,CMAVO
repi'emu,2,,,1,CMAVO
repi'ereno,2,,,1,CMAVO
repi'eze,2,,,1,CMAVO
repimu,19,,,1,CMAVO
repino,2,,,1,CMAVO
repisu'o,4,,,1,CMAVO
repivoso,4,,,1,CMAVO
repo'o,2,,,1,CMAVO
reraise,2,question_mark,,1,CMAVO
rere,12,,,1,CMAVO
rere'u,41,,,1,CMAVO
rere'uku,1,,,1,CMAVO
reremoi,3,,,1,CMAVO4
reroi,111,,,1,CMAVO
reroiku,6,,,1,CMAVO
reru,2,,,1,CMAVO4
resi'e,4,,,1,CMAVO
reso,2,,,1,CMAVO
resomai,1,,,1,CMAVO4
resomumu,2,,,1,CMAVO
resoxa,1,,,1,CMAVO4
reta,6,,,1,CMAVO
rete,14,,,1,CMAVO
reti,8,,,1,CMAVO
retu,1,,,1,CMAVO
revo,5,,,1,CMAVO
revonono,1,,,1,CMAVO
rexa,3,,,1,CMAVO
rexazere,3,,,1,CMAVO
rexe'e,3,,,1,CMAVO
rexe'eti,1,,,1,CMAVO
rexei,1,question_mark,,1,CMAVO4
reze,5,,,1,CMAVO
ri'abo,9,,,1,CMAVO
ri'ada'i,4,,,1,CMAVO
ri'agau,4,,,1,CMAVO4
ri'agi,7,,,1,CMAVO
ri'alenu,9,,,1,CMAVO
ri'ama,2,,,1,CMAVO
ri'anai,13,,,1,CMAVO
ri'anaibo,1,,11,1,CMAVO
ri'atu'a,2,,,1,CMAVO4
ri'uvi,12,,,1,CMAVO
ri'uxoi,12,,,1,CMAVO
ribu,37,,,1,CMAVO
ricu,1,question_mark,,1,CMAVO
rigoiko'a,2,,,1,CMAVO4
riji'a,2,,,1,CMAVO
rine,1,,,1,CMAVO
ripe,66,question_mark,,1,CMAVO
ripo,2,,,1,CMAVO
ritau,1,question_mark,,1,CMAVO
rivai,2,question_mark,,1,CMAVO
rixici,16,,,1,CMAVO
rixini'upa,7,,,1,CMAVO
rixini'ure,2,,,1,CMAVO
rixipa,3,,,1,CMAVO4
rixipapa,2,,,1,CMAVO4
rixipare,3,,,1,CMAVO4
rixire,12,,,1,CMAVO
rixivo,3,,,1,CMAVO
rixize,1,,,1,CMAVO4
ro'aroi,2,question_mark,,1,CMAVO4
ro'enai,2,,,1,CMAVO
ro'inai,2,,,1,CMAVO
ro'ire'o,5,,,1,CMAVO
ro'onai,1,,,1,CMAVO
ro'opa,1,,,1,CMAVO
ro'ujoiro'ijoiro'e,2,,,1,CMAVO
ro'uro'iro'e,3,,,1,CMAVO
ro'usai,3,,,1,CMAVO
roba'u,4,question_mark,,1,CMAVO4
robi,1,,,1,CMAVO
roboi,4,,,1,CMAVO
robu'a,5,question_mark,,1,CMAVO4
roci,12,,,1,CMAVO
rocima,1,,,1,CMAVO
roda,621,,,1,CMAVO
rodapede'u,4,,,1,CMAVO4
rodapedi'u,3,,,1,CMAVO4
rodapoi,1,,,1,CMAVO
rodaxipa,3,,,1,CMAVO4
rodaxire,3,,,1,CMAVO4
rodaxivo,1,,,1,CMAVO4
rodazo'u,1,,,1,CMAVO4
rode,117,question_mark,,1,CMAVO
rodexipa,1,,,1,CMAVO4
rodexire,1,,,1,CMAVO4
rodi,21,,,1,CMAVO
rodine,3,,,1,CMAVO
rodixipa,4,,,1,CMAVO
rodixire,1,,,1,CMAVO4
rodo,314,,,1,CMAVO
rodo'o,6,,,1,CMAVO
rodoi,31,question_mark,,1,CMAVO
rofi'ume'ici'i,2,,,1,CMAVO
rofi'usu'o,2,,,1,CMAVO
rofi'uvo,2,,,1,CMAVO
rofo'a,5,,,1,CMAVO4
roga,2,,,1,CMAVO
rogo,5,,,1,CMAVO
rogo'i,7,,,1,CMAVO4
rogu,5,,,1,CMAVO
roike,1,question_mark,,1,CMAVO
roipu,1,question_mark,,1,CMAVO
roire'o,1,question_mark,,1,CMAVO
roka,2,,,1,CMAVO
roko,11,,,1,CMAVO
role,2450,question_mark,,1,CMAVO
roledi'u,1,,,1,CMAVO
roledo,4,,,1,CMAVO4
rolei,11,,,1,CMAVO
roleko'e,1,,,1,CMAVO
rolemi,3,,,1,CMAVO4
rolemi'o,2,,,1,CMAVO
rolere,8,,,1,CMAVO
roleri,3,,,1,CMAVO4
rolesu'o,1,,,1,CMAVO
rolevi,2,,,1,CMAVO4
rolezu'o,2,,,1,CMAVO
rolo,58,,,1,CMAVO
rolodo,1,,,1,CMAVO
roloi,32,,,1,CMAVO
rolomi,2,,,1,CMAVO4
rolu'a,2,,,1,CMAVO
rolu'ake'a,1,,,1,CMAVO4
roma,54,,,1,CMAVO
roma'a,7,,,1,CMAVO
romai,11,,,1,CMAVO
romane,5,,,1,CMAVO
romei,49,,,1,CMAVO
romi,6,,,1,CMAVO4
romi'a,2,,,1,CMAVO
romo,2,,,1,CMAVO
romoi,111,,,1,CMAVO
ronai,4,question_mark,,1,CMAVO
ropa,7,,,1,CMAVO
ropamei,23,,,1,CMAVO4
ropano,6,,,1,CMAVO
ropimu,3,,,1,CMAVO
ropirociropimu,1,,,1,CMAVO
rora,1,,,1,CMAVO
rore,13,,,1,CMAVO
rore'u,2,,,1,CMAVO
roredo'i,2,,,1,CMAVO
rori,53,,,1,CMAVO
roroi,344,,,1,CMAVO
roroiku,27,,,1,CMAVO
rose,464,question_mark,,1,CMAVO
rosei,3,question_mark,,1,CMAVO
roso,6,,,1,CMAVO4
rosu'o,19,,,1,CMAVO
rosu'oci,6,,,1,CMAVO
rota,1,,,1,CMAVO
roti,3,,,1,CMAVO
rove'o,1,,,1,CMAVO
roxei,1,question_mark,,1,CMAVO4
roza'i,1,,,1,CMAVO
ru'azo'o,4,,,1,CMAVO4
ru'ijeze'u,1,,,1,CMAVO
ru'inai,61,,,1,CMAVO
ru'inaiku,1,,,1,CMAVO4
ru'uku,22,,,1,CMAVO
ru'uvu,2,,,1,CMAVO
ru'uxoi,8,,,1,CMAVO
*ruido,3,,11,1,CMAVO
rumo,3,,,1,CMAVO
rune,141,question_mark,,1,CMAVO
rupe,4,,,1,CMAVO
sa'asa'a,6,,,1,CMAVO
sa'ecu'i,2,,,1,CMAVO4
sa'enai,73,,,1,CMAVO
sa'eri,1,,,1,CMAVO4
sa'unai,11,,,1,CMAVO
saiki,4,question_mark,,1,CMAVO
sainai,1,,,1,CMAVO
sau'e,28,question_mark,,1,CMAVO
saudi,31,question_mark,,1,CMAVO
saumaudu,1,question_mark,,1,CMAVO
saunai,4,,,1,CMAVO
saura,3,,,1,CMAVO
sauro,1,,,1,CMAVO
se'anai,2,,,1,CMAVO
se'asai,2,,,1,CMAVO
se'ebi,2,question_mark,,1,CMAVO
se'ici,12,,,1,CMAVO
se'inai,57,,,1,CMAVO
se'isa'a,1,,,1,CMAVO4
se'izo'o,1,,,1,CMAVO4
se'ope'a,1,,,1,CMAVO
se'oza'a,3,,,1,CMAVO
seba'i,58,,,1,CMAVO
sebai,13,,,1,CMAVO
sebau,10,,,1,CMAVO
sebaupe'a,2,,,1,CMAVO
sebe'i,6,,,1,CMAVO
seca'i,5,,,1,CMAVO
secau,210,,,1,CMAVO
secaulenu,2,,,1,CMAVO
sece'o,2,,,1,CMAVO
seci'e,9,,,1,CMAVO
seci'o,37,,,1,CMAVO
seci'u,6,,,1,CMAVO
secu'u,28,,,1,CMAVO
secu'uma,6,,,1,CMAVO
secu'utu'azo,4,,,1,CMAVO
sede'i,7,,,1,CMAVO
sedi'o,17,,,1,CMAVO
sedu,1,,,1,CMAVO
sedu'i,10,,,1,CMAVO
sedu'o,13,,,1,CMAVO
sedu'obo,1,,,1,CMAVO4
sedu'onai,2,,,1,CMAVO
sedu'u,188,,,1,CMAVO
sefa'e,4,,,1,CMAVO
sefi'e,5,,,1,CMAVO
sega'a,9,,,1,CMAVO
sega'anai,1,,,1,CMAVO
segau,7,,,1,CMAVO
segi'o,3,,,1,CMAVO
segi'u,16,,,1,CMAVO
sego'a,1,,,1,CMAVO
sego'e,3,,,1,CMAVO
sego'i,36,,,1,CMAVO
sego'o,1,,,1,CMAVO4
segu'u,2,,,1,CMAVO
seida,2,question_mark,,1,CMAVO
seide'e,2,,,1,CMAVO4
seidi,1,question_mark,,1,CMAVO
seige,3,question_mark,,1,CMAVO
seika,1,question_mark,,1,CMAVO
seiko,2,question_mark,,1,CMAVO
seisa'a,71,,,1,CMAVO
seitu'a,16,,,1,CMAVO
seja,6,,,1,CMAVO
seja'e,90,,,1,CMAVO
seja'ebo,9,,,1,CMAVO
seja'eku,1,,,1,CMAVO4
seja'enai,1,,,1,CMAVO4
seja'i,4,,,1,CMAVO
sejai,1,,,1,CMAVO
sejaigau,1,,,1,CMAVO4
seji'e,5,,,1,CMAVO
seji'o,6,,,1,CMAVO
seji'u,5,,,1,CMAVO
seji'ubo,2,,,1,CMAVO4
seka,11,,,1,CMAVO
seka'a,30,,,1,CMAVO
seka'i,22,,,1,CMAVO
seka'o,2,,,1,CMAVO
sekai,128,,,1,CMAVO
sekainai,6,,,1,CMAVO4
seke,45,,,1,CMAVO
seki'i,11,,,1,CMAVO
seki'u,62,,,1,CMAVO
seki'ubo,65,,,1,CMAVO
seki'unai,20,,,1,CMAVO
seki'unaibo,2,,,1,CMAVO
seki'unaiku,2,,,1,CMAVO4
sekoi,13,question_mark,,1,CMAVO
seku'i,6,,,1,CMAVO
seku'u,9,,,1,CMAVO
sela'i,3,,,1,CMAVO
sela'u,91,,,1,CMAVO
sele'a,12,,,1,CMAVO
seli'e,6,,,1,CMAVO
sema'e,4,,,1,CMAVO
sema'i,7,,,1,CMAVO
semai,1,question_mark,,1,CMAVO
semau,73,,,1,CMAVO
semaubo,3,,,1,CMAVO
semaunai,13,,,1,CMAVO4
seme,9,,,1,CMAVO
seme'a,13,,,1,CMAVO
seme'e,16,,,1,CMAVO
semei,6,question_mark,,1,CMAVO4
semema,2,,,1,CMAVO
semo,9,question_mark,,1,CMAVO
semu'i,88,,,1,CMAVO
semu'ibo,31,,,1,CMAVO
semu'igi,2,,,1,CMAVO
semu'iku,2,,,1,CMAVO4
semu'ima,6,,,1,CMAVO4
semu'inai,4,,,1,CMAVO4
semu'u,13,,,1,CMAVO
seni,8,,,1,CMAVO
seni'a,6,,,1,CMAVO4
seni'i,55,,,1,CMAVO
seni'ibo,53,,,1,CMAVO
seni'inaibo,2,,,1,CMAVO
seno,6,,,1,CMAVO
senu,1,,,1,CMAVO
senubara,1,,,1,CMAVO
sepa'a,8,,,1,CMAVO
sepa'u,17,,,1,CMAVO
sepi'o,327,,,1,CMAVO
sepi'ogi,2,,,1,CMAVO4
*sepio,1,,,1,CMAVO4
sepo'i,6,,,1,CMAVO
sepo'inai,2,,,1,CMAVO4
sepu'a,18,,,1,CMAVO
sepu'e,7,,,1,CMAVO
sera,43,question_mark,,1,CMAVO
sera'a,244,,,1,CMAVO
sera'ade'u,1,,11,1,CMAVO
sera'aku,84,,,1,CMAVO
sera'i,7,,,1,CMAVO
serai,25,,,1,CMAVO
seri'a,62,,,1,CMAVO
seri'abo,10,,,1,CMAVO
seri'anaibo,2,,,1,CMAVO
seri'i,13,,,1,CMAVO
seru'u,10,,,1,CMAVO
sesau,14,question_mark,,1,CMAVO
sese,14,,,1,CMAVO
sesesesesesesesese,1,,,1,CMAVO
sesi'u,22,,,1,CMAVO
sesi'umi,3,,,1,CMAVO4
seso,5,,,1,CMAVO
setai,33,,,1,CMAVO
sete,2,,,1,CMAVO
sete'i,9,,,1,CMAVO
setese,25,,,1,CMAVO
setesevexeseteve,8,,,1,CMAVO
seti'i,5,,,1,CMAVO
seti'u,8,,,1,CMAVO
setu'i,12,,,1,CMAVO
seva'o,4,,,1,CMAVO
seva'u,42,,,1,CMAVO
sevi,6,,,1,CMAVO
sevoi,1,question_mark,,1,CMAVO
sevu'a,3,,,1,CMAVO
sexai,3,question_mark,,1,CMAVO4
sexe,4,,,1,CMAVO
sexebe'i,15,,,1,CMAVO4
sexi,1,,,1,CMAVO
sexici,5,,,1,CMAVO
seximu,1,,,1,CMAVO
sexipa,20,,,1,CMAVO
sexire,7,,,1,CMAVO
sexixa,13,,,1,CMAVO
sexize,1,,,1,CMAVO
sezu'e,21,,,1,CMAVO
si'anai,4,,,1,CMAVO
si'apei,2,,,1,CMAVO
si'e'a,1,question_mark,,1,CMAVO
si'ijoipi'i,1,,,1,CMAVO4
si'unai,6,,,1,CMAVO
so'aboi,2,,,1,CMAVO4
so'aci,3,,,1,CMAVO4
so'ada,12,,,1,CMAVO
so'ade,2,,,1,CMAVO
so'adi,2,,,1,CMAVO
so'ale,4,,,1,CMAVO4
so'amai,1,,,1,CMAVO
so'amei,34,,,1,CMAVO
so'amoi,3,,,1,CMAVO
so'apire,2,,,1,CMAVO4
so'are,5,,,1,CMAVO4
so'arepi,2,,,1,CMAVO4
so'aroi,16,,,1,CMAVO
so'ecai,1,,,1,CMAVO4
so'ecu'i,4,,,1,CMAVO
so'ecu'o,19,,,1,CMAVO
so'eda,11,,,1,CMAVO
so'ede,1,,,1,CMAVO
so'edo,8,,,1,CMAVO
so'eke'a,4,,,1,CMAVO
so'emei,16,,,1,CMAVO
so'epa,12,,,1,CMAVO
so'eroi,31,,,1,CMAVO
so'eroiku,1,,,1,CMAVO
so'esai,1,,,1,CMAVO4
so'ibe'unai,4,,,1,CMAVO
so'ici,2,,,1,CMAVO
so'icu'o,10,,,1,CMAVO
so'ida,49,,,1,CMAVO
so'ide,3,,,1,CMAVO
so'idi,2,,,1,CMAVO
so'iki'oki'o,4,,,1,CMAVO
so'iki'omei,1,,,1,CMAVO
so'iko'axire,2,,,1,CMAVO
so'ile,6,,,1,CMAVO
so'ilo,11,,,1,CMAVO
so'imei,133,,,1,CMAVO
so'ire'u,2,,,1,CMAVO
so'iroi,84,,,1,CMAVO
so'iroiku,1,,,1,CMAVO
so'isai,3,,,1,CMAVO4
so'iso'i,1,,,1,CMAVO
so'ixei,1,,,1,CMAVO4
so'oboi,2,,,1,CMAVO
so'ocu'o,8,,,1,CMAVO
so'oda,17,,,1,CMAVO
so'odi'u,5,,,1,CMAVO4
so'oki'omoi,4,,,1,CMAVO
so'ole,6,,,1,CMAVO
so'olemi,7,,,1,CMAVO4
so'olo,2,,,1,CMAVO
so'omei,43,,,1,CMAVO
so'onono,2,,,1,CMAVO
so'ononoki'oroi,1,,,1,CMAVO4
so'ononoroi,1,,,1,CMAVO4
so'oroi,41,,,1,CMAVO
so'oroiku,6,,,1,CMAVO
so'oso,1,,,1,CMAVO
so'ucu'o,1,,,1,CMAVO
so'uda,21,,,1,CMAVO
so'udo,1,,,1,CMAVO4
so'ulo,1,,,1,CMAVO
so'umei,25,,,1,CMAVO
so'umoi,4,,,1,CMAVO
so'upa,1,,,1,CMAVO
so'uroi,53,,,1,CMAVO
so'uroiku,12,,,1,CMAVO
so'uso'epa,3,,,1,CMAVO4
sobi,1,,,1,CMAVO
sobiboi,3,,,1,CMAVO4
soboi,2,,,1,CMAVO
soda,76,,,1,CMAVO
sode,1,,,1,CMAVO
sofi'upano,20,,,1,CMAVO4
sofi'upanosi'e,1,,,1,CMAVO4
soifo,1,question_mark,,1,CMAVO
soila,2,question_mark,,1,CMAVO
soime,2,question_mark,,1,CMAVO
soimei,2,question_mark,,1,CMAVO
soisai,1,question_mark,,1,CMAVO
soivo'a,2,,,1,CMAVO
soivo'avo'e,3,,,1,CMAVO4
soivo'evo'a,3,,,1,CMAVO
sola,24,,,1,CMAVO
sole,376,,,1,CMAVO
solo,170,,,1,CMAVO
soma,11,,,1,CMAVO
somai,3,,,1,CMAVO
somei,8,,,1,CMAVO
somo'o,2,,,1,CMAVO
somoi,11,,,1,CMAVO
sono,33,,,1,CMAVO
sonoma,1,,,1,CMAVO
sonono,6,,,1,CMAVO
sonore,2,,,1,CMAVO
sony,2,,11,1,CMAVO
sopa,6,,,1,CMAVO
sopiro,9,,,1,CMAVO
sora,27,,,1,CMAVO
sore,70,,,1,CMAVO
soremei,2,,,1,CMAVO
soso,10,,,1,CMAVO
soso'u,1,,,1,CMAVO
sosobi,1,,,1,CMAVO
sosoboi,8,,,1,CMAVO
sosomei,2,,,1,CMAVO
sosomoi,1,,,1,CMAVO
sososo,3,,,1,CMAVO
sososomei,5,,,1,CMAVO
sososososososososo,3,,,1,CMAVO
sota,1,,,1,CMAVO
soxa,1,,,1,CMAVO
soxo,4,,,1,CMAVO
su'anai,20,,,1,CMAVO
su'aroi,2,,,1,CMAVO
su'azo'o,4,,,1,CMAVO
su'azo'ojezo'onai,1,,,1,CMAVO
su'emei,10,,,1,CMAVO4
su'emu,2,,,1,CMAVO4
su'emuroi,3,,,1,CMAVO4
su'epa,33,,,1,CMAVO
su'epano,1,,,1,CMAVO4
su'epare,1,,,1,CMAVO4
su'eparoi,2,,,1,CMAVO4
su'episo'emei,6,,,1,CMAVO4
su'episo'imei,6,,,1,CMAVO4
su'episo'umei,6,,,1,CMAVO4
su'ere,1,,,1,CMAVO
su'erevo,2,,,1,CMAVO
su'eroi,2,,,1,CMAVO
su'esi'e,1,,,1,CMAVO
su'eso'uroi,10,,,1,CMAVO4
su'esu'ore,2,,,1,CMAVO4
su'ile,4,,,1,CMAVO
su'iparoi,4,,,1,CMAVO4
su'itole,1,question_mark,,1,CMAVO
su'itome,3,question_mark,,1,CMAVO
su'obi'ida'a,1,,,1,CMAVO
su'oci,49,,,1,CMAVO
su'ocino,6,,,1,CMAVO
su'ocu'o,6,,,1,CMAVO
su'oda,47,,,1,CMAVO
su'oda'a,1,,,1,CMAVO
su'odapeca'a,1,,,1,CMAVO4
su'odapele,3,,,1,CMAVO4
su'ode,15,,,1,CMAVO
su'odeperi,3,,,1,CMAVO4
su'odo,1,,,1,CMAVO4
su'oko,2,,,1,CMAVO4
su'oko'a,8,,,1,CMAVO
su'ole,6,,,1,CMAVO4
su'oleko'a,2,,,1,CMAVO4
su'olo,1,,,1,CMAVO
su'omei,17,,,1,CMAVO
su'omoi,1,,,1,CMAVO
su'omu,4,,,1,CMAVO
su'omuki'omei,13,,,1,CMAVO
su'omuroi,1,,,1,CMAVO4
su'omusu'eci,2,,,1,CMAVO
su'ono,5,,,1,CMAVO
su'onomei,11,,,1,CMAVO
su'opa,69,,,1,CMAVO
su'opada,3,,,1,CMAVO4
su'opaki'o,4,,,1,CMAVO4
su'opano,2,,,1,CMAVO4
su'opanono,2,,,1,CMAVO
su'oparemei,2,,,1,CMAVO4
su'opi,2,,,1,CMAVO
su'opimu,15,,,1,CMAVO
su'opireroi,2,,,1,CMAVO
su'orau,5,,,1,CMAVO4
su'ore,87,,,1,CMAVO
su'ore'u,2,,,1,CMAVO
su'oreda,12,,,1,CMAVO
su'oremei,29,,,1,CMAVO
su'oremoi,2,,,1,CMAVO
su'orenono,4,,,1,CMAVO
su'orere'u,7,,,1,CMAVO
su'oreroi,6,,,1,CMAVO
su'ori,3,,,1,CMAVO
su'oroi,48,,,1,CMAVO
su'oroikuxipa,2,,,1,CMAVO4
su'osi'e,3,,,1,CMAVO4
su'oso,1,,,1,CMAVO
su'oso'i,1,,,1,CMAVO
su'oso'o,3,,,1,CMAVO
su'oso'u,4,,,1,CMAVO
su'oso'uji'i,1,,,1,CMAVO
su'oso'umei,2,,,1,CMAVO
su'oso'uroi,2,,,1,CMAVO4
su'osu'epa,2,,,1,CMAVO4
su'ovomei,1,,,1,CMAVO
su'oxa,3,,,1,CMAVO
su'oxei,1,,,1,CMAVO4
su'uko'axire,2,,,1,CMAVO
su'uxici,8,,,1,CMAVO
su'uximu,8,,,1,CMAVO
su'uxipa,8,,,1,CMAVO
su'uxire,8,,,1,CMAVO
su'uxivo,8,,,1,CMAVO
supi'o,4,question_mark,11,1,CMAVO
sybu,2,,,,LERFU COMPOUND4
symy,2,,,,
synyty,2,,,,
ta'adoi,2,,,1,CMAVO4
ta'aru'e,6,,,1,CMAVO4
ta'enai,7,,,1,CMAVO
ta'ezei,4,,,1,CMAVO
ta'igi,2,,,1,CMAVO
ta'ima,5,,,1,CMAVO
ta'irai,1,,,1,CMAVO
ta'itu'a,4,,,1,CMAVO
ta'obi'u,2,,,1,CMAVO
ta'onai,35,,,1,CMAVO
ta'opau,2,,,1,CMAVO
ta'unai,39,,,1,CMAVO
tabu,18,,,1,CMAVO
tade'u,4,,,1,CMAVO
taibo,2,,,1,CMAVO
taiga,1,question_mark,,1,CMAVO
taiki,1,,,1,CMAVO
taiku,1,,,1,CMAVO4
taila,2,question_mark,,1,CMAVO4
taimakau,13,,,1,CMAVO
taipei,35,question_mark,,1,CMAVO
taire,1,question_mark,,1,CMAVO
taisei,4,question_mark,,1,CMAVO
takau,4,,,1,CMAVO
tamo,3,,,1,CMAVO
tanerai,24,question_mark,,1,CMAVO
tanoi,1,question_mark,,1,CMAVO4
tape,573,question_mark,,1,CMAVO
tapo,4,question_mark,,1,CMAVO
tari'o,4,,,1,CMAVO
taubo,1,question_mark,,1,CMAVO
tauce'afy,5,,,1,CMAVO4
taufu,1,question_mark,,1,CMAVO
tauku,4,,,1,CMAVO
taupa,4,question_mark,,1,CMAVO
taxeila,1,question_mark,,1,CMAVO
taxi,197,question_mark,,1,CMAVO
te'i,105,,,1,CMAVO
te'inai,1,,,1,CMAVO4
te'ofei,1,,,1,CMAVO
teba'i,4,,,1,CMAVO
tebau,4,,,1,CMAVO
tebe'i,11,,,1,CMAVO
tebi'ogi,1,,,1,CMAVO
teca'i,4,,,1,CMAVO
teci'e,7,,,1,CMAVO
teci'o,4,,,1,CMAVO
teci'onai,1,,,1,CMAVO
tecu'u,36,,,1,CMAVO
tedi'o,4,,,1,CMAVO
tedu'a,7,,,1,CMAVO4
tedu'i,4,,,1,CMAVO
tedu'o,8,,,1,CMAVO
tedu'onai,2,,,1,CMAVO
tefi'e,7,,,1,CMAVO
tega'a,6,,,1,CMAVO
tegau,9,,,1,CMAVO4
tegi'anai,1,,,1,CMAVO
tegi'e,2,,,1,CMAVO
teixeira,10,question_mark,,1,CMAVO
teja'i,4,,,1,CMAVO
teja'o,1,,,1,CMAVO
teji'e,4,,,1,CMAVO
teji'o,4,,,1,CMAVO
teka'a,13,,,1,CMAVO
teka'i,4,,,1,CMAVO
teki'i,10,,,1,CMAVO
tekoi,4,question_mark,,1,CMAVO
tela'i,3,,,1,CMAVO
tela'u,15,,,1,CMAVO
tele'a,4,,,1,CMAVO
teli'e,4,,,1,CMAVO
tema'i,5,,,1,CMAVO
tema'inai,1,,,1,CMAVO
temai,6,question_mark,,1,CMAVO
temau,2,question_mark,,1,CMAVO4
teme'e,6,,,1,CMAVO
temo,8,question_mark,,1,CMAVO
temu'iku,4,,,1,CMAVO
temu'u,4,,,1,CMAVO
teni,9,question_mark,,1,CMAVO
teni'a,4,,,1,CMAVO
teni'i,4,,,1,CMAVO
teno'a,8,,,1,CMAVO
tepa'a,4,,,1,CMAVO
tepi'o,15,,,1,CMAVO
tepo'i,5,,,1,CMAVO
tepu'e,4,,,1,CMAVO
terai,4,question_mark,,1,CMAVO
teri'a,1,,,1,CMAVO
tesau,7,,,1,CMAVO
tesauku,1,,,1,CMAVO4
tese,3,,,1,CMAVO
tesete,3,,,1,CMAVO
tesi'u,4,,,1,CMAVO
teta'i,1,,,1,CMAVO4
tetai,16,,,1,CMAVO
tete'i,9,,,1,CMAVO
teti'i,4,,,1,CMAVO
teti'u,4,,,1,CMAVO
tezu'e,117,,,1,CMAVO
tezu'enai,7,,,1,CMAVO4
tezu'i,3,,,1,CMAVO
ti'afa'a,3,,,1,CMAVO
ti'alo,2,,,1,CMAVO4
ti'ato'o,1,,,1,CMAVO
ti'eni'o,2,question_mark,,1,CMAVO4
ti'eti'e,3,question_mark,,1,CMAVO
tice,1,,,1,CMAVO
tidu,3,,,1,CMAVO
tine,5,,,1,CMAVO
tinoi,1,,,1,CMAVO4
tipe,13,,,1,CMAVO
tipedi,1,question_mark,,1,CMAVO
tipo,5,,,1,CMAVO
to'asa'a,1,,,1,CMAVO4
to'ato,3,,,1,CMAVO4
to'ebo,16,,,1,CMAVO
to'ebori,2,,,1,CMAVO4
to'ego'i,2,,,1,CMAVO
to'eke,1,,,1,CMAVO
to'eto'e,2,,,1,CMAVO
to'isa'a,5,,,1,CMAVO
to'ofa'a,2,,,1,CMAVO
to'okau,4,,,1,CMAVO
to'oku,2,,,1,CMAVO
to'omo'i,8,,,1,CMAVO
to'unai,10,,,1,CMAVO4
to'unaicaidai,2,,,1,CMAVO
todavi'a,4,question_mark,,1,CMAVO
toibu,2,,,1,CMAVO4
toipe'i,2,,,1,CMAVO4
toito'i,3,,,1,CMAVO4
toiza'o,6,,,1,CMAVO
toizo'o,5,,,1,CMAVO
toku'i,1,question_mark,,1,CMAVO
tora'unai,1,question_mark,,1,CMAVO
tosa'a,78,,,1,CMAVO
tova'inai,1,question_mark,,1,CMAVO
tu'ada'u,1,,,1,CMAVO
tu'ade,1,,,1,CMAVO
tu'ade'u,2,,,1,CMAVO
tu'adi'u,2,,,1,CMAVO
tu'ado,3,,,1,CMAVO
tu'ake'a,2,,,1,CMAVO4
tu'ako,7,,,1,CMAVO4
tu'ala,1,,,1,CMAVO
tu'ala'edi'u,2,,,1,CMAVO4
tu'ala'o,1,,,1,CMAVO
tu'ala'ozy,2,,,1,CMAVO
tu'ale,11,,,1,CMAVO
tu'alei,1,,,1,CMAVO4
tu'alo,13,,,1,CMAVO
tu'aloi,6,,,1,CMAVO
tu'alori,4,,,1,CMAVO
tu'alu,20,,,1,CMAVO
tu'amakau,1,,,1,CMAVO4
tu'ami,14,,,1,CMAVO
tu'anai,12,,,1,CMAVO
tu'apirole,3,,,1,CMAVO4
tu'ara,3,,,1,CMAVO
tu'ari,25,,,1,CMAVO
tu'aro'u,4,,,1,CMAVO4
tu'aty,1,,,1,CMAVO
tu'avo'a,1,,,1,CMAVO4
tu'azo,5,,,1,CMAVO
tu'iki,2,,,1,CMAVO
tu'ilo,2,,,1,CMAVO
tu'okau,15,,,1,CMAVO
tu'omoi,1,,,1,CMAVO
tu'ope'e,1,,,1,CMAVO
tu'ufa'o,2,,,1,CMAVO
tu'unai,1,,,1,CMAVO
tunai,1,question_mark,,1,CMAVO
tune,244,question_mark,,1,CMAVO
tyboi,3,,,,LERFU COMPOUND4
tybu,4,,,,LERFU COMPOUND4
typy,2,,,,LERFU COMPOUND4
u'acairo'iro'e,1,,,1,CMAVO
u'adai,1,,,1,CMAVO
u'anai,14,,,1,CMAVO4
u'anairo'i,3,,,1,CMAVO4
u'anaizo'o,8,,,1,CMAVO4
u'aro'a,2,,,1,CMAVO
u'aro'e,6,,,1,CMAVO
u'ecai,21,,,1,CMAVO
u'ecaire'e,4,,,1,CMAVO
u'ecu'i,7,,,1,CMAVO
u'edai,1,,,1,CMAVO
u'enai,7,,,1,CMAVO
u'ere'e,1,,11,1,CMAVO
u'ero'ebe'unai,4,,,1,CMAVO
u'eru'e,7,,,1,CMAVO4
u'esaibo,3,question_mark,,1,CMAVO4
u'i'i'i'i,11,question_mark,,1,CMAVO
u'icai,41,,,1,CMAVO
u'icu'i,2,,,1,CMAVO
u'inai,16,,,1,CMAVO
u'inairo'e,4,,,1,CMAVO
u'inaisai,7,,,1,CMAVO
u'ipei,4,,,1,CMAVO
u'iro'a,1,,,1,CMAVO
u'iro'e,8,,,1,CMAVO
u'iro'ebe'unai,1,,,1,CMAVO
u'iru'e,27,,,1,CMAVO
u'iru'ese'i,1,,,1,CMAVO
u'isai,36,,,1,CMAVO
u'ise'i,10,,,1,CMAVO
u'izo'o,1,,,1,CMAVO
u'ocai,1,,,1,CMAVO
u'ocu'i,12,,,1,CMAVO
u'ocu'izo'oru'e,1,,,1,CMAVO4
u'onai,6,,,1,CMAVO
u'ore'ecai,2,,,1,CMAVO
u'ucai,12,,,1,CMAVO
u'ucu'i,4,,,1,CMAVO
u'udai,8,,,1,CMAVO
u'ugo'i,1,,,1,CMAVO
u'unai,2,,,1,CMAVO
u'unaidai,4,,,1,CMAVO
u'uri'e,1,,,1,CMAVO
u'uro'a,6,,,1,CMAVO4
u'uro'e,6,,,1,CMAVO
u'uro'eru'e,1,,11,1,CMAVO
u'uru'e,16,,,1,CMAVO
u'uru'ero'a,4,,,1,CMAVO4
u'uru'ero'ata'a,1,,,1,CMAVO
u'usai,3,,,1,CMAVO
u'use'i,3,,,1,CMAVO4
u'use'inai,1,,,1,CMAVO4
u'uta'a,1,,,1,CMAVO
u'uzo'o,4,,,1,CMAVO
*u'y,2,,,1,CMAVO
uacai,13,,,1,CMAVO
uacu'e,2,,,1,CMAVO
uacu'i,9,,,1,CMAVO
uadai,8,,,1,CMAVO
uanai,158,,,1,CMAVO
uanaicai,11,,,1,CMAVO
uanairo'e,1,,,1,CMAVO
uanaisai,35,,,1,CMAVO
uanaiti'e,2,,,1,CMAVO4
uanaivu'onai,3,,,1,CMAVO
uapei,5,,,1,CMAVO
uaro'e,7,,,1,CMAVO
uaru'e,8,,,1,CMAVO4
uasai,26,,,1,CMAVO
*uaui,1,,,1,CMAVO
ubu,23,,,1,CMAVO
ubuce'osy,6,,,1,CMAVO4
ubusy,1,,,1,CMAVO4
ubuvymyby,2,,,,LERFU COMPOUND4
uci,23,question_mark,,1,CMAVO
uda,5,,,1,CMAVO
ude,2,,,1,CMAVO
udi,2,,,1,CMAVO
udine,2,,,1,CMAVO
udo,2,,,1,CMAVO
uecai,72,,,1,CMAVO
uecaicai,2,,,1,CMAVO4
uecaizo'o,1,,,1,CMAVO
uecu'i,18,,,1,CMAVO
uedai,2,,,1,CMAVO
*uei'u,1,,,1,CMAVO
ueki'anai,4,,,1,CMAVO
ueki'ecai,1,,,1,CMAVO4
uele'o,2,,,1,CMAVO
uenai,39,,,1,CMAVO
uenaidai,4,,,1,CMAVO
uenaipei,1,,,1,CMAVO4
uepei,29,,,1,CMAVO
uepeinai,3,,,1,CMAVO4
uero'a,8,,,1,CMAVO4
ueru'e,21,,,1,CMAVO4
ueru'ei'e,1,,,1,CMAVO4
uesai,32,,,1,CMAVO
uesaizo'o,2,,,1,CMAVO
uezo'o,3,,,1,CMAVO
uezo'ozo'onai,1,,,1,CMAVO
uga,8980,question_mark,,1,CMAVO
uge,3,,,1,CMAVO
ugo,12,,,1,CMAVO
ugu,2,,,1,CMAVO
uiba'a,2,,,1,CMAVO
uiba'enai,3,,,1,CMAVO
uibu,1,,,1,CMAVO
uicai,90,,,1,CMAVO
uicairo'a,1,,,1,CMAVO
uicu'i,5,,,1,CMAVO
uidai,15,,,1,CMAVO
uidei,4,,,1,CMAVO
uifu'e,3,,,1,CMAVO
uifu'i,1,,,1,CMAVO4
uimamo,1,question_mark,,1,CMAVO4
uinai,190,,,1,CMAVO
uinaicai,9,,,1,CMAVO
uinaicairo'i,3,,,1,CMAVO4
uinaidai,1,,,1,CMAVO
uinairo'i,2,,,1,CMAVO4
uinairu'e,7,,,1,CMAVO
uinaisai,1,,11,1,CMAVO
uipei,1,,11,1,CMAVO
uiri'e,8,,,1,CMAVO
uiri'ecai,6,,,1,CMAVO
uiro'e,1,,11,1,CMAVO
uiro'o,2,,,1,CMAVO
uiro'osai,4,,,1,CMAVO
uiro'u,2,,,1,CMAVO
uiru'e,2,,,1,CMAVO
uisai,26,,,1,CMAVO
uisaidai,1,,,1,CMAVO
uisairo'e,1,,,1,CMAVO4
uise'inai,2,,,1,CMAVO
uizo'o,4,,,1,CMAVO
ukida,1,,,1,CMAVO
ukira,1,,,1,CMAVO
ukitu,1,,,1,CMAVO
uko,6,,,1,CMAVO
ula,11,,,1,CMAVO
ule,11,,,1,CMAVO
uli,3,,,1,CMAVO
ulo,33,,,1,CMAVO
uma,137,,,1,CMAVO
umi,12,,,1,CMAVO
unai,3,,,1,CMAVO
unaibo,1,question_mark,,1,CMAVO
uno,70,question_mark,,1,CMAVO
uobu'o,1,,,1,CMAVO
uocai,16,,,1,CMAVO
uodai,10,,,1,CMAVO
uonai,8,,,1,CMAVO
uonaibu'ocu'i,1,,,1,CMAVO
uonaicai,1,,,1,CMAVO
uonairu'e,1,,11,1,CMAVO
uoru'e,1,,,1,CMAVO
uosai,2,,,1,CMAVO
uose'i,2,,,1,CMAVO4
upa,2,question_mark,,1,CMAVO
uparolo,2,,,1,CMAVO
ura,14,,,1,CMAVO
uraiki,1,,,1,CMAVO
ure,60,question_mark,,1,CMAVO
uri,49,,,1,CMAVO
uro,9,question_mark,,1,CMAVO
uropa,16,question_mark,,1,CMAVO
uru,8,,,1,CMAVO
uta,17,,,1,CMAVO
uti,7,,,1,CMAVO
utu,21,,,1,CMAVO
uucai,7,,11,1,CMAVO
uucu'i,1,,,1,CMAVO4
uudai,1,,,1,CMAVO4
uuga'i,1,,11,1,CMAVO
uugo'i,1,,,1,CMAVO4
uuje'u,1,,11,1,CMAVO
uunai,10,,,1,CMAVO4
uuro'e,1,,,1,CMAVO4
uuru'e,7,,11,1,CMAVO
uusai,9,,11,1,CMAVO
uuse'i,21,,11,1,CMAVO
uuse'icai,3,,,1,CMAVO4
uuse'inai,12,,,1,CMAVO4
uuvu'e,1,,11,1,CMAVO
uuzo'o,2,,11,1,CMAVO
uuzo'ocu'i,1,,11,1,CMAVO
uzata,4,,,1,CMAVO
uzita,3,,,1,CMAVO
*va'e,7,,,1,CMAVO
va'imu'a,1,,,1,CMAVO
va'inai,21,,,1,CMAVO
va'inaiki'a,1,,,1,CMAVO
va'inaipei,4,,,1,CMAVO
va'oda'i,5,,,1,CMAVO
va'ode'u,6,,,1,CMAVO
va'oki,4,,,1,CMAVO
va'olo,2,,,1,CMAVO4
va'omakau,6,,,1,CMAVO
va'onai,16,,,1,CMAVO
va'opo'o,10,,,1,CMAVO
va'u,8,,,1,CMAVO
vabi'one'i,1,,,1,CMAVO4
vace'e,1,,,1,CMAVO
vada,1,,,1,CMAVO
vade,4,,,1,CMAVO
vadi,12,,,1,CMAVO
vadu,6,,,1,CMAVO
vaga,2,,,1,CMAVO
vaga'a,3,,,1,CMAVO4
vage,4,,,1,CMAVO
vagi,1,,,1,CMAVO
vago,1,,,1,CMAVO
vaika'o,1,,,1,CMAVO
vaipi'ebi,1,question_mark,,1,CMAVO4
vaipibi,1,question_mark,,1,CMAVO4
vairi,3,,,1,CMAVO
vaje'o,1,,,1,CMAVO4
vakira,1,,,1,CMAVO
vakiro,1,,,1,CMAVO
vako,2,,,1,CMAVO
vaku,9,,,1,CMAVO
vala,13,,,1,CMAVO
valai,1,,,1,CMAVO
vale,29,,,1,CMAVO
valeri,2,,,1,CMAVO
valo,6,,,1,CMAVO
valora,2,,,1,CMAVO
valori,1,,,1,CMAVO
valorose,1,question_mark,,1,CMAVO
vama,1,,,1,CMAVO
vami,1,,,1,CMAVO
vamo,5,,,1,CMAVO
vane'ivi,2,,,1,CMAVO4
vano,5,question_mark,,1,CMAVO
vara,12,,,1,CMAVO
varela,2,question_mark,,1,CMAVO
vari,9,,,1,CMAVO
varo,3,question_mark,,1,CMAVO
vary,11,question_mark,11,1,CMAVO
vase,38,question_mark,,1,CMAVO
vata,1,,,1,CMAVO
vati,12,,,1,CMAVO
vauba'u,1,,,1,CMAVO
vauga'i,3,,,1,CMAVO
vauga'inai,7,,,1,CMAVO
vaukei,2,,,1,CMAVO4
vaukeige'uvau,1,question_mark,,1,CMAVO4
vaukeikuvauku'ovau,1,question_mark,,1,CMAVO4
vaukeivauku'ovau,1,question_mark,,1,CMAVO4
vauku'o,1,question_mark,,1,CMAVO4
vauku'ovaukeivau,1,question_mark,,1,CMAVO4
vaupe'i,2,,,1,CMAVO
vausa'ake'unai,2,,,1,CMAVO4
vause'i,1,,,1,CMAVO
vauvau,13,,,1,CMAVO
vauxu,3,,,1,CMAVO
vauzo'o,18,,,1,CMAVO
vava,4,,,1,CMAVO
vave'a,8,,,1,CMAVO4
vave'afa'a,1,,,1,CMAVO4
vave'i,1,,,1,CMAVO4
vavi,2,,,1,CMAVO
vavinai,1,,,1,CMAVO4
vaxire,3,,,1,CMAVO
vazai,6,question_mark,,1,CMAVO4
vazaive'a,7,,,1,CMAVO4
vazave'a,2,,,1,CMAVO4
vaze'a,2,,,1,CMAVO4
vaze'i,4,,,1,CMAVO4
vazi,10,,,1,CMAVO
vazo,3,,,1,CMAVO
vazu,1,,,1,CMAVO
ve'abu'u,1,,,1,CMAVO
ve'aki,2,,,1,CMAVO
ve'ani'a,1,,,1,CMAVO
ve'avi'a,1,,,1,CMAVO
ve'avu'a,1,,,1,CMAVO
ve'efa'a,3,,,1,CMAVO4
ve'eki,4,,,1,CMAVO
ve'ijega'u,6,,,1,CMAVO4
ve'ijeze'i,1,,11,1,CMAVO
ve'ize'o,1,,,1,CMAVO
ve'ujaze'u,1,,11,1,CMAVO
vebe'i,10,,,1,CMAVO
veci'e,1,,,1,CMAVO
vecu'u,149,,,1,CMAVO
vede'i,1,,,1,CMAVO4
vedu'o,28,,,1,CMAVO
vega'a,9,,,1,CMAVO
vei'o,1,question_mark,11,1,CMAVO
veisu'obi'ida'a,2,,,1,CMAVO
veitu'osu'ipa,4,,,1,CMAVO4
veka'a,5,,,1,CMAVO
vemau,9,,,1,CMAVO
veme'a,1,,,1,CMAVO
vepa'a,4,,,1,CMAVO
vepu'e,5,,,1,CMAVO
verai,5,,,1,CMAVO
veri,20,,,1,CMAVO
verife'u,1,,,1,CMAVO
veroxi'e,1,,,1,CMAVO
veseve,3,,,1,CMAVO4
vesi'u,1,,,1,CMAVO
veti'u,4,,,1,CMAVO
vi'ajavi'u,4,,,1,CMAVO4
vi'odo'u,2,,,1,CMAVO4
vida,23,question_mark,,1,CMAVO
vide,43,question_mark,,1,CMAVO
vidi,28,,,1,CMAVO
vido,3,,,1,CMAVO
vidu,235,,,1,CMAVO
viga,1,,,1,CMAVO
vigi,2,,,1,CMAVO
vigo,5,,,1,CMAVO
vigu,1,,,1,CMAVO
vije'oza,6,,,1,CMAVO4
vijeca'uza,2,,,1,CMAVO4
vijevajevuku,1,,,1,CMAVO4
vijo'uva,1,,,1,CMAVO
vika'e,6,,,1,CMAVO4
viki,7,,,1,CMAVO
viko'a,3,,,1,CMAVO4
viku,15,,,1,CMAVO
vila,11,,,1,CMAVO
vile,51,question_mark,,1,CMAVO
vilo,1,,,1,CMAVO4
vima,2,,,1,CMAVO
vinai,4,question_mark,,1,CMAVO
vine'i,4,,,1,CMAVO
vine'iva,4,,,1,CMAVO4
vine'ivi,2,,,1,CMAVO4
vino,22,question_mark,,1,CMAVO
vira,12,,,1,CMAVO
viri,2,,,1,CMAVO
viro,78,,,1,CMAVO
vise,8,,,1,CMAVO
vita,41,question_mark,,1,CMAVO
vita'e,1,,,1,CMAVO
vita'o,1,,,1,CMAVO
viti,3,,,1,CMAVO
viti'a,2,,,1,CMAVO4
vive'a,10,,,1,CMAVO4
vive'i,2,,,1,CMAVO4
vive'u,4,,,1,CMAVO
vivi'a,1,,,1,CMAVO
viviri'a,1,,,1,CMAVO
vixoi,4,question_mark,,1,CMAVO
viza,23,,,1,CMAVO
vize'i,2,,,1,CMAVO4
vize'o,6,,,1,CMAVO4
vizi,18,,,1,CMAVO
vizitu,4,,,1,CMAVO
vizu,5,,,1,CMAVO
vo'afu'i,1,,,1,CMAVO
vo'ago'i,1,,,1,CMAVO
vo'ape,2,,,1,CMAVO4
vo'apedi'u,2,,,1,CMAVO4
vo'apodi'e,1,,,1,CMAVO4
vo'axipa,2,,,1,CMAVO4
vo'axire,2,,,1,CMAVO4
vo'edi'u,4,,,1,CMAVO4
vo'epedi'u,9,,,1,CMAVO4
vo'oni,1,,,1,CMAVO
vobi,10,,,1,CMAVO4
voboi,23,,,1,CMAVO
voci,2,,,1,CMAVO
voda,38,,,1,CMAVO
vode,10,,,1,CMAVO
vodi,1,,,1,CMAVO
vodo,1,,,1,CMAVO
vofi'uze,28,,,1,CMAVO
vofi'uzecu'o,1,,,1,CMAVO
vofi'uzesi'e,12,,,1,CMAVO
voici,14,question_mark,,1,CMAVO
voili'u,2,,,1,CMAVO4
voki'o,4,,,1,CMAVO
voki'omei,3,,,1,CMAVO4
vole,76,,,1,CMAVO
voleda,1,,,1,CMAVO
volere,6,,,1,CMAVO
volete,2,,,1,CMAVO
voletive,1,question_mark,,1,CMAVO
voleva,7,,,1,CMAVO
volo,12,,,1,CMAVO
vomai,7,,,1,CMAVO
vomei,27,,,1,CMAVO
vomo'o,5,,,1,CMAVO
vomoi,49,,,1,CMAVO
vomu,4,,,1,CMAVO
vomunobi,3,,,1,CMAVO
vomupa,6,,,1,CMAVO4
vono,9,,,1,CMAVO
vonoji'i,1,,,1,CMAVO
vonomei,4,,,1,CMAVO4
vonono,24,,,1,CMAVO
vononoki'oki'o,11,,,1,CMAVO
vopa,4,,,1,CMAVO
vopamu,2,,,1,CMAVO
vopi'eci,2,,,1,CMAVO
vopi'emu,4,,,1,CMAVO
vopi'ere,2,,,1,CMAVO
vopi'erepa,6,,,1,CMAVO
vopi'evo,2,,,1,CMAVO
vopi'exa,6,,,1,CMAVO
vopi'eze,2,,,1,CMAVO
vopi'uze,1,,,1,CMAVO
vopimu,6,,,1,CMAVO
vora,13,,,1,CMAVO
vore,1,,,1,CMAVO
vori,1,,,1,CMAVO
voro,1,,,1,CMAVO
voroi,16,,,1,CMAVO
vovo,6,,,1,CMAVO
vovono,2,,,1,CMAVO
vovovovovovo,7,,,1,CMAVO
vozi,10,,,1,CMAVO
vu'aba,4,,,1,CMAVO
vu'aku,16,,,1,CMAVO
vu'ava,4,,,1,CMAVO
vu'axoi,8,,,1,CMAVO
vu'enai,4,,,1,CMAVO
vu'enaiki,1,,11,1,CMAVO
vu'esai,2,,,1,CMAVO
vu'ile,6,,,1,CMAVO
vu'inai,3,,,1,CMAVO4
vu'o,95,,,1,CMAVO
vu'ope,10,,,1,CMAVO
vu'opoi,1,,11,1,CMAVO
vuga'u,2,,,1,CMAVO
vujaivi,1,question_mark,,1,CMAVO4
vujavi,1,,,1,CMAVO4
vuku,4,,,1,CMAVO
vura,1,,,1,CMAVO
vusai,4,question_mark,,1,CMAVO4
vuse,2,,,1,CMAVO
vuva,4,,,1,CMAVO
vuve'u,1,,,1,CMAVO4
vuzai,1,,,1,CMAVO4
vuzi,4,,,1,CMAVO
vuzu,1,,,1,CMAVO4
vybu,2,,,,LERFU COMPOUND4
xa'a,157,,,1,CMAVO
xa'ada,1,,,1,CMAVO
xa'adakau,1,,,1,CMAVO
xa'anai,23,,,1,CMAVO
xa'e,44,,,1,CMAVO
xa'eda,31,,,1,CMAVO
xa'ede,10,,,1,CMAVO
xa'i,2,,,1,CMAVO
xa'o,16,,,1,CMAVO
xa'u,34,,,1,CMAVO
xa'ubo,2,question_mark,,1,CMAVO
xabi,3,,,1,CMAVO4
xada,8,,,1,CMAVO
xade,1,,,1,CMAVO
xado,1,,,1,CMAVO
xafi'u,1,,,1,CMAVO
xai,66,question_mark,,1,CMAVO
xainai,1,question_mark,,1,CMAVO4
xaini,2,question_mark,,1,CMAVO
xaire,1,question_mark,,1,CMAVO
xajo'o,1,question_mark,,1,CMAVO
xaki'o,4,,,1,CMAVO
xalo,1,,,1,CMAVO
xamai,7,,,1,CMAVO4
xamei,14,,,1,CMAVO
xamo'o,2,,,1,CMAVO
xamoi,19,,,1,CMAVO
xano,4,,,1,CMAVO
xanomei,2,,,1,CMAVO4
xanono,5,,,1,CMAVO
xapavo,4,,,1,CMAVO
xapi'e,2,,,1,CMAVO
xapi'ebi,4,,,1,CMAVO
xapi'eci,2,,,1,CMAVO
xapi'ere,2,,,1,CMAVO
xapi'evo,2,,,1,CMAVO
xapi'eze,2,,,1,CMAVO
xapimu,4,,,1,CMAVO
xapivo,2,,,1,CMAVO
xara,244,,,1,CMAVO
xarai,1,question_mark,,1,CMAVO
xare,3,,,1,CMAVO
xaro,1,question_mark,,1,CMAVO
xasi'e,1,question_mark,,1,CMAVO
xaso,1,,,1,CMAVO
xata,1,,,1,CMAVO
xau,12,question_mark,,1,CMAVO
xavo,48,,,1,CMAVO
xavomei,2,,,1,CMAVO
xaxaxa,2,,,1,CMAVO4
xaxo,1,,,1,CMAVO
xaze,4,,,1,CMAVO4
xazemoi,2,,,1,CMAVO4
xe'a,24,,,1,CMAVO
xe'e,368,,,1,CMAVO
xe'eda,7,,,1,CMAVO
xe'edo,1,,,1,CMAVO
xe'enai,2,,,1,CMAVO
xe'eti,6,,,1,CMAVO
xe'i,129,,,1,CMAVO
xe'ife'e,1,,,1,CMAVO
xe'ilo,2,,,1,CMAVO
xe'o,12,,,1,CMAVO
xe'u,407,,,1,CMAVO
xe'uda,4,,,1,CMAVO
xe'ure,8,,,1,CMAVO
xebe'i,16,,,1,CMAVO
xei,5,question_mark,,1,CMAVO
xeidi,1,question_mark,,1,CMAVO
xeka'a,8,,,1,CMAVO
xeki'i,1,,,1,CMAVO
xi'a,10,,,1,CMAVO
xi'e,1,,,1,CMAVO
xi'eba'obo,1,question_mark,,1,CMAVO
xi'elene,1,,,1,CMAVO
xi'eli,1,,,1,CMAVO
xi'esemaubo,1,question_mark,,1,CMAVO
xi'i,36,,,1,CMAVO
xi'iba'obo,1,question_mark,,1,CMAVO
xi'ile,8,,,1,CMAVO
xi'o,12,,,1,CMAVO
xi'u,10,,,1,CMAVO
xibi,14,,,1,CMAVO
xici,11,,,1,CMAVO
xidau,2,,,1,CMAVO
xifei,6,,,1,CMAVO
xigai,2,,,1,CMAVO
xijau,2,,,1,CMAVO
xino,6,,,1,CMAVO
xiny,21,,,1,CMAVO
xipa,51,,,1,CMAVO
xipabi,2,,,1,CMAVO
xipaci,12,,,1,CMAVO
xipai,1,,,1,CMAVO
xipamu,2,,,1,CMAVO
xipano,1,,11,1,CMAVO
xipapa,6,,,1,CMAVO
xipare,2,,,1,CMAVO
xipaso,8,,,1,CMAVO
xipavo,5,,,1,CMAVO
xipibi,5,,,1,CMAVO
xipimu,26,,,1,CMAVO
xipimuku,8,question_mark,,1,CMAVO
xipinonononopa,3,,,1,CMAVO
xipinore,1,,,1,CMAVO
xipiso'a,2,,,1,CMAVO
xipisore,1,,,1,CMAVO
xipixa,1,,,1,CMAVO
xipize,2,,,1,CMAVO
xire,44,,,1,CMAVO
xireci,5,,11,1,CMAVO
xirei,2,,,1,CMAVO
xireno,2,,,1,CMAVO
xirepa,6,,,1,CMAVO
xirere,1,,11,1,CMAVO
xirevo,1,,11,1,CMAVO
xiro,1,,,1,CMAVO
xiso,6,,,1,CMAVO
xisu'o,1,,,1,CMAVO
xivai,1,,11,1,CMAVO
xixa,4,,,1,CMAVO
xixaxaxa,1,,,1,CMAVO
xize,1,,,1,CMAVO
xo'a,2,,,1,CMAVO
xo'e,24,,,1,CMAVO
xo'i,4,,,1,CMAVO
xo'o,23,,,1,CMAVO
xo'u,190,,,1,CMAVO
xo'unai,3,,,1,CMAVO
xocu'okau,2,,,1,CMAVO
xoda,10,,,1,CMAVO
xodo,2,,,1,CMAVO
xoi,455,question_mark,,1,CMAVO
xoji'i,1,,,1,CMAVO
xokau,219,,,1,CMAVO
xokauda,3,,,1,CMAVO
xokaumei,3,,,1,CMAVO
xokaumoi,1,,,1,CMAVO
xokaure'u,2,,,1,CMAVO
xokauroi,6,question_mark,,1,CMAVO
xole,1,,,1,CMAVO
xomei,29,,,1,CMAVO
xomi,3,,,1,CMAVO
xomo,1,,,1,CMAVO
xomoi,8,,,1,CMAVO4
xono'o,4,,,1,CMAVO
xora,1,,,1,CMAVO
xorau,3,,,1,CMAVO
xori,2,,,1,CMAVO
xoroi,8,,,1,CMAVO
xoroikau,3,,,1,CMAVO
xose,2,,,1,CMAVO
xosu'omei,1,,,1,CMAVO
xu'a,15,,,1,CMAVO
xu'e,8,,,1,CMAVO
xu'ebo,2,question_mark,,1,CMAVO
xu'eda,4,,,1,CMAVO
xu'i,1,,,1,CMAVO
xu'o,62,,,1,CMAVO
xu'u,182,,,1,CMAVO
xu'unai,8,,,1,CMAVO
xubu,2,,,1,CMAVO4
xuji'a,4,,,1,CMAVO
xukau,461,,,1,CMAVO
xuki'u,3,,,1,CMAVO
xuku'i,1,,,1,CMAVO4
xunai,78,,,1,CMAVO
xupau,1,,,1,CMAVO
xupaunai,6,,,1,CMAVO
xupe'i,14,,,1,CMAVO4
xupei,6,,,1,CMAVO
xuta'o,2,,,1,CMAVO4
xuzo'o,2,,,1,CMAVO
xyboi,2,,11,,LEhAVLA
xybu,2,,,,LERFU COMPOUND4
xysy,1,,,,LERFU COMPOUND4
xyxici,9,,,,LERFU COMPOUND4
xyxipa,12,,,,LERFU COMPOUND4
xyxire,13,,,,LERFU COMPOUND4
xyzyzy,1,,,,LERFU COMPOUND4
y'ybu,12,,,1,CMAVO4
y'ybuxi,3,,,1,CMAVO4
y'ybuxici,1,,,1,CMAVO4
y'ybuxipa,1,,,1,CMAVO4
y'ybuxire,1,,,1,CMAVO4
y'ybuxivo,1,,,1,CMAVO4
ybu,13,,11,1,CMAVO
ybure,4,,,1,CMAVO4
yxici,1,,,1,CMAVO4
za'adai,1,,,1,CMAVO
za'ali'a,1,,,1,CMAVO4
za'anai,13,,,1,CMAVO
za'apei,2,,,1,CMAVO
za'ase'i,3,,,1,CMAVO
za'e'e,6,question_mark,,1,CMAVO
za'exito'i,2,,,1,CMAVO
za'ocai,2,,,1,CMAVO
za'oku,11,,,1,CMAVO
za'onai,16,,,1,CMAVO
za'onu'o,2,,,1,CMAVO
za'ota'e,7,,,1,CMAVO4
za'ubipimuki'oki'o,3,question_mark,,1,CMAVO4
za'ubipimuki'oki'omei,7,question_mark,,1,CMAVO4
za'ucino,2,,,1,CMAVO4
za'ucu'o,1,,,1,CMAVO
za'udu'e,1,,,1,CMAVO4
za'umoi,3,,,1,CMAVO
za'umu,1,,,1,CMAVO4
za'unaipamei,1,,,1,CMAVO
za'uno,4,,,1,CMAVO
za'upa,13,,,1,CMAVO
za'upamei,2,,,1,CMAVO
za'upamu,4,,,1,CMAVO4
za'uparoi,2,,,1,CMAVO4
za'ure,4,,,1,CMAVO4
za'ure'u,4,,,1,CMAVO
za'uro,1,,,1,CMAVO4
za'uso'umei,4,,,1,CMAVO
za'uza'u,2,,,1,CMAVO4
zababo,1,,,1,CMAVO
zabo,1,,,1,CMAVO
zabu,1,,,1,CMAVO
zace'e,1,,,1,CMAVO
zaidi,1,question_mark,,1,CMAVO
zaire,20,question_mark,,1,CMAVO
zaitama,1,question_mark,,1,CMAVO
zakiri,1,,,1,CMAVO
zaku,8,,,1,CMAVO
zala,2,,,1,CMAVO
zalo,6,,,1,CMAVO
zana'o,2,,,1,CMAVO
zanai,6,,,1,CMAVO
zano'u,3,,,1,CMAVO
zapoteco,2,,,1,CMAVO
zapu,4,,,1,CMAVO
zara,2,,,1,CMAVO
zari,2,,,1,CMAVO
zase,1,,,1,CMAVO
zati,9,,,1,CMAVO
zava,6,,,1,CMAVO
zave,1,,,1,CMAVO
zaza,8,,,1,CMAVO
zazaca,1,,,1,CMAVO
zaze'o,3,,,1,CMAVO4
ze'aba,18,,,1,CMAVO
ze'ababo,2,,,1,CMAVO4
ze'abaku,6,,,1,CMAVO
ze'aca,15,,,1,CMAVO
ze'aku,31,,,1,CMAVO
ze'aleke'a,1,,11,1,CMAVO
ze'apu,27,,,1,CMAVO
ze'apunai,1,,,1,CMAVO4
ze'eba,42,,,1,CMAVO
ze'eki,1,,,1,CMAVO4
ze'eku,2,,,1,CMAVO
ze'elo,2,,,1,CMAVO
ze'enai,2,,,1,CMAVO
ze'epu,22,,,1,CMAVO
ze'eve'e,6,,,1,CMAVO
ze'eze'oku,2,,,1,CMAVO
ze'ezei,4,,,1,CMAVO
ze'iba,4,,,1,CMAVO4
ze'ibaku,2,,,1,CMAVO
ze'ica,2,,,1,CMAVO
ze'ipo'o,2,,,1,CMAVO
ze'uba,3,,,1,CMAVO
ze'uca,6,,,1,CMAVO
ze'ucai,1,,,1,CMAVO4
ze'ucaku,4,,,1,CMAVO
ze'ujeze'u,3,,,1,CMAVO4
ze'uku,3,,11,1,CMAVO
ze'upu,14,,,1,CMAVO
ze'upu'o,3,,,1,CMAVO
ze'upuki,2,,,1,CMAVO
ze'upuku,1,,11,1,CMAVO
ze'upunai,9,,,1,CMAVO4
ze'uve'u,2,,,1,CMAVO
ze'uzei,4,,,1,CMAVO
zebi,10,,,1,CMAVO4
zebimoi,6,,,1,CMAVO4
zeboi,4,,,1,CMAVO
zecicixabino,1,,,1,CMAVO4
zecu'o,1,,,1,CMAVO
zedi,4,,,1,CMAVO
zeidu,4,question_mark,,1,CMAVO
zeiki,1,question_mark,,1,CMAVO
zeiku,3,question_mark,,1,CMAVO
zeila'e,1,,,1,CMAVO
zeime'e,6,,,1,CMAVO
zeipo'u,1,,,1,CMAVO
zelo,4,,,1,CMAVO
zema,2,,,1,CMAVO
zemai,7,,,1,CMAVO4
zemei,33,,,1,CMAVO
zemo'o,2,,,1,CMAVO
zemoi,33,,,1,CMAVO
zemusoso,1,,,1,CMAVO
zenei,3,question_mark,,1,CMAVO
zeneise,1,question_mark,,1,CMAVO
zeno,136,,,1,CMAVO
zenomoi,1,,,1,CMAVO
zenono,2,,,1,CMAVO4
zepi'ebi,4,,,1,CMAVO
zepi'emu,4,,,1,CMAVO
zepi'epamu,1,,,1,CMAVO
zepi'ere,2,,,1,CMAVO
zepi'eze,2,,,1,CMAVO
zera,1,,11,1,CMAVO
zere,3,,,1,CMAVO
zerenobi'ozecinomoi,3,,,1,CMAVO
zero,1230,question_mark,,1,CMAVO
zeroi,14,,,1,CMAVO
zeta,35,,,1,CMAVO
zevobi,2,,,1,CMAVO
zi'egoi,1,,,1,CMAVO4
zi'eke'u,6,,,1,CMAVO
zi'enai,1,,,1,CMAVO
zi'ene,7,,,1,CMAVO4
zi'eneci'e,1,,,1,CMAVO4
zi'eneme'e,3,,,1,CMAVO
zi'enemu'u,3,,,1,CMAVO4
zi'enesekai,2,,,1,CMAVO4
zi'eno'u,11,,,1,CMAVO4
zi'enoi,116,,,1,CMAVO
zi'enoiji'a,4,,,1,CMAVO4
zi'enoipa'a,1,,,1,CMAVO4
zi'enoipe'a,3,,,1,CMAVO4
zi'epe,8,,,1,CMAVO4
zi'eperi'i,1,,,1,CMAVO4
zi'eperi'u,4,,,1,CMAVO4
zi'epevi,2,,,1,CMAVO4
zi'epo'u,1,,,1,CMAVO4
zi'epoi,28,,,1,CMAVO
zi'esa'anoi,1,,,1,CMAVO4
zi'onai,5,,,1,CMAVO
zide,3,,,1,CMAVO
zidi'a,1,,,1,CMAVO
ziga,5,,,1,CMAVO
ziki,4,,,1,CMAVO
ziku,10,,,1,CMAVO
zima,5,,,1,CMAVO
zira,5,,,1,CMAVO
ziri,6,,,1,CMAVO
zivi,1,,,1,CMAVO
zize'a,3,,,1,CMAVO
zizi,17,,,1,CMAVO
zo'amo'i,2,,,1,CMAVO
zo'ekau,43,,,1,CMAVO
zo'ekaunai,7,,,1,CMAVO4
zo'epe,31,,,1,CMAVO
zo'epeca'aku,5,,,1,CMAVO4
zo'epela'edi'u,15,,,1,CMAVO4
zo'epo'o,2,,,1,CMAVO
zo'exipa,1,,,1,CMAVO
zo'exire,1,,,1,CMAVO
zo'iku,2,,,1,CMAVO
zo'imo'i,2,,,1,CMAVO4
zo'o'o,2,question_mark,,1,CMAVO
zo'obu,18,,,1,CMAVO
zo'ocai,4,,,1,CMAVO
zo'ocu'i,2,,,1,CMAVO4
zo'ole'oro'e,2,,,1,CMAVO
zo'onai,75,,,1,CMAVO
zo'onaicai,4,,,1,CMAVO
zo'onaipei,4,,,1,CMAVO4
zo'onaisai,2,,,1,CMAVO
zo'onaizo'o,30,,,1,CMAVO
zo'onaizo'ope'ipei,3,,,1,CMAVO
zo'opaunai,2,,,1,CMAVO
zo'ope'i,3,,,1,CMAVO
zo'ope'icu'i,4,,,1,CMAVO4
zo'opei,3,,,1,CMAVO
zo'ora'unai,2,,,1,CMAVO4
zo'orai,4,,,1,CMAVO
zo'ori'e,2,,,1,CMAVO
zo'oro'a,1,,,1,CMAVO
zo'oro'u,1,,,1,CMAVO4
zo'oru'e,20,,,1,CMAVO
zo'oru'i,1,,,1,CMAVO4
zo'osai,20,,,1,CMAVO
zo'ovu'enai,2,,,1,CMAVO
zo'uda'i,3,,,1,CMAVO4
zo'unai,8,,,1,CMAVO
zo'utu'e,4,,,1,CMAVO
zobu,2,,,1,CMAVO4
zoca,1,,,1,CMAVO
zoiby,7,,,1,CMAVO4
zoigy,17,,,1,CMAVO4
zoiky,2,,,1,CMAVO4
zoixe,2,,,1,CMAVO
zoixy,4,,,1,CMAVO4
zoizoi,3,,,1,CMAVO
zola,21,,,1,CMAVO
zole,12,,,1,CMAVO
zolo,18,,,1,CMAVO
zomai,19,,,1,CMAVO
zome,2,,,1,CMAVO
zona,6,,,1,CMAVO
zone,217,question_mark,,1,CMAVO
zono,3,,,1,CMAVO
zora,3,,,1,CMAVO
zori,4,,,1,CMAVO
zoro,1,,,1,CMAVO
zu'afa'a,4,,,1,CMAVO
zu'aku,4,,,1,CMAVO
zu'apu,13,,,1,CMAVO
zu'ava,6,,,1,CMAVO
zu'avi,11,,,1,CMAVO
zu'ipe,2,,,1,CMAVO4
zu'unai,80,,,1,CMAVO
zubo,1,,,1,CMAVO
zuke,1,,,1,CMAVO
zuko,16,,,1,CMAVO
zuku,40,,,1,CMAVO
zukuzuku,2,,,1,CMAVO
zule,22,,,1,CMAVO
zumo,5,,,1,CMAVO
zupu,2,,,1,CMAVO
zuri,6,,,1,CMAVO
zuru,2,,,1,CMAVO
zuza,2,,,1,CMAVO
zuze'a,4,,,1,CMAVO
zuzi,1,,,1,CMAVO
zuzu,2,,,1,CMAVO
zyxygy,1,,,,