gismu,theme_code,meaning,definition
girzu,1.1,(group),x1 is group/cluster/team showing common property (ka) x2 due to set x3 linked by relations x4.
gunma,1.1,(jointly ‘mass’),"x1 is a mass/team/aggregate/whole, together composed of components x2, considered jointly."
cmima,1.1,(member),x1 is a member/element of set x2; x1 belongs to group x2; x1 is amid/among/amongst group x2.
pagbu,1.1,(part),x1 is a part/component/piece/portion/segment of x2 [where x2 is a whole/mass]; x2 is partly x1.
klesi,1.1,(class),x1 (mass/si'o) is a class/category/subgroup/subset within x2 with defining property x3 (ka).
jbini,1.1,(between),x1 is between/among set of points/bounds/limits x2 (set)/amidst mass x2 in property x3 (ka).
cuxna,1.1,(choose),x1 chooses/selects x2 [choice] from set/sequence of alternatives x3 (complete set).
mupli,1.1,(example),x1 is an example/sample/specimen/instance/case/illustration of common property(s) x2 of set x3.
basti,1.1,(replace ‘substitute’),x1 replaces/substitutes for/instead of x2 in circumstance x3; x1 is a replacement/substitute.
kampu,1.1,(common),x1 (property - ka) is common/general/universal among members of set x2 (complete set).
fadni,1.1,(ordinary),x1 [member] is ordinary/common/typical/usual in property x2 (ka) among members of x3 (set).
rirci,1.1,(rare),x1 [member] is rare/unusual/uncommon/atypical in property x2 (ka) among members of x3 (set).
ralju,1.1,(principal),"x1 is principal/chief/leader/main/[staple], most significant among x2 (set) in property x3 (ka)."
steci,1.1,(specific ‘special’),x1 (ka) is specific/particular/specialized/[special]/a defining property of x2 among x3 (set).
manfo,1.1,(uniform),x1 (object/event) is uniform/homogeneous in property x2 (ka).
vrici,1.1,(miscellaneous ‘various’),x1 (set/mass/ind.) is miscellaneous/various/assorted in property x2 (ka).
cnano,1.1,(norm),x1 [value] is a norm/average in property/amount x2 (ka/ni) among x3(s) (set) by standard x4.
bende,1.1,(crew ‘band’),x1 is a crew/team/gang/squad/band of persons x2 directed/led by x3 organized for purpose x4.
stura,1.2,(structure),x1 is a structure/arrangement/organization of x2 [set/system/complexity].
ciste,1.2,(system),x1 (mass) is a system interrelated by structure x2 among components x3 (set) displaying x4 (ka).
morna,1.2,(pattern ‘form’),x1 is/reflects/represents a pattern of forms/events x2 arranged according to structure x3.
ganzu,1.2,(organize),x1 organizes x2 [relative chaos] into x3 [ordered/organized result] by system/principle(s) x4.
cnici,1.2,(orderly ‘neat’),x1 is orderly/neat/ordered in property/quantity x2 (ka/ni).
kalsa,1.2,(chaotic),x1 is chaotic/disordered in property/aspect x2 (ka).
cunso,1.2,(random ‘chance’),"x1 is random/fortuitous/unpredictable under conditions x2, with probability distribution x3."
pluja,1.2,(complicated ‘complex’),x1 is complex/complicated/involved in aspect/property x2 (ka) by standard x3.
sampu,1.2,(simple),x1 is simple/unmixed/uncomplicated in property x2 (ka).
krati,1.2,(represent ‘proxy’),x1 represents/is an agent/proxy/stands-in for [absent] x2 in matter(s)/function(s) x3.
sarxe,1.2,(harmonious),x1 is harmonious/concordant/in agreement/concord with x2 in property x3 (ka).
vanbi,1.2,(environment ‘ambient’),x1 (ind./mass) is part of an environment/surroundings/context/ambience of x2.
javni,1.2,(rule),x1 is a rule prescribing/mandating/requiring x2 (event/state) within system/community x3.
porsi,1.3,(sequence),x1 [ordered set] is sequenced/ordered/listed by comparison/rules x2 on unordered set x3.
liste,1.3,(list),x1 (physical object) is a list/catalog/register of sequence/set x2 in order x3 in medium x4.
fatne,1.3,(reverse),x1 [sequence] is in reverse order from x2 [sequence]; x1 (object) is inverted from x2 (object).
lidne,1.3,(precede ‘leader’),x1 precedes/leads x2 in sequence x3; x1 is former/preceding/previous; x2 is latter/following.
korbi,1.4,"(edge ‘border, curb’)",x1 is an edge/margin/border/curb/boundary of x2 next-to/bordering-on x3.
jimte,1.4,(limit),x1 is a limit/extreme/bound/border/[confinement] of x2 in property/domain x3.
traji,1.4,(superlative ‘extreme’),"x1 is superlative in property x2 (ka), the x3 extreme (ka; default ka zmadu) among set/range x4."
milxe,1.4,(mild),x1 is mild/non-extreme/gentle/middling/somewhat in property x2 (ka); x1 is not very x2.
bancu,1.4,(beyond),x1 exceeds/is beyond limit/boundary x2 from x3 in property/amount x4 (ka/ni).
karbi,1.5,(compare),"x1 [observer] compares x2 with x3 in property x4 (ka), determining comparison x5 (state)."
mapti,1.5,(fit ‘match’),x1 fits/matches/suits/is compatible/appropriate/corresponds to/with x2 in property/aspect x3.
cimni,1.5,(infinite),"x1 is infinite/unending/eternal in property/dimension x2, to degree x3 (quantity)/of type x3."
zasni,1.5,(temporary ‘transient’),x1 is temporary/not permanent/expected to change in property x2 (ka) by standard/expectant x3.
mutce,1.5,(much),"x1 is much/extreme in property x2 (ka), towards x3 extreme/direction; x1 is, in x2, very x3."
barda,1.5,(big ‘large’),x1 is big/large in property/dimension(s) x2 (ka) as compared with standard/norm x3.
cmalu,1.5,(small),x1 is small in property/dimension(s) x2 (ka) as compared with standard/norm x3.
zmadu,1.5,(more),x1 exceeds/is more than x2 in property/quantity x3 (ka/ni) by amount/excess x4.
mleca,1.5,(less),x1 is less than x2 in property/quantity x3 (ka/ni) by amount x4.
zenba,1.5,(increase ‘augment’),x1 (experiencer) increases/is incremented/augmented in property/quantity x2 by amount x3.
jdika,1.5,(decrease),x1 (experiencer) decreases/contracts/is reduced/diminished in property/quantity x2 by amount x3.
stodi,1.5,(constant ‘stable’),x1 is constant/invariant/unchanging in property x2 (ka) in response to stimulus/conditions x3.
cenba,1.5,(vary),x1 varies/changes in property/quantity x2 (ka/ni) in amount/degree x3 under conditions x4.
banro,1.5,(grow),x1 grows/expands [an increasing development] to size/into form x2 from x3.
ctaru,1.5,(tide),x1 is a tide [cyclical/periodic expansion] in x2 caused by x3.
jmina,1.5,(add ‘augment’),"x1 adds/combines x2 to/with x3, with result x4; x1 augments x2 by amount x3."
banzu,1.5,(suffice),x1 (object) suffices/is enough/sufficient for purpose x2 under conditions x3.
dukse,1.5,(excess),x1 is an excess of/too much of x2 by standard x3.
claxu,1.5,(without ‘lack’),x1 is without/lacking/free of/lacks x2; x1 is x2-less.
dunli,1.5,(equal),x1 is equal/congruent to/as much as x2 in property/dimension/quantity x3.
simsa,1.5,(similar),x1 is similar/parallel to x2 in property/quantity x3 (ka/ni); x1 looks/appears like x2.
drata,1.5,(other),x1 isn't the-same-thing-as/is different-from/other-than x2 by standard x3; x1 is something else.
mintu,1.5,(same ‘identical’),x1 is the same/identical thing as x2 by standard x3; (x1 and x2 interchangeable).
frica,1.5,(differ),x1 differs/is distinct from/contrasts with/is unlike x2 in property/dimension/quantity x3.
dukti,1.5,(opposite ‘contrary’),x1 is polar opposite from/contrary to x2 in property/on scale x3 (property/si'o).
cmaci,1.6,(mathematics),x1 is a mathematics of type/describing x2.
mekso,1.6,(MEX),
namcu,1.6,(number),x1 (li) is a number/quantifier/digit/value/figure (noun); refers to the value and not the symbol.
kancu,1.6,(count),x1 (agent) counts the number in set x2 to be x3 [number/count] counting [off] by units x4.
kanji,1.6,(calculate ‘reckon’),x1 calculates/reckons/computes x2 [value (ni)/state] from data x3 by process x4.
saclu,1.6,(decimal),x1 (me'o) is the [decimal/binary] equivalent of fractional x2 (me'o) in base x3 (quantity).
sumji,1.6,(sum),x1 is a mathematical sum/result/total of x2 plus/increased by x3.
vimcu,1.6,(remove),x1 removes/subtracts/deducts/takes away x2 from x3 with/leaving result/remnant/remainder x4.
pilji,1.6,(multiply ‘multiply’),x1 is the product/total/result of factors/multiplicands (x2 and x3) x2 multiplied by x3.
dilcu,1.6,(quotient ‘division’),"x1 is a quotient of 'x2/x3' [dividend x2 divided by divisor x3], leaving remainder x4."
frinu,1.6,(fraction),"x1 is a fraction, with numerator x2, denominator x3 (x2/x3)."
tenfa,1.6,(exponential),x1 is the exponential result of base x2 to power/exponent x3.
dugri,1.6,(logarithm),x1 is the logarithm of x2 with base x3.
fancu,1.6,(function),x1 is a function/single-valued mapping from domain x2 to range x3 defined by expression/rule x4.
sumti,1.6,(argument),x1 is a/the argument of predicate/function x2 filling place x3 (kind/number).
sinso,1.6,(sine),
tanjo,1.6,(tangent),
xadba,1.6,(half),x1 is exactly/approximately half/semi-/demi-/hemi- of x2 by standard x3.
judri,1.6,(address),x1 is an address of/are coordinates of x2 in system x3.
bangu,2.1,(language),"x1 is a/the language/dialect used by x2 to express/communicate x3 (si'o/du'u, not quote)."
sinxa,2.1,(sign),x1 is a sign/symbol/signal representing/referring/signifying/meaning x2 to observer x3.
fanva,2.1,(translate),x1 translates text/utterance x2 to language x3 from language x4 with translation result x5.
cmavo,2.1,(structure word),
gadri,2.1,(article),x1 is an article/descriptor labelling description x2 (text) in language x3 with semantics x4.
gerna,2.1,(grammar),x1 is the grammar/rules/defining form of language x2 for structure/text x3.
jufra,2.1,(sentence ‘phrase’),x1 (text) is a sentence/statement about x2 [topic/subject/predicate/focus] in language x3.
rafsi,2.1,(affix),"x1 is an affix/suffix/prefix/combining-form for word/concept x2, form/properties x3, language x4."
rimni,2.1,(rhyme),"x1 rhymes/alliterates with x2 in language/phonetics x3, matching sound correspondence x4 (ka)."
slaka,2.1,(syllable),x1 is a syllable in language x2.
tanru,2.1,(phrase compound),"x1 is a binary metaphor formed with x2 modifying x3, giving meaning x4 in usage/instance x5."
valsi,2.1,(word),x1 is a word meaning/causing x2 in language x3; (adjective: x1 is lexical/verbal).
broda,2.1,(predicate var 1),
brode,2.1,(predicate var 2),
brodi,2.1,(predicate var 3),
brodo,2.1,(predicate var 4),
brodu,2.1,(predicate var 5),
cmene,2.1,(name),x1 (quoted word(s)) is a/the name/title/tag of x2 to/used-by namer/name-user x3 (person).
gismu,2.1,(root word),"x1 is a (Lojban) root word expressing relation x2 among argument roles x3, with affix(es) x4."
lujvo,2.1,(affix compound),
lerfu,2.1,(letteral),x1 (la'e zo BY/word-bu) is a letter/digit/symbol in alphabet/character-set x2 representing x3.
pandi,2.1,(punctuate),x1 (agent) punctuates x2 (expression) with symbol/word x3 with syntactic/semantic effect x4.
ciska,2.2,(write ‘scribe’),x1 inscribes/writes x2 on display/storage medium x3 with writing implement x4; x1 is a scribe.
tcidu,2.2,(read),x1 [agent] reads x2 [text] from surface/document/reading material x3; x1 is a reader.
cukta,2.2,(book),x1 is a book containing work x2 by author x3 for audience x4 preserved in medium x5.
xatra,2.2,(letter),x1 is a letter/missive/[note] to intended audience x2 from author/originator x3 with content x4.
karni,2.2,(journal),x1 is a journal/periodical/magazine/[newspaper] with content x2 published by x3 for audience x4.
cartu,2.2,(chart),x1 is a chart/diagram/map of/about x2 showing formation/data-points x3.
benji,2.2,(transfer ‘send’),x1 transfers/sends/transmits x2 to receiver x3 from transmitter/origin x4 via means/medium x5.
cradi,2.2,(radio),x1 broadcasts/transmits [using radio waves] x2 via station/frequency x3 to [radio] receiver x4.
tivni,2.2,(television),x1 broadcasts/televises programming x2 via medium/channel x3 to television receiver x4.
fonxa,2.2,(telephone),x1 is a telephone transceiver/modem attached to system/network x2.
skami,2.2,(computer),x1 is a computer for purpose x2.
vidni,2.2,(video),x1 is a video monitor/CRT/screen [machine] serving function x2.
kacma,2.2,(camera),x1 is a camera/photographic equipment recording illumination type x2 images to medium x3.
notci,2.3,(message ‘note’),x1 is a message/notice/memorandum about subject x2 from author x3 to intended audience x4.
mifra,2.3,(code ‘cipher’),x1 is encoded/cipher text of plain-text x2 by code/coding system x3; x1 is in code; x3 is a code.
mipri,2.3,(secret),x1 keeps x2 secret/hidden from x3 by method x4; x2 is a secret; x1 hides/conceals x2.
mrilu,2.3,(mail),x1 mails/posts [transfer via intermediary service] x2 to recipient address x3 from mailbox/post office/sender address x4 by carrier/network/system x5.
tcita,2.3,(label ‘tag’),x1 is a label/tag of x2 showing information x3.
citri,2.3,(history),x1 is a history of x2 according to x3 (person)/from point-of-view x3.
lisri,2.3,(story),x1 is a story/tale/yarn/narrative about plot/subject/moral x2 by storyteller x3 to audience x4.
cusku,2.3,(express),x1 (agent) expresses/says x2 (sedu'u/text/lu'e concept) for audience x3 via expressive medium x4.
tavla,2.3,(talk ‘palaver’),x1 talks/speaks to x2 about subject x3 in language x4.
skicu,2.3,(describe),x1 tells about/describes x2 (object/event/state) to audience x3 with description x4 (property).
stidi,2.3,(suggest),x1 (agent) suggests/proposes idea/action x2 to audience x3; x1 (event) inspires x2 in/among x3.
jarco,2.3,(show),x1 (agent) shows/exhibits/displays/[reveals]/demonstrates x2 (property) to audience x3.
cmoni,2.3,(moan),x1 utters moan/groan/howl/scream [non-linguistic utterance] x2 expressing x3 (property).
frumu,2.3,(frown),x1 frowns/grimaces (facial expression).
cisma,2.3,(smile),x1 smiles/grins (facial expression).
pinka,2.3,(comment),x1 (text) is a comment/remark/observation about subject x2 expressed by x3 to audience x4.
casnu,2.4,(discuss),"x1(s) (mass normally, but 1 individual/jo'u possible) discuss(es)/talk(s) about topic/subject x2."
spuda,2.4,(reply ‘respond’),x1 answers/replies to/responds to person/object/event/situation/stimulus x2 with response x3.
preti,2.4,(question ‘query’),x1 (quoted text) is a question/query about subject x2 by questioner x3 to audience x4.
danfu,2.4,(answer),x1 is the answer/response/solution/[reply] to question/problem x2.
cpedu,2.4,(request),x1 requests/asks/petitions/solicits for x2 of/from x3 in manner/form x4.
darlu,2.4,(argue),x1 argues for stand x2 against stand x3; [an opponent is not necessary].
fraxu,2.4,(forgive),x1 forgives x2 for event/state/activity x3.
friti,2.4,(offer),x1 offers/proffers x2 [offering] to x3 with conditions x4.
kajde,2.4,(warn ‘caution’),x1 (event/experience) warns/cautions x2 (person) of/about danger x3 (event/state/property).
nupre,2.4,(promise),x1 (agent) promises/commits/assures/threatens x2 (event/state) to x3 [beneficiary/victim].
pante,2.4,(protest),x1 protests/objects to/complains about x2 (event/state) to audience x3 with action x4.
pikci,2.4,(beg ‘supplicate’),x1 begs/pleads/supplicates/entreats/implores/beseeches/prays [asks with humility] x2 for x3.
rinsa,2.4,(greet),x1 (agent) greets/hails/[welcomes/says hello to]/responds to arrival of x2 in manner x3 (action).
tcica,2.4,"(deceive ‘cheat, trick’)",x1 (event/experience) misleads/deceives/dupes/fools/cheats/tricks x2 into x3 (event/state).
mucti,2.5,(immaterial),x1 is immaterial/not physical/without material form.
menli,2.5,(mind ‘mental’),x1 is a mind/intellect/psyche/mentality/[consciousness] of body x2.
xanri,2.5,(imaginary ‘unreal’),x1 [concept] exists in the imagination of/is imagined by/is imaginary to x2.
pruxi,2.5,(spirit),x1 is spiritual/pertains to the soul in nature [either energy or being]; x1 is ghostly/ethereal.
sanji,2.5,(conscious),x1 is conscious/aware of x2 (object/abstract); x1 discerns/recognizes x2 (object/abstract).
pensi,2.5,(think ‘pensive’),x1 thinks/considers/cogitates/reasons/is pensive about/reflects upon subject/concept x2.
prenu,2.5,(person),x1 is a person/people (noun) [not necessarily human]; x1 displays personality/a persona.
sevzi,2.5,(self),x1 is a self/ego/id/identity-image of x2.
sidbo,2.5,(idea),x1 (idea abstract) is an idea/concept/thought about x2 (object/abstract) by thinker x3.
nabmi,2.5,(problem),x1 (event/state) is a problem to/encountered by x2 in situation/task/inquiry x3.
cilre,2.5,(learn),x1 learns x2 (du'u) about subject x3 from source x4 (obj./event) by method x5 (event/process).
ctuca,2.5,(teach),x1 teaches audience x2 ideas/methods/lore x3 (du'u) about subject(s) x4 by method x5 (event).
ckule,2.5,(school),x1 is school/institute/academy at x2 teaching subject(s) x3 to audien./commun. x4 operated by x5.
datni,2.5,(data),x1 (du'u) [fact/measurement] is data/information/statistic(s) about x2 gathered by method x3.
djuno,2.5,(know),x1 knows fact(s) x2 (du'u) about subject x3 by epistemology x4.
facki,2.5,(discover ‘find’),x1 discovers/finds out x2 (du'u) about subject/object x3; x1 finds (fi) x3 (object).
fatci,2.5,(fact),"x1 (du'u) is a fact/reality/truth/actuality, in the absolute."
jdice,2.5,(decide),x1 (person) decides/makes decision x2 (du'u) about matter x3 (event/state).
jetnu,2.5,(true),x1 (du'u) is true/truth by standard/epistemology/metaphysics x2.
jitfa,2.5,(false),x1 (du'u) is false/is an untruth by standard/epistemology/metaphysics x2.
jijnu,2.5,(intuit),x1 (person) intuits x2 (du'u) about subject x3; [epistemology].
jimpe,2.5,(understand ‘comprehend’),x1 understands/comprehends fact/truth x2 (du'u) about subject x3; x1 understands (fi) x3.
jinvi,2.5,(opine),x1 thinks/opines x2 [opinion] (du'u) is true about subject/issue x3 on grounds x4.
kanxe,2.5,(conjunction),"x1 is a conjunction, stating that x2 (du'u) and x3 (du'u) are both true."
krici,2.5,(believe ‘creed’),x1 believes [regardless of evidence/proof] belief/creed x2 (du'u) is true/assumed about subject x3.
logji,2.5,(logic),x1 [rules/methods] is a logic for deducing/concluding/inferring/reasoning to/about x2 (du'u).
morji,2.5,(remember ‘memory’),x1 remembers/recalls/recollects fact(s)/memory x2 (du'u) about subject x3.
natfe,2.5,(deny),x1 (du'u) contradicts/denies/refutes/negates x2 (du'u) under rules/logic x3.
nuzba,2.5,(news),"x1 (du'u) is news/tidings/new information about subject x2 from source x3, to observer x4."
senpi,2.5,(doubt ‘skeptic’),x1 doubts/is dubious/doubtful/skeptical/questions that x2 (du'u) is true.
sitna,2.5,(cite),x1 cites/quotes/refers to/makes reference to source x2 for information/statement x3 (du'u).
smadi,2.5,(guess ‘surmise’),x1 guesses/conjectures/surmises x2 (du'u) is true about subject x3; [epistemology].
sruma,2.5,(assume),x1 assumes/supposes that x2 (du'u) is true about subject x3; [epistemology].
tugni,2.5,(agree),x1 [person] agrees with person(s)/position/side x2 that x3 (du'u) is true about matter x4.
vlina,2.5,(alternation),"x1 is a logical alternation/disjunction, stating that x2 (du'u) and/or x3 (du'u) is/are true."
vreji,2.5,(record),x1 is a record of x2 (data/facts/du'u) about x3 (object/event) preserved in medium x4.
xusra,2.5,(assert),x1 (agent) asserts/claims/declares x2 (du'u) is true [can be used for epistemology of authority].
zasti,2.5,(exist),x1 exists/is real/actual/reality for x2 under metaphysics x3.
bridi,2.5,(predicate),x1 (text) is a predicate relationship with relation x2 among arguments (sequence/set) x3.
birti,2.5,(certain),x1 is certain/sure/positive/convinced that x2 is true.
ciksi,2.5,(explain),x1 (person) explains x2 (event/state/property) to x3 with explanation x4 (du'u).
cipra,2.5,(test ‘proof’),x1 (process/event) is a test for/proof of property/state x2 in subject x3 (individ./set/mass).
lanli,2.5,(analyze),x1 analyzes/examines-in-detail x2 by method/technique/system x3 [process/activity].
saske,2.5,(science),x1 (mass of facts) is science of/about subject matter x2 based on methodology x3.
sucta,2.5,(abstract),x1 (si'o) is abstracted/generalized/idealized from x2 [something concrete] by rules x3.
tadji,2.5,(method),x1 [process] is a method/technique/approach/means for doing x2 (event) under conditions x3.
tadni,2.5,(study),x1 studies/is a student of x2; x1 is a scholar; (adjective:) x1 is scholarly.
jicmu,2.5,(basis),x1 is a basis/foundation/underlying or fundamental principle of x2; x1 is at the bottom of x2.
manri,2.5,(reference),"x1 is a frame of reference/standard for observing/measuring/determining x2, with/by rules x3."
mansa,2.5,(satisfy),x1 satisfies evaluator x2 in property (ka)/state x3.
simlu,2.5,(seem),x1 seems/appears to have property(ies) x2 to observer x3 under conditions x4.
smuni,2.5,(meaning),x1 is a meaning/interpretation of x2 recognized/seen/accepted by x3.
srana,2.5,(pertain ‘concerns’),x1 pertains to/is germane/relevant to/concerns/is related/associated with/is about x2.
cimde,3,(dimension),x1 (property - ka) is a dimension of space/object x2 according to rules/model x3.
canlu,3,(space ‘volume’),x1 is space/volume/region/room [at-least-3-dimensional area] occupied by x2.
diklo,3,(local),x1 is local to x2; x1 is confined to locus x2 within range x3; x1 is regional
stuzi,3,(site ‘position’),x1 is an inherent/inalienable site/place/position/situation/spot/location of x2 (object/event).
nenri,3.1,(in ‘inner’),x1 is in/inside/within x2; x1 is on the inside/interior of x2 [totally within the bounds of x2].
bartu,3.1,(out),x1 is on the outside of x2; x1 is exterior to x2.
mlana,3.1,(side ‘lateral’),x1 is to the side of/lateral to x2 and facing x3 from point of view/in-frame-of-reference x4.
lamji,3.1,(adjacent),x1 is adjacent/beside/next to/in contact with x2 in property/sequence x3 in direction x4.
pritu,3.1,(right),x1 is to the right/right-hand side of x2 which faces/in-frame-of-reference x3.
zunle,3.1,(left),x1 is to the left/left-hand side of x2 which faces/in-frame-of-reference x3.
crane,3.1,(front),x1 is anterior/ahead/forward/(in/on) the front of x2 which faces/in-frame-of-reference x3.
trixe,3.1,(behind),x1 is posterior/behind/back/in the rear of x2 which faces/in-frame-of-reference x3.
cpana,3.1,(upon),x1 is upon/atop/resting on/lying on [the upper surface of] x2 in frame of reference/gravity x3.
gapru,3.1,(above ‘up’),x1 is directly/vertically above/upwards-from x2 in gravity/frame of reference x3.
cnita,3.1,(beneath),x1 is directly/vertically beneath/below/under/underneath/down from x2 in frame of reference x3.
dizlo,3.1,(low),x1 is low/down/downward in frame of reference x2 as compared with baseline/standard height x3.
galtu,3.1,(high),x1 is high/up/upward in frame of reference x2 as compared with baseline/standard height x3.
ragve,3.1,(across),x1 is located across/on the other side of gap/boundary x2 from x3; x1 is opposite (fi) x3.
berti,3.1,(north),x1 is to the north/northern side [right-hand-rule pole] of x2 according to frame of reference x3.
snanu,3.1,(south),x1 is to the south/southern side of x2 according to frame of reference x3.
stici,3.1,(west),x1 is to the west/western side of x2 according to frame of reference x3.
stuna,3.1,(east),x1 is to the east/eastern side of x2 according to frame of reference x3.
darno,3.1,(far),x1 is far/distant from x2 in property x3 (ka).
jibni,3.1,(near),x1 is near/close to/approximates x2 in property/quantity x3 (ka/ni).
sruri,3.1,(surround),x1 encircles/encloses/is surrounding x2 in direction(s)/dimension(s)/plane x3.
vasru,3.1,(contain ‘vessel’),x1 contains/holds/encloses/includes contents x2 within; x1 is a vessel containing x2.
kalri,3.1,(open),x1 (portal/passage/entrance-way) is open/ajar/not shut permitting passage/access to x2 by x3.
ganlo,3.1,(closed),"x1 (portal/passage/entrance-way) is closed/shut/not open, preventing passage/access to x2 by x3."
jorne,3.1,(joined),x1 is joined to/connects to/is united with x2 at common locus x3; x1 and x2 are a union.
kruca,3.1,(intersect ‘cross’),x1 intersects/crosses/traverses x2 at locus x3.
midju,3.1,(middle),x1 is in/at the middle/center/midpoint/[is a focus] of x2; (adjective:) x1 is central.
sepli,3.1,(apart ‘separate’),"x1 is apart/separate from x2, separated by partition/wall/gap/interval/separating medium x3."
sraji,3.2,(vertical ‘upright’),x1 is vertical/upright/erect/plumb/oriented straight up and down in reference frame/gravity x2.
pinta,3.2,(level ‘horizontal’),x1 is flat/level/horizontal in gravity/frame of reference x2.
salpo,3.2,(slope),x1 is sloped/inclined/slanted/aslant with angle x2 to horizon/frame x3.
tcena,3.3,(stretch),x1 stretches/extends to range x2 [interval/extent] in dimension x3 from relaxed range x4.
kuspe,3.3,(range ‘span’),x1 ranges/extends/spans/persists/reaches across/over interval/gap/area/scope/extent/range x2.
loldi,3.3,(floor),x1 is a floor/bottom/ground of x2.
drudi,3.3,(roof),x1 is a roof/top/ceiling/lid of x2.
tordu,3.4,(short),x1 is short in dimension/direction x2 (default longest dimension) by measurement standard x3.
clani,3.4,(long),x1 is long in dimension/direction x2 (default longest dimension) by measurement standard x3.
jarki,3.4,(narrow),x1 is narrow in dimension x2 [2nd most significant dimension] by standard x3.
ganra,3.4,(broad),x1 is broad/wide in dimension x2 [2nd most significant dimension] by standard x3.
cinla,3.4,(thin ‘lean’),x1 is thin in direction/dimension x2 by standard x3; [relatively short in smallest dimension].
rotsu,3.4,(thick ‘stout’),x1 is thick in dimension/direction x2 by standard x3; [relatively long in smallest dimension].
plana,3.4,(plump),x1 is plump/fat/obese [excessively thick/bulbous/swollen] by standard x2.
condi,3.4,(deep),x1 is deep in extent in direction/property x2 away from reference point x3 by standard x4.
caxno,3.4,(shallow),x1 is shallow in extent in direction/property x2 away from reference point x3 by standard x4.
tarmi,3.5,(shape ‘form’),x1 [ideal] is the conceptual shape/form of object/abstraction/manifestation x2 (object/abstract).
mokca,3.5.1,(point ‘moment’),x1 is a point/instant/moment [0-dimensional shape/form] in/on/at time/place x2.
jipno,3.5.1,(tip ‘point’),x1 is a tip/point/vertex/extremity/end [0-dimension shape/form] on object x2 at locus x3.
kojna,3.5.1,(corner),"x1 is a corner/point/at-least-3-dimensional [solid] angle [shape/form] in/on x2, of material x3."
linji,3.5.2,(line),x1 is a line/among lines [1-dimensional shape/form] defined by set of points x2.
sirji,3.5.2,(straight),x1 is straight/direct/line segment/interval between x2 and x3; (adjective:)  x1 is linear.
kruvi,3.5.2,(curve),"x1 is a curve/turn/bend in x2, at locus x3, and defined by set of points/properties x4."
clupa,3.5.2,(loop),x1 is a loop/circuit of x2 [material].
sarlu,3.5.2,(spiral),"x1 is a spiral/helix/whorl/[vortex] [shape/form] with limits x2, of dimensionality x3."
jgena,3.5.2,(knot),x1 is a knot/tangle in/between x2 (object/jo'u-objects).
jimca,3.5.2,(branch ‘limb’),x1 is a branch/bough/limb of x2; x2 forks into branches x1; [preferred over metaphorical birka].
sefta,3.5.3,(surface),"x1 is surface/face [bounded shape/form] of [higher-dimension] object x2, on side x3, edges x4."
jganu,3.5.3,(angle),x1 is an angle [2-dimensional shape/form] from vertex x2 subtended by lateral [segment] x3.
plita,3.5.3,(plane),x1 is a plane [2-dimensional shape/form] defined by points x2 (set); x1 is flat/[smooth].
kurfa,3.5.3,(square),"x1 is a right-angled shape/form defined by set of vertices x2, dimensions x3 (default 2)."
karda,3.5.3,(card),"x1 is a card [small nearly-2-dimensional shape/form] of material x2, shape x3."
cukla,3.5.3,(round ‘circular’),x1 is round/circular [2-dimensional shape/form]; x1 is a disk/circle/ring.
djine,3.5.3,(ring),"x1 is a ring/annulus/torus/circle [shape/form] of material x2, inside diam. x3, outside diam. x4."
punli,3.5.3,(swelling),"x1 is a swelling/protrusion/convexity [shape/form] at/in/on x2, of material x3."
kevna,3.5.3,(cavity ‘cave’),x1 is a cavity/hole/hollow/cavern in x2; x1 is concave within x2; x2 is hollow at locus x1.
bliku,3.5.4,(block),"x1 is a block [3-dimensional shape/form] of material x2, surfaces/sides x3."
kubli,3.5.4,(cube),"x1 is a cube/regular polyhedron/polygon of dimensions x2 (def. 3), surfaces/sides x3 (def. 6)."
tanbo,3.5.4,(board),x1 is a board/plank [3-dimensional long flat rectangle] of material x2.
konju,3.5.4,(cone),x1 is a cone [shape/form] of material x2 with vertex x3.
slanu,3.5.4,(cylinder),x1 is a cylinder [shape/form] of material x2.
tubnu,3.5.4,(tube),"x1 is a length of tubing/pipe/hollow cylinder [shape/form] of material x2, hollow of material x3."
lenjo,3.5.4,(lens),x1 is a lens/glass [focussing shape/form] focussing x2 to focus/foci x3 by means/material x4.
cfine,3.5.4,(wedge),x1 is a wedge [shape/form/tool] of material x2.
gacri,3.5.5,(cover),x1 is a cover/[lid/top] for covering/concealing/sheltering x2.
lunbe,3.5.5,(bare),x1 is bare/naked/nude; x1 is without cover/clothes/[protection].
derxi,3.5.5,(heap),x1 is a heap/pile/stack/mound/hill of materials x2 at location x3.
bolci,3.5.5,(ball),x1 is a ball/sphere/orb/globe [shape/form] of material x2; x1 is a spherical object [made of x2].
dirgo,3.5.5,(drop),"x1 is a drop [small, cohesive shape] of material [liquid/vapor] x2 in surrounding material x3."
boxfo,3.5.5,(sheet ‘foil’),x1 is a sheet/foil/blanket [2-dimensional shape/form flexible in 3 dimensions] of material x2.
karli,3.5.5,(collar),x1 is a collar/ring/belt/band around/surrounding x2 made of material x3.
cilta,3.5.5,(thread ‘filament’),x1 is a thread/filament/wire [shape/form] of material x2.
tapla,3.5.5,(tile),"x1 is a tile/cake [shape/form] of material x2, shape x3, thickness x4."
cinje,3.5.5,(wrinkle),x1 is a wrinkle/crease/fold [shape/form] in x2.
fenra,3.5.5,(crack),x1 is a crack/fissure/pass/cleft/ravine/chasm/[defect/flaw] [shape/form] in x2.
foldi,3.5.5,(field),x1 is a field [shape/form] of material x2; x1 is a broad uniform expanse of x2.
senta,3.5.5,(layer ‘stratum’),x1 is a layer/stratum [shape/form] of x2 [material] within structure/continuum/composite x3.
snuji,3.5.5,(sandwich),x1 is a sandwich/layering [not restricted to food] of x2 sandwiched between x3.
panlo,3.5.5,(slice),x1 is a slice [thin flat portion] of x2 (mass).
papri,3.5.5,(page ‘paper’),x1 is a [physical] page/leaf of book/document/bound mass of pages x2.
bakfu,3.5.5,(bundle ‘pack’),"x1 is a bundle/package/cluster/clump/pack [shape/form] containing x2, held together by x3."
skuro,3.5.5,(groove ‘furrow’),x1 is a groove/trench/furrow [shape/form] in object/surface x2.
bidju,3.5.5,(bead),x1 is a bead/pebble [shape/form] of material x2.
genxu,3.5.5,(hook),x1 is a hook/crook [shape/form] of material x2.
grana,3.5.5,(rod),x1 is a rod/pole/staff/stick/cane [shape/form] of material x2.
jesni,3.5.5,(needle),"x1 is a needle [pointed shape/form, not tool] of material x2."
calku,3.5.5,(shell),"x1 is a shell/husk [hard, protective covering] around x2 composed of x3."
pilka,3.5.5,(crust ‘peel’),x1 is a crust/rind/peel/skin/hide/outer cover of x2.
dasri,3.5.5,(ribbon),x1 is a ribbon/tape/strip/band/stripe of material x2.
culno,3.5.5,(full),x1 is full/completely filled with x2.
kunti,3.5.5,(empty ‘vacant’),x1 [container] is empty/vacant of x2 [material]; x1 is hollow.
tagji,3.5.5,(snug ‘tight’),x1 is snug/tight on x2 in dimension/direction x3 at locus x4.
kluza,3.5.5,(loose ‘blouse’),x1 (obj.) is loose/bloused/not tight on x2 (obj.) at locus x3.
trati,3.5.5,(taut),x1 is taut/tense/strained tight in direction x2.
korcu,3.5.5,"(bent ‘crooked, corkscrew’)",(adjective:) x1 is bent/crooked/not straight or direct/[twisted]/folded.
bargu,3.5.5,(arch),x1 arches/curves over/around x2 and is made of x3; x1 is an arch over/around x2 of material x3.
cabna,4,(now),x1 is current at/in the present of/during/concurrent/simultaneous with x2 in time.
balvi,4,(future ‘later’),x1 is in the future of/later than/after x2 in time sequence; x1 is latter; x2 is former.
purci,4,(past ‘earlier’),x1 is in the past of/earlier than/before x2 in time sequence; x1 is former; x2 is latter.
temci,4,(time),x1 is the time-duration/interval/period/[elapsed time] from time/event x2 to time/event x3.
citno,4,(young ‘junior’),x1 is young/youthful [relatively short in elapsed duration] by standard x2.
clira,4,(early),x1 (event) is early by standard x2.
lerci,4,(late),x1 (event) is late by standard x2.
djedi,4.1,(full day),x1 is x2 full days in duration (default is 1 day) by standard x3; (adjective:) x1 is diurnal.
cerni,4.1,(morning),x1 is a morning [dawn until after typical start-of-work for locale] of day x2 at location x3.
donri,4.1,(daytime),x1 is the daytime of day x2 at location x3; (adjective:) x1 is diurnal (vs. nocturnal).
nicte,4.1,(night),x1 is a nighttime of day x2 at location x3; (adjective:) x1 is at night/nocturnal.
vanci,4.1,(evening),x1 is an evening [from end-of-work until sleep typical for locale] of day x2 at location x3.
murse,4.1,(glimmering),x1 is the [astronomical] twilight/dawn/dusk/half-light/glimmering of day x2 at location x3.
detri,4.2,(date),"x1 is the date [day,{week},{month},year] of event/state x2, at location x3, by calendar x4."
jeftu,4.2,(week),x1 is x2 weeks in duration (default is 1 week) by standard x3.
masti,4.2,(month),x1 is x2 months in duration (default is 1 month) by month standard x3.
nanca,4.2,(year),x1 is x2 years in duration (default is 1 year) by standard x3; (adjective:) x1 is annual.
cedra,4.2,(era),x1 is an era/epoch/age characterized by x2 (event/property/interval/idea).
citsi,4.2,(season),"x1 is a season/is seasonal [cyclical interval], defined by interval/property x2, of year(s) x3."
dunra,4.2,(winter),x1 is winter/wintertime [cold season] of year x2 at location x3.
vensa,4.2,(spring ‘vernal’),x1 is spring/springtime [warming season] of year x2 at location x3; (adjective:) x1 is vernal.
crisa,4.2,(summer),x1 is summer/summertime [hot season] of year x2 at location x3.
critu,4.2,(autumn),x1 is autumn/fall [harvest/cooling season] of year x2 at location x3.
junla,4.3,(clock),x1 is clock/watch/timer measuring time units x2 to precision x3 with timing mechanism/method x4.
tcika,4.3,(time of day),"x1 [hours, minutes, seconds] is the time/hour of state/event x2 on day x3 at location x4."
cacra,4.3,(hour),x1 is x2 hours in duration (default is 1 hour) by standard x3.
mentu,4.3,(minute),x1 is x2 minutes in duration (default is 1 minute) by standard x3.
snidu,4.3,(second),x1 is x2 seconds in duration (default is 1 second) by standard x3.
pruce,5,(process),"x1 is a process with inputs x2, outputs/results x3, passing through steps/stages x4."
fasnu,5,(event ‘happen’),x1 (event) is an event that happens/occurs/takes place; x1 is an incident/happening/occurrence.
tcini,5,(situation ‘state’),x1 [state/property] is a situation/condition/state/position/are conditions/circumstances of x2.
tarti,5,(behave),x1 behaves/conducts oneself as/in-manner x2 (event/property) under conditions x3.
lifri,5,(experience ‘life’),x1 [person/passive/state] undergoes/experiences x2 (event/experience); x2 happens to x1.
bapli,5,(force ‘compel’),x1 [force] (ka) forces/compels event x2 to occur; x1 determines property x2 to manifest.
cfari,5,(initiate),x1 [state/event/process] commences/initiates/starts/begins to occur; (intransitive verb).
ranji,5,(continue),x1 (event/state) continues/persists over interval x2; x1 (property - ka) is continuous over x2.
fanmo,5,(end ‘final’),x1 is an end/finish/termination of thing/process x2; [not necessarily implying completeness].
rapli,5,(repeat),x1 [action] repeats/is repeated for a total of x2 (quantity) occurrences.
kansa,5,(with ‘accompany’),"x1 is with/accompanies/is a companion of x2, in state/condition/enterprise x3 (event/state)."
cumki,5,(possible ‘maybe’),x1 (event/state/property) is possible under conditions x2; x1 may/might occur; x1 is a maybe.
lakne,5,(probable ‘likely’),x1 (event/state/property) is probable/likely under conditions x2.
fanta,5,(prevent),x1 prevents/keeps/stops/restrains/constrains event x2 from occurring.
binxo,5,(become),x1 becomes/changes/converts/transforms into x2 under conditions x3.
canci,5,(vanish),x1 vanishes/disappears from location x2; x1 ceases to be observed at x2 using senses/sensor x3.
farvi,5,(develop ‘evolve’),x1 develops/evolves towards/into x2 from x3 through stages x4.
cafne,5,(often),x1 (event) often/frequently/commonly/customarily occurs/recurs by standard x2.
dikni,5,(regular ‘cyclical’),x1 is regular/cyclical/periodic in property (ka)/activity x2 with period/interval x3.
vitci,5,(irregular ‘intermittent’),x1 is irregular/occasional/intermittent in property/action/aspect x2.
dimna,5,(fate ‘doom’),"x1 is a fate/destiny of x2; [doom, curse are mabla-forms]; x2 is fated/predestined/doomed to x1."
xaksu,5,(use up),x1 (event) uses up/depletes/consumes/[wastes] x2 [resource].
festi,5,(waste),x1(s) is/are waste product(s) [left to waste] by x2 (event/activity).
krefu,5,(recur),x1 (event) is the x3'rd recurrence/repetition of x2 (abstract); x2 happens again in [form] x1.
rarna,5,(natural),"x1 is natural/spontaneous/instinctive, not [consciously] caused by person(s)."
renvi,5,(survive),x1 survives/endures/undergoes/abides/lasts/persists through x2 for interval/duration x3.
rilti,5,(rhythm),x1 (sequence/non-text quote) is a rhythm/beat of music/expressive form x2.
stika,5,(adjust),x1 (event) adjusts/regulates/changes x2 (ka/ni) in amount/degree x3.
suksa,5,(sudden),x1 (event/state) is sudden/sharply changes at stage/point x2 in process/property/function x3.
vitno,5,(permanent ‘eternal’),x1 is permanent/lasting/[eternal] in property x2 (ka) by standard x3 [time-span/expectant one].
gasnu,5.1,(do),x1 [person/agent] is an agentive cause of event x2; x1 does/brings about x2.
jalge,5.1,(result),x1 (action/event/state) is a result/outcome/conclusion of antecedent x2 (event/state/process).
krinu,5.1,(reason),x1 (event/state) is a reason/justification/explanation for/causing/permitting x2 (event/state).
mukti,5.1,(motive),"x1 (action/event/state) motivates/is a motive/incentive for action/event x2, per volition of x3."
nibli,5.1,(necessitate),x1 logically necessitates/entails/implies action/event/state x2 under rules/logic system x3.
rinka,5.1,(cause),x1 (event/state) effects/physically causes effect x2 (event/state) under conditions x3.
zukte,5.1,(act),x1 is a volitional entity employing means/taking action x2 for purpose/goal x3/to end x3.
krasi,5.1,(source ‘origin’),x1 (site/event) is a source/start/beginning/origin of x2 (object/event/process).
sarcu,5.1,(necessary),x1 (abstract) is necessary/required for continuing state/process x2 under conditions x3.
nitcu,5.1,(need),x1 needs/requires/is dependent on/[wants] necessity x2 for purpose/action/stage of process x3.
jitro,5.2,(control),x1 has control over/harnesses/manages/directs/conducts x2 in x3 (activity/event/performance).
gidva,5.2,(guide),x1 (person/object/event) guides/conducts/pilots/leads x2 (active participants) in/at x3 (event).
xlura,5.2,(influence ‘lure’),x1 (agent) influences/lures/tempts x2 into action/state x3 by influence/threat/lure x4.
bredi,5.2,(ready),x1 is ready/prepared for x2 (event).
denpa,5.2,(wait ‘pause’),x1 awaits/waits/pauses for/until x2 at state x3 before starting/continuing x4 (activity/process).
sisti,5.2,(cease),x1 [agent] ceases/stops/halts/ends activity/process/state x2 [not necessarily completing it].
dicra,5.2,"(interrupt ‘disturb, disrupt’)",x1 (event) interrupts/stops/halts/[disrupts] x2 (object/event/process) due to quality x3.
zunti,5.2,(interfere ‘hinder’),x1 (evt./state) interferes with/hinders/disrupts x2 (evt./state/process) due to quality x3 (ka).
fliba,5.2,(fail ‘baffle’),x1 fails at doing x2 (state/event); x1 is a failure at its role in x2.
frili,5.2,(easy ‘freely’),x1 (action) is easy/simple/facile for x2 (agent) under conditions x3; x2 does x1 freely/easily.
nandu,5.2,(difficult ‘hard’),x1 is difficult/hard/challenging for x2 under conditions x3; x1 challenges (non-agentive) x2.
vlipa,5.2,(powerful),x1 has the power to bring about x2 under conditions x3; x1 is powerful in aspect x2 under x3.
kakne,5.2,(able ‘can’),x1 is able to do/be/capable of doing/being x2 (event/state) under conditions x3 (event/state).
sutra,5.2,(fast ‘swift’),x1 is fast/swift/quick/hastes/rapid at doing/being/bringing about x2 (event/state).
masno,5.2,(slow),x1 is slow/sluggish at doing/being/bringing about x2 (event/state).
platu,5.2,(plan ‘plot’),x1 (agent) plans/designs/plots plan/arrangement/plot/[schematic] x2 for state/process x3.
prali,5.2,(profit),x1 is a profit/gain/benefit/advantage to x2 accruing/resulting from activity/process x3.
randa,5.2,(yield ‘surrender’),x1 yields/gives way/surrenders to x2 (force/agent) under conditions x3.
snada,5.2,(succeed ‘accomplish’),x1 [agent] succeeds in/achieves/completes/accomplishes x2 as a result of effort/attempt/try x3.
snuti,5.2,(accidental),x1 (event/state) is an accident/unintentional on the part of x2; x1 is an accident.
srera,5.2,(err),"x1 errs in doing/being/making mistake x2 (event), an error under conditions x3 by standard x4."
troci,5.2,(try),x1 tries/attempts/makes an effort to do/attain x2 (event/state/property) by actions/method x3.
cuntu,5.3,(affair),x1 is an affair/organized activity involving person(s) x2 (ind./mass); x1 is x2's business.
lacri,5.3,(rely),x1 relies/depends/counts on/trusts x2 to bring about/ensure/maintain x3 (event/state).
selfu,5.3,(serve),x1 (agent) serves x2 with service x3 (activity); x1 is a servant (noun) of x2 performing x3.
pleji,5.3,(pay),x1 pays/compensates/remunerates/[rewards] payment x2 to recipient/payee x3 for goods/services x4.
sidju,5.3,(help ‘aid’),x1 helps/assists/aids object/person x2 do/achieve/maintain event/activity x3.
jatna,5.3.1,(captain),x1 is captain/commander/leader/in-charge/boss of vehicle/domain x2.
minde,5.3.1,(command),x1 issues commands/orders to x2 for result x3 (event/state) to happen; x3 is commanded to occur.
tinbe,5.3.1,(obey),x1 obeys/follows the command/rule x2 made by x3; (adjective:) x1 is obedient.
curmi,5.3.1,(let ‘permit’),x1 (agent) lets/permits/allows x2 (event) under conditions x3; x1 grants privilege x2.
fuzme,5.3.1,(responsible),x1 is responsible/accountable for x2 (action/resulting state) to judge/authority x3.
sfasa,5.3.1,"(punish ‘spank, castigate’)",x1 (agent) punishes x2 for infraction x3 (event/state/action) with punishment x4 (event/state).
fapro,5.3.2,(oppose),x1 opposes/balances/contends against opponent(s) x2 (person/force ind./mass) about x3 (abstract).
damba,5.3.2,(fight ‘combat’),x1 fights/combats/struggles with x2 over issue x3 (abstract); x1 is a fighter/combatant.
jinga,5.3.2,(win ‘gain’),x1 (person/team) wins/gains prize x2 from/over x3 [competitors/losers] in competition x4.
nutli,5.3.2,(neutral),x1 is neutral/not taking sides/medial/not towards any extreme on scale/in dissension x2.
panpi,5.3.2,(peace),x1 is at peace with x2.
jivna,5.3.2,(compete ‘rival’),x1 competes/vies with opponent x2 in contest/competition x3 (event) for gain x4; x1 rivals x2.
bradi,5.3.2,(enemy ‘adversary’),x1 is an enemy/opponent/adversary/foe of x2 in struggle x3.
venfu,5.3.2,(revenge ‘avenge’),x1 takes revenge on/retaliates against x2 (person) for wrong x3 (nu) with vengeance x4 (nu).
farna,6,(direction),x1 is the direction of x2 (object/event) from origin/in frame of reference x3.
penmi,6,(meet),x1 meets/encounters x2 at/in location x3.
klama,6.1.1,(come),x1 comes/goes to destination x2 from origin x3 via route x4 using means/vehicle x5.
litru,6.1.1,(travel),x1 travels/journeys/goes/moves via route x2 using means/vehicle x3; x1 is a traveller.
cliva,6.1.1,(leave),x1 leaves/goes away/departs/parts/separates from x2 via route x3.
xruti,6.1.1,(return),x1 (agent) returns  to x2 [origin/earlier state]  from x3 ;  x1 moves/gives  back to x2   from x3
pluta,6.1.1,(route),x1 is a route/path/way/course/track to x2 from x3 via/defined by points including x4 (set).
stali,6.1.1,(remain ‘stay’),x1 remains/stays at/abides/lasts with x2.
bajra,6.1.2,(run),x1 runs on surface x2 using limbs x3 with gait x4.
cadzu,6.1.2,(walk),x1 walks/strides/paces on surface x2 using limbs x3.
cpare,6.1.2,(climb),x1 climbs/clambers/creeps/crawls on surface x2 in direction x3 using x4 [limbs/tools].
stapa,6.1.2,(step),x1 steps/treads on/in surface x2 using limbs x3.
plipe,6.1.2,(leap),x1 (agent/object) leaps/jumps/springs/bounds to x2 from x3 reaching height x4 propelled by x5.
vofli,6.1.2,(flight ‘fly’),x1 flies [in air/atmosphere] using lifting/propulsion means x2.
limna,6.1.2,(swim),x1 (agent) swims in fluid x2.
sfubu,6.1.2,(dive ‘swoop’),x1 dives/swoops [manner of controlled falling] to x2 from x3.
carna,6.1.2,(turn),"x1 turns about vector x2 towards direction x3, turning angular distance / to face point x4"
jersi,6.1.2,(chase ‘pursue’),x1 chases/pursues/(physically) follows after x2; volition is not implied for x1 or x2.
rivbi,6.1.2,(avoid ‘evade’),x1 avoids/evades/shuns/escapes/skirts [fate] x2 (event) through action/state x3 (event).
pagre,6.1.2,(pass through),x1 passes through/penetrates barrier/medium/portal x2 to destination side x3 from origin side x4.
sakli,6.1.2,(slide ‘slip’),x1 slides/slips/glides on x2.
spoja,6.1.2,(explode),x1 bursts/explodes/violently breaks up/decomposes/combusts into pieces/energy/fragments x2.
porpi,6.1.2,(break),x1 breaks/fractures/shatters/[splits/splinters/cracks] into pieces x2.
preja,6.1.2,(spread),x1 spreads/expands over/into x2 from initial state x3.
bikla,6.1.2,"(whip ‘beat, lash’)",x1 whips/lashes/snaps [a sudden violent motion].
gunro,6.1.2,(roll ‘trundle’),x1 rolls/trundles on/against surface x2 rotating on axis/axle x3; x1 is a roller.
zvati,6.1.3,(at),x1 (object/event) is at/attending/present at x2 (event/location).
lanxe,6.1.3,(balance),x1 is in balance/equilibrium under forces x2 (mass).
cando,6.1.3,(idle),x1 is idle/at rest/inactive.
vreta,6.1.3,(reclining ‘rest’),x1 lies/rests/reclines/reposes on x2; x1 is reclining/recumbent/lying on x2.
sarji,6.1.3,(support),x1 supports/holds up/is underpinning of/[helps] x2 against force/opposition x3 with/by means x4.
fulta,6.1.3,(float),x1 (passive) floats on/in fluid (gas/liquid) x2; x1 is buoyant.
dandu,6.1.3,"(hang ‘dangle, suspend’)",x1 hangs/dangles/is suspended from x2 by/at/with joint x3.
jinru,6.1.3,(immerse),x1 (object/person) is immersed/submerged/bathes in liquid x2.
zutse,6.1.3,(sit),x1 sits [assumes sitting position] on surface x2.
sanli,6.1.3,(stand),x1 stands [is vertically oriented] on surface x2 supported by limbs/support/pedestal x3.
farlu,6.1.4,(fall),x1 falls/drops to x2 from x3 in gravity well/frame of reference x4.
torni,6.1.4,(twist ‘torsion’),x1 twists under load/force/torsion x2.
slilu,6.1.4,(oscillate),x1 oscillates at rate/frequency x2 through set/sequence-of-states x3 (complete specification).
flecu,6.1.4,(flow ‘flush’),x1 is a current/flow/river of/in x2 flowing in direction to/towards x3 from direction/source x4.
jetce,6.1.4,(jet),x1 is a jet [expelled stream] of material x2 expelled from x3.
galfi,6.2,(modify ‘alter’),x1 (event) modifies/alters/changes/transforms/converts x2 into x3.
sisku,6.2,(seek),x1 seeks/searches/looks for property x2 among set x3 (complete specification of set).
jmaji,6.2,(gather),x1 (mass/jo'u) gathers/collects at location x2 from locations x3 (mass/jo'u).
sabji,6.2,(provide ‘supply’),x1 [source] provides/supplies/furnishes x2 [supply/commodity] to x3 [recipient].
fatri,6.2,(distribute),x1 is distributed/allotted/allocated/shared among x2 with shares/portions x3; (x2/x3 fa'u).
fendi,6.2,(divide),x1 (agent) divides/partitions/separates x2 into sections/parts/ind. x3 by method/partition x4.
simxu,6.2.1,(mutual),x1 (set) has members who mutually/reciprocally x2 (event [x1 should be reflexive in 1+ sumti]).
muvdu,6.2.1,(move),x1 (object) moves to destination/receiver x2 [away] from origin x3 over path/route x4.
ralte,6.2.1,(retain),x1 retains/keeps/holds x2 in its possession.
jgari,6.2.1,(grasp ‘grip’),x1 grasps/holds/clutches/seizes/grips/[hugs] x2 with x3 (part of x1) at locus x4 (part of x2).
bevri,6.2.1,(carry ‘bear’),x1 carries/hauls/bears/transports cargo x2 to x3 from x4 over path x5; x1 is a carrier/[porter].
renro,6.2.1,(throw),x1 throws/launches/casts/hurls x2 to/at/in direction x3 (propulsion derives internally to x1).
cecla,6.2.1,(launcher),"x1 launches/fires/shoots projectile/missile x2, propelled by x3 [propellant/propulsion]."
punji,6.2.1,(put),x1 (agent) puts/places/sets x2 on/at surface/locus x3.
lafti,6.2.1,(lift),x1 (force) lifts/applies raising/supporting force to x2 at locus x3 in gravity well x4.
setca,6.2.1,(insert),x1 (agent) inserts/interposes/puts/deposits x2 into interior x3/into among/between members of x3.
catke,6.2.1,(shove),x1 [agent] shoves/pushes x2 at locus x3.
rinju,6.2.1,(restrain),x1 is restrained/held [back]/constrained/kept by restraint x2 against x3 (event).
danre,6.2.1,(pressure),x1 (force) puts pressure on/presses/applies force to x2.
desku,6.2.1,(shake),x1 shakes/quakes/trembles/quivers/shudders/wobbles/vibrates from force x2.
janli,6.2.1,(collide),x1 collides with/crashes/bumps/runs into x2.
tunlo,6.2.1,(swallow),x1 gulps/swallows.
daspo,6.2.1,(destroy ‘despoil’),x1 (event) destroys/ruins/wrecks/despoils x2; x1 is destructive.
kavbu,6.2.1,(capture ‘catch’),x1 captures/catches/apprehends/seizes/nabs x2 with trap/restraint x3.
lacpu,6.2.1,(pull),x1 pulls/tugs/draws/drags x2 by handle/at locus x3.
cinba,6.2.2,(kiss ‘buss’),x1 (agent) kisses/busses x2 at locus x3.
pencu,6.2.2,(touch),x1 (agent) touches x2 with x3 [a locus on x1 or an instrument] at x4 [a locus on x2].
darxi,6.2.2,(hit),x1 hits/strikes/[beats] x2 with instrument [or body-part] x3 at locus x4.
batci,6.2.2,(bite),x1 bites/pinches x2 on/at specific locus x3 with x4.
sraku,6.2.2,(scratch),x1 [abrasive/cutting/scratching object/implement] scratches/[carves]/erodes/cuts [into] x2.
guska,6.2.2,(scrape),x1 blade/scraper/erosive scrapes/erodes/abrades x2 from x3.
polje,6.2.2,(fold),x1 (force) folds/creases x2 at locus/loci/forming crease(s)/bend(s) x3.
prina,6.2.2,(print),x1 is a print/impression/image on/in surface x2 of/made by/using tool/press/implement/object x3.
barna,6.2.2,(mark),x1(s) is a/are mark(s)/spot(s) on x2 of material x3.
spali,6.2.2,(polish),"x1 (agent) polishes object/surface x2 with polish x3, applied using tool x4."
mosra,6.2.2,(friction ‘rub’),x1 is friction [force opposing motion] due to contact/rubbing between x2 and x3; (fe) x2 rubs x3.
tikpa,6.2.2,(kick),"x1 kicks [hits with x1's foot/feet x4] x2 in/at locus x3, using x1's foot/feet x4."
satre,6.2.3,(stroke),x1 (agent) strokes/rubs/pets x2 with x3.
zalvi,6.2.3,(grind ‘pulverize’),x1 [individual or mass of hard surfaces] grinds/pulverizes/crushes x2 into powder x3.
katna,6.2.3,(cut),x1 (tool/blade/force) cuts [through]/splits/divides x2 (object) into pieces x3.
kakpa,6.2.3,(dig),x1 (agent) digs x2 [material] up/out of x3 [source/hole] with limbs/tool(s) x4.
plixa,6.2.3,(plow),x1 (agent) plows/furrows/tills [cuts into and turns up] x2 with tool x3 propelled by x4.
marxa,6.2.3,(mash),x1 [force] mashes/crushes/squashes/smashes x2 into pulp/mash/crumbs/deformed mass x3.
tisna,6.2.3,(fill ‘stuff’),x1 (object) fills/becomes stuffed [up]/inflates/blows up with material x2; x2 pours into x1.
sputu,6.2.4,(spit),x1 spits/expectorates x2 [predominantly liquid] from x3 to/onto x4.
jicla,6.2.4,(stir),"x1 (object, or event: force) stirs/mixes/[roils/agitates] fluid (gas/liquid) x2."
cokcu,6.2.4,(soak up),x1 soaks up/absorbs/sucks up x2 from x3 into x4; x1 is an absorbant.
rinci,6.2.4,(drain),x1 liquid/fluid drains/strains/flushes from source x2 through drain/strainer x3 by force x4.
sakci,6.2.4,(suck),x1 sucks/is suction/vacuum/relatively low pressure of fluid/gas x2 relative to high pressure x3.
dacti,7.1,(object ‘thing’),x1 is a material object enduring in space-time; x1 is a thing.
spisa,7.1,(piece),x1 [object/substance] is a piece/portion/lump/chunk/particle of x2 [substance].
ckini,7.1,"(related ‘akin, kin’)",x1 is related to/associated with/akin to x2 by relationship x3.
tcila,7.1,(detail),x1 is a detail/feature/particular of x2.
ckaji,7.1,(quality),x1 has/is characterized by property/feature/trait/aspect/dimension x2 (ka); x2 is manifest in x1.
jinzi,7.1,(innate),x1 (property - ka) is an innate/inherent/intrinsic/natural property/quality/aspect of x2.
panra,7.1,(parallel),x1 parallels x2 differing only in property x3 (ka; jo'u/fa'u term) by standard/geometry x4.
ratni,7.2,(atom),x1 is an atom of element/atomic number x2 of isotope number/atomic weight x3.
kantu,7.2,(quantum),x1 is a quantum/ray/elementary particle/smallest measurable increment of property/activity x2.
selci,7.2,(cell),"x1 is a cell/atom/unit/molecule of x2; x1 is an indivisible, most basic subunit of x2."
nejni,7.2,(energy),x1 is energy of type x2 in form x3.
dirce,7.2,(radiate),x1 radiates/emits x2 under conditions x3.
boxna,7.2,(wave),"x1 is a wave [periodic pattern] in medium x2, wave-form x3, wave-length x4, frequency x5."
maksi,7.2,(magnet),x1 is magnetic [adjective] producing magnetic field x2.
dikca,7.2,(electric ‘charge’),x1 is electricity [electric charge or current] in/on x2 of polarity/quantity x3 (def. negative).
jdari,7.3,(firm ‘hard’),x1 is firm/hard/resistant/unyielding to force x2 under conditions x3.
tsali,7.3,(strong),x1 is strong/powerful/[tough] in property/quality x2 (ka) by standard x3.
ruble,7.3,(weak ‘feeble’),x1 is weak/feeble/frail in property/quality/aspect x2 (ka) by standard x3.
tinsa,7.3,(stiff),x1 is stiff/rigid/inflexible/resistant in direction x2 against force x3 under conditions x4.
ranti,7.3,(soft),x1 is soft/malleable/moldable/yielding to force x2 in conditions x3.
ralci,7.3,(delicate ‘fragile’),x1 is delicate/fragile/subtle/refined in property x2 (ka).
pruni,7.3,(elastic ‘springy’),(adjective:) x1 is elastic/springy.
junta,7.3,(weight),x1 is the weight of object x2 in [gravitational or other force] field x3.
linto,7.3,(lightweight),x1 is light in mass/weight by standard x2.
tilju,7.3,(heavy ‘weighty’),x1 is heavy/weighty in mass/weight by standard x2.
glare,7.3,(hot ‘warm’),x1 is hot/[warm] by standard x2.
lenku,7.3,(cold ‘cool’),x1 is cold/cool by standard x2.
cilmo,7.3,(moist),x1 is moist/wet/damp with liquid x2.
sudga,7.3,(dry),x1 is dry of liquid x2; (adjective:) x1 is arid.
denmi,7.3,(dense),x1 is dense/concentrated/packed/intense in property x2 (ka) at location/locus x3.
viknu,7.3,(viscous ‘thick’),x1 is thick/viscous under conditions x2.
snipa,7.3,(sticky),x1 adheres/sticks to x2; (adjective:) x1 is sticky/gummy/adhesive.
kinli,7.3,(sharp ‘keen’),x1 is sharp/keen at locus x2.
klina,7.3,(clear),x1 (object/medium) is clear/transparent/without obstacle to in-the-clear x2 [transmission].
minra,7.3,(reflect ‘mirror’),x1 reflects/mirrors/echoes x2 [object/radiation] to observer/point x3 as x4; x2 bounces on x1.
tengu,7.3,(texture),x1 (property-ka) is a texture of x2.
xutla,7.3,(smooth),x1 is smooth/even/[soft/silky] in texture/regularity.
rufsu,7.3,(rough),x1 is rough/coarse/uneven/[grainy/scabrous/rugged] in texture/regularity.
merli,7.4,(measure),"x1 (agent) measures/evaluates x2 [quantity] as x3 units on scale x4 (si'o), with accuracy x5."
ckilu,7.4,(scale),x1 (si'o) is a scale of units for measuring/observing/determining x2 (state).
gradu,7.4,"(unit ‘degree, grad’)",x1 [magnitude] is a unit/degree of/on scale/reference standard x2 (si'o) measuring property x3.
klani,7.4,(quantity),x1 is a quantity quantified/measured/enumerated by x2 (quantifier) on scale x3 (si'o).
parbi,7.4,(ratio ‘rate’),"x1 (me'o, fraction) is a ratio/rate of x2 (quantity) with respect to x3 (quantity), [x2:x3]."
satci,7.4,(exact ‘precise’),x1 [measurement/match] is exact/precise to precision x2 in property/quantity x3 (ka/ni).
mitre,7.4.1,(meter),x1 is x2 meter(s) [metric unit] in length (default 1) measured in direction x3 by standard x4.
radno,7.4.1,(radian),
stero,7.4.1,(steradian),
litce,7.4.1,(liter),x1 is x2 liter(s) [metric unit] in volume (default is 1) by standard x3.
grake,7.4.1,(gram),x1 is x2 gram(s) [metric unit] in mass (default is 1) by standard x3.
molro,7.4.1,(mole),
kelvo,7.4.1,(kelvin),
xampo,7.4.1,(ampere),
delno,7.4.1,(candela ‘candle-power’),
gutci,7.4.2,(cubit ‘foot’),"x1 is x2 (default 1) short local distance unit(s) [non-metric], standard x3, x4 subunits."
minli,7.4.2,(mile),"x1 is x2 (default 1) long local distance unit(s) [non-metric], x3 subunits, standard x4."
kramu,7.4.2,(acre),"x1 is x2 local area unit(s) [non-metric] (default 1) by standard x3, x4 subunits."
bunda,7.4.2,(pound),"x1 is x2 (def. 1) local weight unit(s) [non-metric], standard x3, subunits [e.g. ounces] x4."
dekpu,7.4.2,(gallon ‘peck’),"x1 is x2 (default 1) local volume unit(s) [non-metric; e.g. bushel], standard x3, x4 subunits."
dekto,7.4.3,(10 metric ‘deka’),
xecto,7.4.3,(100 metric ‘hecto’),
kilto,7.4.3,(1000 metric ‘kilo’),
megdo,7.4.3,(1E6 metric ‘mega’),
gigdo,7.4.3,(1E9 metric ‘giga’),
terto,7.4.3,(1E12 metric ‘tera’),
petso,7.4.3,(1E15 metric ‘peta’),
xexso,7.4.3,(1E18 metric ‘exa’),
zetro,7.4.3,(1E21 ‘zetta’),
gotro,7.4.3,(1E24 ‘yotta’),
decti,7.4.3,(.1 metric ‘deci’),
centi,7.4.3,(.01 metric ‘centi’),
milti,7.4.3,(.001 metric ‘milli’),
mikri,7.4.3,(1E-6 metric ‘micro’),
nanvi,7.4.3,(1E-9 metric ‘nano’),
picti,7.4.3,(1E-12 metric ‘pico’),
femti,7.4.3,(1E-15 metric ‘femto’),
xatsi,7.4.3,(1E-18 metric ‘atto’),
zepti,7.4.3,(1E-21 ‘zepto’),
gocti,7.4.3,(1E-24 ‘yocto’),
marji,7.5,(material ‘matter’),x1 is material/stuff/matter of type/composition including x2 in shape/form x3.
fagri,7.5,(fire),x1 is a fire/flame in fuel x2 burning-in/reacting-with oxidizer x3 (default air/oxygen).
lindi,7.5,(lightning),x1 is lightning/electrical arc/thunderbolt striking at/extending to x2 from x3.
sligu,7.5.1,(solid),"x1 is solid, of composition/material including x2, under conditions x3."
panje,7.5.1,(sponge),x1 is a quantity of/contains/is made of sponge/porous material.
pulce,7.5.1,(dust ‘pulverized’),x1 is dust/precipitate [suspensible solid] from x2 in medium/on surface x3.
purmo,7.5.1,(powder),x1 is a powder of material x2.
pesxu,7.5.1,(paste),"x1 is paste/pulp/dough/mash/mud/slurry [soft, smooth-textured, moist solid] of composition x2."
jduli,7.5.1,(jelly),x1 is a quantity of jelly/semisolid [texture] of material/composition including x2.
litki,7.5.1,(liquid),"x1 is liquid/fluid, of composition/material including x2, under conditions x3."
lakse,7.5.1,(wax),x1 is quantity of wax [substance especially soft/moldable when warm] from source x2.
fonmo,7.5.1,(foam),"x1 is a quantity of foam/froth/suds of material x2, with bubbles/vacuoles of material x3."
gapci,7.5.1,(gas),"x1 is gaseous/fumes/a gas/vapor of material/composition including x2, under conditions x3."
danmo,7.5.1,(smoke),x1 is made of/contains/is a quantity of smoke/smog/air pollution from source x2.
runme,7.5.2,(melt ‘runny’),x1 melts [becomes liquid from solid state] at temperature x2 and pressure x3.
dunja,7.5.2,(freeze ‘jell’),x1 freezes/jells/solidifies at temperature x2 and pressure x3.
runta,7.5.2,(dissolve),x1 dissolves in solvent x2 forming solution/[suspension] x3 under conditions x4.
lunsa,7.5.2,(condense),"x1 condenses/liquefies on/into x2 at temperature x3, pressure x4; x1 is dew/condensate on x2."
febvi,7.5.2,(boil),x1 boils/evaporates at temperature x2 and pressure x3.
jelca,7.5.2,(burn),x1 burns/[ignites/is flammable/inflammable] at temperature x2 in atmosphere x3.
xukmi,7.5.3,(chemical),x1 is an instance of substance/chemical/drug x2 (individual or mass) with purity x3.
jilka,7.5.3,(alkali),x1 is a quantity of/contains/is made of alkali/base of composition including x2.
slami,7.5.3,(acid),x1 is a quantity of/contains/is made of acid of composition x2; (adjective:) x1 is acidic.
jinme,7.5.3,(metal),x1 is a quantity of/contains/is made of made of metal of composition including x2.
jinsa,7.5.3,(clean),x1 (object) is clean/pure of material/contaminant/dirt x2 by standard x3.
mixre,7.5.3,(mixture),x1 (mass) is a mixture/blend/colloid/commingling with ingredients including x2.
cidro,7.5.4,(hydrogen),"x1 is a quantity of/contains/is made of hydrogen (H); [metaphor: light, flammable]."
kijno,7.5.4,(oxygen),x1 is a quantity of/contains/is made of oxygen (O); [metaphor: supporting life/combustion].
trano,7.5.4,(nitrogen),x1 is a quantity of/contains/is made of nitrogen/ammonia/nitrates.
tabno,7.5.4,(carbon),x1 is a quantity of/contains/is made of carbon/graphite/[diamond]/charcoal; x1 is organic.
sliri,7.5.4,(sulfur),"x1 is a quantity of/contains/is made of sulfur/brimstone (S); [metaphor: foul odor, volcanic]."
kliru,7.5.4,(chlorine),"x1 is a quantity of/contains/is made of halogen of type x2 [chlorine, fluorine, iodine, etc.]."
navni,7.5.4,(neon),x1 is a quantity of/contains/is made of inert gas of type x2 [neon/argon/radon/xenon/krypton].
sodna,7.5.4,(sodium),x1 is a quantity of/contains/is made of alkali metal of type x2 [default sodium].
margu,7.5.4,(mercury),x1 is a quantity of/contains/made of mercury/quicksilver; [metaphor: fluid metal; temperature].
rijno,7.5.4,(silver ‘argent’),"x1 is made of/contains/is a quantity of silver/argentum (Ag); [metaphor: valuable, tarnishing]."
solji,7.5.4,(gold),"x1 is a quantity of/contains/is made of gold (Au); [metaphor: valuable, heavy, non-reactive]."
tunka,7.5.4,(copper),"x1 is made of/contains/is a quantity of copper (Cu); [metaphor: reddish, electrical conductor]."
nikle,7.5.4,(nickel),x1 is made of/contains/is a quantity of nickel/other metal resistant to oxidation.
tinci,7.5.4,(tin),x1 is a quantity of/contains/is made of tin (Sn); [metaphor: cheap or base metal].
zinki,7.5.4,(zinc),x1 is a quantity of/contains/is made of zinc (Zn); [metaphor: hard metal].
tirse,7.5.4,(iron),"x1 is a quantity of/contains/is made of iron (Fe); [metaphor: strong, durable, tarnishing]."
cnisa,7.5.4,(lead),"x1 is a quantity of/contains/is made of lead (Pb); [metaphor: heavy, malleable, soft metal]."
romge,7.5.4,(chrome),"x1 is a highly reflective/polished non-tarnishing metallic surface, of metal x2 [often chromium]."
munje,8.1,(universe),x1 is a universe/cosmos [complete and ordered entirety] of domain/sphere x2 defined by rules x3.
tarci,8.1,(star),x1 is a star/sun with stellar properties x2.
plini,8.1,(planet),"x1 is a planet revolving around x2 with planetary characteristics x3, orbital parameters x4."
mluni,8.1,(satellite ‘moon’),"x1 is a satellite/moon orbiting x2 with characteristics x3, orbital parameters x4."
kensa,8.1,(outer space),x1 is outer space near/associated with celestial body/region x2.
solri,8.1,(solar),x1 is the sun of home planet x2 (default Earth) of race x3; (adjective:) x1 is solar.
terdi,8.1,(earth ‘terrestrial’),x1 is the Earth/the home planet of race x2; (adjective:) x1 is terrestrial/earthbound.
lunra,8.1,(lunar),x1 is Earth's moon (default); x1 is a major natural satellite/moon of planet x2.
tumla,8.2,(land),x1 is a parcel/expanse of land at location x2; x1 is terrain.
cmana,8.2,(mountain),x1 is a mountain/hill/mound/[rise]/[peak]/[summit]/[highlands] projecting from land mass x2.
djacu,8.2.1,(water ‘aqua-’),x1 is made of/contains/is a quantity/expanse of water; (adjective:) x1 is aqueous/[aquatic].
xamsi,8.2.1,(sea),"x1 is a sea/ocean/gulf/[atmosphere] of planet x2, of fluid x3; (adjective:) x1 is marine."
zbani,8.2.1,(bay),x1 is a bay in/of coast/shoreline x2.
daplu,8.2.1,(island),x1 is an island/atoll/key of [material/properties] x2 in surroundings/body x3; x1 is insular.
jmifa,8.2.1,(shoal ‘reef’),x1 is a shoal [shallow hazard]/reef of material x2 in body of water x3.
rirxe,8.2.1,(river),"x1 is a river of land mass x2, draining watershed x3 into x4/terminating at x4."
jinto,8.2.1,(well),x1 is a well/spring of fluid x2 at location x3.
lalxu,8.2.1,(lake ‘lagoon’),x1 is a lake/lagoon/pool at site/within land mass x2.
tsani,8.2.2,(sky),x1 is an expanse of sky/the heavens at place x2; [celestial].
vacri,8.2.2,(air),"x1 is a quantity of air/normally-gaseous atmosphere of planet x2, of composition including x3."
tcima,8.2.2,(weather ‘climate’),x1 is weather at place/region x2; (adjective:) x1 is meteorological.
brife,8.2.2,(breeze),x1 is a breeze/wind/gale from direction x2 with speed x3; x1 blows from x2.
dilnu,8.2.2,(cloud),x1 is a cloud/mass of clouds of material x2 in air mass x3 at floor/base elevation x4.
bumru,8.2.2,(fog),x1 is foggy/misty/covered by a fog/mist/vapor of liquid x2.
carvi,8.2.2,(rain),x1 rains/showers/[precipitates] to x2 from x3; x1 is precipitation [not limited to 'rain'].
snime,8.2.2,(snow),x1 is made of/contains/is a quantity/expanse of snow.
bisli,8.2.2,(ice),x1 is a quantity of/is made of/contains ice [frozen crystal] of composition/material x2.
bratu,8.2.2,(hail),x1 is hail/sleet/freezing rain/solid precipitation of material/composition including x2.
kunra,8.2.3,(mineral ‘mined’),x1 is/contains/is made from a mineral/ore of type/metal x2 mined from location/lode/mine x3.
rokci,8.2.3,(rock),x1 is a quantity of/is made of/contains rock/stone of type/composition x2 from location x3.
krili,8.2.3,(crystal),x1 is a quantity of/contains/is made of crystal of composition x2 in form/arrangement x3.
jemna,8.2.3,(gem),x1 is a gem/polished stone/pearl of type x2 from gemstone/material/source x3.
kliti,8.2.3,(clay),"x1 is a quantity of/contains/is made of clay [moist, clammy dirt] of composition including x2."
canre,8.2.3,(sand),x1 is a quantity of/contains/is made of sand/grit from source x2 of composition including x3.
bakri,8.2.3,(chalk),x1 is a quantity of/contains/is made of chalk from source x2 in form x3.
silna,8.2.3,(salt),"x1 is a portion/quantity of salt from source x2, of composition including x3."
kolme,8.2.3,(coal),x1 is a quantity of/contains/is made of coal/peat/anthracite/bitumen from source x2.
ctile,8.2.3,(petroleum ‘oil’),x1 is a quantity of petroleum/oil from source x2.
tarla,8.2.3,(tar),x1 is a quantity of/contains/is made of tar/asphalt from source x2.
dertu,8.2.3,(dirt),x1 is a quantity of/contains/is made of dirt/soil/earth/ground from source x2 of composition x3.
jutsi,9,(species),"x1 is a species of genus x2, family x3, etc.; [open-ended tree-structure categorization]."
jmive,9,(live),x1 lives/is alive by standard x2; x1 is an organism/living thing.
morsi,9,(dead ‘mort-’),x1 is dead/has ceased to be alive.
catra,9,(kill ‘slaughter’),x1 (agent) kills/slaughters/murders x2 by action/method x3.
makcu,9,(mature),x1 is mature/ripe/fully-grown/adult in development-quality x2 (ka).
xadni,9,(body),x1 is a/the body/corpus/corpse of x2; (adjective:) x1 is corporal/corporeal.
panzi,9,(offspring),x1 is a [biological] offspring/child/kid/hybrid of parent(s) x2; (adjective:) x1 is filial.
jgina,9,(gene),x1 is a gene of creature [or locus on creature] x2 determining trait/process x3.
lanbi,9,(protein ‘albumin’),x1 is a quantity of protein/albumin of type x2 composed of amino acids (sequence/jo'u) x3 .
cecmu,9,(community),x1 is a community/colony of organisms x2.
fusra,9,(rotten ‘rot’),x1 rots/decays/ferments with decay/fermentation agent x2; x1 is rotten/decayed/fermented.
ferti,9,(fertile),x1 is fertile/conducive for supporting the growth/development of x2; x1 is fruitful/prolific.
jurme,9,(germ),x1 is a bacterium/germ/microbe/protozoan/amoeba [1-celled life] of species/defining property x2.
vidru,9,(virus),x1 is a virus of species/breed/defining property x2 capable of infecting [at] x3.
spati,9.1,(plant),x1 is a plant/herb/greenery of species/strain/cultivar x2.
tricu,9.1,(tree),x1 is a tree of species/cultivar x2.
ckunu,9.1,(conifer ‘cone’),x1 is a conifer/pine/fir of species/strain x2 with cones x3.
srasu,9.1,(grass),x1 is a blade/expanse of grass of species x2.
clika,9.1,(mossy),x1 is a moss/lichen of species/strain x2 growing on x3; (adjective:) x1 is mossy.
mledi,9.1,(mold),x1 is a mold/fungus/mushrooms/truffles of species/strain x2 parasitic/growing on x3.
genja,9.1.1,(root),"x1 is a root [body-part] of plant/species x2; [metaphor: immobile, supporting, nourishing]."
balji,9.1.1,(bulb ‘bulge’),"x1 is a bulb [body-part] of plant/species x2; [metaphor: rounded, bulgy]."
stani,9.1.1,(stalk),x1 is a/the stalk/stem/trunk [body-part] of plant/species x2; [metaphor: main support].
pezli,9.1.1,(leaf),x1 is a leaf of plant x2; x1 is foliage of x2.
xrula,9.1.1,(flower),x1 is a/the flower/blossom/bloom [body-part] of plant/species x2; (adjective:) x1 is floral.
grute,9.1.1,(fruit),x1 is a fruit [body-part] of species x2.
tsiju,9.1.1,(seed),x1(s) is/are (a) seed(s)/spore(s) [body-part] of organism x2 for producing offspring x3.
narge,9.1.1,(nut),x1 is a nut [body-part: hard-shelled fruit] from plant/species x2 with shell x3 and kernel x4.
jbari,9.1.1,(berry),x1 is a berry (fruit/plant) of plant/species x2.
dembi,9.1.1,(bean),x1 is a bean/pea/leguminous seed from plant [legume] x2.
gurni,9.1.1,(grain),x1 is grain/[British: corn]/cereal from plant/species x2.
stagi,9.1.1,(vegetable ‘stalky’),x1 is the edible x2 portion of plant x3; x1 is a vegetable.
rozgu,9.1.2,(rose),x1 is a rose [flower - characterized by prickly stem/fragrance] of species/strain x2.
tujli,9.1.2,(tulip),x1 is a tulip (defined by flower shape) of species/strain x2.
latna,9.1.2,(lotus),"x1 is a lotus, plant/flower/herb of species/strain x2 symbolizing x3 to culture/religion x4."
badna,9.1.3,(banana),x1 is a banana/plantain [fruit/plant] of species/breed x2.
nimre,9.1.3,(citrus ‘lime’),"x1 is a quantity of citrus [fruit/tree, etc.] of species/strain x2."
plise,9.1.3,(apple),x1 is an apple [fruit] of species/strain x2.
perli,9.1.3,(pear),x1 is a pear [fruit] of species/strain x2.
guzme,9.1.3,(melon),x1 is a melon/squash [fruit/plant] of species/strain x2.
figre,9.1.3,(fig),x1 is a fig [fruit/tree] of species/strain x2.
kobli,9.1.4,(cabbage ‘cole-’),x1 is a quantity of cabbage/lettuce/leafy vegetable of species/strain x2.
tamca,9.1.4,(tomato),x1 is a tomato [fruit/vegetable/plant] of species/strain x2.
sluni,9.1.4,(onion),x1 is a quantity of/contains onions/scallions of type/cultivar x2.
sunga,9.1.4,(garlic),x1 is a quantity of garlic [bulb] of species/strain x2.
patlu,9.1.4,(potato),x1 is a potato [an edible tuber] of variety/cultivar x2.
samcu,9.1.4,(cassava ‘yam’),x1 is a quantity of cassava/taro/manioc/tapioca/yam [edible starchy root] of species/strain x2.
bavmi,9.1.5,(barley),x1 is a quantity of barley [grain] of species/strain x2.
cunmi,9.1.5,(millet),x1 is a quantity of millet [grain] of species/strain x2.
mavji,9.1.5,(oats),x1 is a quantity of oats [grain] of species/strain x2.
maxri,9.1.5,(wheat),x1 is a quantity of wheat [grain] of species/strain x2.
mraji,9.1.5,(rye),x1 is a quantity of rye [grain] of species/strain x2.
sobde,9.1.5,(soya),x1 is a quantity of soya [grain/bean] of species/strain x2.
sorgu,9.1.5,(sorghum),x1 is a quantity of sorghum of species/strain x2.
xruba,9.1.5,(buckwheat ‘rhubarb’),x1 is a quantity of buckwheat/rhubarb/sorrel grass of species/strain x2.
zumri,9.1.5,(maize),x1 is a quantity of maize/corn [grain] of species/strain x2.
rismi,9.1.5,(rice),x1 is a quantity of rice [a type of grain] of strain/cultivar x2.
cindu,9.1.6,(oak),"x1 is an oak, a type of tree of species/strain x2."
tanko,9.1.6,(tobacco),x1 is a quantity of tobacco [leaf] of species/strain x2.
marna,9.1.6,(hemp ‘marijuana’),x1 is a quantity of hemp/marijuana/jute of species/strain x2.
danlu,9.2,(animal),x1 is an animal/creature of species x2; x1 is biologically animate.
cilce,9.2,(wild),(adjective:) x1 is wild/untamed.
curnu,9.2.1,(worm),x1 is a worm/invertebrate animal of species/breed x2.
cinki,9.2.1,(insect),x1 is an insect/arthropod of species x2; [bug/beetle].
finpe,9.2.1,(fish ‘fin’),"x1 is a fish of species x2 [metaphorical extension to sharks, non-fish aquatic vertebrates]."
banfi,9.2.1,(amphibian),x1 is an amphibian of species/breed x2.
respa,9.2.1,(reptile),x1 is a reptile of species/breed x2.
cipni,9.2.1,(bird),x1 is a bird/avian/fowl of species x2.
mabru,9.2.1,(mammal),x1 is a mammal/'animal'/beast of species x2.
jukni,9.2.2,(spider ‘arachnid’),x1 is a spider/arachnid/crustacean/crab/lobster/non-insect arthropod of species/breed x2.
jalra,9.2.2,(cockroach),x1 is a cockroach/orthopteran/termite of order/species/breed x2.
sfani,9.2.2,(fly),x1 is a fly [a small non-stinging flying insect] of species/breed x2.
toldi,9.2.2,(butterfly),x1 is a butterfly/moth of species/breed x2.
manti,9.2.2,(ant),x1 is an ant of species/breed x2.
bifce,9.2.2,(bee),x1 is a bee/wasp/hornet of species/breed x2.
civla,9.2.2,(louse),"x1 is a louse/flea [blood-sucking arthropod] of species/breed x2, parasitic on x3."
since,9.2.2,(snake),x1 is a snake/serpent of species/breed x2.
jipci,9.2.2,(chicken),x1 is a chicken/[hen/cock/rooster]/small fowl [a type of bird] of species/breed x2.
xruki,9.2.2,(turkey),x1 is a turkey [food/bird] of species/breed x2.
datka,9.2.2,(duck),x1 is a duck/[drake] of species/breed x2.
gunse,9.2.2,(goose),x1 is a goose/[gander] of species/breed x2.
ractu,9.2.2,(rabbit),x1 is a rabbit/hare/[doe] of species/breed x2.
ratcu,9.2.2,(rat),x1 is a rat of species/breed x2.
smacu,9.2.2,(mouse),x1 is a mouse of species/breed x2.
xanto,9.2.2,(elephant),
xarju,9.2.2,(pig ‘hog’),x1 is a pig/hog/swine/[boar] [pork/ham/bacon-producer] of species/breed x2.
bakni,9.2.2,(bovine ‘ox’),x1 is a cow/cattle/kine/ox/[bull/steer/calf] [beef-producer/bovine] of species/breed x2.
lanme,9.2.2,"(sheep ‘lanolin, lamb’)",x1 is a sheep/[lamb/ewe/ram] of species/breed x2 of flock x3.
kanba,9.2.2,"(goat ‘kid, billy, baa’)",x1 is a goat/angora/[billy-goat/kid] of species/breed x2.
mirli,9.2.2,(deer),x1 is a deer/elk/moose/[hart/stag/doe] of species/breed x2.
kumte,9.2.2,(camel),x1 is a camel/llama/alpaca/vicuna/dromedary of species/breed x2.
xirma,9.2.2,(horse),x1 is a horse/equine/[colt/mare/stallion/pony] of species/breed x2.
xasli,9.2.2,(donkey ‘ass’),x1 is a donkey/jackass of species/breed x2.
cribe,9.2.2,(bear),x1 is a bear/ursoid of species/breed x2.
mlatu,9.2.2,(cat),x1 is a cat/[puss/pussy/kitten] [feline animal] of species/breed x2; (adjective:) x1 is feline.
cinfo,9.2.2,(lion),x1 is a lion/[lioness] of species/breed x2.
tirxu,9.2.2,(tiger),x1 is a tiger/leopard/jaguar/[tigress] of species/breed x2 with coat markings x3.
gerku,9.2.2,(dog),x1 is a dog/canine/[bitch] of species/breed x2.
labno,9.2.2,(wolf ‘lobo’),x1 is a wolf/lupine of species/breed x2.
lorxu,9.2.2,(fox),x1 is a fox [bushy-tailed wild dog/canine] of species/breed x2.
smani,9.2.2,(monkey ‘simian’),x1 is a monkey/ape/simian/baboon/chimpanzee of species/breed x2.
remna,9.2.2,(human),x1 is a human/human being/man (non-specific gender-free sense); (adjective:) x1 is human.
rango,9.2.3,(organ),x1 is a/the body organ [body-part] of body/species x2 performing function x3.
stedu,9.2.3,(head),x1 is a/the head [body-part] of x2; [metaphor: uppermost portion].
flira,9.2.3,(face),x1 is a/the face [head/body-part] of x2; (adjective:) x1 is facial.
mebri,9.2.3,(brow),x1 is a/the brow/forehead [projecting flat/smooth head/body-part] of x2.
kanla,9.2.3,(eye ‘ocular’),x1 is a/the eye [body-part] of x2; [metaphor: sensory apparatus]; (adjective:) x1 is ocular.
nazbi,9.2.3,(nose ‘nasal’),x1 is the nose [body-part] of x2 with nostril(s)/nasal passage(s) x3; [metaphor: protrusion].
kerlo,9.2.3,"(ear ‘aural, earlobe’)","x1 is a/the ear [body-part] of x2; [metaphor: sensory apparatus, information gathering]."
moklu,9.2.3,(mouth ‘oral’),x1 is a/the mouth/oral cavity [body-part] of x2; (metaphor: entrance/intake for consumption).
ctebi,9.2.3,(lip ‘labial’),x1 is a/the lip [body-part]/rim of orifice x2 of body x3; (adjective:) x1 is labial.
tance,9.2.3,(tongue),"x1 is a/the tongue [body-part] of x2; (metaphor: similar to nazbi, tamji, degji)."
xedja,9.2.3,(jaw),x1 is a/the jaw [body-part] of x2.
denci,9.2.3,(tooth ‘dental’),x1 is a/the tooth [body-part] of x2; (adjective:) x1 is dental.
galxe,9.2.3,(throat ‘gullet’),x1 is a/the throat/gullet [body-part] of x2; [metaphor: narrow(ing) opening of a deep hole].
cnebo,9.2.3,(neck),x1 is a/the neck [body-part] of x2; [metaphor: a relatively narrow point].
janco,9.2.3,(shoulder),x1 is a/the shoulder/hip/joint [body-part] attaching limb/extremity x2 to body x3.
birka,9.2.3,(arm),x1 is a/the arm [body-part] of x2; [metaphor: branch with strength].
tuple,9.2.3,(leg),x1 is a/the leg [body-part] of x2; [metaphor: supporting branch].
xance,9.2.3,(hand),"x1 is a/the hand [body-part] of x2; [metaphor: manipulating tool, waldo]."
jamfu,9.2.3,(foot),x1 is a/the foot [body-part] of x2; [metaphor: lowest portion] (adjective:) x1 is pedal.
cidni,9.2.3,(knee),"x1 is a/the knee/elbow/knuckle [hinged joint, body-part] of limb x2 of body x3."
degji,9.2.3,(finger ‘digit’),x1 is a/the finger/digit/toe [body-part] on limb/body site x2 of body x3; [metaphor: peninsula].
tamji,9.2.3,(thumb),x1 is a/the thumb/big toe [body-part] on limb x2 of x3; [metaphor based on relative shape].
cinza,9.2.3,(tongs),x1 is a/are tong(s)/chopsticks/pincers/tweezers/pliers [tool/body-part] for x2 to pinch x3.
nalci,9.2.3,(wing),x1 is a/the wing [body-part] of x2; [metaphor: lateral supporting surface].
cutne,9.2.3,(chest),x1 is a/the chest/thorax/upper trunk/[rib cage/breast] [body-part] of x2.
tatru,9.2.3,(breast ‘teat’),x1 is a/the breast/mammary/teat [body-part] of x2; [metaphor: projection providing liquid].
betfu,9.2.3,(abdomen ‘belly’),x1 is a/the abdomen/belly/lower trunk [body-part] of x2; [metaphor: midsection].
plibu,9.2.3,(pubic),x1 is a/the pubic area/external genitalia [body-part] of x2.
pinji,9.2.3,(penis),x1 is a/the clitoris/penis [projecting reproductive organ; body-part] of x2.
vlagi,9.2.3,(vulva),x1 is a/the vulva [body-part] of x2.
zargu,9.2.3,(buttock ‘arse’),"x1 is a/the buttock(s)/arse/rear/seat [body-part] of x2; [metaphor: rounded surface, support]."
ganxo,9.2.3,(anus ‘asshole\s arsehole’),"x1 is a/the anus/anal orifice/asshole/arsehole [body-part] of x2; [metaphor: exit, waste exit]."
rebla,9.2.3,(tail),"x1 is a/the tail/appendix [body-part] of x2; [metaphor: trailing, following portion/appendage]."
kerfa,9.2.4,(hair),x1 is a/the hair/fur [body-part] of x2 at body location x3.
sunla,9.2.4,(wool),x1 is a quantity of/made from/consists of wool [tight curly hair] from animal/species/source x2.
pimlu,9.2.4,(feather ‘plume’),x1 is a/the feather/plume(s)/plumage [body-part] of animal/species x2.
jgalu,9.2.4,(claw ‘talon’),"x1 is a/the claw/nail/talon [body-part] of x2; [metaphor: pointed, penetrating, physical weapon]."
sufti,9.2.4,(hoof),x1 is a/the hoof [body-part] of x2.
jirna,9.2.4,(horn),x1 is a/the horn [body-part] of x2; [metaphor: pointed extremity].
ciblu,9.2.5,(blood),x1 is blood/vital fluid of organism x2.
bongu,9.2.5,(bone),"x1 is a/the bone/ivory [body-part], performing function x2 in body of x3; [metaphor: calcium]."
sluji,9.2.5,(muscle),"x1 is a/the muscle [body-part] controlling x2, of body x3; [metaphor: tools of physical power]."
nirna,9.2.5,(nerve),x1 is a nerve/neuron [body-part] of x2; [metaphor: information/control network connection].
cigla,9.2.5,(gland),"x1 is a/the gland [body-part] secreting x2, of body x3; x2 is a secretion of x1."
besna,9.2.5,(brain),"x1 is a/the brain [body-part] of x2; [metaphor: intelligence, mental control]."
risna,9.2.5,(heart ‘cardiac’),x1 is a/the heart [body-part] of x2; [emotional/shape metaphors are NOT culturally neutral].
fepri,9.2.5,(lung ‘pulmonary’),x1 is a/the lung [body-part] of x2; [metaphor: breathing/respiratory apparatus/bellows].
canti,9.2.5,(gut ‘entrails’),x1 is a/the gut(s)/entrails/intestines/viscera/innards/digestive system [body-part] of x2.
livga,9.2.5,(liver),x1 is a/the liver [body-part] of x2.
vibna,9.2.5,(vagina),x1 is a/the vagina [body-part] of x2.
gutra,9.2.5,(womb ‘uterus’),"x1 is a/the womb/uterus [body-part] of x2; [metaphor: nourishing, protective, giving birth]."
ganti,9.2.5,(testicle ‘testes’),"x1 is a/the testes/ovary/testicle/scrotum/balls/gonad/stamen/pistil [body-part] of x2, gender x3."
vasxu,9.3,(breathe ‘vascular’),x1 breathes/respires x2 [gas].
kafke,9.3,(cough),x1 coughs/farts/burps up/out x2 [predominantly gaseous] from orifice x3.
senci,9.3,(sneeze),x1 sneezes (intransitive verb).
xasne,9.3,(sweat),"x1 is a/the sweat/perspiration from body x2, excreted by gland(s)/organs x3."
citka,9.3.1,(eat),x1 eats/ingests/consumes (transitive verb) x2.
pinxe,9.3.1,(drink),x1 (agent) drinks/imbibes beverage/drink/liquid refreshment x2 from/out-of container/source x3.
cidja,9.3.1,(food ‘feed’),x1 is food/feed/nutriment for x2; x1 is edible/gives nutrition to x2.
vindu,9.3.1,(poison ‘venom’),x1 is poisonous/venomous/toxic/a toxin to x2.
vikmi,9.3.1,(excrete),x1 [body] excretes waste x2 from source x3 via means/route x4.
kalci,9.3.1,(feces ‘shit’),x1 is a/the feces/excrement/dung/shit of x2 (animal/person); (adjective:) x1 is fecal (matter).
pinca,9.3.1,(urine ‘piss’),x1 is a/the urine/piss/pee of x2.
vamtu,9.3.1,(vomit),x1 vomits/regurgitates x2; x1 throws x2 up; [violent] digestive expulsion.
cinse,9.3.2,(sexual),x1 in activity/state x2 exhibits sexuality/gender/sexual orientation x3 (ka) by standard x4.
fetsi,9.3.2,(female ‘fem-’),x1 is a female/doe of species x2 evidencing feminine trait(s) x3 (ka); x1 is feminine.
nakni,9.3.2,(male ‘masculine’),x1 is a male/buck of species x2 evidencing masculine trait(s) x3 (ka); x1 is masculine.
rorci,9.3.2,(procreate),x1 engenders/procreates/begets x2 with coparent x3.
gletu,9.3.2,(copulate ‘coitus’),x1 copulates/fucks/mates/has coitus/sexual intercourse with x2.
sovda,9.3.2,(egg ‘ovum’),x1 is an egg/ovum/sperm/pollen/gamete of/from organism [mother/father] x2.
tarbi,9.3.2,(embryo),"x1 is an embryo/zygote/fetus/fertilized egg with mother x2, and father x3."
cifnu,9.3.2,(infant),x1 is an infant/baby [helpless through youth/incomplete development] of species x2.
verba,9.3.2,(child),"x1 is a child/kid/juvenile [a young person] of age x2, immature by standard x3."
jbena,9.3.2,(born ‘bear’),x1 is born to x2 at time x3 [birthday] and place x4 [birthplace]; x1 is native to (fo) x4.
kanro,9.3.3,(healthy),x1 is healthy/fit/well/in good health by standard x2.
bilma,9.3.3,(ill),x1 is ill/sick/diseased with symptoms x2 from disease x3.
jinku,9.3.3,(vaccine),x1 is a vaccine/immune-system stimulant protecting x2 against disease x3 introduced by method x4.
kenra,9.3.3,(cancer),x1 is a cancer [malignant disease] in x2.
spita,9.3.3,(hospital),x1 is a hospital treating patient(s) x2 for condition/injuries/disease/illness x3.
frati,9.3.4,(react),x1 reacts/responds/answers with action x2 to stimulus x3 under conditions x4; x1 is responsive.
bacru,9.3.4,(utter),x1 utters verbally/says/phonates/speaks [vocally makes sound] x2.
krixa,9.3.4,(cry out),x1 cries out/yells/howls sound x2; x1 is a crier.
cikna,9.3.4,(awake),(adjective:) x1 is awake/alert/conscious.
sipna,9.3.4,(sleep),x1 is asleep (adjective); x1 sleeps/is sleeping.
kalte,9.3.4,(hunt),x1 hunts/stalks prey/quarry/game x2 for purpose x3.
kelci,9.3.4,(play),x1 [agent] plays with plaything/toy x2.
tcaci,9.3.4,(custom ‘habit’),x1 is a custom/habit/[ritual/rut] of x2 under conditions x3.
xabju,9.3.4,(dwell ‘inhabit’),x1 dwells/lives/resides/abides at/inhabits/is a resident of location/habitat/nest/home/abode x2.
zdani,9.3.4,(nest ‘den’),x1 is a nest/house/lair/den/[home] of/for x2.
ganse,9.4,(sense),x1 [observer] senses/detects/notices stimulus property x2 (ka) by means x3 under conditions x4.
tunta,9.4,(poke ‘stab’),"x1 (object, usually pointed) pokes/jabs/stabs/prods x2 (experiencer)."
zgana,9.4,(observe),x1 observes/[notices]/watches/beholds x2 using senses/means x3 under conditions x4.
carmi,9.4,(intense),x1 is intense/bright/saturated/brilliant in property (ka) x2 as received/measured by observer x3.
kandi,9.4,(dim),x1 is dim/dull/pale/non-intense in property x2 (ka) as received/measured by observer x3.
savru,9.4,(noise ‘clamor’),x1 is a noise/din/clamor [sensory input without useful information] to x2 via sensory channel x3.
kukte,9.4,"(delicious ‘cooked, tasty’)","x1 is delicious/tasty/delightful to observer/sense x2 [person, or sensory activity]."
cpina,9.4,(pungent),x1 is pungent/piquant/peppery/spicy/irritating to sense x2.
sance,9.4.1,(sound),x1 is sound produced/emitted by x2.
tirna,9.4.1,(hear),x1 hears x2 against background/noise x3; x2 is audible; (adjective:) x1 is aural.
cladu,9.4.1,(loud),x1 is loud/noisy at observation point x2 by standard x3.
smaji,9.4.1,(quiet ‘silent’),x1 (source) is quiet/silent/[still] at observation point x2 by standard x3.
siclu,9.4.1,(whistle),x1 [sound source] whistles/makes whistling sound/note/tone/melody x2.
tonga,9.4.1,(tone),x1 is a tone/note of frequency/pitch x2 from source x3.
voksa,9.4.1,(voice),x1 is a voice/speech sound of individual x2.
gusni,9.4.2,(illumine ‘light’),x1 [energy] is light/illumination illuminating x2 from light source x3.
viska,9.4.2,(see ‘vision’),x1 sees/views/perceives visually x2 under conditions x3.
catlu,9.4.2,(look),x1 looks at/examines/views/inspects/regards/watches/gazes at x2.
jvinu,9.4.2,(view),x1 is the view/scene/panorama/sight/prospect of x2 (object/location) from point-of-view x3.
manku,9.4.2,(dark),x1 is dark/lacking in illumination.
ctino,9.4.2,(shadow ‘shade’),"x1 is a shadow/the shade of object x2, made by light/energy source x3."
skari,9.4.2,(color),x1 is/appears to be of color/hue x2 as perceived/seen by x3 under conditions x4.
xekri,9.4.2,(black),x1 is black/extremely dark-colored [color adjective].
blabi,9.4.2,(white),x1 is white/very-light colored [color adjective].
grusi,9.4.2,(gray),x1 is gray [color adjective].
xunre,9.4.2,(red),x1 is red/crimson/ruddy [color adjective].
pelxu,9.4.2,(yellow),x1 is yellow/golden [color adjective].
crino,9.4.2,(green),x1 is green/verdant [color adjective].
blanu,9.4.2,(blue),x1 is blue [color adjective].
bunre,9.4.2,(brown),x1 is brown/tan [color adjective].
cicna,9.4.2,(cyan),
narju,9.4.2,(orange),x1 is orange [color adjective].
nukni,9.4.2,(magenta ‘fuchsin’),x1 is magenta/fuchsia/purplish-red [color adjective].
zirpu,9.4.2,(purple),x1 is purple/violet [color adjective].
panci,9.4.3,(odor ‘fragrance’),x1 is an odor/fragrance/scent/smell emitted by x2 and detected by observer/sensor x3.
sumne,9.4.3,(smell),x1 (experiencer) smells/scents (transitive verb) x2; x2 smells/has odor/scent to observer x1.
vrusi,9.4.4,(taste ‘flavor’),x1 (ka) is a taste/flavor of/emitted by x2; x2 tastes of/like x1.
titla,9.4.4,(sweet),x1 is sweet/sugary/saccharine to observer x2.
kurki,9.4.4,(bitter ‘acrid’),x1 is bitter/acrid/sharply disagreeable to observer/sense x2.
slari,9.4.4,(sour),x1 is sour/tart to observer x2.
cortu,9.4.5,(pain ‘hurt’),x1 hurts/feels pain/hurt at locus x2.
xagji,9.4.5,(hunger),x1 hungers for x2; x1 needs/wants food/fuel x2.
taske,9.4.5,(thirst),x1 thirsts for x2; x1 needs/wants drink/fluid/lubrication x2.
tatpi,9.4.5,(tired),x1 is tired/fatigued by effort/situation x2 (event); x1 needs/wants rest.
cinmo,10.1,(emotion),x1 feels emotion x2 (ka) about x3.
badri,10.1,(sad),x1 is sad/depressed/dejected/[unhappy/feels sorrow/grief] about x2 (abstraction).
ckeji,10.1,(ashamed),x1 feels ashamed/mortified/humiliated under conditions x2 before community/audience x3.
jgira,10.1,(pride),x1 (person) feels/has pride in/about x2 (abstraction).
kecti,10.1,(pity),x1 (person) pities/feels sorry for x2 (person) about x3 (abstraction).
kufra,10.1,(comfort),x1 feels comfort/is comfortable with conditions/environmental property(ies) x2.
manci,10.1,(wonder),x1 feels wonder/awe/marvels about x2.
prami,10.1,(love),x1 loves/feels strong affectionate devotion towards x2 (object/state).
steba,10.1,(frustration),x1 feels frustration about x2 (abstraction).
zungi,10.1,(guilt),x1 feels guilt/remorse about x2 (abstraction).
cinri,10.1,(interesting ‘interests’),x1 (abstraction) interests/is interesting to x2; x2 is interested in x1.
burna,10.1,(embarrassed),x1 is embarrassed/disconcerted/flustered/ill-at-ease about/under conditions x2 (abstraction).
cumla,10.1,(humble ‘humility’),x1 is humble/modest about x2 (abstraction); x1 displays humility about x2.
kucli,10.1,(curious),x1 is curious/wonders about/is interested in/[inquisitive about] x2 (object/abstract).
xebni,10.1,(hate),x1 hates/despises x2 (object/abstraction); x1 is full of hate for x2; x2 is odious to x1.
xalni,10.1,(panic),x1 (person) is panicked by crisis x2 (event/state).
xanka,10.1,(nervous ‘anxious’),x1 is nervous/anxious about x2 (abstraction) under conditions x3.
dunku,10.1,(anguish),x1 is anguished/distressed/emotionally wrought/stressed by x2.
dirba,10.1,(dear),x1 is dear/precious/darling to x2; x1 is emotionally valued by x2.
gleki,10.1,(happy ‘gay’),x1 is happy/merry/glad/gleeful about x2 (event/state).
jilra,10.1,(jealous),x1 (person) is jealous of/envies x2 (person) about/for x3 (property - ka).
junri,10.1,(serious),x1 (person) is serious/earnest/has gravity about x2 (event/state/activity).
klaku,10.1,(weep),x1 weeps/cries tears x2 about/for reason x3 (event/state).
terpa,10.1,(fear ‘terror’),x1 fears x2; x1 is afraid/scared/frightened by/fearful of x2 (event/tu'a object).
xenru,10.1,(regret ‘rue’),x1 regrets/rues (abstraction) x2; x1 is regretful/rueful/sorry/[remorseful] about x2.
fengu,10.1,(angry),x1 is angry/mad at x2 for x3 (action/state/property).
pluka,10.1,(pleasant),x1 (event/state) seems pleasant to/pleases x2 under conditions x3.
raktu,10.1,(trouble),x1 (object/person/event/situation) troubles/disturbs x2 (person) causing problem(s) x3.
spaji,10.1,(surprise),x1 (event/action abstract) surprises/startles/is unexpected [and generally sudden] to x2.
jenca,10.1,(shock),x1 (event) shocks/stuns x2.
zdile,10.1,(amusing ‘amused’),x1 (abstract) is amusing/entertaining to x2 in property/aspect x3; x3 is what amuses x2 about x1.
rigni,10.1,(disgusting ‘repugnant’),x1 is repugnant to/causes disgust to x2 under conditions x3.
xajmi,10.1,(funny ‘comic’),x1 is funny/comical to x2 in property/aspect x3 (nu/ka); x3 is what is funny about x1 to x2.
betri,10.1,(tragedy ‘tragic’),x1 is a tragedy/disaster/tragic for x2.
fanza,10.1,(annoy),x1 (event) annoys/irritates/bothers/distracts x2.
zanru,10.2,(approve),x1 approves of/gives favor to plan/action x2 (object/event).
xalbo,10.2,(levity ‘frivolous’),x1 uses levity/is non-serious/frivolous about x2 (abstraction).
vajni,10.2,(important ‘significant’),x1 (object/event) is important/significant to x2 (person/event) in aspect/for reason x3 (nu/ka).
trina,10.2,(attract),x1 attracts/appeals to/lures x2 (person/event) with property/quality x3 (ka).
talsa,10.2,(challenge),x1 (person) challenges x2 at/in property x3.
surla,10.2,(relax),x1 relaxes/rests/is at ease in/by doing/being x2 (activity).
senva,10.2,(dream ‘reverie’),x1 dreams about/that x2 (fact/idea/event/state); x2 is a dream/reverie of x1.
ranxi,10.2,(irony),x1 is ironic(al)/contrary to expectation x2 in state/property/aspect x3.
pendo,10.2,(friend),x1 is/acts as a friend of/to x2 (experiencer); x2 befriends x1.
pacna,10.2,(hope),"x1 hopes/wishes for/desires x2 (event), expected likelihood x3 (0-1); x1 hopes that x2 happens."
nelci,10.2,(fond ‘likes’),x1 is fond of/likes/has a taste for x2 (object/state).
jundi,10.2,(attentive ‘attend’),x1 is attentive towards/attends/tends/pays attention to object/affair x2.
kurji,10.2,(take care of ‘care’),x1 takes-care-of/looks after/attends to/provides for/is caretaker for x2 (object/event/person).
djica,10.2,(desire),x1 desires/wants/wishes x2 (event/state) for purpose x3.
dapma,10.2,(curse ‘damn’),x1 curses/damns/condemns x2 to fate (event) x3.
ckire,10.2,(grateful),x1 is grateful/thankful to/appreciative of x2 for x3 (event/property).
ckasu,10.2,(ridicule ‘scoff’),x1 ridicules/mocks/scoffs at x2 about x3 (property/event) by doing activity x4 (event).
cfipu,10.2,(confusing),x1 (event/state) confuses/baffles x2 [observer] due to [confusing] property x3 (ka).
cizra,10.2,(strange ‘bizarre’),x1 is strange/weird/deviant/bizarre/odd to x2 in property x3 (ka).
cmila,10.2,(laugh ‘smile’),x1 laughs (emotional expression).
xrani,10.3,(injure ‘hurt’),x1 (event) injures/harms/damages victim x2 in property x3 (ka) resulting in injury x4 (state).
zabna,10.3,(favorable),x1 is favorable/great/superb/fabulous/dandy/outstanding/swell/admirable/nice/commendable/delightful/desirable/enjoyable/laudable/likable/lovable/wonderful/praiseworthy/high-quality/cool in property x2 by standard x3; x1 rocks in aspect x2 according to x3
xarnu,10.3,(stubborn),x1 is stubborn/willfully opposing/resisting x2 about x3 (event/state).
xendo,10.3,(kind),x1 (person) is kind to x2 in actions/behavior x3.
xamgu,10.3,(good),x1 (object/event) is good/beneficial/nice/[acceptable] for x2 by standard x3.
xlali,10.3,(bad ‘mal-’),x1 is bad for x2 by standard x3; x1 is poor/unacceptable to x2.
vifne,10.3,(fresh),(adjective:) x1 is fresh/unspoiled.
virnu,10.3,"(brave ‘valiant, virtue’)",x1 is brave/valiant/courageous in activity x2 (event) by standard x3.
stati,10.3,(talent),x1 has a talent/aptitude/innate skill for doing/being x2.
stace,10.3,(honest),x1 is honest/open/truthfully revealing to/candid/frank with x2 about matter/fact x3.
snura,10.3,(secure),x1 is secure/safe from threat x2 (event).
sinma,10.3,(esteem),x1 esteems/respects/venerates/highly regards x2 [object of respect].
prane,10.3,(perfect),x1 is perfect/ideal/archetypical/faultless/flawless/un-improvable in property/aspect x2 (ka).
mulno,10.3,(complete),x1 (event) is complete/done/finished; x1 (object) has become whole in property x2 by standard x3.
misno,10.3,(famous),x1 (person/object/event) is famous/renowned/is a celebrity among community of persons x2 (mass).
melbi,10.3,(beautiful),x1 is beautiful/pleasant to x2 in aspect x3 (ka) by aesthetic standard x4.
mabla,10.3,(derogative),x1 is execrable/deplorable/wretched/shitty/awful/rotten/miserable/contemptible/crappy/inferior/low-quality in property x2 by standard x3; x1 stinks/sucks in aspect x2 according to x3.
lazni,10.3,(lazy),x1 (person) is lazy/avoiding work/effort concerning action x2.
kusru,10.3,(cruel),x1 (person) is cruel/mean/unkind to victim x2.
jursa,10.3,(severe ‘harsh’),x1 (event/action/state) is severe/harsh to x2 [victim/experiencer].
vlile,10.3,(violent),x1 is an event/state/act of violence.
juxre,10.3,(clumsy ‘awkward’),x1 (action) is clumsy/awkward by standard x2.
funca,10.3,(luck ‘fortune’),x1 (event/property) is determined by the luck/fortune of x2; (note mabla/zabna not implied).
fenki,10.3,(crazy ‘frenzy’),x1 (action/event) is crazy/insane/mad/frantic/in a frenzy (one sense) by standard x2.
drani,10.3,(correct ‘right’),x1 is correct/proper/right/perfect in property/aspect x2 (ka) in situation x3 by standard x4.
fange,10.3,(alien ‘foreign’),x1 is alien/foreign/[exotic]/unfamiliar to x2 in property x3 (ka).
darsi,10.3,(audacity ‘dare’),x1 shows audacity/chutzpah in behavior x2 (event/activity); x1 dares to do/be x2 (event/ka).
curve,10.3,(pure),x1 is pure/unadulterated/unmitigated/simple in property x2 (ka).
cnino,10.3,(new),x1 is new/unfamiliar/novel to observer x2 in feature x3 (ka) by standard x4; x1 is a novelty.
slabu,10.3,(old),x1 is old/familiar/well-known to observer x2 in feature x3 (ka) by standard x4.
clite,10.3,(polite),x1 is polite/courteous/civil in matter x2 according to standard/custom x3.
ckape,10.3,(peril),x1 is perilous/dangerous/potentially harmful to x2 under conditions x3.
bandu,10.3,(defend),x1 (event) defends/protects x2 (object/state) from threat/peril/potential x3 (event).
marbi,10.3,(shelter ‘harbor’),x1 is a shelter/haven/refuge/retreat/harbor for/protecting x2 from danger/threat x3.
banli,10.3,(great ‘grand’),x1 is great/grand in property x2 (ka) by standard x3.
basna,10.3,(emphasize ‘accent’),x1 emphasizes/accentuates/gives emphasis/stress/accent to x2 by (action) x3.
racli,10.3,(sane ‘rational’),x1 (action/activity/behavior) is sane/rational by standard x2.
prije,10.3,(wise ‘sage’),x1 is wise/sage about matter x2 (abstraction) to observer x3.
bebna,10.3,(foolish ‘boob’),x1 is foolish/silly in event/action/property [folly] (ka) x2; x1 is a boob.
bilga,10.3,(obliged),x1 is bound/obliged to/has the duty to do/be x2 in/by standard/agreement x3; x1 must do x2.
zifre,10.3,(free),x1 is free/at liberty to do/be x2 (event/state) under conditions x3.
marde,10.3,(morals),x1 are the ethics/morals/moral standards/ethical standards of x2 (ind./mass) about situation x3.
palci,10.3,(evil),x1 is evil/depraved/wicked [morally bad] by standard x2.
vrude,10.3,(virtue),x1 is virtuous/saintly/[fine/moral/nice/holy/morally good] by standard x2.
certu,10.3,(expert),x1 is an expert/pro/has prowess in/is skilled at x2 (event/activity) by standard x3.
cfila,10.3,(flaw),x1 (property - ka) is a flaw/fault/defect in x2 causing x3.
jikca,11,(socialize ‘social’),x1 interacts/behaves socially with x2; x1 socializes with/is sociable towards x2.
sivni,11,(private),x1 is private/personal/privy/[secret/confidential/confined] to x2; x1 is not-public/hidden.
lanzu,11.1,(family ‘clan’),x1 (mass) is a family with members including x2 bonded/tied/joined according to standard x3.
speni,11.1,(married ‘spouse’),x1 is married to x2; x1 is a spouse of x2 under law/custom/tradition/system/convention x3.
ninmu,11.1,(woman ‘women’),x1 is a woman/women; x1 is a female humanoid person [not necessarily adult].
nanmu,11.1,(man),x1 is a man/men; x1 is a male humanoid person [not necessarily adult].
dzena,11.1,(elder),x1 is an elder/ancestor of x2 by bond/tie/degree x3; x1's generation precedes x2's parents.
rirni,11.1,(parent ‘rear’),x1 is a parent of/raises/rears x2; x1 mentors/acts parental toward child/protege x2.
mamta,11.1,(mother ‘mom’),x1 is a mother of x2; x1 bears/mothers/acts maternally toward x2; [not necessarily biological].
patfu,11.1,"(father ‘pop, padre’)",x1 is a father of x2; x1 begets/sires/acts paternal towards x2; [not necessarily biological].
nanla,11.1,(boy ‘lad’),x1 is a boy/lad [young male person] of age x2 immature by standard x3.
nixli,11.1,(girl),x1 is a girl [young female person] of age x2 immature by standard x3.
bersa,11.1,(son),x1 is a son of mother/father/parents x2 [not necessarily biological].
tixnu,11.1,(daughter),x1 is a daughter of mother/father/parents x2; [not necessarily biological].
bruna,11.1,(brother),x1 is brother of/fraternal to x2 by bond/tie/standard/parent(s) x3; [not necess. biological].
mensi,11.1,(sister),x1 is a sister of/sororal to x2 by bond/tie/standard/parent(s) x3; [not necessarily biological].
tunba,11.1,(sibling),x1 is a sibling of x2 by bond/tie/standard/parent(s) x3.
famti,11.1,(aunt or uncle),x1 is an aunt/uncle of x2 by bond/tie x3; x1 is an associated member of x2's parent's generation.
tamne,11.1,(cousin),"x1 is cousin to x2 by bond/tie x3; [non-immediate family member, default same generation]."
ritli,11.2,(rite),"x1 is a rite/ceremony/ritual for purpose/goal x2, by custom/in community x3, with form/rules x4."
salci,11.2,(celebrate),x1 celebrates/recognizes/honors x2 (event/abstract) with activity/[party] x3.
nobli,11.2,(noble),x1 is noble/aristocratic/elite/high-born/titled in/under culture/society/standard x2.
mikce,11.2,(doctor ‘medic’),x1 doctors/treats/nurses/[cures]/is physician/midwife to x2 for ailment x3 by treatment/cure x4.
zajba,11.2,(gymnast),x1 is a gymnast at/performs gymnastics feat x2.
vitke,11.2,(guest ‘visit’),x1 is a guest/visitor of x2 at place/event x3; x1 visits x2/x3.
xotli,11.2,(hotel),x1 is a hotel/inn/hostel at location x2 operated by x3.
turni,11.2.1,(govern),x1 governs/rules/is ruler/governor/sovereign/reigns over people/territory/domain/subjects x2.
kamni,11.2.1,(committee),x1 (mass) is a committee with task/purpose x2 of body x3.
catni,11.2.1,(authority),x1 has authority/is an official in/on/over matter/sphere/persons x2 derived on basis x3.
vipsi,11.2.1,(deputy ‘vice’),x1 is a deputy/vice/subordinate in aspect [or organization principle] x2 (ka) to principal x3.
jecta,11.2.1,(polity ‘state’),x1 is a polity/state governing territory/domain x2; [government/territory relationship].
jansu,11.2.1,(diplomat ‘consul’),x1 is a diplomat/consul representing polity x2 in/at negotiation x3 for function/purpose x4.
jaspu,11.2.1,(passport),x1 is a passport issued to x2 (person) by authority x3 allowing x4 (activity).
pikta,11.2.1,(ticket),x1 is a ticket entitling x2 to entitlement/privilege x3 (event/state) under conditions x4.
flalu,11.2.2,(law),x1 is a law specifying x2 (state/event) for community x3 under conditions x4 by lawgiver(s) x5.
pajni,11.2.2,(judge),x1 judges/referees/arbitrates/is a judge determining/deciding matter x2 (abstract).
zekri,11.2.2,(crime),x1 (event/state) is a punishable crime/[taboo/sin] to people/culture/judges/jury x2.
pulji,11.2.2,(police),x1 is a police officer/[enforcer/vigilante] enforcing law(s)/rule(s)/order x2.
pinfu,11.2.2,(prisoner ‘captive’),"x1 is a prisoner/captive of x2, restrained/held/confined by means/force x3."
gunta,11.2.3,(attack),x1 (person/mass) attacks/invades/commits aggression upon victim x2 with goal/objective x3.
jamna,11.2.3,(war),x1 (person/mass) wars against x2 over territory/matter x3; x1 is at war with x2.
bilni,11.2.3,(military),x1 is military/regimented/is strongly organized/prepared by system x2 for purpose x3.
jenmi,11.2.3,(army),x1 (mass) is an army serving group/community x2 (mass) in function x3 (activity).
sonci,11.2.3,(soldier),x1 is a soldier/warrior/fighter of army x2.
gubni,11.3.1,(public),x1 is public/un-hidden/open/jointly available to/owned by all among community x2 (mass).
ponse,11.3.1,(possess),x1 possesses/owns/has x2 under law/custom x3; x1 is owner/proprietor of x2 under x3.
cpacu,11.3.1,(get ‘acquire’),x1 gets/procures/acquires/obtains/accepts x2 from source x3 [previous possessor not implied].
cirko,11.3.1,(lose),x1 loses person/thing x2 at/near x3; x1 loses property/feature x2 in conditions/situation x3.
jbera,11.3.1,(borrow),x1 (agent) borrows/temporarily takes/assumes x2 (object) from source x3 for interval x4.
dunda,11.3.1,(give ‘donate’),x1 [donor] gives/donates gift/present x2 to recipient/beneficiary x3 [without payment/exchange].
lebna,11.3.1,(take),x1 takes/gets/gains/obtains/seizes/[removes] x2 (object/property) from x3 (possessor).
pindi,11.3.1,(poor ‘indigent’),x1 is poor/indigent/impoverished/lacking in goods/possessions/property x2.
ricfu,11.3.1,(rich),x1 is rich/wealthy in goods/possessions/property/aspect x2.
dejni,11.3.1,(owe ‘debt-or’),"x1 owes x2 in debt/obligation to creditor x3 in return for x4 [service, loan]; x1 is a debtor."
cerda,11.3.1,(heir),x1 is an heir to/is to inherit x2 (object/quality) from x3 according to rule x4.
jdini,11.3.2,(money ‘dinero’),x1 is money/currency issued by x2; (adjective:) x1 is financial/monetary/pecuniary/fiscal.
sicni,11.3.2,(coin ‘specie’),x1 is a coin/token/is specie issued by x2 having value x3 of composition including x4.
rupnu,11.3.2,(dollar ‘ruble’),"x1 is measured in major-money-units (dollar/yuan/ruble) as x2 (quantity), monetary system x3."
fepni,11.3.2,(cent ‘penny’),"x1 is measured in kopeck/cent money-subunits as x2 [quantity], in monetary system x3."
banxa,11.3.2,(bank),x1 is a bank owned by/in banking system x2 for banking function(s) x3 (event).
zivle,11.3.2,(invest),x1 (agent) invests resources x2 in investment x3 expecting return/profit x4 (object(s)/event).
canja,11.3.3,(exchange),"x1 exchanges/trades/barters commodity x2 for x3 with x4; x1, x4 is a trader/merchant/businessman."
vamji,11.3.3,(value),x1 (ni) is the equivalent value/worth of x2 [item(s) of value] to x3 for use/appreciation x4.
jdima,11.3.3,(price),x1 [amount] is the price of x2 to purchaser/consumer x3 set by vendor x4.
vecnu,11.3.3,(sell ‘vend’),x1 [seller] sells/vends x2 [goods/service/commodity] to buyer x3 for amount/cost/expense x4.
kargu,11.3.3,(costly),x1 (object/commodity/property/event) is costly/expensive/dear to x2 by standard x3.
janta,11.3.3,(account),"x1 is an account/bill/invoice for goods/services x2, billed to x3 by x4."
cnemu,11.3.3,(reward),x1 (agent) rewards x2 [recipient] for atypical x3 (event/property) with reward/desserts x4.
kagni,11.3.4,(company),x1 is a company/corporation/firm/partnership chartered by authority x2 for purpose x3.
cteki,11.3.4,(tax),x1 is a tax/levy/duty on goods/services/event x2 levied against x3 by authority/collector x4.
zarci,11.3.4,(market ‘mart’),"x1 is a market/store/exchange/shop(s) selling/trading (for) x2, operated by/with participants x3."
jibri,11.3.4,(job),x1 is a job/occupation/employment/vocation (a type of work regularly done for pay) of person x2.
jerna,11.3.4,(earn),x1 (agent/person) earns/[deserves/merits] wages/salary/pay x2 for work/service x3 (activity).
briju,11.3.4,(office ‘bureau’),x1 is an office/bureau/work-place of worker x2 at location x3.
binra,11.3.4,(insure),x1 insures/indemnifies x2 (person) against peril x3 (event) providing benefit(s) x4 (event).
gusta,11.3.4,(restaurant),x1 is a restaurant/cafe/diner serving type-of-food x2 to audience x3.
barja,11.3.4,(bar),x1 is a tavern/bar/pub serving x2 to audience/patrons x3.
kulnu,12.1,(culture),"x1 [mass of ideas, customs, skills, arts] is culture of nation/ethnos x2 (mass); x1 is ethnic."
natmi,12.1,(nation),x1 is a nation/ethnic group of peoples x2; [people sharing a history/culture].
tutra,12.2,(territory),x1 is territory/domain/space of/belonging to/controlled by x2.
gugde,12.2,(country),x1 is the country of peoples x2 with land/territory x3; (people/territory relationship).
jarbu,12.2,(suburb),x1 is a suburban area of city/metropolis x2.
tcadu,12.2,(city ‘town’),"x1 is a town/city of metropolitan area x2, in political unit x3, serving hinterland/region x4."
nurma,12.2,(rural),x1 is a rural/rustic/pastoral area of x2; x1 is in the country.
panka,12.2,(park),x1 is a park/land reserve managed by community/polity/company x2 for purpose x3.
bemro,12.2,(North American),
dzipo,12.2,(Antarctican),
friko,12.2,(African),
ketco,12.2,(South American ‘Quechua’),
xazdo,12.2,(Asiatic),
ropno,12.2,(European),
glico,12.3,(English),
softo,12.3,(Soviet),
xispo,12.3,(Hispanic),
xrabo,12.3,(Arabic),
baxso,12.3,(Malay-Indonesian ‘Bahasa’),
polno,12.3,(Polynesian),
semto,12.3,(Semitic),
spano,12.3,(Spanish),
srito,12.3,(Sanskrit),
latmo,12.3,(Latin),
lojbo,12.3,(Lojbanic),
brito,12.4,(British),
filso,12.4,(Palestinian ‘Philistine’),
gento,12.4,(Argentinian),
jerxo,12.4,(Algerian),
jordo,12.4,(Jordanian),
kadno,12.4,(Canadian),
libjo,12.4,(Libyan),
lubno,12.4,(Lebanese),
merko,12.4,(American),
mexno,12.4,(Mexican),
misro,12.4,(Egyptian ‘Mizraim’),
morko,12.4,(Moroccan),
rakso,12.4,(Iraqi),
sadjo,12.4,(Saudi),
sirxo,12.4,(Syrian),
sralo,12.4,(Australian),
bengo,12.4,(Bengali),
bindo,12.4,(Indonesian),
brazo,12.4,(Brazilian),
dotco,12.4,(German ‘Deutsch’),
fraso,12.4,(French ‘France’),
jungo,12.4,(Chinese),
kisto,12.4,(Pakistani),
meljo,12.4,(Malaysian),
ponjo,12.4,(Japanese ‘Nippon’),
porto,12.4,(Portuguese),
rusko,12.4,(Russian),
skoto,12.4,(Scottish),
slovo,12.4,(Slavic),
vukro,12.4,(Ukrainian),
xebro,12.4,(Hebrew),
xelso,12.4,(Greek ‘Hellas’),
xindo,12.4,(Hindi),
xurdo,12.4,(Urdi),
lijda,12.5,(religion),x1 is a religion of believers including x2 sharing common beliefs/practices/tenets including x3.
cevni,12.5,(god ‘divinity’),x1 is a/the god/deity of people(s)/religion x2 with dominion over x3 [sphere]; x1 is divine.
censa,12.5,(holy ‘sacred’),x1 is holy/sacred to person/people/culture/religion/cult/group x2.
makfa,12.5,(magic),"x1 is magic/supernatural/sorcery/witchcraft/wizardry to x2, performed by person/force/deity x3."
malsi,12.5,(temple),x1 is a temple/church/sanctuary/synagogue/shrine of religion x2 at location/serving area x3.
crida,12.5,(fairy),x1 is a fairy/elf/gnome/brownie/pixie/goblin/kobold [mythical humanoid] of mythos/religion x2.
ranmi,12.5,(myth),"x1 is a myth/legend, a culturally significant story about x2 in mythos x3 of culture x4."
budjo,12.5.1,(Buddhist),
dadjo,12.5.1,(Taoist),
jegvo,12.5.1,(Jehovist),
muslo,12.5.1,(Islamic),
xriso,12.5.1,(Christian),
larcu,12.6,(art),x1 (process) is an art [creative application] of craft/skill x2 (idea/activity).
muzga,12.6,(museum),x1 is a museum for preserving [and possibly exhibiting] x2 at location x3.
cfika,12.6,(fiction),x1 is a work of fiction about plot/theme/subject x2/under convention x2 by author x3.
pemci,12.6,(poem),x1 is a poem/verse about plot/theme/subject/pattern x2 by author x3 for intended audience x4.
prosa,12.6,(prose),x1 is prose about plot/theme/subject x2 by author x3 for intended audience x4.
pixra,12.6,(picture),"x1 is a picture/illustration representing/showing x2, made by artist x3 in medium x4."
draci,12.6,(drama),x1 is a drama/play about x2 [plot/theme/subject] by dramatist x3 for audience x4 with actors x5.
tigni,12.6,(perform),x1 performs x2 [performance] for/before audience x3.
skina,12.6,(cinema),"x1 is a cinema/movie/film about x2 [plot/theme/subject/activity], filmmaker x3, for audience x4."
zgike,12.6,(music),x1 is music performed/produced by x2 (event).
sanga,12.6,(sing),x1 sings/chants x2 [song/hymn/melody/melodic sounds] to audience x3.
dansu,12.6,(dance),"x1 (individual, mass) dances to accompaniment/music/rhythm x2."
damri,12.6,(drum),x1 is a drum/cymbal/gong [percussion musical instrument] with beater/actuator x2.
flani,12.6,(flute),x1 is a flute/pipe/fife/recorder [flute-like/air-reed musical instrument].
jgita,12.6,(guitar ‘guitar’),x1 is guitar/violin/fiddle/harp [stringed musical instrument] with actuator/plectrum/bow x2.
pipno,12.6,(piano),x1 is a piano/harpsichord/synthesizer/organ; a keyboard musical instrument.
tabra,12.6,(trumpet ‘brass’),x1 is a horn/trumpet/trombone/bugle [brass-wind/lip-reed musical instrument].
xagri,12.6,(reed),x1 is a oboe/clarinet/saxophone [reed musical instrument] with reed x2.
fenso,13.1,(sew),"x1 sews/stitches/sutures materials x2 (ind./set) together with tool(s) x3, using filament x4."
jivbu,13.1,(weave),x1 weaves x2 from material/[yarn] x3.
nivji,13.1,(knit),x1 (agent) knits x2 [cloth/object] from yarn/thread x3.
lasna,13.1,(fasten ‘lash’),x1 (agent) fastens/connects/attaches/binds/lashes x2 to x3 with fastener x4.
gundi,13.1,(industry),x1 is industry/industrial/systematic manufacturing activity producing x2 by process/means x3.
fanri,13.1,(factory ‘foundry’),x1 is a factory/foundry/industrial plant/mill producing x2 from materials x3.
cange,13.1,"(farm ‘grange, agrarian’)","x1 is a farm/ranch at x2, farmed by x3, raising/producing x4; (adjective:) x1 is agrarian."
purdi,13.1,(garden),x1 is a garden/tended/cultivated field of family/community/farmer x2 growing plants/crop x3.
crepu,13.1,(harvest ‘reap’),x1 (agent) harvests/reaps/gathers crop/product/objects x2 from source/area x3.
sombo,13.1,(sow),x1 sows/plants x2 [crop/plants] at/in x3.
spofu,13.1,(broken),x1 is broken/inoperable/broken down/non-utile/not usable for function x2.
cikre,13.1,(repair ‘fix’),x1 repairs/mends/fixes x2 for use x3.
gunka,13.1,(work),x1 [person] labors/works on/at x2 [activity] with goal/objective x3.
cupra,13.1,(produce),x1 produces x2 [product] by process x3.
finti,13.1,(invent),x1 invents/creates/composes/authors x2 for function/purpose x3 from existing elements/ideas x4.
zbasu,13.1,(make),x1 makes/assembles/builds/manufactures/creates x2 out of materials/parts/components x3.
fukpi,13.1,(copy),x1 is a copy/replica/duplicate/clone of x2 in form/medium x3 made by method x4 (event).
jadni,13.1,(adorn),x1 (object) adorns/decorates x2; x1 is an adornment/decoration of x2; x2 is fancy/decorated.
jukpa,13.1,(cook),x1 cooks/prepares food-for-eating x2 by recipe/method x3 (process).
macnu,13.1,(manual),x1 (event/action/process) is manual [not automatic] in function x2 under conditions x3.
zmiku,13.1,(automatic),x1 is automatic in function x2 under conditions x3.
lumci,13.1,(wash),x1 (agent) washes/cleanses x2 of soil/contaminant x3 in/with cleaning material(s) x4.
molki,13.1,(mill),x1 is a mill/foundry/industrial plant/[assembly line] performing process x2.
pilno,13.1,(use ‘employ’),"x1 uses/employs x2 [tool, apparatus, machine, agent, acting entity, material] for purpose x3."
sazri,13.1,(operate),x1 operates/drives/runs x2 [apparatus/machine] with goal/objective/use/end/function x3.
sorcu,13.1,(store),x1 is a store/deposit/supply/reserve of materials/energy x2 in containment x3.
zbabu,13.2,(soap),x1 is a quantity of/contains/is made of soap from source x2 of composition including x3.
jalna,13.2,(starch),x1 is a quantity of/contains/is made of starch from source x2 of composition including x3.
blaci,13.2.1,(glass),x1 is a quantity of/is made of/contains glass of composition including x2.
staku,13.2.1,(ceramic),"x1 is a quantity of/contains/is made of ceramic made by x2, of composition x3, in form/shape x4."
gasta,13.2.1,(steel),x1 is a quantity of/is made of/contains steel of composition including x2.
lastu,13.2.1,(brass),x1 is a quantity of/contains/is made of brass [copper/zinc alloy] of composition including x2.
ransu,13.2.1,(bronze),x1 is a quantity of/contains/is made of bronze of composition including x2.
ckabu,13.2.1,(rubber),x1 is a quantity of/contains/is made of rubber/latex from source x2 of composition including x3.
slasi,13.2.1,(plastic),x1 is a quantity of/is made of/contains plastic/polymer of type/component unit(s) x2.
bukpu,13.2.1,(cloth),x1 is an amount of cloth/fabric of type/material x2.
mapni,13.2.1,(cotton),x1 is a quantity of/contains/is made of cotton [type of fabric/material].
matli,13.2.1,(linen),x1 is a quantity of/contains/is made of linen/flax [type of fabric/material].
silka,13.2.1,(silk),x1 is a quantity of/contains/is made of silk produced by x2.
korka,13.2.1,(cork),x1 is a quantity of/contains/is made of cork/bark from tree/species x2; [material].
mudri,13.2.1,(wood ‘lumber’),x1 is a quantity of/is made of/contains wood/lumber from tree(s) of type/species x2.
skapi,13.2.1,(pelt ‘skin’),x1 is a pelt/skin/hide/leather from x2.
cinta,13.2.1,(paint),"x1 [material] is a paint of pigment/active substance x2, in a base of x3."
xalka,13.2.2,(alcohol),x1 is a quantity of/contains/is made of alcohol of type x2 from source/process x3.
jikru,13.2.2,(liquor),x1 is made of/contains/is a quantity of liquor/spirits distilled from x2.
vanju,13.2.2,(wine),x1 is made of/contains/is a quantity of wine from fruit/grapes x2.
birje,13.2.2,(beer),x1 is made of/contains/is a amount of beer/ale/brew brewed from x2.
jisra,13.2.2,(juice),x1 is made of/contains/is a quantity of juice/nectar from-source/of-type x2.
sodva,13.2.2,(soda),x1 is made of/contains/is a quantity of a carbonated beverage/soda of flavor/brand x2.
ckafi,13.2.2,(coffee),x1 is made of/contains/is a quantity of coffee from source/bean/grain x2.
tcati,13.2.2,(tea),x1 is made of/contains/is a quantity of tea brewed from leaves x2.
sanmi,13.2.3,(meal),x1 (mass) is a meal composed of dishes including x2.
rectu,13.2.3,(meat ‘flesh’),x1 is a quantity of/contains meat/flesh from source/animal x2.
grasu,13.2.3,(grease),x1 is a quantity of/is made of/contains grease/fat/oil from source x2.
ladru,13.2.3,(milk ‘lactic’),x1 is made of/contains/is a quantity of milk from source x2; (adjective:) x1 is lactic/dairy.
kruji,13.2.3,(cream),x1 is made of/contains/is a quantity of cream/emulsion/puree [consistency] of composition x2.
matne,13.2.3,(butter),x1 is a quantity of/contains butter/oleo/margarine/shortening from source x2.
cirla,13.2.3,(cheese),x1 is a quantity of/contains cheese/curd from source x2.
sakta,13.2.3,(sugar ‘sucrose’),x1 is made of/contains/is a quantity of sugar [sweet edible] from source x2 of composition x3.
cakla,13.2.3,(chocolate),x1 is made of/contains/is a quantity of chocolate/cocoa.
nanba,13.2.3,(bread),x1 is a quantity of/contains bread [leavened or unleavened] made from grains x2.
salta,13.2.3,(salad),x1 (mass) is a quantity of salad [food] with ingredients/components including x2.
sanso,13.2.3,(sauce),"x1 is a sauce/topping/gravy/frosting for use with x2, containing ingredient(s) including x3."
stasu,13.2.3,(soup ‘stew’),x1 is a quantity of soup/stew/olla/olio [food] of ingredients including x2.
tsapi,13.2.3,(seasoning),x1 is a seasoning/condiment/spice causing flavor/effect x2 (event/property).
sigja,13.2.3,(cigar),x1 is a cigar/cigarette/cigarillo made from tobacco/smokable substance x2 by x3.
rutni,13.3,(artifact),x1 is an artifact; x1 is artificial; x1 is made/caused by people/se kulnu x2; x1 is man-made.
tutci,13.3.1,(tool),x1 is a tool/utensil/resource/instrument/implement used for doing x2; [form determines function].
mruli,13.3.1,(hammer),x1 [tool] is a hammer for/hammers x2 [target] consisting of weight/head x3 propelled by x4.
dinko,13.3.1,(nail),"x1 is a nail/tack [pointed driven/frictional fastener] of type/size x2 (ka), made of material x3."
pijne,13.3.1,(pin),"x1 is a pin/peg (needle-shaped tool) for fastening to/piercing x2, of material/properties x3."
burcu,13.3.1,(brush),x1 is a brush for purpose x2 (event) with bristles x3.
balre,13.3.1,(blade),x1 is a blade of tool/weapon x2.
canpa,13.3.1,(shovel),x1 is a shovel/spade [bladed digging implement] for digging x2.
dakfu,13.3.1,(knife),"x1 is a knife (tool) for cutting x2, with blade of material x3."
jinci,13.3.1,(shears),x1 is a pair of shears/scissors for cutting x2.
klupe,13.3.1,(screw),"x1 is a screw [fastener] for purpose x2, threads [pitch, material] x3, frame [size, material] x4."
komcu,13.3.1,(comb),x1 is a comb [many-needled shape] of material x2 with tines/needles x3.
pinsi,13.3.1,(pencil),"x1 is a pencil/crayon/stylus applying lead/marking material x2, frame/support [of material] x3."
penbi,13.3.1,(pen),x1 is a pen using ink x2 applied by process x3.
xinmo,13.3.1,(ink),x1 is a quantity of ink of color/pigment x2 used by writing device x3.
pelji,13.3.1,(paper ‘page’),x1 is paper from source x2.
smuci,13.3.1,(spoon),"x1 is a spoon/scoop (tool) for use x2, made of material x3."
forca,13.3.1,(fork),x1 is a fork/fork-type tool/utensil for purpose x2 with tines/prongs x3 on base/support x4.
sacki,13.3.1,(match),x1 is a match [incendiary device] made of x2.
janbe,13.3.1,(bell),x1 is a bell/chime/[tuning fork] [tuned percussion instrument] producing sound/note x2.
lanci,13.3.1,(flag ‘banner’),x1 is a flag/banner/standard of/symbolizing x2 with pattern(s) x3 on material x4.
matci,13.3.1,(mat),"x1 is a mat/pad/mattress/pallet [flat, soft, dense form] of material x2."
julne,13.3.1,(net),"x1 is a net/filter allowing passage of x2, prohibiting passage of x3, netting properties x4."
murta,13.3.1,(curtain),"x1 is a curtain/blinds/drapes for covering/obscuring aperture x2, and made of material x3."
dacru,13.3.2,(drawer),"x1 is a drawer/file in structure x2, a [sliding compartment] container for contents x3."
baktu,13.3.2,(bucket),"x1 is a bucket/pail/can/deep, solid, wide-topped container of contents x2, made of material x3."
botpi,13.3.2,(bottle),"x1 is a bottle/jar/urn/flask/closable container for x2, made of material x3 with lid x4."
tanxe,13.3.2,(box ‘trunk’),"x1 is a box/carton/trunk/crate for contents x2, and made of material x3."
lante,13.3.2,(can),"x1 is a can/tightly sealed/pre-sealed container for perishable contents x2, made of x3."
dakli,13.3.2,(sack),"x1 is a sack/bag with contents x2, and of material x3."
kabri,13.3.2,(cup),"x1 is a cup/glass/tumbler/mug/vessel/[bowl] containing contents x2, and of material x3."
lanka,13.3.2,(basket),"x1 is a basket with contents x2, woven from material x3."
patxu,13.3.2,(pot),"x1 is a pot/kettle/urn/tub/sink, a deep container for contents x2, of material/properties x3."
palne,13.3.2,"(tray ‘pan, platter’)","x1 is a tray/platter/flat container [pan/sheet/griddle] of contents x2, and made of material x3."
palta,13.3.2,(plate ‘platter’),x1 is a plate/dish/platter/saucer [flat/mildly concave food service bed] made of material x2.
tansi,13.3.2,(pan),"x1 is a pan/basin/tub/sink, a shallow container for contents x2, of material/properties x3."
minji,13.3.3,(machine),"x1 is a machine for use/function x2; [automated apparatus, without direct function control]."
cabra,13.3.3,(apparatus),x1 is apparatus/mechanism/device/equipment for function x2 controlled/[triggered] by x3 (agent).
matra,13.3.3,(motor),"x1 is a motor/engine, driving/propelling/providing power to x2."
livla,13.3.3,(fuel),x1 is a fuel/energy-source for powering x2.
pambe,13.3.3,(pump),x1 is a pump/injector [tool/apparatus] pumping/inserting fluid x2 to x3 from x4 by means x5.
toknu,13.3.3,(oven),x1 is an oven [enclosure that heats its contents] for baking/heating/drying x2.
xarci,13.3.3,(weapon ‘arms’),x1 is a weapon/arms for use against x2 by x3.
jbama,13.3.3,(bomb),x1 is a bomb/explosive device with explosive material/principle x2.
danti,13.3.3,(projectile),x1 is a ballistic projectile [e.g. bullet/missile] for firing by [gun/propelling launcher] x2.
greku,13.4,(frame),x1 is a frame/structure/skeleton/outline supporting/load-bearing/determining the form of x2.
tsina,13.4,(stage),"x1 is a stage/platform/dais/[scaffold] at/in x2 supporting x3, made of material x4."
zbepi,13.4,(pedestal ‘base’),"x1 is a pedestal/base/stand/pallet supporting x2 (object/event), of materials/properties x3."
kamju,13.4,(column),x1 is a column/pillar of material x2.
garna,13.4,(rail ‘bar’),"x1 is a rail/railing/bar [tool] supporting/restraining x2, of material x3."
kajna,13.4,(shelf ‘counter’),"x1 is a shelf/counter/bar in/on/attached to supporting object x2, for purpose x3."
batke,13.4,(button),"x1 is a button/knob/[handle] on/for item x2, with purpose x3, made of material x4."
xislu,13.4,(wheel),"x1 is a wheel [tool] of device/vehicle x2, made of materials/having properties x3."
jabre,13.4,(brake),x1 brakes/causes to slow motion/activity x2 with device/mechanism/principle x3.
linsi,13.4,(chain ‘links’),x1 is a length of chain/links of material x2 with link properties x3.
pulni,13.4,(pulley),x1 is a pulley [tool] for performing action/function x2 rotating on axle x3.
skori,13.4,(cord),x1 is cord/cable/rope/line/twine/cordage/woven strands of material x2.
jendu,13.4,(axle ‘spindle’),"x1 is an axle/spindle [tool] on which x2 rotates, of material/properties x3."
vraga,13.4,(lever),"x1 is a lever [tool] [of apparatus] for doing x2 [function/action], with fulcrum x3 and arm x4."
dargu,13.5,(road),x1 is a road/highway to x2 from x3 with route x4 (x2/x3 may be unordered).
klaji,13.5,(street ‘avenue’),x1 is a street/avenue/lane/drive/cul-de-sac/way/alley/[road] at x2 accessing x3.
naxle,13.5,(canal),x1 is a canal/channel to x2 from x3 with route x4.
vinji,13.5,(airplane),"x1 is an airplane/aircraft [flying vehicle] for carrying passengers/cargo x2, propelled by x3."
skiji,13.5,(ski),x1 is a ski/skid/skate/runner for surface (of material) x2 supporting skier/skater/sled/cargo x3.
falnu,13.5,(sail),x1 is a sail for gathering propelling material x2 on vehicle/motor x3.
carce,13.5,(cart),"x1 is a cart/carriage/wagon [wheeled vehicle] for carrying x2, propelled by x3."
cripu,13.5,(bridge),"x1 is a bridge/span over/across x2 between x3 and x4 [unordered, typically destination first]."
jakne,13.5,(rocket),x1 is a rocket [vehicle] propelled by jet expelling x2 carrying payload x3.
tcana,13.5,(station),x1 is a station/node of/in/on transport/communication/distribution system/network x2.
marce,13.5,(vehicle),"x1 is a vehicle/mode of transport carrying x2 in/on surface/medium x3, propelled by x4."
sabnu,13.5,(cabin),x1 is a cabin of vehicle x2.
bloti,13.5,(boat),"x1 is a boat/ship/vessel [vehicle] for carrying x2, propelled by x3."
trene,13.5,(train),"x1 is a train [vehicle] of cars/units x2 (mass) for rails/system/railroad x3, propelled by x4."
karce,13.5,(car),"x1 is a car/automobile/truck/van [a wheeled motor vehicle] for carrying x2, propelled by x3"
ginka,13.6,(camp),x1 is a camp/encampment/temporary residence of x2 at location x3.
dinju,13.6,(building),x1 is a building/edifice for purpose x2.
kumfa,13.6,(room),x1 is a room of/in structure x2 surrounded by partitions/walls/ceiling/floor x3 (mass/jo'u).
bitmu,13.6,(wall),x1 is a wall/fence separating x2 and x3 (unordered) of/in structure x4.
vorme,13.6,(door),x1 is a doorway/gateway/access way between x2 and x3 of structure x4.
canko,13.6,(window),x1 is a window/portal/opening [portal] in wall/building/structure x2.
balni,13.6,(balcony),x1 is a balcony/overhang/ledge/shelf of building/structure x2.
serti,13.6,(stairs),x1 are stairs/stairway/steps for climbing structure x2 with steps x3.
nilce,13.6,(furniture),x1 [furniture items] furnishes x2 [location] serving purpose/function x3.
jubme,13.6,(table),"x1 is a table/flat solid upper surface of material x2, supported by legs/base/pedestal x3."
stizu,13.6,(chair ‘stool’),"x1 is a chair/stool/seat/bench, a piece or portion of a piece of furniture intended for sitting."
ckana,13.6,(bed),x1 is a bed/pallet of material x2 for holding/supporting x3 (person/object/event).
sfofa,13.6,(sofa),x1 is a sofa/couch (noun).
kicne,13.6,(cushion),x1 cushions x2 with material x3; x1 is a cushion/pillow/pad [for x2] of padding material x3.
stela,13.6,(lock),x1 is a lock/seal of/on/for sealing x2 with/by locking mechanism x3.
ckiku,13.6,(key),"x1 is a key fitting/releasing/opening/unlocking lock x2, and having relevant properties x3."
dasni,13.7,(wear),x1 wears/is robed/garbed in x2 as a garment of type x3.
taxfu,13.7,(garment),x1 is dress/a garment/clothing for wearing by x2 (gender/species/body part) serving purpose x3.
kosta,13.7,(coat),x1 is a coat/jacket/sweater/cloak/[cape/shawl/pullover] [extra outer garment] of material x2.
pastu,13.7,(robe ‘tunic’),x1 is a robe/tunic/gown/cloak/dress/[coveralls] [a long/full body garment] of material x2.
skaci,13.7,(skirt),x1 is a skirt/kilt/dress of material x2; x1 is skirted [garment open at the bottom; not legged].
creka,13.7,(shirt),"x1 is a shirt/blouse/top [upper-body garment - not necessarily sleeved or buttoned], material x2."
palku,13.7,(pants),x1 are pants/trousers/slacks/leggings [legged garment] of material x2.
daski,13.7,(pocket),x1 is a pocket/pouch of/in garment/item x2.
gluta,13.7,(glove),x1 is a mitten/glove [hand and lower arm garment] of material x2.
cutci,13.7,(shoe),"x1 is a shoe/boot/sandal for covering/protecting [feet/hooves] x2, and of material x3."
smoka,13.7,(sock),x1 is a sock/stocking [flexible foot and lower leg garment] of material x2.
mapku,13.7,(cap),x1 is a cap/hat/crown/helmet/piece of headgear [head-top garment] of material x2.
santa,13.7,(umbrella),"x1 is an umbrella/parasol shielding x2 from x3, made of material x4, supported by x5."