lujvo,meaning
ba'armo'a,pattern of marks
ba'orzu'e,to grow something
ba'ostu,nursery; growth/colony of germs
ba'urdu'u,to bitch/whine about something
ba'urnoi,spoken message; to tell someone something
ba'urtadji,pronunciation
ba'usku,to say something
bacycta,look through
bajyjvi,to run a race
bajykla,to come running
bajli'a,run away from
bajystu,running track
bakcange,cattle ranch
bakcatra,bull-fighter
bakplixa,plougher､ someone using oxen to plough
bakre'u,beef､ steak､ beefsteak
bakryta'o,chalkboard/slate
bakyjanbe,cowbell
bakykakpa,using oxen to dig､ plough
balcu'e,University
baldakyxa'i,great sword
baljamna,great war
balku'a,Hall
balnunjamna,great war
balrai,grandmaster; generally､ greatest
balsoi,warrior､ great soldier
baltutra,realm
bacybau,metalanguage
bacycripu,bridge to the beyond (poetic coining)
bacycu'e,college
backemselrerkru,hyperbola
backla,go beyond
banjikske,sociolinguistics
baupli,to speak a language
banpliske,pragmatics
banta'a,to speak a language. (Can also use baupli or tavla fo...)
bantadni,linguistics/linguist
banvelsku,to be in language x
baple'i,to bribe
barca'e,to thrust
brablo,ship､ big ship
barfle,to flow out of
bagyce'a,bow
bagyxai,bow
barjyja'a,bar/cafe manager
barkalri,to have an opening to the outside
barkla,to exit
barli'a,to exit; (place structure of cliva)
bartca,suburb
barterzga,exteroperceptors
basme'e,pseudonym
basygau,to replace Y with Z
basyvla,anaphora
batfendi,to bite something apart
batkyci'a,to type
batkyke'a,key hole
baucmu,language basis; (e.g. Esperanto's _Fundamento_)
baucre,linguist (informally - more appropriate for
bauske,linguistics
bavla'i,next
bavlamdei,tomorrow､ the next day､ the day after
bavlamjeftu,next week､ the week after
bavna'arefma'i,anniversary month
bavna'ake'udei,anniversary day
bavyspe,fiance; fiancee
bavyteike'u,anniversary
bavyteirefma'i,anniversary month
bavyteireftei,anniversary
be'aspe,daughter-in-law
befcro,bellyache
bebgei,giddy
befke'a,abdominal cavity
befsfeke'a,navel
befsri,belt
be'udzu,crawl
beipre,carrier; waiter; porter (etc.)
bejmu'o,to successfully deliver to､ to have something get there
bemjoitco,the Americas
benmro,brain-dead
bermau,something to the North of you
berpau,northern part of something (e.g. territory)
berstici,northwest
berstuna,northeast
besmamta,mother of son [as opposed to daughter] X
bevma'e,loaded vehicle; e.g. truck
beircarce,wagon､ cart
bifcau,still [of day]
bifkluza,fluttering､ loose to the wind
bifmlo,windmill
bifyvilcarvi,windstorm
bigygau,to obligate someone to do something
bijyjbu,desk
bijyku'a,[Main] Office
bijyta'e,briefcase
bikydamri,whip [musical instrument]
bikykla,to dash､ to rush
bi'arbi'o,to get sick
bi'amlu,sickly､ sick-looking
bimxra,wall picture [mural or framed painting]
binkemgaste'i,intersubjectivity
binrydi'a,insurance premium
binryve'u,to sell insurance
velbinryve'u,insurance premium
binynalvokselba'u,buffer sound [interconsonantal]
bircidni,elbow
birdadykla,to brachiate
birjai,hug､ embrace
birtafpau,sleeve
birtu'u,sleeve
birtu'ucau,sleeveless
birvrajvi,arm-wrestling
bisycmaplini,comet
bivjetka'u,byte､ octet
blari'o,blue-green
blita'o,a slab
blogre,to be ferried
blokla,to go by boat
bloli'u,to travel by boat
blomuvga'a,oar
blosazri,boat pilot
blufle,blood-flow
bluselpi'a,bloody
bofsnipa,sticky patch､ sticky foil in general
bogygreku,skeleton
bogykamju,spine､ emphasizing shape/columnar aspect
boldi'u,dome
bolga'axa'i,mace
bolgrijvi,ball game tournament (generic)
bolgu'o,in tanru for bowling
boijme,pearl; any ball-shaped gem
bolkei,ball game (generic)
bolkeijvi,to compete at a ball game
boltikpa,to kick a football
boltipkei,football [as game]
boltipyboi,football ball
boltipyjvi,football [as competition]
brabi'o,to grow､ to become big
brabra,colossal
brabracrida,giant
bracutci,boot
bradzu,to stride
brafe'a,abyss
braje'a,megastate
brajmadegji,big toe
brajmadegycalku,big toe nail
brakruca,amply overlap
bramau,bigger
brapatxu,big pot､ cauldron
braplu,continent
braro'i,boulder
brasa'o,steep
bravau,large container
limna bravau,swimming pool
brivla,predicate word (properly､ selbrivla)
bromalsi,synagogue
brulu'i,to sweep [of floor]
bukydi'u,tent
bukcilta,thread
bukfa'u,fall by parachute
bukfe'a,a tear in cloth
bu'udru,tent
bukmra,tent
buktaiterjo'e,”dart” of... joined to... [clothing]
bukterjo'e,seam of...; joined to ...
bukyjabre,parachute
bukykoi,selvedge of... [clothing]
bunspe,person married to one's brother; sister-in-law
burnanba,brown bread
ca'arcau,with no apparatus､ unaided [e.g. bare-handed combats; with the naked eye]
ca'erbi'e,the wind [as mover of sailed vehicles]
ca'erslanu,valve､ piston
ca'icru,to permit
ca'irci'a,to endorse
cabdei,today
cabma'i,this month
cabmamta,current mother
cabmi'u,simultaneous with.../at time...
cabmo'a,current pattern of things
cabnalza'i,extinct､ not extant
cabna'a,this year
cabycedra,modern era [of history]
cabysna,symphony (fig.)､ concord､ harmony of sounds､ simultaneous sound
cabysni,signs for seasons and days [signs for specific times --- of daytime and nighttime]
cacyju'o,have always known; familiar
cacyjva,convention
cadgau,to play [without a specific game; to play around]
cadykei,to idly play with
cadysti,to cease and rest
cagyce'u,rural/pastoral community
cagyselxa'u,village
cagzaita'u,market town
cagzai,farmer's market
caicni,ardent
caicpe,to beg of someone [request]､ (not ask for money)
caicta,to stare
caidji,intense desire
camcinla,new [moon]
cinlyrai,new [moon]
caizma,more intense
caivru,roaring
cakcinki,beetle
cakcurnu,snail
cakybe'ujma,claw [of crabs etc.] (but cf. jgalu)
cakyda'u,shellfish
cakyrespa,tortoise､ turtle
calze'a,expand (intr.)
caibra,huge
camcarvi,pours [intense rain]､ emphasizing bulk/intensity
camcikna,wide awake
camcilce,wild (e.g. of weather)
camcintungau,petting
camcniri'a,extremely moving
camganra,intensely broad
camgei,intensely happy
campei,intensely think､ concentrate
camselci'i,fan
camselci'igri,fandom
caitcu,desperate
camte'a,horror
camtoi,effortfully
camvrici,various
cagypre,farmer
capli'u,adventurer
capti'i,threatening､ menacing
capyjde,warning someone of danger､ threaten
carcpu,to reel in (weak tanru)
cargau,to turn (tr.)
carna'ivinji,helicopter
ca'irvei,document originating with an authority
cavlu'i,showers､ washes in a shower (tr.)
cavyfle,liquid pours from/to (non agentive)
cavykosta,raincoat､ mackintosh
cavysezlu'i,to shower､ to wash oneself in a shower
cazyfusra,now rotten
cazytcini,current situation
cedrymi'u,contemporary of; [person]
celtci,launching tool
cemlanzu,tribal
cempre,member of community
cnecme,varying names (poetic compound)
centre,centimeter
cermurse,dawn
cespre,prophet､ holy man
cesri'a,bless､ sanctify
cesri'isi'a,worship
cestoldapma,bless
cesycku,holy book､ scripture､ bible､ Koran
cesystu,holy site
cevrirni,Father [of God]
ceirselcpe,prayer [of roleplaying games]
ceirselxa'u,Heaven､ house of the god
ceizda,Heaven
cfagau,to initiate something
cfatse,sit down (co'a zutse)
fi'unri'abau,confusing language
ci'ajbu,desk､ writing desk
ci'arfi'i,to write something [literary work]
ci'arse'u,secretary of...
ci'asku,to express in writing
ci'izma,more interesting
cibdei,Wednesday (daytime/nighttime non-specific)
reldei,Tuesday (daytime/nighttime non-specific)
pavdei,Monday (daytime/nighttime non-specific)
vondei,Thurday (daytime/nighttime non-specific)
mumdei,Friday (daytime/nighttime non-specific)
xavdei,Saturday (daytime/nighttime non-specific)
nondei,Sunday (daytime/nighttime non-specific)
zeldei,Sunday (daytime/nighttime non-specific)
cibjantradamri,triangle; [musical instrument]
cibjgatai,triangle
cibmeilei,threesome
cibylajyterkruca,three-way intersection
cibyselxi'u,three-wheeled
cibyselxi'u velprevelma'e,three-wheeled bicycle
cibyskosa'e,triple stop in string instruments
cibyslakyvla,three-syllable word
cibyteryrau,tertiary
cicfe'u,ferocious
cicfoi,uncultivated field､ forest､ wasteland etc.
cicpre,wild man/woman､ savage
cicre'a,wild man/woman､ savage､ barbarian
cicti'a,storm
cicyractu,hare
cicyspa,weed､ plant growing in the wild
cicyspafoi,brush
cidbajgre,to scurry through
cidbajykla,crawl
cidydzu,crawl
cidydzukla,crawl
cidykla,crawl
cifylisri,children's story
cifydatka,duckling
ciksne,daydream
cikybi'o,to awaken (intr)
cikygau,to awaken (tr)
cimde'u,mud
cimdilnu,mist
cimnalsra,
cimnytei,eternity
cimri'a,to moisten
cimxra,a picture done in paint､ a painting (short for cimcintyxra)
cincigla,gonad
cingafpre,transsexual
cintungau,to stimulate someone sexually
cintyfaigau,to paint something
cinvi'i,ejaculate
circre,historian
circtu,historian [as teacher]
cirmi'o,historical
citkanba,kid goat
citmau,younger
citnanla,young boy
citnau,young man
citni'u,young woman
citpe'o,young friend
citrai,youngest
civysfani,flea
cizda'u,monster､ freak
ckabu'u,bedcloth
ckali'a,to rise [from bed]
kafpanci,smell of coffee
kafpatxu,coffee pot
kafyzai,coffee shop､ shop where you buy coffee beans
ckagai,bedcover
ckakla,to go to bed
ckazbe,base of bed
ckudi'u,library [building]
ckuku'a,library [room]
kulpikta,diploma
kultadni,to study [at school]
ckupau,book chapter
ckupaupau,book section
ckupra,to publish
ckusro,library [as collection of books]
ckuzda,library
ckuzdacre,librarian
ckuzdaske,library science
clacku,long book､ tome
cladakyxa'i,long sword
cladjine,ellipse､ ellipsoid､ oval
claga'u,tall
clakurfa,rectangle
clamau,longer
clapi'e,to long jump
clapi'ejvi,long jump [as competition]
clapre,tall person
clara'i,to stretch forwards (intr.)
clare'i,old､ as having survived/experienced much
claselxadni,tall
clatei,long [in time]; [of events]
claxa'i,long sword
caurgau,deprive､ remove [particularly of abstract qualities]
clinoi,instructional message; ”help” in computer game
lirgli,Old English
cupypijne,paperclip
cmabanfi,small amphibian
cmabu'u,small cloth
cmacai,tiny
cmaca'e,small pushes､ pulses
cmacifnu,small infant [in size]
cmacinfo,small lion (not primarily lion cub)
cinfypanzi,lion cub
cmacpi,small bird
cmacma,tiny
cmami'a,to chuckle
cmacrida,dwarf
cmactatci,microscope
cmaplu,little island
cmafle,a trace [of mist]
cmagu'e,small country
cmagu'etru,governor
cmalauca'a,microphone
cmala'u,small lake
cmama'a,hill
cmamudyspi,woodchip､ splinter
cmapinflani,piccolo
cmaplini,small planet､ asteroid
cmari'e,stream
cmaro'i,gravel
cmaste,small list
cmataisni,figurine [used in games]
cmatca,village
cmatricu,brush
cmatru,small governor
cmave'a,small child [in size]
cmaxli,small girl
cmazda,small nest
cmebasti,pronoun､ pseudonym
cmeju'o,to know someone's name
selcmeju'o,to know someone's name
cmekancu,to count out､ naming the numbers
cmemo'i,to remember someone's name
cmesanji,to identify [be conscious of the name of]
cmetcita,nametag
cmeterge'a,something that does the same job grammatically as a cmene name､ even though it isn't a cmevla itself (e.g. la broda)
cmevla,morphologically-defined name [name word]
cmibi'o,to join､ to become a member of
cmoba'u,to moan something
cmodji,to sigh for something
cmosku,to moan something
cnadakfu,chisel
nebykoi,neck edge [clothing]
cnedatni,a variable
cnelai,a variable
cnicro,to hurt [emotionally]
nicygau,to order､ to sort
cnidu'e,excitement
cnija'o,emotional､ (in tanru; remna...) human [emotionally]､ showing emotions
cnijbi,sympathises､ feels close to
cnikansa,empathy (in tanru)
cnima'o,attitudinal
ninja'o,introduce [of concepts]
cniri'a,moving [emotionally]
cnisei,heart (figurative)､ emotional self
cnisni,sign of emotion
cnita'u,sexually provocative clothing､ primarily lingerie
crodri,painfully sad
crotsapi,hot spices
crovu'i,painful-tasting [spicy､ hot]
cpadji,to want [to get] something
selkemcpadji, x1 = cpacu2 (gotten)､ x2 = djica1 (desire) = cpacu1 (get)､ x3 = cpacu3 (got from)､ x4 = djica3 (purpose desired for)
se cpadji,
cpatu'i,accept [something]
cpesku,to plea､ saying
cpinytsapi,hot spices
cpizda,bird's nest
cpumuvgau,pull something
cradyvelcradi,radio transmitter/receiver (though velcradi should be adequate)
craku'a,anteroom
crale'u,initial [letter]
crapau,front､ front portion [body part]
crasfe,front surface
crastu,the front of
cravro,front door
crelei,character class [of role-playing games]
cistcika,summer [daylight saving] time
crogla,searing heat
crogle,sadomasochism
crori'a,to cause pain､ to hurt
cruvei,a permit; (part of tanru for) shares
ctacarna,turn head to look､ look around
ctebixtei,twilight
ctejau,dew
ctemanku,the dark of the night
ctemurse,twilight
ctesai,supper
cticinza,chopsticks
cticpe,to order a meal
ctidakfu,knife
ctidji,to have a craving for､ to like eating
ka ctidji,appetite
kamctidji,appetite
ctigau,to feed
ctiku'a,dining room
ctilyvau,gas tank､ fuel tank
ctinei,glutton､ gourmand
ctipla,dietician
ctiru'e,digestion
ctiru'egau,to digest
ctisla,[picnic]､ banquet､ feast
ctitci,cutlery
ctitcilu'i,dishwasher
ctona'a,century
ctucku,textbook
ctufau,lesson
ctunoi,instructions
ctutertcidu,chrestomathy､ learner､ textbook
cuxselgre,filter; passband
cunyna'u,random number
cu'urzu'e,to busy oneself
cucma'e,skate､ rollerskate､ etc.
cucti'e,heel of shoe
cucycau,barefoot
cucyxelkla,skate､ rolerskate､ etc.
cucyza'u,heel of shoe
cucyzbi,shoe nose､ toe of shoe
cukmakyvelvei,computer disk/diskette
cukmu'o,completely round
cukselba'a,spotted [of fish]
cuktai,circle
nincukyganra, x1 = ni1 (   amount abstract)､ x2 = ni2 (   scale of amount abstract)､ x3 = ganra1 (broad)､ x4 = ganra3 (breadth standard)
cukygu'ivelvei,CD or laser disk
culcpe,to beseech､ to supplicate､ to beg [for some privilege]
cumselpei,conceivable
cumymu'efi'a,science fiction as exploration of possible worlds
cundinkei,lottery､ gambling
cunfaigau,to scatter something among､ to distribute something randomly [e.g. cutting cards]
cunpe'i,chance acquaintance､ to bump into
cupli'u,to travel to somewhere and back again
cuxtinbe,go along with､ agree to action
da'acre,fighting expert
da'erca'u,space in which a pressure is exerted; force field
dabja'a,warrior-chief
dabycalku,armor
dabysmifau,wargame [as simulation]
da'asnu,to debate､ to argue
dadgau,to hang (tr.)
dadgreku,hanging rack
taxfu dadgreku,clothes rack
dadne'ota'u,necktie
dadysli,pendulum
dafcpe,to ask for an answer
dafsku,to answer
dagysfe,pavement
dagytcityta'o,road sign
dakyxa'i,dagger
daklycka,sleeping bag
dalcange,ranch
damfri,to have a smoke
damselzdi,to have a smoke [not necessarily inhaling]
damva'u,to smoke something [inhale smoke]
danlu'a,trajectory
danvau,quiver [for arrows]
dapsku,to cuss､ to curse saying...
daptutra,Hell
dapyda'i,to slap､ to strike as an insult
darctatci,telescope
dagysni,road sign
darkla,going away
darbajra,run far､ run away
darstuna,far to the east [not necessarily the Far East]
darsyli'u,adventure
darxa'u,to colonise､ to emigrate
daryra'i,to stretch far
daryri'a,to remove､ to expel
daskybu'u,handkerchief
spopli,to destroy something in using it､ to ruin something
datcinglepre,non-homosexual､ MOTOS
datcinpampre,non-homosexual､ MOTOS
datcinselta'u,transvestite
datklu,other-culture (modifier)
datkypi'u,eiderdown
datkypi'u gairki'e,eiderdown [quilt]
datnyvau,computer variable､ register､ memory cell
datnyvaugunma,computer memory
datnyvei,file (incl. computers)
datnyveiste,file directory
datpavycinglepre,heterosexual
datpavycinpampre,heterosexual
datpre,the other one､ other person
datygu'e,overseas､ outside this country [e.g. international call]
datygugvi'e,tourist
daupro,to argue against a person
daxfle,To splash､ or something like that
dazmoipru,second-last [in time]
densrumikce,periodontist
densru,gums､ bone､ and tissue connecting teeth
degja'i,ring
degja'o,to point with the finger
degycpu,to pluck; pizzicato
degyke'a,finger hole
demcarvi,pours [intense rain]､ emphasizing denseness
demlanzu,nuclear family
demri'a,to condense
demspa,bushes
demtse,to crouch [since this ”condenses” the body]
demxa'e,fist
denmikce,dentist
densai,gum
denterjo'e,gum
denvanbi,gums､ bone､ and tissue connecting teeth
depcni,patience
depri'a,to pause some activity
depstu,waiting room､ busstop etc
derba'o,to sprout [of plant]
derjbe,to sprout [of plant]
derni'a,underground
derni'agau,to bury
dersfe,dirt surface､ ground
desygau,to shake (tr.)
detcartu,calendar; appointment book
detcku,diary
detke'u,anniversary
detyselylacri,prompt
di'esna,resounding
dijypanka,plazza
dibdji,to wish､ heart's desire
dibrai,dearest
dibzda,home､ hearth
dicfatka'u,hole; absence of electron; (theoretical construct of electronic engineering)
dicfle,electrical current
dicka'u,electron
dicka'udenmi,electrically negative
dicka'ujdika,electrically positive
dicka'uze'a,electrically negative (also ni'u zei dikca)
dirtadji,computer interrupt
dicycau,electrically uncharged
dicydenmi,electrically negative
dicyjdika,electrically positive (also ma'u zei dikca)
dicysro,battery
digyligykamju,stalactite/stalagmite
dijbartu,outdoors
dijlu'a,corridor
dijysenta,floor [of building]
dikle'i,salary､ payment [unemployment]
dikcaigu'i,laser
dikydemgu'i,laser
diktau,regular tanru; misnomer for ri'irtanru
diktcika,regular time [for appointments､ meetings､ etc.)
dikyjvo,regular (na'i) lujvo; misnomer for ri'ijvo
dimcei,Fortune､ as an abstract entity
dimri'a,Fortune､ as an abstract entity
dincpa,To earn [money]
dinpa'i,greedy
dinseldu'a,money [as voluntary contribution]
dinselxaksu,wasted money
dinske,economics
dinsro,treasury
dintro,managing financial matters
di'idji,avarice､ greed
dirsno,slow due to interruptions
dzimuvgau,to lower (tr.)
dzirai,lowest
dzitricu,bush
djabei,waiter
djabeipre,waiter
djacautsi,empty seed
djacpi,edible fowl
jausna,water sound､ splashing
djagru,edible grain
djaruntygau,to digest
djaselcrepu,crops
djaspi,morsel of food
djave'u,sell food
djecitsi,anniversary day(s)
djecitsi,anniversary day
djerolmeicabrefkai,daily
djekarni,newspaper
djetei,day as duration
djunoi,instructions､ ”help”
dotygu'e,Germany
donma'o,2nd person pronoun
dormidju,noon､ midday
dormijbalvi,afternoon
dormijysai,lunch
drabai,”...forced by correctness”
dracydi'u,theatre
dracystu,theatre [site､ need not be building]
draga'i,to correct
draga'igau,to correct
drarajytse,to sit up straight
drari'a,to correct
draseltai,well-proportioned [of body]
datyzu'e,to do something else
driselsa'a,sad songs [blues]
dritrasma,moping mum
drutapla,roof/ceiling tile
du'ecla,too long
dusyda'o,too distant
dusyva'u,overblow [wind instrument]
dunjbi,approximately equal (not 'equivalent'; that is dunli､ with an appropriate te dunli)
dubjavmau,greater than or equal to
dubjavme'a,less than or equal to
dudnei,generous
dugyste,list of logarithms
dujyca'a,refrigerator
dujyku'a,cooling room
dukri'a,to anguish (tr)
dutsinso,cosine
dukyba'u,to utter in anguish
dusnei,fanatical
dusta'i,exhausted
dusto'u,over-short
dusydarsi,imprudent
dutpi'i,inverse of multiplication､ division
dutydikca,negative electricity
dzeko'o,Celtic
dzispa,bush､ shrubbery､ low-laying plants
dzugre,walk in through...
dzukansa,walk together with
dzukla,to walk to
dzuklaji,footpath
dzupoikansa,to follow someone in walking
fatydu'i,symmetric [of construction/relation]
fatpo'a,to implode
fatytisygau,open [un-stuff]
fadme'e,common [non-scientific] name
fagdirpre,firefighter
fagycfatci,tinder box､ cigarette lighter
fagyfesti,ash
fagyfesyska,ash-coloured
fagyfesyvau,ashtray
fagyka'u,spark
fagysti,to be extinguished
fagystigau,to extinguish
fagytergu'i,torch
fairbei,to carry something distributing it to...､ to bring and hand out...
falbu'u,parachute
falcru,to drop (tr.)
fanbu'u,canvas
famdakfu,chisel
famfa'o,”the end of the end”､ ”what it all boils down to”､ the final conclusion; the utmost extremity
famyma'o,terminator cmavo
fancyju'a,function expression
fankla,to sail to
fanvyca'a,translator-machine; compiler
fanvyca'ate'i,compiler-specific
fanvyca'ate'i fancyju'a,pragma
farcne,to bend [of a path]
fargau,to aim/direct something at something
farja'o,to indicate something; [point]
fasygu'e,France
fatna'u,negative number (slightly broad definition)
faurju'a,occasion sentence
faurpai,to referee､ to arbitrate
favgau,to develop (tr.)
faxri'a,causing forgiving
fazykei,mischievous
fazyta'a,chatter
febgau,to boil (tr.)
fegba'u,roar
fegba'ugunta,scold､ verbally attack
fegboixa'e,fist､ clenched in anger
fegycau,mild､ meek
fekpre,crazy person､ lunatic
fekri'a,driving one crazy
fekygei,mad happiness
fengidmo'a,sewing pattern for garment...
fepsi'i,a cent [coin]
fesydai,waste object､ waste
fetcinfo,lioness
fetci'o,female young
fetnalspe,Miss; spinster
fetno'i,lady
fetnolraitru,queen regent
fetpe'o,female friend､ girlfriend (no romantic connotation)
fetpa'i,girlfriend [lover]
fetspe,wife
fetyganti,ovaries
ficri'a,to differentiate､ to make able to be distinguished
fikcku,fiction book
filri'a,to make it easy
filseljmi,elementary [of concepts]
filselzga,flagrant､ in open view
finfriti,to dedicate Y to Z
fipybirka,fin
fipfalnu,fin
fipyrebla,tail fin
finxu'a,define
fipcange,fish farm
fipkalte,to fish
firgai,mask
firkre,beard
firkrevi'u,shave
firsku,a look [facial expression]
flacau,lawless､ not law-abiding
flanaltinbe,outlaw (of people)
flecarvi,pours [intense rain]､ emphasizing flowingness
fleri'u,to hold back [of electricity in blackout]
fletisygau,pours - fills receptacle with liquid
flobimvro,front gate
flulimna,swim by floating
fomke'acirla,swiss cheese
fomsle,bubble
fonsnu,phone conversation
fonjudri,phone number
fonta'a,to talk on the phone
velfonynoi,send the message by phone/telephone
fonynoi,phone/telephone message
fraba'u,to react by saying､ to respond
fragu'i,laser [as a response to a stimulus]
frasku,to respond
frecande'u,loam
fregau,to make fertile､ to fertilise
frerai,most fertile
freri'a,to make fertile､ to fertilise
fi'ormerko,African-American､ negro
fi'ortutra,Africa
filmau,easier
frinyna'u,rational [fractional] number
fu'ivla,loan-word
fuzyji'i,to suspect､ to blame
fuzyka'eji'i,to suspect､ to blame
fu'esku,to blame､ to lay blame on
ga'acpu,to row､ to tow with a rod
ga'arxa'i,staff; quarterstaff [weapon]
ga'avro,a grate
ga'orbi'o,to close (intr.)
ga'orga'i,to close (tr).
ga'orgau,to close (tr.)
galcla,tall
gafto'a,altered tone [e.g. trumpet mutes]
gafto'atci,mute [e.g. trumpet mutes]
gafygau,modifies (agentive)
ga'izba,reconstruct､ build out of something else
gairbu'u,bedcover
gairgau,to cover
gairja'i,encrusted､ adorned
gairki'e,[eiderdown]､ matress
gairkosta,coat; overcoat
galbirka,forearm
galmau,higher
galpau,the high part of something
galrai,highest
galsu'a,a pile of...
galtu'e,thigh
gancuktai,ellipse
ganle'u,vowel (non-phonetic) (ref. to articulatory aperture)
gankurfa,rectangle
gapcpare,to climb up something
gapcta,look up
gapkla,to go up...
gapydzu,to walk up
garka'afendi,railsplitter
gasfri,feel､ sense
gaurkalsa,act chaotically
gaxmolgle,analingus
gaxygle,anal sex
gaxykafke,to fart
gendra,grammatically correct､ grammatical
geipre,happy person
geirde'a,gladly waits for､ is patient
geirgau,to cheer someone up
geirxe'o,hearty､ warm-hearted
geizma,happier
gekcisma,smiles at
gekpanpi,blissful
gekrai,happiest
geirki'a,howl [of dog]
genlalske,syntax [as discipline]
gensu'a,grammatical structure､ syntax of...
genturfa'i,parser
gercmo,bark
gerpre,cynic [literal]
gerzda,kennel､ doghouse
gimste,gismu list､ [core] vocabulary
glinai,the English nation
glige'a,English grammar
glivla,a word of English
gincilta,chromosome
ginlazmi'u,blood relative
ginpoi,chromosome､ genetic sequence
grinunpei,seminar considering some subject
grisa'a,sing in a group/choir
griselpei,ideology
grivlici'e,politics
gimlebvla,le'avla with the morphology of gismu
gitsko,string of stringed instrument
glacai,scalding
glagau,to heat
glari'a,to heat
glaxlafri,to swelter
gledji,to want someone [sexually]
glefi'a,porn [includes pictorial and movie material]
gletci,sex toy
gletro,to ”be on top”､ to be the active partner sexually
glevi'i,ejaculate
glibau,English [language]
glibaukragu'e,England､ the original country of the English language
gligu'e,England; English-speaking countries
glikragu'e,England､ the original country of things English
glimerko,Angloamerican
ga'ardanti,arrow
ga'ardance'a,bow
grebe'i,to ferry someone/thing across
greblo,ferryboat
greblopre,ferryman
grece'i,toll
gregau,to make something pass through
greke'a,hole through
grile'u,grouping letter､ bracket
grinunjvi,tournament
gripau,subset
grusko,noodle､ spaghetti
rutytricu,fruit-tree
gunstu,workplace
gugypa'i,children of a country (metaphorical or literal)
guryre'o,to roll something with a throw [e.g. dice]
gurgau,to roll something
gubgau,to make public
gubnoi,advertisement､ public notice
gubnunsnu,panel､ forum
gubyternoi,publish､ make public
gugbandu,defending a country
gugyka'i,diplomat
gukcanre,abrasive
gumpe'i,jointly meet
gungri,work-group
gunku'a,workshop; shop
gurcutci,rollerskating shoe
gructi,grain-eating
gusminra,shiny
gustci,lamp､ light
gusyvelvei,optical storage [includes CD]
gustytigni,floorshow
gusycai,lustrous､ gleaming､ sparkling､ shining
ja'esni,symptom
ja'orca'o,shop window; (French
ja'urjukni,scorpion
jabytu'u,tubular chimes
jacke'o,Celsius
jaclu'a,waterway
jacnalselgre,waterproof
jaurca'ega'a,oar
jaurde'u,mud
jaurdirgo,waterdrop
jaurvi'u,to drain､ to bail water out of
jadnoi,message button [badge]､ ornamental inscription
jadycau,plain､ unadorned
jadypijne,brooch
jmatamji,big toe
jmatajycalku,big toe nail
jmati'e,heel
jagdimna,consequence
jagdimnalpei,imprudent
jairtai,fist
jairxa'e,fist
jajgau,to gather (tr.)
jakcai,very narrow
jakle'u,consonant (non-phonetic) (ref. to articulatory aperture)
jamkansa,ally
jarcinki,beetle
jarkitybli,brick
jarple,cardboard
jarpu'i,to set something in something
jaryri'a,to harden
seljaryri'a,hardened [e.g. steel]
jasysnu,negotiate
jaurbumru,mist
jaurcarna,whirlpool
jaurda'i,splashing
jaurde'uro'i,sedimentary rock
jacfa'u,waterfall
jaurgairi'a,to flood (tr.)
jaurgapci,steam
jaurmabru,water mammal [dolphin､ whale]
jaurselylu'i,washed [of clothing]
jaurvacri,humid air
jbebe'a,son by birth
jbedei,birthday
jbedetnunsla,birthday
jbedetsla,birthday celebrator
jbesla,birthday
jbetcaxa'u,native inhabitant of
jbetutra,motherland､ place of birth
jbibi'o,to near something
jbidra,nearly correct
jbigendra,nearly grammatical
jbikla,to approach [go to that which is near ...]
jbimau,closer
jbirai,nearest
jbire'a,humanoid
jbixa'u,neighbour [not necessarily next door]
jbota'a,to talk in Lojban
jbobauta'a,to talk in Lojban
jbobau,Lojban
jboce'u,Lojban community
jbofinpla,plan for lojban writing
jbofonta'a,to talk on the phone in lojban
jboge'a,Lojban grammar
jbogri,Lojban group [LLG､ any lojban grouping]
jbogu'a,Lojban work
jbojikca,Lojban socialising
jbomi'u,fellow Lojbanist
jbomidju,”Lojban Central”
jbonunsku,Lojban expression
jbopre,Lojbanist
jbosla,Logfester
seljbosla,Logfest
jboselba'u,Lojbanic utterance
jboselsku,Lojban expression
jboslanunpe'i,Logfest
jbosni,Lojban sign
jboste,”Lojban list” (very loose compound)
jbotcidu,Lojban reader
jbotermri,subscriber to a Lojban mailing list､ recipient of Lojban mail
jbovla,Lojban word
jboxelmri,Lojban mailing list
jbozi'u,Bad Lojban
jbuboikei,billiards
jbusfe,table top､ table surface
jbustu,place where a table is
jdace'u,church; cult
jdacuvgau,to ritually ”purify”
jdadapma,to be damned
jdajinru,to be baptised
jdaka'i,cleric
jdami'u,co-religionist､ person of the same religion
jdapli,to use something for religious purposes
jdaralju,high priest
jdaselsa'a,hymn､ spiritual
jdaselsku,prayer
jdasi'a,to worship
jdasku,to pray
jdaskuzei,blasphemy
jdasoi,paladin､ holy warrior
jdaxanmuvgau,to move the hand in prayer [e.g. crossing oneself]
jdazei,sin､ blasphemy
jdecisma,sneer､ grimace
jdeselsku,word of warning､ warning
jdigu'a,someone whose job is deciding､ e.g. newspaper editors､ judges etc.
jdikyri'a,to decrease (tr.)
jditadji,policy
jdufi'e,jellyfish
jectrukamni,governing committee､ cabinet
jecydinsro,treasury
jecyga'ibai,revolution
jecyga'ibaigau,revolutionary､ to overthrow a government
jecpau,state､ province､ administrative subdivision of a state
jecyselpo'e,state property､ nationalised
jecyselpo'ega'i,to nationalise
jecyselxaizei,sabotage､ crime against the state
jefyfa'o,weekend (culture-dependent; nothing in the word says this is THE end of the week)
jelgau,to burn (tr.)
jelgauca'a,cigarette lighter
jelspo,to burn down､ to destroy by fire
jempau,army unit
jercru,credit
jerle'i,rent
jesycro,needle pain､ feeling pins and needles
jesyspa,cactus
jetfa'i,to find whether something is true or not
jetka'u,bit [binary digit; computer unit]
jetka'ubivmei,byte (cf. bivjetka'u)
jetpai,to judge that something is true､ to judge according to a rule
jetycipra,to test something as being true or false
jgarau,degree/radian (ambiguous)
jgene'ota'u,bow-tie
jgiski,to boast
jgisku,to boast
ji'ecla,old
ji'efri,to live life [as an adventure]､ to experience life
selji'efri,life [as in ”half of your life”]
ji'epru,to live before､ to preceed
ji'esti,to render extinct､ to kill off
ji'icni,to feel that [of someone]
ji'isku,to express an opinion
jibgu'a,employee
jibja'a,boss､ manager
jibypli,employ someone
jibysti,to retire､ to be laid off
jibystigau,to lay off､ to fire
jifselkri,delusion､ false belief
jifsku,to tell an untruth [either lie､ or honest mistake]
jifyjovnarje'u,true-or-false [of logical functions]
jiglanxe,to draw with an opponent
jikybebna,geek､ dork
jikce'u,society
jikfanza,rude､ disrespectful [event]
jikfazgau,rude､ disrespectful [person]
jiknei,to like socialising with
jikri'i,formal [of language register; of visits]
jikri'ipro,impropriety､ non-conformist
jiksre,faux-pas
jiktamne,brothers (fig.)､ socially
jikydu'i,equal [socially; politically]
jikyju'o,to be acquainted with､ to know someone
jikyzeitra,roguish､ malicious
jimcai,gleaming [of metal]
jimda'izbe,anvil
jimdaxsna,zing､ clang
jimto'a,brassy tone [Schmettern]
jincarna,revolve
jincla,ellipse､ ellipsoid､ oval
jirgau,to immerse (tr.)
jintitnanba,donut
jintydi'u,well house
jipmokca,vertex
jirlu'i,bathes､ washes in a bath (tr.)
jirsezlu'i,bathe､ wash oneself in a bath
jisygau,to clean (tr.)
jisysa'e,to rub something clean
jivrei,ask about/for people's opinions
jizvanbi,habitat
jmadegji,toe
jmadegycalku,toenail
jmavra,pedal
jmeja'i,jewel
jmekunra,gemstone
cakyjmepi'a,mother of pearl
jmero'i,gemstone
jmigau,leading/helping to understanding
jmimau,gaining knowledge､ having a better understanding
mivyselna'a,age [of person]
jomcmi,set union
jonja'e,result of appending/joining
jonjmina,append
jonma'o,conjunction
ju'itra,be attentive､ pay attention
judri'a,to attract attention
judzga,actively observes/notices
jufsu'a,sentence structure､ syntax
ju'agri,paragraph
jugyklu,Chinese culture
julra'o,degree [360 in a circle]
junbe'i,to inform､ to tell
jungau,inform
junri'a,to make known
juryri'a,to make someone serious､ to bring someone down to earth
juntytri,gravitationally attract
jupfi'i,to create something culinary
jupku'a,kitchen
jupyzba,to cook
jurdri,solemn､ gloomy
jurja'o,serious-looking
jvajvo,lujvo following a rule､ dikyjvo
jvige'u,racing [grey]hound
veljvine'u,medal､ trophy
jvipai,referee
jvixi'a,racehorse
jvoste,lujvo list
jvozba,to make lujvo
ka'amru,axe
ka'anri'a,to arrange to have cut [”he cut his tonsils”]; to cut (agentive)
ka'arkakpa,to carve
ka'arkomcu,saw
ka'arvi'u,to cut off
ka'inruxpre,angel of..
ka'urbi'o,to become quantised
kabryca'u,cupful
kabrylai,cupful
kabryselmre,cupful
kacna'u,natural number
kadnymergli,Angloamerican
kadyto'a,muted in tone
kadyto'atci,mute for musical instrument
kafkytrofli,fail to control one's cough
kafybarja,cafe
kagycange,agribusiness
kagytrocange,agribusiness
kairpai,to evaluate
kakpyca'a,digging apparatus [e.g. bulldozer､ (but not shovel)]
kakmli,sniffle
kalgai,eyelid
kalgaikre,eyelash
karsna,vowel
kalselvi'i,tear
kasydzu,to wander､ to ramble
kasfle,to tumble [of stream]
kasygri,mob [of people]
kaskla,to wander､ to ramble
kasri'a,to mess up something
kasystu,a ”jumble”､ a junkpile
kasysu'a,a ”chaos”､ a chaotic jumble of
kalvi'i,to weep
kambitki'u,evidence
kamcemtamne,brotherhood (fig.)
kamgubga'i,to publicise､ to make public [to modify something so that it has the property of being public]
kamgubgau,to publicise､ to make public
kamje'uja'o,obvious､ self-evident
kamjybo'u,spine､ emphasizing skeletal aspect
kamjybo'usle,vertebra､ individual backbone unit
kamna'ujbi,approximately equal to [numerical]
kamnynunpe'i,committee meeting
kampavyselmanri,absolutism､ having only one reference point
kampeikai,thoughtful [of comments]
kamsorselmanri,relativity､ having several points of view
kamyzanfu'a,good luck
kankei,to play with someone
kelkansa,to play with someone; person one plays with [or against]
kankla,to accompany someone to
ka'ozma,healthier than... [typically someone else]
ka'orze'a,to get healthier
kanydzu,walk together with
kanzutla'i,sit together with someone next to､ beside [inc. table]
kapsle,skin cell､ scale
kapta'u,skin-hugging clothing [e.g. bicycle shorts]
kapyplita,scales [of skin]
karbi'o,to open (intr.)
karcykla,to drive
karcyli'u,to drive [travel]
karcylu'a,a drive
karcymuvgau,to drive someone/something
kargau,to open (tr.)
karmolcinba,french kissing
karnyfi'u,journalist
karnyke'u,edition of a magazine [as a recurrence of it]
karnypra,To publish a magazine､ editor
karnysku,journalist
karpo'i,something breaks open
katcpi,predatory bird
katstu,[hunting] ground
kaurpo'esi'opre,communist
refcfa,to begin again
refcpa,to get something again
kelbe'e,sport/game team
keiblo,toy boat
keicre,game expertise
keldai,toy
keigri,team
kelgrimi'u,partner､ team-mate
kelkarda,playing cards
kelkubli,dice
kelpi'e,hop､ skip
keipro,play against
kelsnada,to succeed within a game [e.g. score a goal]
keizdi,to entertain as a game
selkeizdi,to have fun playing...
kercrida,elf
kercrori'a,sharply [of whistling]; ear-splitting
krekandi,blond colour
kerjbikre,sideburns
kesli'ufi'a,science fiction､ emphasis on space travel
kevykakpa,to bore a hole
kevykalri,open through a hole
kevykargau,to dig open
kevzda,cave as dwelling
kixsku,to cry out something
ki'ijdi,deciding the relations between､ analyzing
ki'orgratretrefrinynidysnidu,Newton (SI Unit)
skebaplai,Newton (SI Unit)
ki'orsamsrorau,kilobyte
ki'otre,kilometre
kicymatci,matress
kijyselspo,rusted
kikla'a,to lock
kilcna,spade
kilga'a,javelin
kilga'axa'i,lance
kilmru,[ice] pick
kiltci,sharpener
kindi'u,movie theatre､ cinema
kinplapre,movie director; cinematographer
kityzba,potter
selkityzba,pottery
klacpe,to call someone to come
kladji,to want to go somewhere
selkladji,where one wants to go､ destination
klagau,to make one go
klakansa,to come with someone､ to accompany someone
kakydirgo,teardrop
kakyjau,tears
klamu'o,to arrive (mo'u klama)
klasti,to stop [going]
klastigau,to stop someone going
leicmi,to be in class...､ to be classed as
klecmiri'a,to class (tr.)
klemi'u,those in the same class as...
klerafsi,classifier affix for le'avla
kligau,to clear (tr.)
tolkligau,to block (tr.)
kalselklijmi,[intellectual] clarity
klode'a,wait for something to come into some vicinity/to show up; to wait for something somewhere
klunu'i,culturally neutral
klusmu,connotation､ culturally specific meaning
kluzei,taboo
kotygu'e,Scotland
komnicygau,to comb
koncuptai,ellipse､ ellipsoid
kosne'ota'u,scarf
kosycreka,jacket､ jumper
krastu,origin
kreblabi,colour of blond [or white] hair
krecau,bald
kreka'apre,haircut､ barber
krekemburpelxu,brown-blond
krepelxu,blond [color]
kriselsku,creed
kroce'a,bow
krogarna,bow
krokurfa,rhombus
kroranda,deflect
krori'a,to bend
kroxadjbi,to lean towards someone
krudakyxa'i,scimitar
kubykurfa,square
kuctai,crucifix､ cross [shape､ form]
kucyga'a,cross [the torture implement]
kukydja,tasty food､ treat､ morsel
kuncpastu,a [metal] mine
kurkubli,cube
kurtre,square meter
kusyja'a,opressor
kuzycmi,set intersection
la'agle,bondage､ B & D [bondage and discipline]
la'arjai,to grab､ to grip
la'enri'a,to make something likely
la'erme'a,less probable
la'ornai,Rome､ the Latin nation
labypiltricu,birch
labyxu'e,pink
lactcicygau,betray
ladycange,dairy farm
ladyfaigau,milkman
lafcpa,pick up
lafmuvgau,to raise､ to lift up
lagnirbakfu,clitoris
lagygasrango,clitoris
lagypinji,clitoris
lagypunli,clitoris
lagyselkukrango,clitoris (possibly slangy?)
lairdu'i,equal in quantity
lairpai,to estimate
lajre'e,tram
laktergu'i,candle
lambavdei,tomorrow
lamgri,block､ group adjacent to another
selci lamgri,cell block
slelamgri,cell block
lamjeftu,next/previous week
lampru,recent､ immediately preceding
lamprudo'i,yesterday [daytime]; (more strictly
lamxa'u,next-door neighbour
lalcta,to examine something
cpumi'i,tractor
larfi'i,artist
larja'ostu,art museum､ gallery
larjdixau,artistic judgement､ tastefulness
larjdixla,bad taste､ tasteless
larku'a,art chamber [Kunstkammer]
larmuzga,gallery
larsku,literature､ art as expression
larxau,having artistic merit､ well-done
la'avla,conjunction､ generic linking word (not necessarily cmavo)
lasysilka,polyester
laurba'u,to bellow
laurbi'o,to get loud
laurckasu,loudly mock
laurgau,to amplify
laurgauca'a,amplifier､ microphone
laurxajmi,loud joker､ loudmouth
laurxampre,loud joker､ loudmouth
lausku,to shout something
lauzma,louder
laxli'i,axis of symmetry
lazyki'i,relative of...
lazmi'u,relative of...
lazycange,family farm
lazycmi,member of the family
lazyzda,family home
lebdji,to want [to take something from someone]
lebyka'e,to be able to take away､ can take away
lebvla,loan word
lejbai,to bribe
lejyselmu'i,to bribe
le'otci,eyeglasses
lebri'a,to cause to be taken away
lecydo'i,afternoon
lecydu'e,too late
lecysoltei,afternoon
ledgrute,mushroom
leivla,word describing a group､ superordinate
lejypi'o,rent
lekta'e,icebox
lerlogji,symbolic logic
lerpoi,a string､ a sequence of letterals
lerseltcidu,text
lervla,word denoting a letteral､ name of a letter
li'erbe'a,firstborn son
li'erbu'a,eldest brother
li'ergenja,runner [root]
li'urnei,fond of travelling
li'urta'e,suitcase
lidbi'e,lightning breeze､ wind during a storm
lidvru,thunder
friselku'e,range of experience､ [lifetime]
lijgri,a row of...
lijvelsku,a line of text
lijyselni'a,underlined
lijysu'a,a line of...
likybi'o,to liquefy
likygau,liquify
limkla,to swim out
limvra,oar
lidysna,thunder
linga'axai,flail
lirgau,hasten､ make something early
lirmau,earlier
liryrai,earliest
lisku'a,story-room､ room in which story is set
lisnuntoi,attempting/drafting of story
listigni,hero of the story､ dramatis personae
lisycku,story book
litli'avla,”a word of good-bye”
livbai,to displace､ to expel
jbopli,lojbanist
lojbaugri,Logical Language Group
lojbau,loglan
jbotadni,Lojban student
lojycipra,logical proof
lojytadji,algorithm
lolbu'u,carpet (matci)
lolcau,bottomless
lolde'u,dirt
lolni'a,underground
lolro'iboi,cobblestones
blocra,prow
lumcu'i,washable
lujlu'adi'u,maze
lumpu'o,washing powder
lumvau,wash-basin
lubyseljma,barefoot
lurboi,lunar orb
lurcukla,the moon [spoken of as something that can be full or new]
luptci,screwdriver
lutfa'o,dead end
lutke'a,opening [e.g. ”There are openings to all sides - (role mlana cu lutke'a”)]
lutku'a,side chamber
luzbi'o,to loosen
luzycre,blouse [loose shirt]
ma'arbi'i,valley
ma'arfe'a,canyon
ma'ersazri,to drive a vehicle
ma'onrafsi,rafsi representing cmavo
ma'oste,cmavo list
ma'ucla,old [of living entity]
macri'a,to astonish
mafcre,wizard
mafmi'e,mage
maixra,sculpture
majmi'u,of the same material as...
makfartci,compass
makyvelvei,magnetic storage
maldu'ecni,mawkish､ sentimental
malgletoi,try to get into someone's pants､ sexually harrass [rape?]
malgli,inappropriately relying on English in [Lojban] expression
maljgita'a,to boast
malkemcombau,inappropriately relying on some other language for expression; calqueing
malmliselgu'i,ill-lit
malpavyselbau,monolingual as derogatory term
malrarbau,inappropriately relying on natural language in [artificial language] expression; having an undesirable trait typical of natural languages
malticta'axlu,to sweet-talk someone [deceitfully]
malxlujikca,to sweet-talk someone socially
malxlujikta'a,to sweet-talk someone [socially]
mamjipci,hen
mampa'u,maternal grandfather
manbi'o,to darken (intr.)
manrai,darkest
manri'a,darken (tr.)
mansykanji,calculates to someone's satisfaction
mantyjalra,termite
mantymamta,ant queen
mantyzda,ant nest､ anthill
manze'a,to get darker
matybi'o,to become fitting
matpai,approve something for something
mardikca,positive electricity
marnybu'u,canvas
masyce'u,parish
zmana'u,positive number
zmazau,prefer
maxyvru,crash
mecna'u,negative number
me'ispe,person married to one's sister; brother-in-law
mecrai,least
mekpau,constituent of a mathematical expression
menbe'i,mind-transfer､ communicating what is on the mind
menca'a,a supercategory of ”the subconscious” inter alia; mental mechanism
menji'u,mental outlook
menmikce,mental health practicioner､ psychiatrist､ psychologist､ counsellor etc
merbau,American English
merfei,US cent
mergu'e,USA
merja'a,the president of the US
merje'a,US as a state
merkadno,angloamerican
merklu,US culture
mernai,US as a nation
mertru,US Government
meryru'u,the US dollar
mextutra,Mexico
mi'ecpe,to demand
midnoi,orders､ message giving orders
mi'esku,instruct
termi'esku,instructions
midvla,command word､ keyword
mi'irlarcu,technology
mi'irlarfi'a,science fiction､ emphasis on technology
mi'irselfinfi'a,science fiction､ emphasis on technology
mi'ispi,component of a machine､ spare part
misyselsi'a,glorified
misyzau,to glorify
mitmlu,to seem to be the same as､ to look just like
mibma'o,1st person pronoun
micka'agau,to operate on someone
micka'aku'a,operating theatre
mickarli,surgical collar
micydi'u,clinic､ surgery､ [hospital]
mijdo'i,midday
mijdorsai,lunch
mijycisysla,Summer solstice
mijycte,midnight
miksnidu,microsecond
mikygra,micrograms
milsnidu,millisecond
cmizu'e,participate
minba'u,to continue､ to add [of speaking]
minci'a,to continue､ to add [of writing]
midyca'a,apparatus for giving instructions; inter alia､ computer operating system
mirlanxe,symmetrical
mirsarxe,symmetrical
mipstu,to hide (intr.)
mipypro,hidden hostility
mipypu'i,to hide something (tr.)
mirsna,echo
mitcinglepre,non-heterosexual､ queer､ MOTSS
mitcinpampre,non-heterosexual､ queer､ MOTSS
mitfa'e,palindromic
mitmo'a,following the same pattern
mitnarsi'u,different from each other
mitpavycinglepre,homosexual
mitpavycinpampre,homosexual
mitsi'u,the same to each other
mitsmuvla,synonym
mivdalmuzga,zoo
mivgau,to reincarnate/resurrect someone
mivmu'i,life-goal [quest]
mivmu'e,world of the living､ nature
mlabimke'a,alcove
mlakla,dodge､ avoid､ sidestep
mlaselfa'a,sideways
mleba'i,splendour
mlejgi,vain [of appearance]
mlerai,most beautiful
mliba'u,to speak mildly
mlibra,somewhat big
mlibi'e,breeze
mliburna,mildly embarrassed
mlicintunta,necking
mlifanza,slightly annoyed
mlifrili,somewhat easy
mligapru,a bit above
mligla,warm
mliri'a,to milden
mliselmabla,somewhat derogated､ 'rascal' etc.
mlisli,relatively low in tone
mlisnosli,baritone
mlisutsli,mezzo-soprano
mlitoinandu,somewhat difficult to do､ taking some effort
mlixai,mildly hurting､ bruising
mluri'a,make something seem
mo'isro,memory
mo'isti,forget something
mocpecli'i,tangent to a curve
mojri'a,to remind [of event]
mojypei,to reminisce about
mojysu'a,structure of rememberance､ memorial
molgapru,palate
molgle,oral sex
molko'a,corner of mouth
molre'u,gum
moltu'u,mouthpiece of instrument
monfu'i,an emulation
monfu'igau,to emulate
monmuprai,model [of behaviour]
mojgau,remind
mojmau,has a better memory than
mosyvi'u,to rub off
mosycpu,to drag
mrajymledi,rye-mold
mrajymledi snexu'i,LSD
mrena'u,real number
mriste,mailing list
mrobi'o,to die
mrocanci,to die away
mrofanta,life-preserving
mrofoi,cemetery
mroke'a,grave
mromu'e,the Underworld
mrori'a,to kill [of event]
mrori'i,funereal､ funeral
mroruxpre,ghost
mrospe,widow/er
mrostu,grave
mrovau,coffin
muclai,spoonful
mudbli,block of wood
mudyctijalra,termite
mudyfagri,wood fire
mudyka'apre,woodcutter､ lumberjack
mudypexsilka,rayon
mudyselcrepu,timber
mu'ejva,natural law
mu'etru,Lord of the Universe
mukygei,motivatedly-happy
mulbri,complete predicate
mulgau,to complete some action
mulgri,a complete set､ with no parts missing [e.g. deck of cards]
mulna'u,integer
smuge'a,semantics
mu'ezda,world
musmalsi,mosque
tcebra,huge
muvra'itra,inert
ka muvra'itra,inertia
na'acto,century
na'arcartu,calendar
na'arke'udei,anniversary
na'irmabru,bat
nabysmi,cake､ anything resembling bread
nabzba,baker
nadmau,more difficult
nadmo'i,remembers with difficulty
nadrai,most difficult
nadva'u,to gasp
nafmupli,exception
nafxu'a,to deny [of person]
nairterfi'a,national author
naiske,ethnology
naknalspe,bachelor
nakyganti,testicles
nakpa'i,boyfriend [lover]
kamnakseltro,patriarchy
naktro,patriarch
kamnakseltru,patriarchy
naktru,patriarch
kamnakydzeseltru,patriarchy
nakydzetru,patriarch
kamfe'idzeseltru,matriarchy
fetydzetru,matriarch
kamfetseltro,matriarchy
fe'itro,matriarch
kamfetseltru,matriarchy
fe'itru,matriarch
nakspe,husband
nakybakni,bull
nalci'o,old [not-young]
nalcnedatni,a constant
nalcumselfanva,untranslatable
na'irselpezli,fern
naldasri'a,make someone take clothing off
naldzukla,to go somewhere not on foot
nalfadysmato'a,subtone of wind instrument
nalfrinyna'u,irrational number
nalgaixai,to expose something [harmfully]
nalgeiselflira,someone whose face was mum
nalgundei,non-working day､ weekend day or holiday
naljizykai,extrinsic quality
nalkiryri'a,”ungrateful” [not making you thankful]
nalkrecau,non-bald
nalmatryma'e,unmotorised vehicle
nalmuvzbe,foundations､ fixing and stopping something from moving
nalnerkla,to fail to enter
nalpruselpli,brand-new､ unused
nalre'ucti,vegetarian
nalrolmei,not all of
nalrolmei klesi,proper subset
nalrolmeilei,proper subset
nalsajypei,instinct
nalseljuncizra,mysterious
nalselvau,a pool of liquid [not contained]
nalsimcabna,non-simultaneous
nalsirkla,to wander､ to meander
nalsti,relentless､ unceasing
nalspaji,expectation
nalsutydzukepkla,to go without walking fast
nalsutydzukla,to go without walking fast
nalterjuncizra,mysterious
naltinri'a,deafening; make someone unable to hear something
nalvo'aba'ubinselba'u,buffer sound [interconsonantal]
nalvo'abinselba'u,buffer sound [interconsonantal]
nalxaumau,not better than
nalylecyvu'e,prompt､ on-time
nalyli'u,fixed､ static [e.g. stars]
nalylumcu'i,non-washable
nabysnuji,bread sandwich
nanfi'o,southern Africa
nanmerko,southern US､ the South
narmitsi'u,different to each other
narselfendi,atom [not divisible]
natpau,tribes [of Israel]､ clans (NOT territories)
nairbau,national language､ ethnic language
naudre,heap of men
zbibu'u,handkerchief
nebyka'a,guillotine
nebyka'aca'a,guillotine
neizma,prefers､ likes X more than Y does
neldu'e,fanaticism
nenxaksu,energy-consuming
nerbi'o,to enter something
nercreka,singlet､ undershirt
nerfle,to flow in
nerkla,to enter
nermolre'u,gum
nerta'u,underwear
ni'ablo,submarine
nitkro,stooped [of body]､ bent down
nitcpare,to climb down
ninrai,newest
nibgei,logically necessitated to be happy
nibypoi,logical implications
selru'a co nibypoi,premises for sorites
nicygai,to cover something neatly [e.g. spread the table]
nilcitmidju,is in the middle as far as age is concerned (e.g. neither the oldest nor the youngest of three children)
nilcre,expertise
nilda'ibandu,armor class [of role playing games]
nildicka'ukezyjdika,electrically negative (abbreviated to dicka'ujdika､ dicyjdika)
nilji'a,points
niljigrau,A single grade of winnitude
nilre'i,hit points [of role playing games]
nilsau,age; more pertinently､ familiarity
niltermakfa,spell level [of role playing games]
niltolci'o,age
nilxa'u,population
nilyla'e,chances
nimci'o,woman-child
nimcre,blouse [ladies' shirt]
nimjizdunkri,feminism
nimnaujizdunkri,feminism
ninpe'i,to meet for the first time
ninpengau,to introduce someone to someone else
ninselkakpa,newly-dug
ninzba,to create
nipsri,cellotape､ cellophane tape
nipsrisro,cellotape holder/dispenser
nirci'e,nervous system
nitflevoi,to float down [using parachute]
nitkla,descend [go underneath something]
nitmu'e,Underworld
nitsa'o,slope down
nitybu'u,sheet [of bed]､ sheet placed under something; bedsheet
nityta'u,clothing worn on the lower part of the body
nitytu'u,tunnel
normro,undead
normromi'e,to command undead action [of roleplaying games]
normu'o,not quite､ not completely
norpante,can't complain
norvaismu,an aside､ a not important expression; an obscure interpretation of
nolnei,royalist､ aristrocratist
nolni'u,lady
nolrai,king [especially as 'primus inter pares']
nolrainanla,prince
nolraiti'u,princess
nolraitru,king
nolraitrube'a,prince
nolraitruti'u,princess
nolraixli,princess
nolraizda,palace
nolzda,palace [not necessarily royal]
nonmau,positive [numerically]
nonmauna'u,positive number
nonme'a,negative [numerically]
nonmecna'u,negative number
norsi'ata'a,to speak to someone informally [for example､ to use the Tu form in a language which has it]
norsnosli,tenor
norsutsli,alto
noryra'e,don't hold back
notcreka,T-shirt with a slogan on it
notcrida,angel､ messenger spirit
nujdja,sandwich as food
nunbavyfi'a,generic science fiction
nunboitipyjvikezboi,football ball
nunci'ebasti,replacement of a system; inter alia､ revolution
nunclapi'e,long jump
nunctikezgau,to feed (cf. ctigau)
nunje'aga'ibai,revolution､ coup d'etat
nunjupca'u,space where cooking happens
nunkeici'e,playing system [of roleplaying games]
nunlejnei,spendthrift
nunmafyjoida'a,swords and sorcery [of roleplaying games]
nunmroruxpre,Angel of Death､ Grim Reaper
nunmrostu,place of death､ as opposed to mrostu
nunpencku,appointment book､ diary
nunpeiri'a,thought-provoking
nunposnei,greedy､ rapacious
nunseltickri,suspicious [of there being trickery]
nunsimta'a,conversation
nunsladansu,ball [dance]
nunsoidji,to want to become a soldier (as opposed to soidji)
nunsolcanci,sunset
nunterlejnei,greedy
nunxumsne,'trip'､ drug-induced hallucination
nunzgaju'a,observative sentence
nunzvaju'o,to know someone is there､ to notice someone､ to know someone's whereabouts
nurbe'i,to archive something
nurcau,treacherous､ unsafe
nurgau,protect､ safeguard
nurprecau,orphaned､ deprived of any guardian
nurpu'i,to stash something
nutli'a,in tanru for derailed; to veer from path
nuzyki'a,herald
nuzyxagji,hungry [for news]
pa'arcau,hopeless､ desperate
pa'arpei,optimist
pa'ezma,more perfect
pafspe,stepmother､ spouse of father of...
pacraistu,Hell
pacruxpre,demon
pacruxtutra,Hell
pacyselzu'e,sin
pacyxlu,to tempt
pacyzu'e,to sin
pafybu'a,uncle
pafybunspeme'i,sister of aunt by marriage
pairvu'e,fairness
pakskaci,pant-skirt
palcau,without profit､ for free
paltydamri,cymbal
paltylu'i,dishwasher [person]
paltylumca'a,dishwasher [machine]
pambasti,love-substitute
pamnabmi,the problem that is love
pampemyzba,erotic poet
pamsa'a,serenade
pamta'a,to speak words of love､ to flirt
pamyzautra,romantic
patydzu,go on protest march
patpai,to blame
papcpi,peace-bird､ dove
papkufra,content
papri'a,to pacify
paprysfe,page as quantity of text
paprysfelai,page as quantity of text
papygei,serene
paspalku,coveralls
pasyskaci,dress/gown [full length garment]
paurpo'e,part-ownership [e.g. shares]
pavdeicitsi,aniversary day
pavmeijbe,only-begotten
pavmoijbe,first-born
pavycinglepre,monosexual [non-bisexual]
pavycinpampre,monosexual [non-bisexual]
pavypruda'i,with an upbeat､ flam stroke
pavysei,alone
pavyseljirna,unicorn
pavyskojmavra,una corda pedal of piano
pavysu'i,first argument
pavmoisu'i,first argument
pavyterfrinyna'u,integer
pavyvla,single word
pazvau,pregnant
pazyspe,son-in-law､ daughter-in-law
pazysperirni,offspring's parent in law､ consuegro/a
pe'ocme,nickname
pecke'a,hole for touching､ incl. hole of wind instrument
peckevgai,pad of wind instrument
pecta'o,touchboard､ fingerboard
pecta'osle,fret of guitar
pectcu,need to touch
pesrei,mental question､ to ask oneself
peircauji'i,a feeling [intuition]
pesnunpe'i,seminar
peirselra'u,troubled by thoughts
peitse,to sit thinking
pejri'a,to spread (tr.)
pelselkre,blond [person]
pelnimre,lemon
pempau,canto､ section of poem
pempra,to write poems
pemsa'a,bard
pedrai,to make feel welcome､ to be as nice as can be to; to be someone's best friend
pengri,group meeting､ group gettogether
penydjuxa'a,letter of introduction
pespe'i,to seminar
pesri'a,to suggest
pesti'i,hypothesize
selpeiti'i,hypothesis
pevbakykalci,bullshit
pevjicla,fuss､ disturbance
pevrisnyjelca,heartburn (malglico)
pevycuvgau,purge (fig.)､ political
pezyfaltricu,deciduous tree
pezysigja,cigar
pi'ejvi,leap competition､ track & field
pi'orci'a,to type
pibrango,gonad
pibyta'u,lap lap､ panties､ jocks､ boxer shorts
pidrai,poorest
pifstidi'a,bail
pijvri,heroic､ model citizen
pijvritra,to behave heroically､ exemplary
pimselpezli,fern
pincyvi'i,to urinate
pinflani,transverse flute
pinjyca'a,vibrator
pinjydakli,condom
pinjymolgle,fellatio
pinke'a,cavern
piksku,to comment
pipcinki,grasshopper
pipybanfi,frog
pipyjalra,grasshopper
xraski,to depict
pitytu'a,plain
pixri'a,to water [a plant]
pixsla,banquet
pixydji,want to drink
pizysostei,some of the time
pledi'i,paper money
plesigja,cigarette
plexa'a,paper letter [not electronic]; ”snail mail”
plicru,to allow someone to use something
terplicru,open for business
pliri'a,uses [e.g. ”The theory uses these constructs”]
plisytisna,apple pie/puff/turnover
plisytricu,apple tree
plitadji,manner of use､ function
pitna'u,complex number [in 2-d representation]
plixau,useful
plokarlycreka,shirt [with collar]
plopijne,staple
plopijnyla'a,to staple
plopijnytci,stapler
pojyfa'u,fall to pieces [of house]
po'aspo,to blow something up
porja'este,the result of ordering something､ a sorted list
pojma'a,volcano
pojri'a,blasting [with dynamite]
popri'a,to shatter (tr.)
popselgu'i,illuminated by slashes/strips/flecks of light
popygau,to break (tr.)
porjmina,to append (tr.)
porla'i,successive [e.g. ”two successive Olympic games”]
porselfai,taking turns
porveljmina,the result of appending something to something
posnei,greedy､ rapacious
posri'a,make someone an owner of something
po'edji,to want to have something
precau,deserted [place]
pregri,group of people
pretai,figure [as in ”a shadowy figure approaches”]
pretrocange,family farm
retpei,mental question､ to ask oneself
velprevelma'e,human-powered vehicle [e.g. bicycle､ rickshaw]
prezda,house
pripre,printer
prityxa'e,right hand
prolanxe,uneven [of combat､ fight]
prucedra lisri,old saga
prucedrylisri,old saga
prucedra,historical
prucimri'a,to previously moisten､ to premoisten
prujeftu,a previous week
prulamjeftu,the immediately previous week､ last week､ the preceding week
prula'i,recent､ immediately preceding､ last､ the preceding
prulamcte,last night､ the immediately preceding night [nighttime]､ the night [nighttime] before (cf. prulamvanci)
prulamvanci,last evening､ the immediately preceding night､ the night before
bavlamvanci,the next evening､ the immediately following evening､ this evening/tomorrow evening (depending on current time of day)
pruru'a,to presuppose
selpruru'a,an assumption､ a preconception
pruselpli,used､ second-hand
pruselpo'e,pre-owned､ second-hand
prusoi,a veteran
ruxycrida,spirit
prulamdei,yesterday､ the immediately preceding day､ the previous day
prulamrai,the latest
prupla,to fore-plan､ to intend､ on purpose
prusofto,former USSR､ CIS
ra'artei,due time
ra'etci,tool for holding things [including brooches､ wrenches､ pliers]
ra'irta'a,to rattle on
ra'udri,bitter [of emotion]
ra'urcau,blissfully unaware､ unperturbed､ untroubled
racmau,more delicate
rairgu'e,superpower
rairnau,hero
rajma'a,cliff
rajycla,tall
rajyclamau,taller [of stature]
rajyflani,recorder [flute]
rajyke'a,a pit
rajykevloi,floor of pit
rajymudri,stake
rajysirdra,straight [as in ”sit up straight”]
rajyto'agri,chord
rajytu'u,vertical tunnel/tube [e.g. manhole]
ralgau,to point out as principal; to put in charge
ralselva'i,most valuable､ critical
raltca,capital
ranbo'u,cartilage､ gristle
rancimde'u,moor
rancimderke'a,bog
rancindu,soft oak
rapcki,to keep explaining
rapteryrei,keep asking
rapyda'i,to beat (tr.)
rarbau,natural language
rarge'a,natural grammar
rarjva,law of nature､ law of physics
rarlalske,physics
rarmi'e,druid､ wizard
rarske,natural science､ physics
rartapla,naturally occuring tile/cake
rarvanbi,habitat
rastergu'i,lantern
rasyselpi'a,greased､ anointed
ratmidju,nucleus
ratske,[nuclear] physics
ratsru,electron
ravycta,look through
ravypi'e,to leap across
re'azda,house
rerjvi,to compete in the discus
recyjupcarca'a,A spit [as in cooking meat]
bregau,to prepare､ to ready
refsipna,go back to sleep
refsku,recapitulation
refyfa'i,to rediscover
rejgau,to record something
veirse'u,secretary of...
veirseljibri,secretary of...
rekybo'u,spine､ emphasizing frame support aspect
relba'eka'a,scissors
relcimdyna'u,complex number
relcinglepre,bisexual
relcinpampre,bisexual
relcte,Tuesday night [nighttime]
pavycte,Monday night [nighttime]
cibycte,Wednesday night [nighttime]
voncte,Thurday night [nighttime]
mumcte,Friday night [nighttime]
xavycte,Saturday night [nighttime]
noncte,Sunday night [nighttime]
zelcte,Sunday night [nighttime]
reldo'i,Tuesday daytime
pavdo'i,Monday daytime
cibdo'i,Wednesday daytime
vondo'i,Thurday daytime
mumdo'i,Friday daytime
xavdo'i,Saturday daytime
nondo'i,Sunday daytime
zeldo'i,Sunday daytime
relvanbi,Tuesday evening
pavyvanbi,Monday evening
cibvanbi,Wednesday evening
vonvanbi,Thurday evening
mumvanbi,Friday evening
xavyvanbi,Saturday evening
nonvanbi,Sunday evening
zelvanbi,Sunday evening
relpi'i,double
velrelprevelma'e,tandem bicycle
relpru,second-last [in time]
relpruda'i,with two upbeats､ drag stroke
relselba'e,scissors
relselcalku,bivalves [animals]
relseljimca,two-branched; binary [of trees as data structures]
relselmla,two-sided [mirror]
relselxi'u,two-wheeled
relskosa'e,double stop in string instruments
relteryrau,secondary [e.g. second cousins]
relxagri,double reed
relxilma'e,bicycle､ motorbike
rembau,human language
rembi'o,to be incarnated
remdja,food for humans
remgri,group of people
remska,colour of human skin [ref. to ”race”]
remskapi,[human] skin
remso'a,human ovum
remtai,human-like [in shape]; a figure
remtsi,human sperm
remyma'utei,generation
renkla,to go by train
rerce'a,slingshot
resycrida,dragon
reisku,to ask a question
reispu,to answer a question
reirsisku,to run a poll; more generally､ to seek a truth through questions
re'icla,old､ having been through a lot､ enduring､ ancient
ri'emla,banks [of river]
ri'erkrajinto,source of a river
ri'irdzuzgibe'e,marching band
ri'irju'a,slogan
ri'irti'i,to formally propose
ri'ixra,logo､ emblem
ri'ortcati,green tea
ri'urtulsru,to engulf; to swamp
ricfoi,forest
ricpurdi,orchard
ricyci'e,forest as ecology
ricycrida,dryad
ricyratcu,squirrel
ricyselsru,to be surrounded by trees
ridrirni,fairy godparent
rijyska,silvery
rijysmi,silvery [i.e. not quite silver-coloured]
rikygei,cheered up
rindatni,evidence
ringei,justifiably happy
rirbu'a,uncle
rirme'i,aunt
riryriryrirni,great grandparent
risnyjelca,burning a heart [not heartburn]
ritkemna'aterjvi,British annual/year-long competition [e.g. FA Cup]
ri'irme'a,less formal
ritna'aterjvi,British annual/year-long competition [e.g. FA Cup]
ritnai,Britain (the nation)
ritpre,Briton､ British person
ritybartu,outside the UK
ritygu'e,Britain [the country]
rityjbo,British Lojbanist
rivli'a,to run away from
rokcmaplini,asteroid
rokspi,piece of stone､ pebble
rolbaukai,universal [of grammar､ etc.]
roldei,daily
rolgu'e,world [e.g. world war]
rolcte,each night
rolpre,”catholic” [ = for all people]､ universal
rolre'azda,world
rolsliparbi,white [of noise]
rolstu,world
roltei,”world without end”､ forever
rolterdi,worldwide
rolterslidi'e,radiating white noise
roltru,all-ruling [e.g. of God]
rolzda,World
ruxpre,spirit
rulpezli,flower petals
rulpurdi,flower garden
rulzda,flower-bed
rumpe'a,to melt all over something
rumro'i,lava
runbau,artificial language
runge'a,invented grammar
rutpesxu,marmelade
rutpurdi,orchard､ place of growing fruit
rutyjdu,marmelade
rutyve'u,greengrocer
ruxse'i,soul [spiritual self]
ruxyzau,bless
sa'erjgita,bowed string instrument
sa'irlai,portion of food
sa'orkurfa,rhombus
sa'unri'a,to make something necessary
sa'urmi'e,to insist
sadrai,most successful
sadyda'a,defeat [fight succesfully]
sagbarja,cabaret
sagdraci,opera､ musical
sa'asku,to chant something
saisla,banquet､ picnic
sakcpu,to suck something
sakygau,to suck (agentive)
sakselylu'i,vacuumed [of clothes]
sakto'a,smack tone of wind instrument
salsiltci,slide whistle
saltu'u,slide [e.g. trombone､ mechanics]
sakmuvgau,to suck something
sakyva'u,inhale
slafagri,bonfire
sa'ordziselfa'a,steep [downwards]
samci'a,computer-write､ word-process
samci'eta'a,to talk on the computer net
samjudri,e-mail address
samki'o,K [2**10] [e.g. Kbytes; kilobytes]
sampei,computer as thinker､ Artificial Intelligence
sampla,programmer
selsampla,program
sample,computer paper
saprai,simplest
samralsle,computer register
samru'e,computer program [currently executing; process]
samse'u,computer server
samselpla,computer program [not necessarily executing; source code]
samske,computer science
samsnuci'e,electronic news [mail､ talk]
samsroka'u,byte [word?]
samsrorau,byte [word?]
samsrosle,byte [word?]
samstu,computer site､ computer room
samtadji,computer implementation
samtermi'e,command line､ computer instruction
samvidni,computer screen
samgi'o,Gig [2**30] [e.g. Gigabytes]
samymegdo,Meg [2**20] [e.g. Megabytes]
samymidnoi,computer program
samymri,e-mail
samyzva,to be logged on to a computer
sange'u,spaniel
sajbi'o,to become aware of､ to become conscious
sajri'a,to make aware of (e.g. ”there are other ways to determine...” translated as ”there are other ways for one to be made aware of this”)
sankrabau,Castillian Spanish､ the standard language/dialect of Spain
sankragu'e,pertaining to Spain [or Castille?] (A problematic coining)
santyse'u,squire; slave holding umbrella over master
saptciklu,primitive
sarlyja'i,scroll as ornament
sasfoi,lawn
saspurdi,tended lawn
sastu'a,steppe､ grassland
satcymau,more exact
satcyri'a,to make something precise
satcyski,define､ describe exactly
saurckusro,[book] archive
saurdai,old objects､ [antiques]
saurgu'e,old country
saursutsabdja,stale fast-food
vrule'u,consonant (non-phonetic)
vruri'a,to make noise
sazvanbi,operating system
sazycau,automatic､ without needing an operator
sazyci'e,operating system
sazysti,to turn off [e.g. computer､ machine､ light]
sazytcila,features [of a program]
se'isku,self-express
se'isni,signature
se'ixru,to return (intr.)
se'izga,self-observing
sedbo'u,skull
sedja'o,showing heads [as in coin､ heads-or-tails]
sedycro,headache
sedykre,hair on the head
sedyterjo'e,head joint
seicni,lonely
selbadydji,want to be defended by
selbauka'e,linguistically competent､ able to speak
selca'u,to occupy a space; takes up space
selcmipi'i,set intersection
selcmisumji,set union
seldamgau,to make something smokey; to light but not necessarily inhale
seldansazri,shooting
seldjixau,enviable
selfi'usa'i,to gawk
selfinfi'a,science fiction､ emphasis on technology
selfityjbu,altar
selga'esmu,stimulus meaning
selgaita'u,any clothing not worn on the outside --- underwear､ shirts､ etc.
selgapygau,make something be under...
selgeimau,happier
selgreka'e,surmountable､ penetrable
selgrenalka'e,insurmountable､ impenetrable
selgusrai,brightest
selja'efau,antecedent event
selja'esku,to explain something [giving its causes]
seljdadji,to want someone to be a member of a religion､ or to want someone as a member of a religion
seljdagei,beatific
seljdami'u,co-religionist､ person of the same religion
seljmaji,focus; gathering place
seljmiri'a,to make something understood､ clear
selju'ixau,noteworthy [of feature]
seljunbe'i,to inform/tell someone; transfer knowledge
selkecmlu,to look pitiable
selkeiste,list of toys
selma'e,ride [a vehicle]; be carried [on a vehicle]; cargo; transported 
selma'ecu'e,riding school､ driving school
selmamspemamta,mother of offsping's spouse
selmi'e,one who is commanded; [computer usage] command interpreter
selmonmi'u,following the same pattern
selneirai,favourite
selneimau,is preferred over X by Y
selneixau,estimable
selpeixau,estimable
selplidu'i,to emulate
selplika'e,useful
selplimi'u,to emulate
selplixau,useful [good in that it is used]
selplopijne,staple
selpopselta'u,clothed in torn clothes
selrepydja,harvested food
selrerkru,parabola
selrigvamtu,vomit in disgust､ puke
selsabytutra,supply territory
selsajgau,bring something to someone's attention
selskuvei,recording of something [expression
selsmujmi,to interpret something as being something
selsnuka'e,debatable
seltavma'o,2nd person pronoun
seltepmau,scarier
selteprai,most fearsome
selti'ifla,proposed law､ bill
selti'ismu,proposed meaning
selti'u,mother or father [parent] of a daughter [as opposed to a son]
seltilmau,more detailed
seltilmau catlu,to look more attentively
seltolnei,displease
seltutrai,king of...
selviska'eri'a,makes visible or allows to be visible
selvrestu,a place to lie down
selxaumau,have an advantage over (zmadu fi leni se xamgu)
selxaumaugau,improved (se ke xamgu gasnu; given the ambiguity --- cf. selxagmau -- selkemxagmaugau may be better)
selxagryvau,bocal of reed instrument
selxlupai,biased
selylauca'a,microphone､ amplifier､ megaphone
selylazmi'u,relative of...
selylebvla,loan word (cf. le'avla)
senlanli,critic
senxu'i,hallucinogenic intoxicant､ narcotic
seirgau,to separate
snebaigau,is impelled to do､ has the drive to do
sezdrari'a,self-correcting
sezlacri,self-confident
sezlu'i,to wash (intr.)､ to wash oneself
sezvelski,self-description
sezyci'i,self-interested
sezycitri,autobiography
sezyju'o,self-knowledge
sezykarni,diary
sezykemxaumaupai,to think oneself better than...
sezypa'i,egotistical; self-love
sezypevdu'a,
se'ipli,recursive
sezyse'u,selfish､ self-serving､ egotistical
se'itru,autonomous
kamse'itru,autonomy
sezyxangle,self-masturbation
sezyxaumaupai,to think oneself better than...
sezyxu'a,self-asserting
sezyzdakla,go home
sfacatra,to execute
sfala'a,to be fastened in punishment [e.g. crucifixion､ pillory]
sfanalseljde,flagrant､ incorrigible
sfaxai,harm､ set out to hurt
sfecra,is in relief [art; stands out]
sfefli,to fail someone
sfesti,stop being of service､ useful
sfestigau,render something inoperational
si'arfriti,to dedicate something to someone
si'asnu,discuss someone with respect
si'erbi'e,blizzard
sibycanja,exchange of ideas
sibyti'i,to suggest [of ideas]
selsi'oti'isni,connotation
sibdai,objects which have no concrete reality､ eg mathematical objects
sicko'o,Irish
siltci,whistle
silto'a,whistle tone
sigdamva'u,to smoke something [tobacco]
sigdanmo,cigarette smoke
sigva'u,to smoke something [inhaling､ tobacco] (abbreviation of sigdamva'u)
sigycko,to smoke a cigarette
sigyfesyvau,ashtray
sigyfespalta,ashtray
sigyfri,to smoke a cigarette
sigypli,to smoke a cigarette
sijycutci,skate
sijykla,to ski to...
tersijykla,top of a ski slope
sikcurnu,silkworm
silgei,whistling-happy
simcabna,simultaneous
simcatra,kill each other
simda'a,to fight each other､ to fight (intr.)
simda'e,to exert a force on each other [for every action､ a reaction - force as a concept in physics]
simda'i,hit each other
simju'o,to know [about] each other
simpro,oppose eachother
simfra,interplay
simfrica,to differ [from each other]
simgle,to copulate (intr.)､ to make love (intr.)
simjikca,socialising with each other
simjvi,to compete with each other
simkansa,together､ be with each other
simkruca,intersecting
simla'i,alternative to porla'i for ”successive”
simlivbaigau,force each other to leave
simpanpi,to be at peace with each other
simpe'o,are friends [of each other]
simpe'u,to touch (intr.)､ to be in contact at
simpe'i,meet (intr.)
simsarxe,harmony､ in balance with each other
nalsimsarxe,disharmony､ clashing with each other
simselyli'e,following each other
simta'a,to talk (intr.)､ to talk to each other
simtipyda'a,kick each other
simxanja'i,hold each other's hands
si'umri,to mail each other
si'uzva,to co-occur､ to occur in each other's location
sincycrida,dragon
sincysna,hiss
si'arseldu'a,award､ prize [as token of esteem､ e.g. Nobel prize]
sipku'a,bedroom
sipsavgau,to snore (cf. se sipsavru)
sipyvru,snoring
sipstu,a place to sleep
sipta'u,pajamas
sipydakli,sleeping bag
sivdju,[private] secretary
sivycni,feeling private
sivyta'u,underwear
kapkandi,colour of pale skin
skavrici,motley､ many-coloured
skefa'i,to make a scientific discovery
skefi'a,sci-fi､ with emphasis on science
skegu'a,scientist
skepre,scientist
skinoi,descriptive message [advertisement?､ (though doesn't seem appropriate)]
skola'a,to rope
skora'e,tailpiece of stringed instrument; fastener/anchor for any cord or string
skosra,bridge of stringed instrument
skovrede'a,martele' string bowing
skucre,communicative
skuci'a,to expres in writing
skutadji,manner of expression､ idiom､ register
skuzau,to express approval of､ to praise
slacfa,starts being familiar with; is introduced to
slacfagau,to introduce someone to someone
slacti,banquet､ feast
sladei,[national] holiday
slagei,joyful
slapemci,paeans､ hymns
sligau,to wave (tr.)
slivru,creaky
slisko,oscillating string
slisko damrntamburo, damrntamburo
sludemcro,muscle cramps
slugu'a,[physical] exercise
slukemcakfi'e,clam
slunandu,difficult､ in requiring physical effort
sluseltro,controlled manually
slutro,dexterity
smaba'u,to whisper､ to mutter､ to say softly
smacni,calmly
smagai,damper
smajmavra,damper pedal
smatci,mute､ damper
smigau,Verbal ”etc.” (e.g. ”you can't write or read or do things similar to that”); simulate
smimlu,to seem like
smirai,most similar
smizu'e,to imitate
smudu'i,equivalent [meaning]
smujmi,interpret
smulei,semantic class､ case
smuske,semantics
snacau,noiselessly
snacko,sound-absorber
sadmi'o,renowned for acts
snaga'e,hearing [as sense]
snage'a,phonology
snagenske,phonology
snajalra,cricket
snakamju,soundpost of stringed instrument
snaku'ocukca'a,record player
snaku'ocukla,LP､ vinyl record
snaku'ocukyzmi,jukebox
nanstici,south west
nanstuna,south east
snasrica'a,tape player
snasrita'e,cassette
snaterga'e,sound sensor
snaterga'eca'a,microphone､ amplifier
snavei,sound record
snaveiku'ocukla,LP､ vinyl record
snaveisrica'a,tape player
snavelminra,echo
snavelmiryri'a,resounding [you strike the mirror a resounding blow] (do snavelmiryri'a darxi le minra)
snaze'a,to be amplified
snexu'i,hallucinogen
snima'o,pronoun､ anaphor
sniti'i,to signal an action
snoraisli,contrabass
snosli,relatively low in tone
snoslijgita,bass guitar/double bass
snulalske,discourse analysis
snununpe'i,seminar meeting
snusna,sound of talking､ babble､ chatter
snuxau,debatable､ worth discussing
so'etsi,soybean
sorpra,fecund [of land]
sorpre,crowd
sorna'a,old､ lasting many years
sorprema'e,mass transit vehicle
sorpruda'i,with several upbeats､ ruff stroke
sorterplo senta, x1 = polje3 (folding crease)､ x2 = polje2 (folded)､ x3 = polje1 (fold)
sorzu'edzukla,to bustle into...
soidji,to want a soldier
soirnei,to like a soldier
solboi,the Sun
solgu'i,sunlight
solro'i,the Sun
solseldi'e,sunrays
solxrula,sunflower
sonralju,officer
sorkoitai,polygon
sorprekarce,bus
soryre'a,crowded､ crowd
sosma'o,a complex cmavo､ consisting of several atomic cmavo
sosyjetka'u,byte [not limited to 8 bits]､ word
sosyselcmipi'i,intersection of more than two sets
sosyselcmisumji,union of more than two sets
sosyzda,village [few houses]
sotprekarce,car､ not bus or truck
sovrango,gonad
sovyseltai,ovoid､ oblate､ egg-shaped
spabi'u,hedge
spacange,crop/flower/tree-growing farm
spacau,barren
spatadni,botanist
spagunma,bush
spebi'o,to marry (co'a speni)
spebu'a,brother of spouse of...; brother-in-law
spebunspe,person married to spouse's brother; brother-in-law's wife
specfari'i,wedding
spegau,to marry someone to someone
spekemlazyki'i,in-laws of...
spelazmi'u,in-laws of...
spemamta,mother-in-law
speme'i,sister-in-law
speme'ispe,person married to spouse's sister; sister-in-law's husband
sperirni,parent-in-law
spepa'u,father-in-law
spesi'u,to be married
speti'u,step-daughter
spetubyspe,two people married to siblings､ concu~nado/a
spetunba,sibling of spouse of...
spezau,to approve of someone as a spouse
spicku,scrapbook
spixra,mosaic
spofriti,to sacrifice something
spusku,respond
sraki'e,mattress
raksku,to scratch some message
srimakyvelvei,tape [computer or sound]
sropanka,parking lot
srota'e,box for storing things
sacrai,most honest
stagau,to park a vehicle
stagypurdi,vegetable garden
stagyve'u,greengrocer
sicmla,west side of ...
stiri'a,causes to cease
stodatni,a constant
stufa'i,to find something [e.g. to discover its location]
stula'i,is adjacent to [in location]
sunzdo,East Asian､ Far East
sunzdopre,East Asian person､ 'oriental'
sucri'a,to abstract something
sudgau,to dry something
sudgaubu'u,dishrag､ towel､ drying cloth
sudyfoi,desert
sudysrasu,hay
sudytu'a,dry land
sukli'a,to dash off
sukybajykla,to bolt [run]
sulkai,wooly､ fuzzy
sulmai,fuzzy､ wooly
sumnyjirna,antenna [of insect]
sumtcita,argument label
sunko'o,Scottish
surbi'o,to relax
surdzu,to amble
sutctidja,fast food [to eat]
sutfau,fly by [e.g. ”Blur in brain”]; more generally､ a flash [of an event]
sutfle,rush in [of liquid]
sutkemjupsabdja,fast food [quick to prepare and eat]
sutrai,fastest
sutraisli,sopranino
sutybai,to rush someone
sutfi'i,to come up with on the fly/spot､ to cook something up
sutygau,to rush someone
sutyjvi,race [speed]
sutkla,to go quickly
sutmau,faster
sutyterjvi,speed race
sutyzbadja,fast food [McFood]
sutsabdja,fast food (canonical term)
sutspu,to reply fast
sutyjupydja,microwaveable food (not ”fast food”､ cf. sutryzbadja)
tavjmi,understand someone talking
ta'atci,anthropophonic apparatus
ta'axlu,to talk someone into something､ to persuade
taxyca'a,'box' as description of apparatus
ta'irgau,to tire someone [of person]
ta'orda'i,striking a board; snap [of pizzicato]
ta'orstizu,bench
ta'uzba,tailor
tacpinxe,lick [drink by licking]; lap up
tacto'acfa,tonguing of wind instrument
tacti'e,retracted [of vowels]
tactungau,lick [poke with tongue]
tacycra,advanced [of vowels]
tacydzi,lowered [of vowels]
tacyga'u,raised [of vowels]
tacymidju,centralised [of vowels]
tadgri,study group
tadju'i,to study something
tadnunpe'i,class meeting
tadypre,student
tadycku,textbook
tadysmadyfi'a,science fiction as speculative fiction
tafkoi,hem of...
taflumpu'o,clothes washing powder
tafygunma,suit､ ensemble of clothes､ costume
tagmau,tighter
tagysna,squeak [of door]
tamglefri,orgasm
taktapla,ceramic tile
takybli,brick
tamdu'i,similar､ isomorphic
tamju'o,recognise [the shape of]
taismi,resembles in shape
tankycacpli,to have a smoking habit
tankydanmo,tobacco smoke
tankyjelfri,to have a smoke
tankyjelgau,to smoke something
tankypli,to smoke something
tankyxu'i,nicotine
tauzba,make tanru
tapkla,to step to something
taplytai,polygon
tatyji'o,nipple
tatyta'u,bra
taurselpli,is used as a tanru
taursu'a,tanru structure
tavba'u,to tell someone something
tavma'o,1st person pronoun
tavnei,talkative､ loquacious
taxmi'i,'box' as description of machine
cacysku,people who say things habitually; [people who say proverbs､ (though that's more like se tcacyselsku)]
tcakarni,local newspaper
tcanai,city-state; city as social unit
tcare'etcana,city train station､ Metro
tcatru,mayor､ municipality
tcatytei,tea-time
tcavro,town gate
tcavru,city noise
tcaxa'u,citizen of...
tcebi'o,to grow､ to increase
tceci'i,very interesting､ fascinating
tcecla,very long
tcecli,learned [of person]
tcecne,varying､ diverse
tcefri,experienced
tcegei,very happy
tcesau,ancient
tceselpu'a,very pleased
tceselspaji,astonished
tceselxai,much-injured
tcesnosli,bass
tcesutsli,soprano
tceta'i,exhausted
tcete'a,horrified､ very fearful of
tceva'uvruto'a,breathy tone
tcexai,much-injuring､ dangerous
tcikyselylacri,prompt
tcikyzga,to watch/ find the time of day/the time when something occurs
tcityta'o,signboard
tciveljai,handle of a tool
tcokumte,llama
tcudu'u,desperate
tebykre,moustache
tecmau,more specific
tedboi,globe
tedyplini,the planet Earth
teicla,old､ having survived a long time
teirmo'a,temporal pattern
teistu,the time at which something happens
tembavdei,anniversary day
tembavna'a,anniversary year
tembavytei,anniversary
temcimni,eternal
temge'a,tense grammar
tepcau,fearless
teprai,most afraid
tepri'a,to scare
tepringau,to cause fear
tepygau,to scare
tercakyjme,pearl
terda'akoi,front [military]
tergusmi'i,lamp
terkemselgeimau,is made happier by something than by something else
terlumpu'o,washing powder
termo'ixau,memorable
terpecfoi,keyboard
tersa'e,something stroked with; e.g. a string bow
tersa'ecpu,to bow a stringed instrument
tersliroldu'i,”white” [of noise]
tersacmau,something about which someone is more honest (e.g. ”the 4th symphony is more honest than the 5th” = ”the 4th is something in which the composer was more honest than in the 5th”)
terto'asko,string of musical instrument
tervlimau,to be a greater power than...
rixybakfu,backpack
rixybo'u,backbone/spine
rixykansa,to follow someone
rixpau,back､ back portion [body part]; the back of something､ as opposed to behind something
rixtu'e,hind legs
rixsfe,back surface
ti'icki,theory､ hypothesis
ti'ifla,proposed law､ bill
ti'ortai,shadowy figure; silhouette
ti'otci,lampshade
tixspe,son-in-law
tibmli,obedient､ meek
ticyjifsku,lie
ticysku,to equivocate､ to deceive someone in saying something [includes lies and half-truths]
tigdi'u,theatre
tigygusta,cabaret
tigypre,performer/player
tikygau,adjusts (agentive)
tilcau,featureless
tilmau,(abbreviation of seltilmau) more detailed
tilsku,to go into details､ to explain something
tinca'a,microphone､ amplifier; hearing-aid
tinju'i,listen
tinsybu'u,canvas
tinsyple,cardboard
tipyboi,football [the ball]
tisnanba,pie､ pasty､ blintz､ pancake
tisycanti,sausage
tisydja,pie､ pasty､ sausage
titnanba,cake､ sweetbread
titselpa'i,sweetheart
tixmamta,mother of daughter [as opposed to son] X
to'acfa,attack of tone
to'acru,to let something vibrate
togykaigri,organ stop
to'asti,release of tone
to'asto,steady-state of tone
tolcitnau,old man
tolci'o,ancient､ old [opposite of young]
tolcu'i,impossible
toldarsi,coward､ shirker
tolno'i,plebeian､ commoner
tolpante,can't complain
tolsi'a,disrespect
tolte'i,general
tolte'igau,to generalise
tolvri,coward
tolzba,to demolish
tocnunpe'i,workshop meeting
toirca'a,prototype
togdicra,to choke a tone
togle'u,vowel (non-phonetic)
togra'ijmavra,sostenuto pedal of piano
togyci'e,musical scale
togycnesli,trill
to'apra,tone-producing､ musical
to'asli,tonal oscillation､ including vibrato and trills
togytikygau,to tune an instrument
togytikpijne,tuning peg
togytikpijnyvau,tuning peg box
togytikyke'a,tone hole of wind instrument
tolbanzu,insufficient
tolcanci,appear､ irrupt､ materialise
tolka'eselylacri,unreliable､ treacherous
tolnindai,old objects､ [antiques]
tolpaivu'e,unfairness､ injustice
tolpa'e,imperfect､ flawed
toltiljvo,not detailed lujvo､ ”Lean lujvo”
tolzau,disapprove
tolzaupai,criticism､ disapproval
torcrida,dwarf
tordakyxa'i,short sword
torga'axa'i,club
tormau,shorter
tornunkruca,short-circuit
torselsku,[brief] article
tortei,short [in time] [of event]
toryre'a,hobbit
rairnei,like best
rairtoi,with all one's might､ as hard as one can
tramo'a,pattern of behaviour
tramo'a zanmupli,exemplary in behaviour
tranydro,ammonia
tratygarna,musical bow
ricyzbe,tree stump､ tree trunk
truci'e,government
trukamni,governing council
truspe,queen consort､ prince consort; concubine
trusragri,political party
trustizu,throne
tsacinla,lanky
tsamau,stronger
tsame'a,weaker
tanbargu,rainbow
tanxa'u,heaven-dweller [e.g. Gods]
tsarai,strongest
tsejbi,to sit at [a table]
tsifaigau,to sow
tsilitki,semen
tsipejgau,to sow
tsise'a,to sow､ to plant seeds in
tsiselcigla,semen
tsivi'i,ejaculate
tsubu'u,thick cloth
ckagai tsubu'u,bedquilt
tsugrusi,thick and gray
tu'ucra,bore of tube
tubyspe,person married to one's sibling
tubyti'u,niece
tupcutci,boot
tupyga'u,thigh
turdu'i,isomorphic to
tutkoi,border
tutske,geography
tutytu'a,domain､ kingdom of...
vajba'u,to say something important､ to declare
vajrai,most important
vairxu'a,to say a slogan or something monumentous
selvaixu'a,slogan
vlakei,punster
vlanunkei,punning
vlaselkei,pun
vlaturge'a,morphology
vlatercu'a,lexicon
vampai,to evaluate
vacysai,dinner
vanjba,grape
varjei,Army Air Force
varmuvmi'i,fan [air conditioner]
varselclu,inflated [e.g. boat]
varsoi,airman
vasnanba,pie､ pasty､ blintz､ pancake
vaurgau,to contain/put/wrap something inside something
vaxterje'e,exhale
vaxtu'o,inhale
vaxtu'upau,mouthpiece of instrument
vaxyba'u,to whisper
vaxyke'a,blow hole､ embouchure of wind instrument
vaxyvi'i,exhale
vazdzu,passer-by
venynoi,advertisement
vensni,advert. billboard
vefsfa,take revenge on
vefydji,to want to avenge...
veirci'a,writes down､ records
veljoicradi,radio transmitter/receiver (possible new stylistic)
velkemprema'e,the motive force for a people-vehicle
velklali'i,rail､ route as line
velma'ekla,to go somewhere in a self-powered vehicle [e.g. cycling]
velma'epre,cyclist､ rickshawman､ Fred Flintstone
velmirsna,echo
velskicau,undescribed､ undescribable
venski,to advertise
vesyspa,spring plant
venzmi,vending machine
verjipci,chick
verku'i,wet-nurse
vi'ajmi,to see that something is true [e.g. ”I saw that...”]
vi'ecpe,to invite
vibgle,vaginal sex
viblitki,vaginal secretions
vibmolgle,cunnilingus
vibyselcigla,vaginal secretions
vidnyveica'a,VCR
vijyja'a,pilot
vijysazri,to fly a plane
vilkla,to barge into
vilti'a,storm
vilyle'a,to seize
vimku'a,toilet
viptru,deputy governor､ viceroy
vipyja'a,deputy captain [e.g. first officer]
viska'e,sighted､ not blind
viska'eri'a,make visible､ show
viskli,transparent
visnalka'eri'a,to make something not visible､ to block someone's view
vi'adji,want to see something
visfa'i,to spot something
visyvei,visual record
vi'orji'e,stay alive､ keep living
vizbei,to bring here
vizyklo,local [to the speaker]
vizystu,here
vlaba'i,anaphora
vlacku,dictionary
vlaja'o,deixis
vlali'i,line [of text]
vlami'u,synonym
vlaste,word list
vlastocku,dictionary
vlaxajmi,pun､ calembour
vliki'a,strong call
vlikla,to barge in
vlimau,more powerful
vlinyselkau,to have a logical alternation in common; used to take of logical alternation of more than two operands
voikla,to fly to
voirli'u,to fly
volmabru,bat
voksnaske,phonetics
vokle'u,vowel [letter denoting vowel]
voksli,vibrato､ trill [singing]
volcukla,flying disc [saucer]
volfalnu,kite-sail
volgau,to set flying
volselkei,kite､ any flying toy
vonpitytai,tetrahedron
vonselmla,quadrilateral
vonmlatai,quadrilateral
vonskosa'e,quadruple stop in string instruments
vrostu,doorway
vrede'a,to stop while resting on something
vresraki'e,matress
vriba'i,brave
vricyvipsi,secretary/person Friday of person...
vrikla,bravely go forth
vrirai,bravest
vrobi'u,door [the piece of wood､ as opposed to the passageway]
vroca'o,French window
vrogai,door [the piece of wood､ as opposed to the passageway]
vrozu'itci,door [the piece of wood､ as opposed to the passageway]
vruca'a,[car] horn､ klaxon; rattler
vrucau,noiseless
vu'igla,spicy､ hot (cpina)
xa'argai,envelope
xa'arvau,envelope
xa'urjudri,home address
xa'urvanbi,habitat
xabyplu,peninsula
xabmapti,mate/match of ... [anything from socks to humans]
xabminli,half mile
xabnilganra,radius
xabybumru,half fog
xacysanta,shield
xacysantyse'u,squire
xadbi'o,to become flesh
xadmidju,waist
xadmuvgau,to move a part of the body
xadycarna,to toss､ to turn (intr.)､ [of body]
xadycla,tall
xadykro,bent (of body)
xadykro rinsa,to bow to someone
xadypau,body part
xadyplijvi,athletics and other sports
xadysku,gesticulate; body language
xadytaixau,well-proportioned [of body]
xadyti'e,back [of body]
xadyxai,to beat someone
xauzma,better
xagmaubi'o,to improve (intr.)
xagmaugau,to improve (tr.)
xagmaupai,to judge as better
xagrai,best
xagri'a,to make good､ to improve
xaursirji,straight [as in ”sit up straight”]
xagze'a,to improve (intr.)
xajre'u,pork
xalbarja,bar
xalbebna,tipsy､ giddy､ besotted
xalcro,hangover
xaldji,craving for alcohol
xalfenki,madly drunk
xalgei,giddy､ merry
xalkai,alcoholic
xalnunvindu,alcohol poisoning
xalpinxe,to drink alcohol
xalpixydji,craving for alcohol
xalsa'a,to sing drunkenly
xalsedycro,hangover
xalsipna,alcoholic stupor
xalsla,booze-up､ revelling
xalvamtu,throw up due to alcohol
xalxre,cocktail
xamfi'i,comic writer
xamgau,a [practical] joke
xamselfi'i,joke､ humorous writing
xamyzu'e,to make a joke [particularly a practical joke]
xanboi,handball
xandakyxa'i,dagger
xandegji,finger [hand､ as opposed to toe]
xandegycalku,fingernail
xangle,manual stimulation､ fingering､ hand job
xanjanbe,handbell
xanjoifirsku,gesticulate
xansku,gesticulate
xantamji,thumb
xanterjo'e,wrist
xantydenmai,ivory
xanzunto'a,stopped tone [of French Horn]
xarpre,character [e.g. roleplaying games､ fiction]
xaskla,navigate
xaskoi,beach､ coast
xaslycmo,bray
xasxelkla,sea vehicle
xasyda'u,sea animal
xasymabru,water mammal [dolphin､ whale]
xasysfe,sea's surface､ sea-level
xasyspa,sea plant､ including algae
xaufri,enjoy
xaujdi,good judgement､ discerning
jikca ka xaujdi,tact､ discernment､ discretion
jikykamxaujdi,tact
xaupre,goodfellow､ good person
xaurfu'a,lucky､ fortunate
xaurka'e,to be good at...
xaurpai,approve
xaurprepro,divisiveness､ opposing the good
xaurtoi,to try well､ to make a good attempt
xavyselmla,six-sided
xavyto'a,octave
xekselkre,black-haired
xejyji'o,chin
xejykoi,chin
xe'akre,goatee
xekli'ikai,black-lined
xekyblabi,black & white
xekselskapi,black-skinned people
xelbe'iple,carbon paper
xernunba'u,apology
xerselfriti,penitent sacrifice/offering
xervla,a word of apology
xesxei,anthellenism
xesygu'e,Greece
xilcucli'u,to rollerskate
xilcutci,rollerskating shoe
xingu'e,India [Bharat]
xirkla,to ride
xircmo,to neigh
xirno'i,knight
xirselma'e,ride [a horse]; be carried on a horse
xirselma'ecu'e,riding school
xirselma'eno'i,knight､ horse-riding noble
xirno'i,knight､ horse-riding noble
xirza'u,horse's hindquarters
xisli'icutci,rollerblading shoe
xismalsi,church
xi'octu (jdaselsku),Lord's Prayer
xlabu'u,rag
xlafu'a,unlucky､ unfortunate
xlapre,bad person
xlari'a,to make something bad
xlati'a,bad weather
xleserti,canal steps､ locks
xluga'i,to influence someone into changing
xrakarni,[illustrated] magazine
xrare'o,projector
xrube'i,take something back
xrucpa,to get something back
xrufle,to return [of electricity after blackout]
xrukla,to go back､ to return
xu'acmu,basis､ evidence for asserting...
terxuspli,moral of a story
xukske,chemistry
xuksle,molecule
xumcacpli,to have a drug habit
xumsne,hallucinogenic intoxication､ 'trip'
xunkrexli,red-haired girl
xusnoi,document
xusycmuma'o,evidential
xusypapri,document [physical]
xusyvei,document
zaglamtu'e,thigh
zajyctu,coach
zalre'u,ground meat､ mince meat
zaltapla,patty of ground material､ [e.g. hamburger]
zancimstu,oasis
zanfri,enjoy
zarki'a,yell approval､ hurrah
zasmo'isro,temporary memory
zasyspo,temporarily destroy
zasysti,temporarily ceasing､ pausing
vasxu zasysti,finds breath-taking
macyva'uzasysti,finds breath-taking
zatfa'i,to discover something､ to discover that something exists
zatsta,keeps existing
zausku,to praise
zbaske,engineering
zbaveljmina,to be put together
zbero'i,bedrock
zbisakci,sniffle
zdabartu,outside､ outdoors
zdacravro,hall door
zdadi'u,house､ home
zdaku'i,house-caretaker､ cleaning staff
zdamu'e,habitat
zdane'i,inside､ indoors
zdasazri,housewife､ house-caretaker
zdaspe,housewife
zdasta,to stay home
zdatutra,habitat [implies control]
zdaxru,to return something home
zdida'asnu,to argue for amusement､ to palaver
zdifanza,to tease
zdilisri,anecdote､ joke
zenri'a,to increase (tr.)
zergau,to commit a crime
zerkalte,poacher
zerle'a,to steal; thief
bloti zerle'a,pirate
blozeile'a,pirate
nunblozeile'a,act of piracy
nunzeile'a,theft､ act of piracy
zernerkla,to sneak into something､ breaking and entering
zerxai,crime against someone､ crime with a victim
zerxaigau,to commit a crime against...
zetcla,old､ having existed a long time
zgama'o,observation cmavo､ evidential
zgatirna,to listen
zgica'a,musical instrument
zgifau,musical event
zgifi'i,composer
zgijvexajmi,musical comedy
zgikabri,musical glasses
zgikalsa,musical chaos
zgipi'o,to play an instrument
zgiselsku,melody､ musical work
zgisku,to perform music
selzgisku,melody
zgizu'e,play music
zifri'a,to free､ to release someone from an obligation
zirjbo,'bad lojban' (Helsemism)
maudji,to prefer
zmanei,to prefer
termaupu'a,be more satisfied with
zmari'a,increase ... over ...
zmitra,mechanical [of behaviour]
zmutu'a,corn farm
zu'edji,impelled to do
zugyxu'a,confess
zulxa'e,left hand
zunsna,consonant
tsekansa,sit with
tsela'i,sit next to､ beside [inc. table]
zvaju'o,to know someone is there､ to notice someone､ to know someone's whereabouts
zvakansa,to be with someone somewhere
zvapre,a person present
zvaste,roll of those present､ registration list
zvastejbu,registration table [for conferences]
selba'u,utterance
selbadna,banana species
seldri,depressing
selbajra,running surface
terbajra,running limbs
velbajra,running gait
selbakfu,bundled
terbakfu,bundle wrapping
selbakni,bovine species/breed
selbakri,chalk source
terbakri,chalk form
selbaktu,bucket contents
terbaktu,bucket material
selbalji,plant with bulb
selbalni,balconied
selba'e,bladed
selbalvi,before
selbancu,bound beyond which
terbancu,reference for beyond
velbancu,beyondness property
selbandu,protected
terbandu,adversary
selbanfi,amphibian species
selbau,language community
terbau,
selba'i,greatness property
terba'i,greatness standard
selba'o,grown
terba'o,grown from
selbanxa,banker
terbanxa,banking functions
selbanzu,satisfied [by]
terbanzu,sufficiency condition
selbai,forced
selbra,bigness dimension
terbra,bigness standard
selbargu,arched over
terbargu,arch material
selbarja,fare [of a bar]
terbarja,bar customers
selba'a,marked
terba'a,mark material
selbartu,has outside
selbasna,stressed
terbasna,emphasis
selbasti,replaced
terbasti,replacement condition
selbatci,bitten
terbatci,bite locus
velbatci,biting tool
selbatke,has button
terbatke,button purpose
velbatke,button material
selbavmi,barley species
selbaxso,Malay-Ind aspect
selbebna,foolishness
selbe'o,North American aspect
selbe'e,crew members
terbe'e,leader [of a team]
velbe'e,crew purpose
selbengo,Bengali aspect
selbe'i,transferred
terbe'i,receiver
velbe'i,transmitter
xelbe'i,medium
selbe'a,parent [of son]
selberti,has to north
terberti,frame for north
selbesna,brained
selbe'u,has abdomen
selbetri,finds tragic
selbei,carrier
terbei,destination [for cargo]
velbei,source [of cargo]
xelbei,carrying path
selbidju,bead material
selbifce,bee species
selbilga,obligation
terbilga,obligation standard
selbi'a,symptoms
terbi'a,illness
selbilni,regimentation
terbilni,military purpose
selbindo,Indonesian aspect
selbinra,insured
terbinra,covered condition
velbinra,insured benefit
selbi'o,changed into
terbi'o,becoming conditions
selbirje,beer ingredients
selbirka,armed
selbirti,certainty
selbisli,ice composition
selbi'u,walled off
terbi'u,walled from
velbi'u,subdivided
selblaci,glass composition
selbli,block material
terbli,block surface
selblo,carried by boat
terblo,propel boat
selboi,ball material
selbo'u,bone function 
terbo'u,has bone
selbo'i,contents [of bottle]
terbo'i,material [of bottle]
velbo'i,lid [of bottle]
selbo'o,sheet material
selbo'a,wavy
terbo'a,wave-form
velbo'a,wave-length
xelbo'a,wave frequency
selbradi,opposes
terbradi,struggle [with enemy]
selbratu,hail material
selbrazo,Brazilian aspect
selbre,event prepared for
selbri,predicate relation
terbri,predicate arguments
selbi'e,wind direction
terbi'e,wind speed
selbriju,office worker
terbriju,branch [of an office]
selbrito,British aspect
selbu'a,has brother
terbu'a,brotherly bond
selbu'o,Buddhist aspect
selbu'u,cloth material
selbumru,fog composition
selbunda,weight [in local units]
terbunda,pound standard
velbunda,first subunit of pound
selbru,brush purpose 
terbru,bristles [of brush]
selburna,embarrassing
selcabna,co-occurred with
selca'a,apparatus function 
terca'a,apparatus operator
selcacra,duration [in hours]
tercacra,hour standard
seldzu,walked on
terdzu,walking limb
selcafne,oftenness standard
selcalku,has shell
tercalku,shell material
selcanci,vanished from
tercanci,see vanish
selcange,farm location 
tercange,farmer
velcange,farm produce
selcanja,exchanged
tercanja,exchanged for
velcanja,exchanged with
selca'o,has window
selcna,dug with shovel
selcanre,sand source
tercanre,sand composition
selcanti,has gut
selcarce,carried on cart
tercarce,propel cart
selcai,intense property
tercai,find intense
selcarna,turn axis
tercarna,rotational direction
selcartu,mapped [as a territory]
tercartu,shown on chart
selcarvi,rained on
tercarvi,rained from
selsnu,discussion subject
selca'e,shoved
terca'e,shoved at
selcta,examined
selca'i,underling
terca'i,authority basis
selcatra,murdered
tercatra,killing method 
selcaxno,shallow direction
tercaxno,shallow reference point
velcaxno,shallowness standard
selce'a,projectile
terce'a,propellant
selce'u,live in community
selcedra,characterize era
selcne,varying property
tercne,variance
velcne,variance conditions
selcensa,hold as holy
selcenti,has .01 part
tercenti,.01's dimension
selcerda,inheritance
tercerda,bequeath
velcerda,rule of inheritance
selcerni,day of morning
tercerni,morning location 
selcre,forte
tercre,expertise standard
selcei,hold as god
tercei,dominion of god
selfi'a,plot
terfi'a,author [of fiction]
selcfi,flawed
tercfi,result of flaw
selcfine,wedge material
selfi'u,confused
terfi'u,confusing property
selblu,has blood
seldja,can eat
selcidni,limb with knew
tercidni,has knee
selcifnu,infant species 
selcigla,secretion
tercigla,has gland
selcikre,fixed
tercikre,use for repaired item
selcki,explained
tercki,get explanation
velcki,explanation
selcilmo,moisture
selcli,learned
tercli,subject learned [about]
velcli,teacher
xelcli,learning method 
selcilta,thread material
selcimde,has dimension
tercimde,dimensional model
selcimni,infinite property
tercimni,infinity degree
selcinba,kissed
tercinba,place kissed
selcindu,oak species
selcinfo,lion species
selcinje,wrinkled
selcinki,insect species
selcinla,thinness direction
tercinla,thinness standard
selcni,emotion felt
tercni,object of emotion
selci'i,interested
selcinse,sexual activity
tercinse,sexuality
velcinse,sexuality standard
selcinta,paint pigment
tercinta,paint base
selcinza,use tongs
tercinza,grasped with tongs
selcpi,bird species
selcipra,property tested [for]
tercipra,tested
selcri,lost
tercri,loss conditions
selcirla,cheese source 
selci'a,written
terci'a,written on
velci'a,writing implement
selci'e,system structure
terci'e,system components
velci'e,system properties
selcti,eaten
selci'o,youth standard
selcitri,has history
tercitri,historian
selcitsi,define season
tercitsi,year of season
selcivla,louse species
tercivla,louse host
selcizra,find strange
tercizra,strangeness property
selckabu,rubber source 
terckabu,rubber composition
selckafi,coffee bean
selkai,quality
selcka,bed material
tercka,on bed
selckape,endangered
terckape,peril conditions
selckasu,ridiculed
terckasu,ridiculous
velckasu,ridiculing
selcke,humiliating
tercke,ashamed before
selckiku,opened by key
terckiku,key property 
selci'u,measured on scale
selki'i,related to
terki'i,relationship
selckire,thanked
terckire,object of gratitude
selcu'e,school location 
tercu'e,curriculum
velcu'e,attend school
xelcu'e,operate school
selku'u,conifer species
terku'u,cone of conifer
selylau,loud at point
terlau,loudness standard
selcla,length direction 
tercla,length standard
selcau,lacked
selclika,moss species
terclika,mossy
selclira,earliness standard
selclite,politeness context
terclite,politeness standard
selyli'a,left behind
terli'a,route of leaving
selclupa,loop material
selcmaci,mathematics type 
selcma,smallness dimension
tercma,smallness standard
selma'a,mountainous
selma'o,structure word class
terma'o,structure word meaning
velma'o,structure language word
selcme,named
tercme,namer
selcmi,set of member
selcmo,moan
tercmo,expressed by moan
selna'o,averaged
terna'o,population [for a norm]
velna'o,norm standard
selne'o,has neck
selne'u,rewarded
terne'u,reason for reward
velne'u,reward given
selcnici,orderliness property
selni'o,find new
terni'o,newness property
velni'o,newness standard
selni'a,has underneath
terni'a,reference for beneath
selcko,soaked up
tercko,is drained
velcko,soaked up into
selcoi,depth direction 
tercoi,depth reference point
velcoi,depth standard
selcro,pain locus
selcpa,gotten
tercpa,got from
selcpana,has on top
tercpana,reference for upon
selcpare,surface climbed
tercpare,direction climbed
velcpare,climbing tool
selcpe,requested
tercpe,requested from
velcpe,request form
selcpina,find pungent
selcradi,radio program
tercradi,radio station
velcradi,radio receiver
selcra,has in front
tercra,reference for front
selcreka,shirt material
selcrepu,harvested
tercrepu,harvested from
selcribe,bear species
selcrida,fairy mythos
selcripu,bridged over
tercripu,1st side of bridge
velcripu,2nd side of bridge
selcrisa,year of summer
tercrisa,summer location 
selcritu,year of autumn
tercritu,autumn location 
selctaru,tidal
terctaru,raise tide
selctebi,orifice with lip
terctebi,has lip
selce'i,taxed
terce'i,taxed
velce'i,levy tax
selctile,petroleum source 
selti'o,has shadow
terti'o,light making shadow
selctu,person taught
terctu,teaching
velctu,subject taught
xelctu,teaching method 
selcku,subject [of book]
tercku,author [of a book]
velcku,read book
xelcku,book medium 
selclu,filling
selcu'i,possibility condition
selcumla,object of humility
selcunmi,millet species
selcu'o,randomness condition
tercu'o,probability distribution
selcu'u,involved in affair
selpra,product
terpra,production
selcru,allowed
tercru,permission condition
selcurnu,worm species
selcurve,purity property
selsku,said
tersku,addressed
velsku,expression medium 
selcutci,shod
tercutci,shoe material
selcutne,has chest
selcu'a,chosen
tercu'a,choices
seldacru,filing system
terdacru,drawer contents 
seldadjo,Taoist aspect
seldakfu,cut by knife
terdakfu,knife material
seldakli,contents [of sack]
terdakli,material [of sack]
selda'a,opponent [in fight]
terda'a,in contention
seldamri,drumstick
seldandu,hung from
terdandu,hung by
seldanfu,question answered
selda'u,animal species
seldanmo,smoke source
selda'e,pressed
seldansu,accompaniment [for dance]
seldanti,gun
selplu,island material
terplu,contain island
seldapma,blessed
terdapma,damnation
seldargu,road start 
terdargu,road terminus
veldargu,road route
seldau,argued for
terdau,argued against
selda'o,has afar
terda'o,distance property
seldarsi,audacious behavior
selda'i,struck
terda'i,hitting tool
velda'i,hit locus 
seldaski,has pocket
seldasni,worn
terdasni,worn as
selspo,ruined
selsri,ribbon material
seldatka,duck species
seldatni,data subject 
terdatni,data collection
seldecti,has .1 part
terdecti,.1's dimension
seldegji,limb with finger
terdegji,has finger
seldejni,debt
terdejni,owed
veldejni,reason for debt
seldekpu,number of gallons
terdekpu,gallon standard
veldekpu,1st subunit of gallon
seldekto,measured in 10's
terdekto,10's dimension
selde'o,number of candelas
terde'o,candela standard
seldembi,leguminous plant
selde'i,has tooth
seldenmi,density property
terdenmi,density locus 
selde'a,awaited
terde'a,waiting state
velde'a,paused activity
selde'u,dirt source 
terde'u,dirt composition
seldre,heaped
terdre,heap location 
seldesku,shaker
seldetri,dated
terdetri,date location 
veldetri,calendar
seldicra,interrupted
terdicra,interruption
seldikca,charged
terdikca,amount of charge
selklo,locus
terklo,local range
seldikni,regularity
terdikni,regular period
seldilcu,dividend
terdilcu,divisor
veldilcu,remainder in division
seldilnu,cloud material
terdilnu,cloudy
veldilnu,cloud base [elevation]
seldimna,destined
seldi'u,building purpose 
seldi'o,nail type 
terdi'o,nail material
seldirba,adores
seldi'e,radiation
terdi'e,radiation conditions
seldirgo,drop material
terdirgo,surround drops
seldzi,lowness reference
terdzi,lowness standard
seldei,number of full days
terdei,full day standard
seldji,desired
terdji,purpose desired for
seldjine,ring material
terdjine,ring inside diameter 
veldjine,ring outside diameter
selju'o,known
terju'o,subject known
velju'o,epistemology
seldo'i,day with daytime
terdo'i,daytime location 
seldo'o,German aspect
seldraci,subject [of drama]
terdraci,dramatist
veldraci,watch drama
xeldraci,act in drama
seldra,correctness
terdra,correctness situation
veldra,correctness standard
seldrata,other than
terdrata,otherness standard
seldru,has roof
seldu'o,
terdu'o,
seldugri,antilogarithm
terdugri,logarithm base
seldu'e,in excess
terdu'e,excess standard
seldukti,has as opposite
terdukti,scale of opposites
seldu'a,gift
terdu'a,recipient
seldunja,freezing point
terdunja,freezing pressure
seldu'u,distressing
seldu'i,equalled
terdu'i,equality property
seldunra,year of winter
terdunra,winter location 
seldze,descendent
terdze,ancestral bond
selzi'o,Antarctican aspect
selfa'i,discovery
terfa'i,subject discovered
selfadni,ordinariness
terfadni,set with typical
selfagri,fuel for fire
terfagri,air for fire
selfalnu,fill sail
terfalnu,sailing craft
selfamti,niece
terfamti,avuncular bond
selfancu,function domain
terfancu,function range
velfancu,function definition
selfange,alienness property
terfange,perceive as alien
selfa'o,ended
selfanri,factory product
terfanri,raw material for factory
selfanta,circumvented
selfanva,source text
terfanva,target language
velfanva,source language
xelfanva,translation
selfanza,annoyed
selpro,opposed
terpro,in contention
selfa'u,fallen to
terfa'u,fallen from
velfa'u,frame for fall
selfa'a,direction to
terfa'a,direction from
selfarvi,developed
terfarvi,developed from
velfarvi,development stages
selfa'e,reversed
selfai,receive share
terfai,share
selfebvi,boiling point
terfebvi,boiling point pressure
selfemti,has 1E-15 part
terfemti,1E-15's dimension
selfendi,partitioned
terfendi,division
velfendi,division method 
selfe'u,object of anger
terfe'u,reason for anger
selfenki,craziness standard
selfe'a,cracked
selfe'o,sewn
terfe'o,sewing tool
velfe'o,sewing thread
selfei,worth [in cents]
terfei,money system of cent
selfepri,has lung
selfre,fertility product
selfesti,pollute
selfe'i,female species 
terfe'i,female trait
selfigre,fig species
selfilso,Palestinian aspect
selfi'e,fish species
selfi'i,creation
terfi'i,invention purpose 
velfi'i,inspiration
selfla,regulated [by law]
terfla,community with law
velfla,conditions for law
xelfla,legislature
selfle,has flow
terfle,flow destination 
velfle,flow source 
selfli,failed activity
selflira,has face
selfoi,field material
selfo'o,foam material
terfo'o,material in foam bubble
selfonxa,telephone network
selfro,fork purpose 
terfro,fork tine
velfro,fork shaft
selfraso,French aspect
selfra,response
terfra,stimulus [reacted to]
velfra,reaction conditions
selfraxu,forgiven
terfraxu,matter forgiven
selfrica,differed from
terfrica,difference property
selfi'o,African aspect
selfrili,adept
terfrili,easiness conditions
selfrinu,numerator
terfrinu,denominator
selfriti,offered
terfriti,receive offer
velfriti,offer conditions
selfu'i,copied
terfu'i,copy medium
velfu'i,copying method 
selflu,floated in
selfu'a,lucky
selfusra,rotting agent
selfu'e,responsibility
terfu'e,hold responsible
selgai,covered
selgadri,phrase with article
tergadri,article language 
velgadri,article semantics
selga'i,changed
terga'i,modified into
selga'u,height reference
terga'u,height standard
selgalxe,has throat
selga'o,closed off
terga'o,stopped by closure
selganra,breadth dimension
terganra,breadth standard
selga'e,sensed
terga'e,sense employed
velga'e,sensing conditions
selganti,has gonad
terganti,gonad gender
selganxo,has anus
selganzu,not as organized
terganzu,organized
velganzu,organizing principle
selgapci,gas composition
tergapci,gas conditions
selgapru,below
tergapru,reference for above
selgarna,has rail
tergarna,rail material
selgau,caused
selgasta,steel composition
selgenja,has root
selge'o,Argentinian aspect
selgenxu,hook material
selge'u,dog species
selge'a,grammar language 
terge'a,grammatical
selgi'a,guided
tergi'a,guided activity
selgi'o,in 1E9's
tergi'o,1E9's dimension
selginka,camper
terginka,campsite
selgri,group property 
tergri,membership
velgri,roles
selgi'u,root word relation
tergi'u,root word arguments
velgi'u,root word affix
selgla,hot standard
selgei,object of happiness
selgle,copulated with
selgli,English aspect
selglu,glove material
selgocti,has 1E-24 part
tergocti,1E-24's dimension
selgotro,in 1E24's
tergotro,1E24's dimension
selrau,unit standard
teryrau,measured by unit
selgra,number of grams
tergra,gram standard
selga'a,rod material
selgrasu,grease source 
selgreku,has frame
selgrute,fruit species
selgubni,published among
selgu'e,countrymen
tergu'e,territory of country
selgundi,industry product
tergundi,industrial process
selgu'a,task
tergu'a,work goal 
selgunma,component of mass
selgu'o,surface rolled on
tergu'o,axle
selgunse,goose species
selgunta,attacked
tergunta,attack goal 
selgru,grain species
selguska,scraped
terguska,scraped from
selgu'i,lit
tergu'i,light source
selgusta,restaurant cuisine
tergusta,restaurant customer
selgutci,length/width/height (in short units
tergutci,cubit standard
velgutci,sub-unit of cubits
selgutra,has womb
selzme,melon species
seljabre,braked
terjabre,braking device
selja'i,adorned
seljakne,expelled by rocket
terjakne,payload [of a rocket]
selja'e,have result
seljalna,starch source 
terjalna,starch composition
seljalra,cockroach species
seljma,has foot
seljamna,enemy [in war]
terjamna,in contention
seljanbe,chime
seljanco,joined at shoulder
terjanco,has shoulder
seljanli,collided with
seljansu,represented by diplomat
terjansu,diplomat posting
veljansu,diplomat function 
seljanta,billed for
terjanta,billed
veljanta,present bill
seljarbu,city of suburb
selja'o,shown
terja'o,shown to
seljarki,narrow dimension
terjarki,narrowness standard
seljaspu,has passport
terjaspu,issue passport
veljaspu,authorized by passport
selja'a,captained
seljva,prescribed by rule
terjva,has rule
seljbama,bomb explosive
seljba,berry species
seljbe,bear young
terjbe,birthday
veljbe,birthplace
seljbera,borrowed
terjbera,lender
veljbera,term [time of a loan]
selbi'i,have in between
terbi'i,betweenness property
seljdari,meet firmness
terjdari,firmness conditions
seljdi,decision
terjdi,matter decided
seljdika,property decreased
terjdika,decrease amount
seldi'a,priced at
terdi'a,purchaser
veldi'a,set price
seldi'i,issue money
seljdu,jelly composition
selje'a,polity territory 
seljeftu,duration [in weeks]
terjeftu,week standard
selje'o,Jehovist aspect
seljelca,combustion temperature
terjelca,burning atmosphere
seljme,jewel type 
terjme,jewel source 
seljenca,shocked
seljendu,spin on axle
terjendu,axle material
seljei,has army
terjei,army function 
seljerna,wages
terjerna,paid work
selje'i,pursued
seljerxo,Algerian aspect
seljesni,needle material
selje'e,jet material
terje'e,expel jet
selje'u,truth standard
selja'u,clawed
seljga,angle vertex
terjga,subtend angle
seljai,grasped
terjai,grasping appendage
seljge,knotted
seljgina,has gene
terjgina,genetic trait
seljgi,object of pride
seljgita,plectrum
seljbi,has near
terjbi,nearness property
seljibri,employed
seljicla,mixed
selcmu,founded
seljijnu,intuition
terjijnu,intuition subject 
seljikca,socialized with
seljikru,liquor source 
seljilka,alkali composition
seljilra,object of jealousy
terjilra,reason for jealousy
seljimca,branched
seljmi,understood
terjmi,subject understood
seljimte,limited
terjimte,limitation property
seljinci,cut by shears
selji'a,prize
terji'a,losing competitor
velji'a,competition won
seljinku,vaccinated
terjinku,vaccinated against
veljinku,vaccination method 
seljinme,metal composition
seljinru,immersed in
seljinsa,material cleaned away
terjinsa,cleanness standard
seljinto,fluid from well
terjinto,well location 
selji'i,opinion
terji'i,opinion subject 
velji'i,grounds for opinion
seljinzi,has innately
seljipci,chicken species
selji'o,pointed
terji'o,tip locus 
seljirna,has horn
seljisra,juice source 
seljitfa,falsity standard
seltro,controlled
tertro,controlled activity
seljivbu,woven
terjivbu,yarn for weaving
seljvi,rival
terjvi,contest
veljvi,prize
seljmaji,gathering place
terjmaji,gathered from
seljmifa,shoal material
terjmifa,has shoal
seljmina,additive
terjmina,added to
veljmina,addition result
selji'e,aliveness standard
seljo'o,Jordanian aspect
seljo'e,joined to
terjo'e,joint
seljbu,table material
terjbu,leg
seljudri,addressee
terjudri,address system
selju'a,sentence subject 
terju'a,sentence language 
seljukni,spider species
seljukpa,cooked
terjukpa,recipe
selju'e,pass through net
terju'e,stopped by net
velju'e,net property
selju'i,attended to
seljungo,Chinese aspect
seljunla,measured by clock
terjunla,precision
veljunla,clock mechanism 
seljunri,seriousne subject 
seljunta,has weight
terjunta,gravity causing weight
seljurme,germ species
seljursa,find severe
seljutsi,genus of species
terjutsi,family of species
seljuxre,clumsiness standard
selji'u,viewed
terji'u,vantage point
selkabri,cup contents 
terkabri,cup material
selkacma,photographic illumination
terkacma,photographic medium
selkadno,Canadian aspect
selkafke,coughed up
terkafke,orifice coughed from
selkagni,authorize company
terkagni,company purpose 
seljde,warned
terjde,danger [warned of]
selkajna,support shelf
terkajna,shelf purpose 
selka'e,ability
terka'e,ability conditions
selkakpa,dug out
terkakpa,dug from
velkakpa,digging tool
selkalci,defecate
selkalri,accessible
terkalri,has access
selkalsa,chaotic property
selkalte,prey
terkalte,hunt purpose 
selkamju,column material
selkamni,charter [of a committee]
terkamni,has committee
selkau,set with common property
selkanba,goat species
selkancu,set counted
terkancu,number counted
velkancu,counting units
selkandi,dimness property
terkandi,find dim
selkanji,calculated
terkanji,source data
velkanji,calculation
selkanla,has eye
selka'o,health standard
selkansa,accompanied
terkansa,accompanied in
selka'u,quantized
selkanxe,1st conjunct
terkanxe,2nd conjunct
selkarbi,compared
terkarbi,compared with
velkarbi,property compared
xelkarbi,comparison
selkarce,ride in car
terkarce,propel car
selkarda,card material
terkarda,
selkargu,find costly
terkargu,costliness standard
selkarli,collared
terkarli,collar material
selkarni,genre [of a journal]
terkarni,publisher [of a journal]
velkarni,receive journal
selka'a,be cut
terka'a,piece cut
selkavbu,captured
terkavbu,trap
selke'i,pitiable
terke'i,reason for pity
selkei,plaything
selke'o,temperature [in Kelvin]
terke'o,kelvin standard
selkenra,cancerous
selkensa,outer space region
selkre,hairy
terkre,hair location 
selkerlo,eared
seltco,South American aspect
selke'a,has cavity
selki'e,padded
terki'e,cushion material
selki'o,in 1000's
terki'o,1000's dimension
selkinli,sharpness locus 
selkisto,Pakistani aspect
selklaji,street location 
terklaji,accessed from street
selklaku,tears wept
terklaku,reason for weeping
selkla,destination
terkla,starting point
velkla,route of going
xelkla,transportation means 
selylai,quantifier
terlai,scale of quantity
selkle,superset
terlei,define class
selkli,unobstructed
selkliru,halogen type 
selkliti,clay composition
selylu'e,use for screw
terlu'e,screw thread
velylu'e,screw body
selkluza,has loose covering
terkluza,looseness locus 
selko'i,cabbage species
selko'a,has corner
terko'a,corner material
selko'e,coal source 
selkomcu,comb material
terkomcu,comb tooth 
selko'u,cone material
terko'u,cone vertex 
selkoi,edged
terkoi,bordering
selkorka,cork source 
selkosta,coat material
selkramu,size [in acres]
terkramu,acre standard
velkramu,sub-unit of acre
selkra,has source
selka'i,represented
terka'i,matter represented in
selke'u,recurrent
selkri,belief
terkri,belief subject 
selkrili,crystal composition
terkrili,crystal structure
selki'u,justified
selki'a,yell
selkruca,intersected
terkruca,intersection locus
selkruji,cream composition
selkru,curved
terkru,curve locus 
velkru,define curve
selkubli,polyhedron cube dimensionality 
terkubli,face
selkucli,object of curiosity
selkufra,make comfortable
selkukte,find delicious
selklu,has culture
selku'a,structure with room
terku'a,room boundary
selkumte,camel species
selkunra,mineral type 
terkunra,lode
selkunti,material emptied
selkurfa,square vertices
terkurfa,right-angle dimensionality
selku'i,taken care of
selkurki,find bitter
selku'e,ranged over
selkusru,object of cruelty
selylabno,wolf species
selcpu,pulled
tercpu,pulling locus
selylacri,trusted
terlacri,matter of reliance
selyladru,milk source 
selylafti,lifted
terlafti,lifting locus
velylafti,gravity lifted in
selyla'e,likelihood condition
selylakse,wax source 
selyla'u,has lake
selyla'i,has adjacent
terla'i,adjacency property
velyla'i,adjacency direction
selylanbi,protein type 
selylanci,has flag
terlanci,flag design
velylanci,flag material
selylanka,basket contents 
terlanka,basket material
selylanli,analyzed
terlanli,analysis method
selylanme,sheep species
terlanme,flock of sheep
selylante,can contents
terlante,can material
selylanxe,balancing forces
selylanzu,family member
terlanzu,family standard
selylarcu,craft
selyla'a,fastened
terla'a,fastened to
velyla'a,fastener
selylastu,brass composition
selyla'o,Latin aspect
selylatna,lotus species
terlatna,lotus significance 
velylatna,culture with lotus
selylazni,activity avoided
selyle'a,aquisition
terle'a,taken from
selyle'o,image [focussed by lens]
terle'o,focus [of lens]
velyle'o,refractor
selylenku,coldness standard
selylerci,lateness standard
selyle'u,character set
terle'u,signified by letteral
selylibjo,Libyan aspect
selyli'e,preceded
terli'e,sequence preceded in
selfri,happening
seljda,adherents
terjda,creed
selylimna,swum in
selylindi,struck [by lightning]
terlindi,lightning origin 
selyli'i,points on line
selylinsi,chain material
terlinsi,chain property 
selyli'o,lightweight standard
selylisri,story subject
terlisri,storyteller
velylisri,hear story
selste,set listed
terste,order [of a list]
velste,list medium 
selylitce,volume [in liters]
terlitce,liter standard
selylitki,liquid composition
terlitki,liquidity conditions
selyli'u,route traveled
terli'u,travel means 
selylivga,has liver
selylivla,powered by fuel
selylogji,conclusion
seljbo,Lojbanic aspect
selyloi,has floor
selylo'u,fox species
selylu'o,Lebanese aspect
seljvo,meaning [of affix compound]
terjvo,argument [of affix compound]
veljvo,metaphor [of affix compound]
selylu'i,washed
terlu'i,removed by washing
velylu'i,cleanser
selylunra,moon primary
selylunsa,bedewed
terlunsa,condensation point
velylunsa,condensation pressure
selmabla,derogated
termabla,derogator
selmabru,mammal species
selcnu,manual function
tercnu,manual conditions
selma'u,mature trait
selmakfa,hold as magical
termakfa,magician
selmaksi,magnetic field
selmalsi,temple religion 
termalsi,temple location
selmamta,mothered
selmanci,object of wonder
selmanfo,uniform property
selmanri,use reference
termanri,rule for reference
selmansa,satisfied
termansa,satisfaction
selmanti,ant species
selmapku,cap material
selmapti,matched
termapti,matched property
selmra,sheltered
termra,threat sheltered from
terma'e,medium for vehicle
velma'e,vehicle propulsion
selmarde,has morals
termarde,morality conditions
selmai,composition
termai,physical form
selmarna,hemp species
selmarxa,mashed
termarxa,pulp
selsno,done slowly
selma'i,duration [in months]
terma'i,month standard
selmatci,mat material
selmatne,butter source 
selmatra,motorized
selmavji,oats species
selxri,wheat species
selmebri,has brow
selmegdo,quantity in 1E6's
termegdo,1E6's dimension
selmei,  set with cardinality
termei,  individuals numbered
selme'o,rules for MEX
selmle,find beautiful
termle,beauty property
velmle,beauty standard
selmeljo,Malaysian aspect
selmenli,has mind
selme'i,has sister
terme'i,sisterly bond
selme'u,duration [in minutes]
terme'u,minute standard
selmerko,American aspect
selmre,measured
termre,measurement
velmre,measuring scale
xelmre,measurement accuracy
selmexno,Mexican aspect
selmidju,has at middle
selmifra,plaintext encoded
termifra,code system
selmikce,patient
termikce,ailment treated
velmikce,medical treatment
selmikri,has 1E-6 part
termikri,1E-6's dimension
selmilti,measured in .001's
termilti,.001's dimension
selmli,mildness property
termi'e,result commanded
selmi'i,machine function 
selminli,size [in miles]
terminli,subunits of miles
velminli,mile standard
selminra,reflected
terminra,see reflection
velminra,reflection
selmi'u,has as same
termi'u,sameness standard
selmipri,kept secret
termipri,kept secret from
velmipri,secrecy method
selmirli,deer species
selmi'o,hold as famous
selmisro,Egyptian aspect
seltre,size [in meters]
tertre,meters direction 
veltre,meter standard
selxre,ingredient
selmla,has to the side
termla,faced for sideways
velmla,frame for sideways
selmlatu,cat species
selme'a,undercut
terme'a,lessness property
velme'a,lessness margin
selmledi,mold species
termledi,moldy
selmluni,satellite primary
termluni,satellite property
velmluni,satellite orbit
selmoi,  set with ordinal
termoi,  sequence for ordinal
selmokca,point location 
selmo'u,has mouth
selmlo,mill process
selmo'o,quantity in moles
termo'o,mole standard
selmo'i,remembered
termo'i,memory subject 
selmorko,Moroccan aspect
selmo'a,patterned
termo'a,arrangement
selmosra,rubbed
termosra,rubbed against
selmraji,rye species
selmri,mailed
termri,receive mail
velmri,transmit mail
xelmri,mail carrier
selmru,hammered
termru,hammerhead
velmru,propel hammer
selmudri,wood species
selmu'i,motivated
termu'i,has motive
selmu'o,completion property
termu'o,completion standard
selmu'e,universe domain
termu'e,universe rule
selmupli,property exemplified
termupli,set exemplified
selmurse,day with twilight
termurse,twilight location 
selmu'a,curtained aperture
termu'a,curtain material
selmuslo,Islamic aspect
seltce,muchness property
tertce,muchness direction 
selmu'u,move destination 
termu'u,move origin 
velmu'u,move path
selmuzga,exhibited
termuzga,museum location 
selnabmi,has problem
ternabmi,problem conditions
selnakni,species with male
ternakni,male trait
selna'i,winged
selnanba,grain in bread
selna'a,duration [in years]
terna'a,year standard
selnandu,find difficult
ternandu,difficulty condition
selnanla,boy's age
ternanla,boyhood standard
selnanvi,has 1E-9 part
ternanvi,1E-9's dimension
selnarge,plant with nut
ternarge,nut shell
velnarge,nut kernel
selna'e,denied
terna'e,logic for denial
selnai,people of nation
selnavni,
selxle,canal destination 
terxle,canal origin 
velxle,canal route
selzbi,has nose
terzbi,nostril
selnejni,energy type 
ternejni,energy form
selnei,liked
selne'i,has inside
selni'i,necessitated
terni'i,logic system necessitating
selcte,day with night
tercte,night location 
selni'e,furnished
terni'e,furniture purpose 
selnimre,citrus species
selnirna,has nerve
seltcu,needed
tertcu,purpose needed for
selnivji,knitted
ternivji,knitting yarn
selxli,girl's age
terxli,girlhood standard
selno'i,nobility standard
selnoi,message subject 
ternoi,send message
velnoi,receive message
selnu'e,promised
ternu'e,promisee
selnurma,rural of
selnu'i,scale with neutral
selnuzba,news subject 
ternuzba,news source 
velnuzba,receive news
selpa'a,hoped for
terpa'a,likeliness of hope
selpau,part of
selgre,passed through
tergre,passed to
velgre,passed from
selpai,judgement subject 
selpalci,evil standard
selpalku,pants material
selpalne,tray contents 
terpalne,tray material
selpalta,plate material
selpambe,pumped
terpambe,pumped into
velpambe,pumped from
xelpambe,pumping means
selpanci,odorous
terpanci,smell odor
selpandi,punctuated
terpandi,punctuation
velpandi,punctuation effect
selpanka,maintain park
terpanka,park purpose 
selpa'o,sliced
selpanpi,at peace with
selpanra,paralleled
terpanra,parallelism property
velpanra,parallelism standard
selpante,object of protest
terpante,receive protest
velpante,complaint
selpanzi,offspring parent
selpapri,bound pages
selparbi,in ratio
terparbi,ratio reference 
selpastu,robe material
selpa'u,fathered
selpatlu,potato species
selpatxu,pot contents 
terpatxu,pot material
selple,paper source 
selpemci,poem subject
terpemci,poet
velpemci,read poem
selpenbi,ink for pen
terpenbi,process using pen
selpe'u,touched
terpe'u,touched with
selpe'o,befriended
selpe'i,encountered
terpe'i,meeting place
selpei,object of thought
selperli,pear species
selpesxu,paste composition
selpetso,quantity in 1E15's
terpetso,1E15's dimension
selpezli,leafy
selpicti,quantity in 1E-12's
terpicti,1E-12's dimension
selpijne,pinned
terpijne,pin material
selpikci,begged
terpikci,begged for
selpikta,has ticket
terpikta,ticket benefit
velpikta,ticket conditions
selpi'i,multiplicand
terpi'i,multiplier
selpi'a,has crust
selpli,used
terpli,use purpose 
selpi'u,feathered
selpinca,urinate
selpindi,deficiency
selpinfu,captor
terpinfu,imprisonment means
selpinji,has penis
selpinka,comment subject
terpinka,make comment
velpinka,commented to
selpinsi,pencil lead
terpinsi,pencil covering 
selpinta,frame for levelness
selpinxe,beverage
terpinxe,drinking vessel
selxra,depicted
terxra,draw picture
velxra,picture medium
selplana,plumpness standard
selpla,plan made
terpla,planned out
selyle'i,payment
terle'i,payee
velyle'i,paid for
selplibu,has pubes
selplini,planet primary
terplini,planetary property
velplini,planet orbit
selpi'e,leaped to
terpi'e,leaped from
velpi'e,leap height
xelpi'e,propulsion for leap
selplise,apple species
selplita,point in plane
selplixa,plowed
terplixa,plowing tool
velplixa,pull plow
selpluja,complexity property
terpluja,complexity standard
selpu'a,pleased
terpu'a,pleasing conditions
selylu'a,route to
terlu'a,route from
velylu'a,point on route
selplo,folded
terplo,folding crease
selpolno,Polynesian aspect
selpo'o,Japanese aspect
selpo'e,possessed
terpo'e,possession right
selpo'i,broken piece
selpoi,ordering rule
terpoi,sequence base set
selporto,Portuguese aspect
selprali,profits
terprali,profitable
selpa'i,loved
selpa'e,perfection property
selpe'a,is spread to
terpe'a,is spread from
selrei,question subject 
teryrei,questioner
velrei,questioned
selprije,object of wisdom
terprije,views as wise
selpri,printing surface
terpri,printing tool
selpritu,has to the right
terpritu,frame for right
selro'a,prose subject
teryro'a,write prose
velro'a,read prose
selru'e,input to process
teryru'e,process result
velru'e,process stage
selpu'e,dust source 
terpu'e,dusty
selpulji,law
selpulni,pulley function 
terpulni,pulley axle
selpu'i,placed
terpu'i,placed at
selpunli,swollen
terpunli,swelling material
selpru,has in its past
selpurdi,has garden
terpurdi,grown in garden
selpu'o,powdered
selracli,sanity standard
selractu,rabbit species
selra'o,quantity in radians
teryra'o,radian standard
selrafsi,has affix
teryrafsi,affix form
velrafsi,affix language 
selragve,gap
teryragve,across from
selrakso,Iraqi aspect
selra'u,troubled
teryra'u,troubling result
selralci,delicacy property
selralju,has as principal
teryralju,primacy property
selra'e,retained
selranda,yielded to
teryranda,yield conditions
selrango,has organ
teryrango,organ function 
selra'i,continuity interval
selranmi,myth subject
teryranmi,mythos
velranmi,culture with myth
selransu,bronze composition
selranti,molding force
teryranti,softness conditions
selranxi,not expecting
teryranxi,irony property
selrapli,repeat count
selratcu,rat species
selratni,chemical element
teryratni,isotope
selrebla,tailed
selre'u,meat source 
selre'o,thrown
teryre'o,throwing direction
selre'i,endured
teryre'i,survival time
selrespa,reptile species
selcfu,riches
selrigni,disgusted
teryrigni,disgust conditions
selrilti,rhythmic
selrimni,rhymed with
teryrimni,rhyme language 
velrimni,rhyme scheme
selrinci,drained liquid
teryrinci,strainer
velrinci,draining force
selri'u,restraint
teryri'u,restrained against
selri'a,effect
teryri'a,causation conditions
selrinsa,greeted
teryrinsa,greeting
selrirci,rarity property
teryrirci,rarity population
selrirni,raised
selri'e,landmass with river
teryri'e,watershed
velri'e,mouth [of a river]
selrismi,rice species
selrisna,has heart
selri'i,rite purpose
teryri'i,community with rite
velri'i,ritual form
selrivbi,avoided
teryrivbi,avoidance
selro'i,rock type 
teryro'i,rock location 
selromge,chrome metal
selro'o,European aspect
selrorci,engendered
teryrorci,coparent
seltsu,thickness dimension
tertsu,thickness standard
selzgu,rose species
selble,weak point
terble,weakness standard
selrunme,melting point
teryrunme,melting pressure
selrunta,solvent
teryrunta,solution formed
velrunta,solution conditions
selru'u,worth [in dollars]
teryru'u,money system
selru'o,Russian aspect
selrutni,make artifact
selsabji,provisions
tersabji,provided with
selsabnu,vehicle with cabin
selsacki,material [of match]
selsaclu,decimal fraction
tersaclu,decimal base
seldjo,Saudi aspect
selsakci,sucked to
tersakci,sucked from
selsakli,slid on
selsakta,sugar source
tersakta,sugar composition
selsla,celebrated
tersla,celebration
selsa'o,slope angle
tersa'o,slope horizon
selsalta,salad ingredients
selsamcu,cassava species
selsampu,simplicity property
selsna,emit sound
selsa'a,song
tersa'a,hear song
selsanji,noticed
selsa'i,surface stood on
tersa'i,limb stood with
selsai,meal dish
selsanso,with sauce
tersanso,sauce ingredient
selsanta,shaded by umbrella
tersanta,shaded from
velsanta,umbrella material
xelsanta,support umbrella
selsa'u,requires
tersa'u,necessity conditions
selsra,supported
tersra,supported against
velsra,support means 
selsarlu,spiral limits
tersarlu,spiral dimension
selsarxe,harmonized with
tersarxe,harmony property
selske,science subject 
terske,science methodology
selsatci,precision
tersatci,exactness property
selsa'e,stroked
selvru,receive noise
tervru,noise channel
selsazri,operated
tersazri,operating goal
selsfe,has surface
tersfe,surface side
velsfe,surface bounds
selsle,has cell
selse'u,served
terse'u,service
selsme,Semitic aspect
selsenpi,doubted
selsenta,layered material
tersenta,layered structure
selsne,dream subject
selsei,separated from
tersei,separator
selserti,with stairs
terserti,stair steps
selse'a,inserted
terse'a,inserted into
selse'i,self of
selsfani,fly species
selsfa,punished
tersfa,punished for
velsfa,punishment
selsu'u,dived to
tersu'u,dived from
selsiclu,whistling sound
selsi'i,issue coin
tersi'i,coin value
velsi'i,
selsi'o,idea subject 
tersi'o,has idea
seldju,helped
terdju,helped to do
selsigja,cigar material
tersigja,cigar maker
selsilka,silk source 
selsilna,salt source 
tersilna,salt composition
selmlu,apparent property
termlu,apparently observe
velmlu,seeming conditions
selsmi,resembled by
tersmi,similarity property
selsi'u,done mutually
selsince,snake species
selsi'a,esteemed
selsinso,arcsine
selsni,symbolized
tersni,observe sign
selsirji,straight start 
tersirji,end of straight
selsirxo,Syrian aspect
selsisku,property sought
tersisku,set sought in
selsti,stopped
selsitna,cited
tersitna,cited information
selsivni,keep private
selskaci,skirt material
selskami,computer purpose 
selskapi,has pelt
selska,color of
terska,perceive color
velska,color conditions
selski,described
terski,described to
velski,description
selskiji,skiing surface
terskiji,skier
selskina,film subject
terskina,filmmaker
velskina,cinema audience
selsko,cord material
selko'o,Scottish aspect
selku'o,grooved
selsau,finds familiar
tersau,familiar feature
velsau,familiarity standard
selslaka,syllable language 
selslami,acid composition
selslanu,cylinder material
selslari,find sour
selslasi,plastic monomer
selsligu,solid composition
tersligu,solidity conditions
selsli,oscillation frequency
tersli,oscillation state
selylo'o,Slavic aspect
selslu,controled by muscle
terslu,muscular
selsluni,onion species
selsmacu,mouse species
selsmadi,guessed
tersmadi,guess subject 
selsma,find quiet
tersma,quietness standard
selsmani,monkey species
selsmo,sock material
selsmuci,done with spoon
tersmuci,spoon material
selsmu,has meaning
tersmu,perceive meaning
selsnada,achievement
tersnada,means to success
selsnanu,has to the south
tersnanu,frame for south
selsnidu,duration [in seconds]
tersnidu,second standard
selsnipa,stuck
selsnuji,sandwiched
tersnuji,sandwich outside
selnu'a,secured against
selsnuti,not intend
selso'e,soya species
selsodna,alkali type metal
selsodva,soda flavor
selsofto,Soviet aspect
selsolri,planet with sun
tersolri,inhabitant under sun
selso'o,sown
terso'o,sown in
selsoi,soldier's army
selsro,stored
tersro,storehouse
selsorgu,sorghum species
selso'a,ovulate
selspaji,surprised
selspali,polished surface
terspali,polishing material
velspali,polishing tool
selspano,Spanish aspect
selspa,plant species
selspe,married to
terspe,
selspi,has piece
selspita,hospital patient
terspita,medical condition
selpo'u,inoperative function
selpo'a,explosion result
selspu,stimulus
terspu,response
selpu'u,spat out
terpu'u,spat from
velpu'u,spat to
selsraji,frame for verticality
selsraku,scratched
selsralo,Australian aspect
selra'a,pertained to
selsrasu,grass species
selsre,mistake
tersre,error conditions
velsre,error standard
selsrito,Sanskrit aspect
selru'a,assumed
teryru'a,assumption subject
selsru,surrounded
tersru,direction surrounded
selstace,receive honesty
terstace,honesty subject 
selstagi,plant edible part 
terstagi,edible plant
selstaku,make ceramic
terstaku,ceramic composition
velstaku,ceramic form
selsta,remained at
selstani,has stalk
selstapa,surface stepped on
terstapa,stepping limb
selstasu,soup ingredient
selstati,done with talent
selsteba,object of frustration
selte'i,special subset
terte'i,set with specific
selstedu,has head
selstela,locked
terstela,lock mechanism
selte'o,quantity in steradians
terte'o,steradian standard
selstici,has to the west
terstici,frame for west
selti'i,suggestion
terti'i,receive suggestion
selstika,adjusted
terstika,adjustment amount
selsto,constant property
tersto,constancy conditions
selstuna,has to the east
terstuna,frame for east
selsu'a,structured
selstu,sited
selsucta,abstract source 
tersucta,abstraction rules
selsudga,liquid dried
selsfu,hoofed
selsuksa,sudden change locus
tersuksa,with sudden change
selsumji,1st summand
tersumji,2nd summand
selsumne,smelly
selsu'i,predicate with argument
tersu'i,argument place
selsunga,garlic species
selsunla,woolly animal
selsurla,recreation
selsutra,done fast
seltadji,done by method
tertadji,method conditions
seltadni,studied
seltagji,has snugly
tertagji,snugness dimension
veltagji,snugness locus 
seltalsa,challenged
tertalsa,challenge property
seltamca,tomato species
seltamji,limb with thumb
tertamji,has thumb
seltamne,has cousin
tertamne,cousin bond
selta'o,board material
seltance,has tongue
seltanjo,arctangent
seltanko,tobacco species
seltau,phrase modifier
tertau,phrase modificand
veltau,phrase meaning
xeltau,phrase language 
seltansi,pan contents
tertansi,pan material
selta'e,box contents
terta'e,box material
seltapla,tile material
tertapla,
veltapla,
seltarbi,embryo mother
tertarbi,embryo father 
seltarci,star properties
seltarla,tar source
seltai,shaped
seltra,behavior
tertra,behavior conditions
seltaske,object of thirst
selta'i,tiring
seltatru,has breast
selta'a,talked to
terta'a,talk subject
velta'a,talk language
selta'u,wears garment
terta'u,garment purpose
seltcaci,acccustomed
tertcaci,custom conditions
seltca,city extent
tertca,polity with city
veltca,city hinterland 
seltcana,system with station
seltcati,tea leaves
seltcena,extent
tertcena,stretch dimension
veltcena,unstretched range
seltcica,deceived
tertcica,deception subject 
seltcidu,readable
tertcidu,read from
seltcika,timed at
tertcika,day of time
veltcika,time location 
seltcila,detailed
selti'a,weather location
seltcini,in situation
seltcita,labeled
tertcita,label information
seltei,start time
tertei,end time
seltenfa,exponential base
tertenfa,exponent
selte'u,textured
selterdi,planet inhabitant
selte'a,feared
selterto,quantity in 1E12's
terterto,1E12's dimension
seltigni,performance
tertigni,performance audience
seltikpa,kicked
tertikpa,kicked locus
veltikpa,
seltilju,heaviness standard
seltinbe,obeyed
tertinbe,commander obeyed
seltinsa,stiffness direction
tertinsa,meeting stiffness
veltinsa,stiffness conditions
seltirna,heard
tertirna,ambient background
seltirxu,tiger species
tertirxu,tiger markings
seltisna,filled
seltitla,find sweet
seltivni,television program
tertivni,television channel
veltivni,television receiver
seltoknu,cooked in oven
seltoldi,butterfly species
selto'a,pitch
terto'a,tone source
selto'u,shortness dimension
terto'u,shortness standard
selto'i,torque､ twisting force
selrai,superlative property
teryrai,which extreme
velrai,range limited by extreme
seltrati,tautness direction
selre'e,train car
teryre'e,train system
velre'e,
seltricu,tree species
seltri,attracted
tertri,attracting property
selti'e,in front
terti'e,frame for behind
seltoi,attempted
tertoi,trying method 
seltsa,strength property
tertsa,strength standard
seltsani,with sky
seltsapi,seasoning effect
seltsi,organism with seed
tertsi,seed offspring 
seltsina,has stage
tertsina,on stage
veltsina,stage material
seltu'u,tube material
tertu'u,tube filling
seltu'i,agreed with
tertu'i,agreement
veltu'i,agreed about
seltujli,tulip species
seltu'a,land location 
seltunba,has sibling
tertunba,sibling bond
seltunta,poked
seltu'e,has leg
seltru,governed
seltci,done with tool
seltutra,controls territory
selvacri,planet with air
tervacri,air composition
selvai,finds important
tervai,reason for importance
selvla,word meaning 
tervla,word language 
selva'i,valued
terva'i,valued by
velva'i,valued for
selvamtu,vomited
selvanbi,has environment
selvanci,day of evening
tervanci,evening location
selvanju,wine fruit
selvau,contents
selva'u,breathed
selve'u,goods
terve'u,buyer
velve'u,sale cost
selvenfu,revenged against
tervenfu,revenged for
velvenfu,revenged by
selvensa,year of spring
tervensa,spring location
selve'a,child's age
terve'a,child standard
selvibna,has vagina
selvidni,video function
selvidru,virus property
tervidru,virus locus
selvi'i,excreted
tervi'i,excreted from
velvi'i,excretion means
selviknu,viscosity conditions
selvi'u,removed
tervi'u,removed from
velvi'u,remainder
selvindu,finds poisonous
selvinji,plane cargo
tervinji,plane propelling method
selvipsi,matter deputed
tervipsi,boss
selvri,brave activity
tervri,brave standard
selvi'a,seen
tervi'a,seeing conditions
selvitci,irregularity
selvi'e,has guest
tervi'e,guest place
selvi'o,permanence property
tervi'o,permanence standard
selvlagi,has vulva
selvlina,1st alternative
tervlina,2nd alternative
selvli,within the power of
tervli,power conditions
selvoi,flight means 
selvo'a,has voice
selvro,accessible
tervro,accessible
velvro,structure with door
selvra,function with lever
tervra,lever fulcrum
velvra,lever arm
selvei,recorded
tervei,recording medium
velvei,
selvre,reclined on
selvrici,varied property
selvu'e,virtue standard
selvu'i,flavored
selvu'o,Ukrainian aspect
selxa'u,habitat
selxadba,halved
terxadba,halfness standard
selxadni,has body
selxagji,object of hunger
selxagri,reed
selxajmi,finds funny
terxajmi,funniness property
selxaksu,used up
selxalbo,object of levity
selxalka,alcohol type 
terxalka,alcohol source 
selxalni,object of panic
selxau,find good
terxau,goodness standard
selxa'o,current in amperes
terxa'o,ampere standard
selxamsi,planet with sea
terxamsi,sea fluid
selxa'e,has hand
selxanka,object of nervousness
terxanka,nervousness condition
selxanri,imagine
selxanto,elephant species
selxa'i,threatened by weapon
terxa'i,use weapon
selxarju,pig species
selxarnu,object of stubbornness
terxarnu,
selxasli,donkey species
selxasne,body sweating
terxasne,sweat gland
selxa'a,letter addressee
terxa'a,letter author
velxa'a,letter content
selxatsi,quantity in 1E-18's
terxatsi,1E-18's dimension
selzdo,Asiatic aspect
selxei,hated
selbro,Hebrew aspect
selcto,quantity in 100's
tercto,100's dimension
selxe'a,has jaw
selxelso,Greek aspect
selxe'o,object of kindness
terxe'o,kind behavior
selxe'u,regrettable
selxexso,quantity in 1E18's
terxexso,1E18's dimension
selxindo,Hindi aspect
selxinmo,ink color
terxinmo,pen using ink
selxi'a,horse species
selxi'u,wheeled vehicle
terxi'u,wheel properties
selxispo,Hispanic aspect
selxla,find bad
terxla,badness standard
selxlu,influenced
terxlu,influenced action
velxlu,influence
selxoi,hotel location 
terxoi,innkeeper
selxrabo,Arabic aspect
selxai,injured
terxai,injury property
velxai,injury
selxi'o,Christian aspect
selxruba,buckwheat species
selxruki,turkey species
selxrula,flowering plant
selxru,returned
terxru,state returned to
velxru,state returned from
selxu'i,kind of chemical
terxu'i,chemical purity
selxu'o,Urdi aspect
selxu'a,asserted
selza'a,favored
terza'a,favor
selzajba,gymnastic feat
selzalvi,pulverized
terzalvi,ground powder
selzau,approved
selzai,wares
terzai,marketeer
selza'u,has buttock
selzasni,transience property
terzasni,transience standard
selza'i,hold as existent
terza'i,existence epistemology
selzbabu,soap source 
terzbabu,soap composition
selzbani,coast with bay
selzba,made
terzba,made from
selzbe,has pedestal
terzbe,pedestal material
selzda,inhabit
selzdi,amused
terzdi,amusing property
selzei,hold as crime
selze'a,increase property
terze'a,increase amount
selzepti,quantity in 1E-21's
terzepti,1E-21's dimension
selzetro,quantity in 1E21's
terzetro,1E21's dimension
selzga,observed
terzga,observing sense
velzga,observing conditions
selzgi,produce music
selzi'e,freedom
terzi'e,freedom conditions
selvle,resources invested
tervle,investment
velvle,investment return
selmau,exceeded
termau,moreness property
velmau,moreness margin
selzmi,automatic function
terzmi,automaticity condition
selzu'o,
selzu'e,action
terzu'e,action goal 
selzmu,maize species
selzungi,object of guilt
selzunle,has to the left
terzunle,frame for left
selzu'i,hindered
terzu'i,interfering quality
seltse,sat on
selzva,location attended