rafsi_or_cmavo	rafsi_or_cmavo_shape	rafsi_or_cmavo_len	gismu	gismu_shape	as_rafsi_ini	as_rafsi_med	as_rafsi_fin	as_rafsi	as_gismu	as_cmavo	gismu:1	gismu_total_freq	percentage_ini	percentage_med	percentage_fin	rafsi_or_cmavo:1	gismu:2	form_total_freq	percentage_form	rafsi_or_cmavo:2	gismu:3	gismu_pos	form_type	gismu:4	theme_code	meaning	def
ba'u	CAA	3	bacru	CACCA	99	38	204	341	0	0	bacru	1470.0	29.0	11.1	59.8	ba'u	bacru	341	23.2	ba'u	bacru	1 2 5	rafsi/cmavo	bacru	9.3.4	(utter)	x1 utters verbally/says/phonates/speaks [vocally makes sound] x2.
bacru	CACCA	5	bacru	CACCA	0	0	0	0	1129	0	bacru	1470.0	29.0	11.1	59.8	bacru	bacru	1129	76.8	bacru	bacru		?	bacru	9.3.4	(utter)	x1 utters verbally/says/phonates/speaks [vocally makes sound] x2.
badna	CACCA	5	badna	CACCA	0	0	1	1	21	0	badna	22.0	0.0	0.0	100.0	badna	badna	22	100.0	badna	badna		?	badna	9.1.3	(banana)	x1 is a banana/plantain [fruit/plant] of species/breed x2.
badr	CACC	4	badri	CACCA	0	0	0	0	0	0	badri	75.0	46.7	8.0	45.3	badr	badri	0	0.0	badr	badri		?	badri	10.1	(sad)	x1 is sad/depressed/dejected/[unhappy/feels sorrow/grief] about x2 (abstraction).
dri	CCA	3	badri	CACCA	35	6	34	75	0	0	badri	75.0	46.7	8.0	45.3	dri	badri	75	100.0	dri	badri	3 4 5	rafsi	badri	10.1	(sad)	x1 is sad/depressed/dejected/[unhappy/feels sorrow/grief] about x2 (abstraction).
baj	CAC	3	bajra	CACCA	76	32	0	108	0	0	bajra	662.0	70.4	29.6	0.0	baj	bajra	108	16.3	baj	bajra	1 25 3	rafsi	bajra	6.1.2	(run)	x1 runs on surface x2 using limbs x3 with gait x4.
bajr	CACC	4	bajra	CACCA	0	0	0	0	0	0	bajra	662.0	70.4	29.6	0.0	bajr	bajra	0	0.0	bajr	bajra		?	bajra	6.1.2	(run)	x1 runs on surface x2 using limbs x3 with gait x4.
bajra	CACCA	5	bajra	CACCA	3	0	27	30	524	0	bajra	662.0	70.4	29.6	0.0	bajra	bajra	554	83.7	bajra	bajra		?	bajra	6.1.2	(run)	x1 runs on surface x2 using limbs x3 with gait x4.
bakfu	CACCA	5	bakfu	CACCA	0	0	6	6	49	0	bakfu	55.0	0.0	0.0	100.0	bakfu	bakfu	55	100.0	bakfu	bakfu		?	bakfu	3.5.5	(bundle ‘pack’)	x1 is a bundle/package/cluster/clump/pack [shape/form] containing x2, held together by x3.
bak	CAC	3	bakni	CACCA	22	4	0	26	0	0	bakni	130.0	84.6	15.4	0.0	bak	bakni	26	20.0	bak	bakni	1 2 3	rafsi	bakni	9.2.2	(bovine ‘ox’)	x1 is a cow/cattle/kine/ox/[bull/steer/calf] [beef-producer/bovine] of species/breed x2.
bakn	CACC	4	bakni	CACCA	0	0	0	0	0	0	bakni	130.0	84.6	15.4	0.0	bakn	bakni	0	0.0	bakn	bakni		?	bakni	9.2.2	(bovine ‘ox’)	x1 is a cow/cattle/kine/ox/[bull/steer/calf] [beef-producer/bovine] of species/breed x2.
bakni	CACCA	5	bakni	CACCA	0	0	9	9	95	0	bakni	130.0	84.6	15.4	0.0	bakni	bakni	104	80.0	bakni	bakni		?	bakni	9.2.2	(bovine ‘ox’)	x1 is a cow/cattle/kine/ox/[bull/steer/calf] [beef-producer/bovine] of species/breed x2.
bakr	CACC	4	bakri	CACCA	1	0	0	1	0	0	bakri	15.0	0.0	0.0	100.0	bakr	bakri	1	6.7	bakr	bakri		?	bakri	8.2.3	(chalk)	x1 is a quantity of/contains/is made of chalk from source x2 in form x3.
bakri	CACCA	5	bakri	CACCA	0	0	2	2	12	0	bakri	15.0	0.0	0.0	100.0	bakri	bakri	14	93.3	bakri	bakri		?	bakri	8.2.3	(chalk)	x1 is a quantity of/contains/is made of chalk from source x2 in form x3.
bakt	CACC	4	baktu	CACCA	2	0	0	2	0	0	baktu	16.0	0.0	0.0	100.0	bakt	baktu	2	12.5	bakt	baktu		?	baktu	13.3.2	(bucket)	x1 is a bucket/pail/can/deep, solid, wide-topped container of contents x2, made of material x3.
baktu	CACCA	5	baktu	CACCA	0	0	4	4	10	0	baktu	16.0	0.0	0.0	100.0	baktu	baktu	14	87.5	baktu	baktu		?	baktu	13.3.2	(bucket)	x1 is a bucket/pail/can/deep, solid, wide-topped container of contents x2, made of material x3.
balji	CACCA	5	balji	CACCA	0	0	1	1	7	0	balji	8.0	0.0	0.0	100.0	balji	balji	8	100.0	balji	balji		?	balji	9.1.1	(bulb ‘bulge’)	x1 is a bulb [body-part] of plant/species x2; [metaphor: rounded, bulgy].
balni	CACCA	5	balni	CACCA	0	0	1	1	46	0	balni	47.0	0.0	0.0	100.0	balni	balni	47	100.0	balni	balni		?	balni	13.6	(balcony)	x1 is a balcony/overhang/ledge/shelf of building/structure x2.
ba'e	CAA	3	balre	CACCA	0	1	36	37	0	0	balre	37.0	0.0	2.7	97.3	ba'e	balre	37	100.0	ba'e	balre	1 2 5	rafsi/cmavo	balre	13.3.1	(blade)	x1 is a blade of tool/weapon x2.
ba	CA	2	balvi	CACCA				0	0	3112	balvi	3985.0	88.2	11.8	0.0	ba	balvi	3112	78.1	ba	balvi		cmavo	balvi	4	(future ‘later’)	x1 is in the future of/later than/after x2 in time sequence; x1 is latter; x2 is former.
ba'a	CAA	3	balvi	CACCA				0	0	161	balvi	3985.0	88.2	11.8	0.0	ba'a	balvi	161	4.0	ba'a	balvi	1 2 2	cmavo	balvi	4	(future ‘later’)	x1 is in the future of/later than/after x2 in time sequence; x1 is latter; x2 is former.
balv	CACC	4	balvi	CACCA	0	0	0	0	0	0	balvi	3985.0	88.2	11.8	0.0	balv	balvi	0	0.0	balv	balvi		?	balvi	4	(future ‘later’)	x1 is in the future of/later than/after x2 in time sequence; x1 is latter; x2 is former.
balvi	CACCA	5	balvi	CACCA	0	0	25	25	280	0	balvi	3985.0	88.2	11.8	0.0	balvi	balvi	305	7.7	balvi	balvi		?	balvi	4	(future ‘later’)	x1 is in the future of/later than/after x2 in time sequence; x1 is latter; x2 is former.
bav	CAC	3	balvi	CACCA	359	48	0	407	0	0	balvi	3985.0	88.2	11.8	0.0	bav	balvi	407	10.2	bav	balvi	1 2 4	rafsi	balvi	4	(future ‘later’)	x1 is in the future of/later than/after x2 in time sequence; x1 is latter; x2 is former.
bac	CAC	3	bancu	CACCA	40	8	0	48	0	0	bancu	209.0	83.3	16.7	0.0	bac	bancu	48	23.0	bac	bancu	1 2 4	rafsi	bancu	1.4	(beyond)	x1 exceeds/is beyond limit/boundary x2 from x3 in property/amount x4 (ka/ni).
banc	CACC	4	bancu	CACCA	0	0	0	0	0	0	bancu	209.0	83.3	16.7	0.0	banc	bancu	0	0.0	banc	bancu		?	bancu	1.4	(beyond)	x1 exceeds/is beyond limit/boundary x2 from x3 in property/amount x4 (ka/ni).
bancu	CACCA	5	bancu	CACCA	0	0	13	13	148	0	bancu	209.0	83.3	16.7	0.0	bancu	bancu	161	77.0	bancu	bancu		?	bancu	1.4	(beyond)	x1 exceeds/is beyond limit/boundary x2 from x3 in property/amount x4 (ka/ni).
bad	CAC	3	bandu	CACCA	119	13	0	132	0	0	bandu	280.0	90.2	9.8	0.0	bad	bandu	132	47.1	bad	bandu	1 2 4	rafsi	bandu	10.3	(defend)	x1 (event) defends/protects x2 (object/state) from threat/peril/potential x3 (event).
bandu	CACCA	5	bandu	CACCA	3	0	21	24	124	0	bandu	280.0	90.2	9.8	0.0	bandu	bandu	148	52.9	bandu	bandu		?	bandu	10.3	(defend)	x1 (event) defends/protects x2 (object/state) from threat/peril/potential x3 (event).
banfi	CACCA	5	banfi	CACCA	0	0	32	32	26	0	banfi	58.0	0.0	0.0	100.0	banfi	banfi	58	100.0	banfi	banfi		?	banfi	9.2.1	(amphibian)	x1 is an amphibian of species/breed x2.
ban	CAC	3	bangu	CACCA	73	0	0	73	0	0	bangu	3500.0	11.5	7.3	81.2	ban	bangu	73	2.1	ban	bangu	1 2 3	rafsi	bangu	2.1	(language)	x1 is a/the language/dialect used by x2 to express/communicate x3 (si'o/du'u, not quote).
bang	CACC	4	bangu	CACCA	0	0	0	0	0	0	bangu	3500.0	11.5	7.3	81.2	bang	bangu	0	0.0	bang	bangu		?	bangu	2.1	(language)	x1 is a/the language/dialect used by x2 to express/communicate x3 (si'o/du'u, not quote).
bangu	CACCA	5	bangu	CACCA	0	0	2	2	1155	0	bangu	3500.0	11.5	7.3	81.2	bangu	bangu	1157	33.1	bangu	bangu		?	bangu	2.1	(language)	x1 is a/the language/dialect used by x2 to express/communicate x3 (si'o/du'u, not quote).
bau	CAA	3	bangu	CACCA	128	81	903	1112	0	1158	bangu	3500.0	11.5	7.3	81.2	bau	bangu	2270	64.9	bau	bangu	1 2 5	rafsi/cmavo	bangu	2.1	(language)	x1 is a/the language/dialect used by x2 to express/communicate x3 (si'o/du'u, not quote).
ba'i	CAA	3	banli	CACCA	0	2	60	62	0	0	banli	632.0	95.8	4.2	0.0	ba'i	banli	62	9.8	ba'i	banli	1 2 5	rafsi/cmavo	banli	10.3	(great ‘grand’)	x1 is great/grand in property x2 (ka) by standard x3.
ba'u	CAA	3	banli	CACCA				0	0	59	banli	632.0	95.8	4.2	0.0	ba'u	banli	59	9.3	ba'u	banli	1 2 	cmavo	banli	10.3	(great ‘grand’)	x1 is great/grand in property x2 (ka) by standard x3.
bal	CAC	3	banli	CACCA	138	6	0	144	0	0	banli	632.0	95.8	4.2	0.0	bal	banli	144	22.8	bal	banli	1 2 4	rafsi	banli	10.3	(great ‘grand’)	x1 is great/grand in property x2 (ka) by standard x3.
banl	CACC	4	banli	CACCA	0	0	0	0	0	0	banli	632.0	95.8	4.2	0.0	banl	banli	0	0.0	banl	banli		?	banli	10.3	(great ‘grand’)	x1 is great/grand in property x2 (ka) by standard x3.
banli	CACCA	5	banli	CACCA	0	0	0	0	367	0	banli	632.0	95.8	4.2	0.0	banli	banli	367	58.1	banli	banli		?	banli	10.3	(great ‘grand’)	x1 is great/grand in property x2 (ka) by standard x3.
ba'o	CAA	3	banro	CACCA	7	12	28	47	0	0	banro	147.0	14.9	25.5	59.6	ba'o	banro	47	32.0	ba'o	banro	1 2 5	rafsi/cmavo	banro	1.5	(grow)	x1 grows/expands [an increasing development] to size/into form x2 from x3.
banr	CACC	4	banro	CACCA	0	0	0	0	0	0	banro	147.0	14.9	25.5	59.6	banr	banro	0	0.0	banr	banro		?	banro	1.5	(grow)	x1 grows/expands [an increasing development] to size/into form x2 from x3.
banro	CACCA	5	banro	CACCA	0	0	0	0	100	0	banro	147.0	14.9	25.5	59.6	banro	banro	100	68.0	banro	banro		?	banro	1.5	(grow)	x1 grows/expands [an increasing development] to size/into form x2 from x3.
banx	CACC	4	banxa	CACCA	0	0	0	0	0	0	banxa	30.0	100.0	0.0	0.0	banx	banxa	0	0.0	banx	banxa		?	banxa	11.3.2	(bank)	x1 is a bank owned by/in banking system x2 for banking function(s) x3 (event).
banxa	CACCA	5	banxa	CACCA	0	0	2	2	22	0	banxa	30.0	100.0	0.0	0.0	banxa	banxa	24	80.0	banxa	banxa		?	banxa	11.3.2	(bank)	x1 is a bank owned by/in banking system x2 for banking function(s) x3 (event).
bax	CAC	3	banxa	CACCA	6	0	0	6	0	0	banxa	30.0	100.0	0.0	0.0	bax	banxa	6	20.0	bax	banxa	1 25 4	rafsi	banxa	11.3.2	(bank)	x1 is a bank owned by/in banking system x2 for banking function(s) x3 (event).
banzu	CACCA	5	banzu	CACCA	0	0	31	31	584	0	banzu	625.0	0.0	0.0	100.0	banzu	banzu	615	98.4	banzu	banzu		?	banzu	1.5	(suffice)	x1 (object) suffices/is enough/sufficient for purpose x2 under conditions x3.
baz	CAC	3	banzu	CACCA	10	0	0	10	0	0	banzu	625.0	0.0	0.0	100.0	baz	banzu	10	1.6	baz	banzu	1 2 4	rafsi	banzu	1.5	(suffice)	x1 (object) suffices/is enough/sufficient for purpose x2 under conditions x3.
bai	CAA	3	bapli	CACCA	17	4	84	105	0	1420	bapli	1536.0	16.2	3.8	80.0	bai	bapli	1525	99.3	bai	bapli	1 2 5	rafsi/cmavo	bapli	5	(force ‘compel’)	x1 [force] (ka) forces/compels event x2 to occur; x1 determines property x2 to manifest.
bap	CAC	3	bapli	CACCA	11	0	0	11	0	0	bapli	1536.0	16.2	3.8	80.0	bap	bapli	11	0.7	bap	bapli	1 2 3	rafsi	bapli	5	(force ‘compel’)	x1 [force] (ka) forces/compels event x2 to occur; x1 determines property x2 to manifest.
bapl	CACC	4	bapli	CACCA	0	0	0	0	0	0	bapli	1536.0	16.2	3.8	80.0	bapl	bapli	0	0.0	bapl	bapli		?	bapli	5	(force ‘compel’)	x1 [force] (ka) forces/compels event x2 to occur; x1 determines property x2 to manifest.
bard	CACC	4	barda	CACCA	0	0	0	0	0	0	barda	1339.0	53.0	15.6	31.5	bard	barda	0	0.0	bard	barda		?	barda	1.5	(big ‘large’)	x1 is big/large in property/dimension(s) x2 (ka) as compared with standard/norm x3.
barda	CACCA	5	barda	CACCA	3	0	0	3	751	0	barda	1339.0	53.0	15.6	31.5	barda	barda	754	56.3	barda	barda		?	barda	1.5	(big ‘large’)	x1 is big/large in property/dimension(s) x2 (ka) as compared with standard/norm x3.
bra	CCA	3	barda	CACCA	310	91	184	585	0	0	barda	1339.0	53.0	15.6	31.5	bra	barda	585	43.7	bra	barda	1 3 25	rafsi	barda	1.5	(big ‘large’)	x1 is big/large in property/dimension(s) x2 (ka) as compared with standard/norm x3.
bag	CAC	3	bargu	CACCA	2	0	0	2	0	0	bargu	53.0	0.0	0.0	100.0	bag	bargu	2	3.8	bag	bargu	1 2 4	rafsi	bargu	3.5.5	(arch)	x1 arches/curves over/around x2 and is made of x3; x1 is an arch over/around x2 of material x3.
bargu	CACCA	5	bargu	CACCA	0	0	6	6	45	0	bargu	53.0	0.0	0.0	100.0	bargu	bargu	51	96.2	bargu	bargu		?	bargu	3.5.5	(arch)	x1 arches/curves over/around x2 and is made of x3; x1 is an arch over/around x2 of material x3.
barj	CACC	4	barja	CACCA	46	0	0	46	0	0	barja	656.0	0.0	0.0	100.0	barj	barja	46	7.0	barj	barja		?	barja	11.3.4	(bar)	x1 is a tavern/bar/pub serving x2 to audience/patrons x3.
barja	CACCA	5	barja	CACCA	0	0	378	378	232	0	barja	656.0	0.0	0.0	100.0	barja	barja	610	93.0	barja	barja		?	barja	11.3.4	(bar)	x1 is a tavern/bar/pub serving x2 to audience/patrons x3.
ba'a	CAA	3	barna	CACCA	7	0	9	16	0	0	barna	87.0	43.8	0.0	56.3	ba'a	barna	16	18.4	ba'a	barna	1 25 25	rafsi/cmavo	barna	6.2.2	(mark)	x1(s) is a/are mark(s)/spot(s) on x2 of material x3.
barna	CACCA	5	barna	CACCA	0	0	0	0	71	0	barna	87.0	43.8	0.0	56.3	barna	barna	71	81.6	barna	barna		?	barna	6.2.2	(mark)	x1(s) is a/are mark(s)/spot(s) on x2 of material x3.
bar	CAC	3	bartu	CACCA	159	3	0	162	0	0	bartu	369.0	98.1	1.9	0.0	bar	bartu	162	43.9	bar	bartu	1 2 3	rafsi	bartu	3.1	(out)	x1 is on the outside of x2; x1 is exterior to x2.
bartu	CACCA	5	bartu	CACCA	0	0	26	26	181	0	bartu	369.0	98.1	1.9	0.0	bartu	bartu	207	56.1	bartu	bartu		?	bartu	3.1	(out)	x1 is on the outside of x2; x1 is exterior to x2.
basna	CACCA	5	basna	CACCA	0	0	110	110	111	0	basna	221.0	0.0	0.0	100.0	basna	basna	221	100.0	basna	basna		?	basna	10.3	(emphasize ‘accent’)	x1 emphasizes/accentuates/gives emphasis/stress/accent to x2 by (action) x3.
ba'i	CAA	3	basti	CACCA				0	0	88	basti	529.0	88.4	11.6	0.0	ba'i	basti	88	16.6	ba'i	basti	1 2 5	cmavo	basti	1.1	(replace ‘substitute’)	x1 replaces/substitutes for/instead of x2 in circumstance x3; x1 is a replacement/substitute.
bas	CAC	3	basti	CACCA	38	5	0	43	0	0	basti	529.0	88.4	11.6	0.0	bas	basti	43	8.1	bas	basti	1 2 3	rafsi	basti	1.1	(replace ‘substitute’)	x1 replaces/substitutes for/instead of x2 in circumstance x3; x1 is a replacement/substitute.
bast	CACC	4	basti	CACCA	0	0	0	0	0	0	basti	529.0	88.4	11.6	0.0	bast	basti	0	0.0	bast	basti		?	basti	1.1	(replace ‘substitute’)	x1 replaces/substitutes for/instead of x2 in circumstance x3; x1 is a replacement/substitute.
basti	CACCA	5	basti	CACCA	2	0	20	22	376	0	basti	529.0	88.4	11.6	0.0	basti	basti	398	75.2	basti	basti		?	basti	1.1	(replace ‘substitute’)	x1 replaces/substitutes for/instead of x2 in circumstance x3; x1 is a replacement/substitute.
bat	CAC	3	batci	CACCA	93	0	0	93	0	0	batci	841.0	100.0	0.0	0.0	bat	batci	93	11.1	bat	batci	1 2 3	rafsi	batci	6.2.2	(bite)	x1 bites/pinches x2 on/at specific locus x3 with x4.
batci	CACCA	5	batci	CACCA	1	0	27	28	720	0	batci	841.0	100.0	0.0	0.0	batci	batci	748	88.9	batci	batci		?	batci	6.2.2	(bite)	x1 bites/pinches x2 on/at specific locus x3 with x4.
batk	CACC	4	batke	CACCA	47	2	0	49	0	0	batke	78.0	95.9	4.1	0.0	batk	batke	49	62.8	batk	batke		?	batke	13.4	(button)	x1 is a button/knob/[handle] on/for item x2, with purpose x3, made of material x4.
batke	CACCA	5	batke	CACCA	0	0	4	4	25	0	batke	78.0	95.9	4.1	0.0	batke	batke	29	37.2	batke	batke		?	batke	13.4	(button)	x1 is a button/knob/[handle] on/for item x2, with purpose x3, made of material x4.
bavm	CACC	4	bavmi	CACCA	20	0	0	20	0	0	bavmi	35.0	100.0	0.0	0.0	bavm	bavmi	20	57.1	bavm	bavmi		?	bavmi	9.1.5	(barley)	x1 is a quantity of barley [grain] of species/strain x2.
bavmi	CACCA	5	bavmi	CACCA	0	0	1	1	14	0	bavmi	35.0	100.0	0.0	0.0	bavmi	bavmi	15	42.9	bavmi	bavmi		?	bavmi	9.1.5	(barley)	x1 is a quantity of barley [grain] of species/strain x2.
baxso	CACCA	5	baxso	CACCA	0	0	1	1	11	0	baxso	12.0	0.0	0.0	100.0	baxso	baxso	12	100.0	baxso	baxso		?	baxso	12.3	(Malay-Indonesian ‘Bahasa’)	
beb	CAC	3	bebna	CACCA	11	0	0	11	0	0	bebna	237.0	0.0	0.0	100.0	beb	bebna	11	4.6	beb	bebna	13 2 13	rafsi	bebna	10.3	(foolish ‘boob’)	x1 is foolish/silly in event/action/property [folly] (ka) x2; x1 is a boob.
bebn	CACC	4	bebna	CACCA	0	0	0	0	0	0	bebna	237.0	0.0	0.0	100.0	bebn	bebna	0	0.0	bebn	bebna		?	bebna	10.3	(foolish ‘boob’)	x1 is foolish/silly in event/action/property [folly] (ka) x2; x1 is a boob.
bebna	CACCA	5	bebna	CACCA	0	0	17	17	209	0	bebna	237.0	0.0	0.0	100.0	bebna	bebna	226	95.4	bebna	bebna		?	bebna	10.3	(foolish ‘boob’)	x1 is foolish/silly in event/action/property [folly] (ka) x2; x1 is a boob.
be'o	CAA	3	bemro	CACCA	0	0	1	1	0	0	bemro	3.0	100.0	0.0	0.0	be'o	bemro	1	33.3	be'o	bemro	1 2 5	rafsi/cmavo	bemro	12.2	(North American)	
bem	CAC	3	bemro	CACCA	2	0	0	2	0	0	bemro	3.0	100.0	0.0	0.0	bem	bemro	2	66.7	bem	bemro	1 2 3	rafsi	bemro	12.2	(North American)	
be'e	CAA	3	bende	CACCA	0	0	48	48	0	0	bende	182.0	0.0	0.0	100.0	be'e	bende	48	26.4	be'e	bende	1 25 25	rafsi/cmavo	bende	1.1	(crew ‘band’)	x1 is a crew/team/gang/squad/band of persons x2 directed/led by x3 organized for purpose x4.
bed	CAC	3	bende	CACCA	17	0	0	17	0	0	bende	182.0	0.0	0.0	100.0	bed	bende	17	9.3	bed	bende	1 25 4	rafsi	bende	1.1	(crew ‘band’)	x1 is a crew/team/gang/squad/band of persons x2 directed/led by x3 organized for purpose x4.
bende	CACCA	5	bende	CACCA	0	0	0	0	117	0	bende	182.0	0.0	0.0	100.0	bende	bende	117	64.3	bende	bende		?	bende	1.1	(crew ‘band’)	x1 is a crew/team/gang/squad/band of persons x2 directed/led by x3 organized for purpose x4.
bengo	CACCA	5	bengo	CACCA	0	0	1	1	1	0	bengo	2.0	0.0	0.0	100.0	bengo	bengo	2	100.0	bengo	bengo		?	bengo	12.4	(Bengali)	
be'e	CAA	3	benji	CACCA				0	0	14	benji	781.0	27.7	9.2	63.1	be'e	benji	14	1.8	be'e	benji	1 2 2	cmavo	benji	2.2	(transfer ‘send’)	x1 transfers/sends/transmits x2 to receiver x3 from transmitter/origin x4 via means/medium x5.
be'i	CAA	3	benji	CACCA	36	12	82	130	0	105	benji	781.0	27.7	9.2	63.1	be'i	benji	235	30.1	be'i	benji	1 2 5	rafsi/cmavo	benji	2.2	(transfer ‘send’)	x1 transfers/sends/transmits x2 to receiver x3 from transmitter/origin x4 via means/medium x5.
bej	CAC	3	benji	CACCA	5	0	0	5	0	0	benji	781.0	27.7	9.2	63.1	bej	benji	5	0.6	bej	benji	1 2 4	rafsi	benji	2.2	(transfer ‘send’)	x1 transfers/sends/transmits x2 to receiver x3 from transmitter/origin x4 via means/medium x5.
benji	CACCA	5	benji	CACCA	0	0	2	2	525	0	benji	781.0	27.7	9.2	63.1	benji	benji	527	67.5	benji	benji		?	benji	2.2	(transfer ‘send’)	x1 transfers/sends/transmits x2 to receiver x3 from transmitter/origin x4 via means/medium x5.
be'a	CAA	3	bersa	CACCA	1	0	76	77	0	0	bersa	224.0	1.3	0.0	98.7	be'a	bersa	77	34.4	be'a	bersa	1 2 5	rafsi/cmavo	bersa	11.1	(son)	x1 is a son of mother/father/parents x2 [not necessarily biological].
bersa	CACCA	5	bersa	CACCA	0	0	0	0	139	0	bersa	224.0	1.3	0.0	98.7	bersa	bersa	139	62.1	bersa	bersa		?	bersa	11.1	(son)	x1 is a son of mother/father/parents x2 [not necessarily biological].
bes	CAC	3	bersa	CACCA	7	1	0	8	0	0	bersa	224.0	1.3	0.0	98.7	bes	bersa	8	3.6	bes	bersa	1 2 4	rafsi	bersa	11.1	(son)	x1 is a son of mother/father/parents x2 [not necessarily biological].
be'a	CAA	3	berti	CACCA				0	0	75	berti	300.0	77.6	22.4	0.0	be'a	berti	75	25.0	be'a	berti	1 2 	cmavo	berti	3.1	(north)	x1 is to the north/northern side [right-hand-rule pole] of x2 according to frame of reference x3.
ber	CAC	3	berti	CACCA	38	11	0	49	0	0	berti	300.0	77.6	22.4	0.0	ber	berti	49	16.3	ber	berti	1 2 3	rafsi	berti	3.1	(north)	x1 is to the north/northern side [right-hand-rule pole] of x2 according to frame of reference x3.
bert	CACC	4	berti	CACCA	0	0	0	0	0	0	berti	300.0	77.6	22.4	0.0	bert	berti	0	0.0	bert	berti		?	berti	3.1	(north)	x1 is to the north/northern side [right-hand-rule pole] of x2 according to frame of reference x3.
berti	CACCA	5	berti	CACCA	0	0	8	8	168	0	berti	300.0	77.6	22.4	0.0	berti	berti	176	58.7	berti	berti		?	berti	3.1	(north)	x1 is to the north/northern side [right-hand-rule pole] of x2 according to frame of reference x3.
ben	CAC	3	besna	CACCA	8	0	0	8	0	0	besna	163.0	100.0	0.0	0.0	ben	besna	8	4.9	ben	besna	1 2 4	rafsi	besna	9.2.5	(brain)	x1 is a/the brain [body-part] of x2; [metaphor: intelligence, mental control].
besna	CACCA	5	besna	CACCA	0	0	1	1	154	0	besna	163.0	100.0	0.0	0.0	besna	besna	155	95.1	besna	besna		?	besna	9.2.5	(brain)	x1 is a/the brain [body-part] of x2; [metaphor: intelligence, mental control].
be'u	CAA	3	betfu	CACCA	27	5	1	33	0	0	betfu	131.0	100.0	0.0	0.0	be'u	betfu	33	25.2	be'u	betfu	1 2 5	rafsi/cmavo	betfu	9.2.3	(abdomen ‘belly’)	x1 is a/the abdomen/belly/lower trunk [body-part] of x2; [metaphor: midsection].
bef	CAC	3	betfu	CACCA	98	0	0	98	0	0	betfu	131.0	100.0	0.0	0.0	bef	betfu	98	74.8	bef	betfu	1 2 4	rafsi	betfu	9.2.3	(abdomen ‘belly’)	x1 is a/the abdomen/belly/lower trunk [body-part] of x2; [metaphor: midsection].
betri	CACCA	5	betri	CACCA	0	0	1	1	83	0	betri	84.0	0.0	0.0	100.0	betri	betri	84	100.0	betri	betri		?	betri	10.1	(tragedy ‘tragic’)	x1 is a tragedy/disaster/tragic for x2.
bei	CAA	3	bevri	CACCA	46	22	141	209	0	0	bevri	888.0	22.0	10.5	67.5	bei	bevri	209	23.5	bei	bevri	1 2 5	rafsi/cmavo	bevri	6.2.1	(carry ‘bear’)	x1 carries/hauls/bears/transports cargo x2 to x3 from x4 over path x5; x1 is a carrier/[porter].
bev	CAC	3	bevri	CACCA	1	0	0	1	0	0	bevri	888.0	22.0	10.5	67.5	bev	bevri	1	0.1	bev	bevri	1 2 3	rafsi	bevri	6.2.1	(carry ‘bear’)	x1 carries/hauls/bears/transports cargo x2 to x3 from x4 over path x5; x1 is a carrier/[porter].
bevr	CACC	4	bevri	CACCA	0	0	0	0	0	0	bevri	888.0	22.0	10.5	67.5	bevr	bevri	0	0.0	bevr	bevri		?	bevri	6.2.1	(carry ‘bear’)	x1 carries/hauls/bears/transports cargo x2 to x3 from x4 over path x5; x1 is a carrier/[porter].
bevri	CACCA	5	bevri	CACCA	0	0	0	0	678	0	bevri	888.0	22.0	10.5	67.5	bevri	bevri	678	76.4	bevri	bevri		?	bevri	6.2.1	(carry ‘bear’)	x1 carries/hauls/bears/transports cargo x2 to x3 from x4 over path x5; x1 is a carrier/[porter].
bidju	CACCA	5	bidju	CACCA	0	0	5	5	20	0	bidju	25.0	0.0	0.0	100.0	bidju	bidju	25	100.0	bidju	bidju		?	bidju	3.5.5	(bead)	x1 is a bead/pebble [shape/form] of material x2.
bic	CAC	3	bifce	CACCA	31	0	0	31	0	0	bifce	49.0	100.0	0.0	0.0	bic	bifce	31	63.3	bic	bifce	1 2 4	rafsi	bifce	9.2.2	(bee)	x1 is a bee/wasp/hornet of species/breed x2.
bifc	CACC	4	bifce	CACCA	0	0	0	0	0	0	bifce	49.0	100.0	0.0	0.0	bifc	bifce	0	0.0	bifc	bifce		?	bifce	9.2.2	(bee)	x1 is a bee/wasp/hornet of species/breed x2.
bifce	CACCA	5	bifce	CACCA	0	0	1	1	17	0	bifce	49.0	100.0	0.0	0.0	bifce	bifce	18	36.7	bifce	bifce		?	bifce	9.2.2	(bee)	x1 is a bee/wasp/hornet of species/breed x2.
bik	CAC	3	bikla	CACCA	3	0	0	3	0	0	bikla	3.0	100.0	0.0	0.0	bik	bikla	3	100.0	bik	bikla	1 2 3	rafsi	bikla	6.1.2	(whip ‘beat, lash’)	x1 whips/lashes/snaps [a sudden violent motion].
bikl	CACC	4	bikla	CACCA	0	0	0	0	0	0	bikla	3.0	100.0	0.0	0.0	bikl	bikla	0	0.0	bikl	bikla		?	bikla	6.1.2	(whip ‘beat, lash’)	x1 whips/lashes/snaps [a sudden violent motion].
big	CAC	3	bilga	CACCA	10	5	0	15	0	0	bilga	312.0	66.7	33.3	0.0	big	bilga	15	4.8	big	bilga	1 2 4	rafsi	bilga	10.3	(obliged)	x1 is bound/obliged to/has the duty to do/be x2 in/by standard/agreement x3; x1 must do x2.
bilg	CACC	4	bilga	CACCA	0	0	0	0	0	0	bilga	312.0	66.7	33.3	0.0	bilg	bilga	0	0.0	bilg	bilga		?	bilga	10.3	(obliged)	x1 is bound/obliged to/has the duty to do/be x2 in/by standard/agreement x3; x1 must do x2.
bilga	CACCA	5	bilga	CACCA	0	0	7	7	290	0	bilga	312.0	66.7	33.3	0.0	bilga	bilga	297	95.2	bilga	bilga		?	bilga	10.3	(obliged)	x1 is bound/obliged to/has the duty to do/be x2 in/by standard/agreement x3; x1 must do x2.
bi'a	CAA	3	bilma	CACCA	31	0	37	68	0	0	bilma	187.0	45.6	0.0	54.4	bi'a	bilma	68	36.4	bi'a	bilma	1 2 5	rafsi	bilma	9.3.3	(ill)	x1 is ill/sick/diseased with symptoms x2 from disease x3.
bilm	CACC	4	bilma	CACCA	0	0	0	0	0	0	bilma	187.0	45.6	0.0	54.4	bilm	bilma	0	0.0	bilm	bilma		?	bilma	9.3.3	(ill)	x1 is ill/sick/diseased with symptoms x2 from disease x3.
bilma	CACCA	5	bilma	CACCA	0	0	0	0	119	0	bilma	187.0	45.6	0.0	54.4	bilma	bilma	119	63.6	bilma	bilma		?	bilma	9.3.3	(ill)	x1 is ill/sick/diseased with symptoms x2 from disease x3.
bil	CAC	3	bilni	CACCA	9	0	0	9	0	0	bilni	39.0	100.0	0.0	0.0	bil	bilni	9	23.1	bil	bilni	1 25 3	rafsi	bilni	11.2.3	(military)	x1 is military/regimented/is strongly organized/prepared by system x2 for purpose x3.
bilni	CACCA	5	bilni	CACCA	0	0	4	4	26	0	bilni	39.0	100.0	0.0	0.0	bilni	bilni	30	76.9	bilni	bilni		?	bilni	11.2.3	(military)	x1 is military/regimented/is strongly organized/prepared by system x2 for purpose x3.
bindo	CACCA	5	bindo	CACCA	0	0	1	1	7	0	bindo	8.0	0.0	0.0	100.0	bindo	bindo	8	100.0	bindo	bindo		?	bindo	12.4	(Indonesian)	
binr	CACC	4	binra	CACCA	7	1	0	8	0	0	binra	34.0	87.5	12.5	0.0	binr	binra	8	23.5	binr	binra		?	binra	11.3.4	(insure)	x1 insures/indemnifies x2 (person) against peril x3 (event) providing benefit(s) x4 (event).
binra	CACCA	5	binra	CACCA	0	0	3	3	23	0	binra	34.0	87.5	12.5	0.0	binra	binra	26	76.5	binra	binra		?	binra	11.3.4	(insure)	x1 insures/indemnifies x2 (person) against peril x3 (event) providing benefit(s) x4 (event).
bi'o	CAA	3	binxo	CACCA	1	0	413	414	0	0	binxo	1256.0	0.2	0.0	99.8	bi'o	binxo	414	33.0	bi'o	binxo	1 2 5	rafsi/cmavo	binxo	5	(become)	x1 becomes/changes/converts/transforms into x2 under conditions x3.
binx	CACC	4	binxo	CACCA	0	0	0	0	0	0	binxo	1256.0	0.2	0.0	99.8	binx	binxo	0	0.0	binx	binxo		?	binxo	5	(become)	x1 becomes/changes/converts/transforms into x2 under conditions x3.
binxo	CACCA	5	binxo	CACCA	0	0	18	18	782	0	binxo	1256.0	0.2	0.0	99.8	binxo	binxo	800	63.7	binxo	binxo		?	binxo	5	(become)	x1 becomes/changes/converts/transforms into x2 under conditions x3.
bix	CAC	3	binxo	CACCA	34	8	0	42	0	0	binxo	1256.0	0.2	0.0	99.8	bix	binxo	42	3.3	bix	binxo	1 2 4	rafsi	binxo	5	(become)	x1 becomes/changes/converts/transforms into x2 under conditions x3.
birj	CACC	4	birje	CACCA	20	0	0	20	0	0	birje	116.0	100.0	0.0	0.0	birj	birje	20	17.2	birj	birje		?	birje	13.2.2	(beer)	x1 is made of/contains/is a amount of beer/ale/brew brewed from x2.
birje	CACCA	5	birje	CACCA	0	0	1	1	95	0	birje	116.0	100.0	0.0	0.0	birje	birje	96	82.8	birje	birje		?	birje	13.2.2	(beer)	x1 is made of/contains/is a amount of beer/ale/brew brewed from x2.
bir	CAC	3	birka	CACCA	36	0	0	36	0	0	birka	240.0	100.0	0.0	0.0	bir	birka	36	15.0	bir	birka	1 2 3	rafsi	birka	9.2.3	(arm)	x1 is a/the arm [body-part] of x2; [metaphor: branch with strength].
birk	CACC	4	birka	CACCA	0	0	0	0	0	0	birka	240.0	100.0	0.0	0.0	birk	birka	0	0.0	birk	birka		?	birka	9.2.3	(arm)	x1 is a/the arm [body-part] of x2; [metaphor: branch with strength].
birka	CACCA	5	birka	CACCA	0	0	3	3	201	0	birka	240.0	100.0	0.0	0.0	birka	birka	204	85.0	birka	birka		?	birka	9.2.3	(arm)	x1 is a/the arm [body-part] of x2; [metaphor: branch with strength].
birt	CACC	4	birti	CACCA	0	0	0	0	0	0	birti	481.0	0.0	0.0	100.0	birt	birti	0	0.0	birt	birti		?	birti	2.5	(certain)	x1 is certain/sure/positive/convinced that x2 is true.
birti	CACCA	5	birti	CACCA	0	0	44	44	411	0	birti	481.0	0.0	0.0	100.0	birti	birti	455	94.6	birti	birti		?	birti	2.5	(certain)	x1 is certain/sure/positive/convinced that x2 is true.
bit	CAC	3	birti	CACCA	25	1	0	26	0	0	birti	481.0	0.0	0.0	100.0	bit	birti	26	5.4	bit	birti	1 25 4	rafsi	birti	2.5	(certain)	x1 is certain/sure/positive/convinced that x2 is true.
bis	CAC	3	bisli	CACCA	13	0	0	13	0	0	bisli	71.0	100.0	0.0	0.0	bis	bisli	13	18.3	bis	bisli	1 25 3	rafsi	bisli	8.2.2	(ice)	x1 is a quantity of/is made of/contains ice [frozen crystal] of composition/material x2.
bisli	CACCA	5	bisli	CACCA	0	0	2	2	56	0	bisli	71.0	100.0	0.0	0.0	bisli	bisli	58	81.7	bisli	bisli		?	bisli	8.2.2	(ice)	x1 is a quantity of/is made of/contains ice [frozen crystal] of composition/material x2.
bi'u	CAA	3	bitmu	CACCA	0	0	11	11	0	0	bitmu	33.0	18.2	81.8	0.0	bi'u	bitmu	11	33.3	bi'u	bitmu	1 2 5	rafsi/cmavo	bitmu	13.6	(wall)	x1 is a wall/fence separating x2 and x3 (unordered) of/in structure x4.
bim	CAC	3	bitmu	CACCA	4	18	0	22	0	0	bitmu	33.0	18.2	81.8	0.0	bim	bitmu	22	66.7	bim	bitmu	1 2 4	rafsi	bitmu	13.6	(wall)	x1 is a wall/fence separating x2 and x3 (unordered) of/in structure x4.
blab	CCAC	4	blabi	CCACA	0	2	0	2	0	0	blabi	557.0	100.0	0.0	0.0	blab	blabi	2	0.4	blab	blabi		?	blabi	9.4.2	(white)	x1 is white/very-light colored [color adjective].
blabi	CCACA	5	blabi	CCACA	0	0	21	21	491	0	blabi	557.0	100.0	0.0	0.0	blabi	blabi	512	91.9	blabi	blabi		?	blabi	9.4.2	(white)	x1 is white/very-light colored [color adjective].
lab	CAC	3	blabi	CCACA	43	0	0	43	0	0	blabi	557.0	100.0	0.0	0.0	lab	blabi	43	7.7	lab	blabi	2 3 14	rafsi	blabi	9.4.2	(white)	x1 is white/very-light colored [color adjective].
blac	CCAC	4	blaci	CCACA	4	0	0	4	0	0	blaci	36.0	0.0	0.0	100.0	blac	blaci	4	11.1	blac	blaci		?	blaci	13.2.1	(glass)	x1 is a quantity of/is made of/contains glass of composition including x2.
blaci	CCACA	5	blaci	CCACA	0	0	6	6	26	0	blaci	36.0	0.0	0.0	100.0	blaci	blaci	32	88.9	blaci	blaci		?	blaci	13.2.1	(glass)	x1 is a quantity of/is made of/contains glass of composition including x2.
bla	CCA	3	blanu	CCACA	62	0	19	81	0	0	blanu	1804.0	76.5	0.0	23.5	bla	blanu	81	4.5	bla	blanu	1 2 3	rafsi	blanu	9.4.2	(blue)	x1 is blue [color adjective].
blan	CCAC	4	blanu	CCACA	1	0	0	1	0	0	blanu	1804.0	76.5	0.0	23.5	blan	blanu	1	0.1	blan	blanu		?	blanu	9.4.2	(blue)	x1 is blue [color adjective].
blanu	CCACA	5	blanu	CCACA	0	0	0	0	1722	0	blanu	1804.0	76.5	0.0	23.5	blanu	blanu	1722	95.5	blanu	blanu		?	blanu	9.4.2	(blue)	x1 is blue [color adjective].
bli	CCA	3	bliku	CCACA	20	0	57	77	0	0	bliku	124.0	26.0	0.0	74.0	bli	bliku	77	62.1	bli	bliku	1 2 3	rafsi	bliku	3.5.4	(block)	x1 is a block [3-dimensional shape/form] of material x2, surfaces/sides x3.
bliku	CCACA	5	bliku	CCACA	0	0	0	0	47	0	bliku	124.0	26.0	0.0	74.0	bliku	bliku	47	37.9	bliku	bliku		?	bliku	3.5.4	(block)	x1 is a block [3-dimensional shape/form] of material x2, surfaces/sides x3.
blo	CCA	3	bloti	CCACA	69	9	37	115	0	0	bloti	284.0	60.0	7.8	32.2	blo	bloti	115	40.5	blo	bloti	1 2 3	rafsi	bloti	13.5	(boat)	x1 is a boat/ship/vessel [vehicle] for carrying x2, propelled by x3.
bloti	CCACA	5	bloti	CCACA	0	0	2	2	165	0	bloti	284.0	60.0	7.8	32.2	bloti	bloti	167	58.8	bloti	bloti		?	bloti	13.5	(boat)	x1 is a boat/ship/vessel [vehicle] for carrying x2, propelled by x3.
lo'i	CAA	3	bloti	CCACA	0	0	2	2	0	0	bloti	284.0	60.0	7.8	32.2	lo'i	bloti	2	0.7	lo'i	bloti	2 3 5	rafsi/cmavo	bloti	13.5	(boat)	x1 is a boat/ship/vessel [vehicle] for carrying x2, propelled by x3.
lot	CAC	3	bloti	CCACA	0	0	0	0	0	0	bloti	284.0	60.0	7.8	32.2	lot	bloti	0	0.0	lot	bloti	2 3 4	rafsi	bloti	13.5	(boat)	x1 is a boat/ship/vessel [vehicle] for carrying x2, propelled by x3.
boi	CAA	3	bolci	CACCA	21	30	68	119	0	0	bolci	570.0	17.6	25.2	57.1	boi	bolci	119	20.9	boi	bolci	1 2 5	rafsi/cmavo	bolci	3.5.5	(ball)	x1 is a ball/sphere/orb/globe [shape/form] of material x2; x1 is a spherical object [made of x2].
bol	CAC	3	bolci	CACCA	89	0	0	89	0	0	bolci	570.0	17.6	25.2	57.1	bol	bolci	89	15.6	bol	bolci	1 2 3	rafsi	bolci	3.5.5	(ball)	x1 is a ball/sphere/orb/globe [shape/form] of material x2; x1 is a spherical object [made of x2].
bolci	CACCA	5	bolci	CACCA	0	0	0	0	362	0	bolci	570.0	17.6	25.2	57.1	bolci	bolci	362	63.5	bolci	bolci		?	bolci	3.5.5	(ball)	x1 is a ball/sphere/orb/globe [shape/form] of material x2; x1 is a spherical object [made of x2].
bo'u	CAA	3	bongu	CACCA	0	1	21	22	0	0	bongu	34.0	0.0	4.5	95.5	bo'u	bongu	22	64.7	bo'u	bongu	1 2 5	rafsi	bongu	9.2.5	(bone)	x1 is a/the bone/ivory [body-part], performing function x2 in body of x3; [metaphor: calcium].
bog	CAC	3	bongu	CACCA	12	0	0	12	0	0	bongu	34.0	0.0	4.5	95.5	bog	bongu	12	35.3	bog	bongu	1 2 4	rafsi	bongu	9.2.5	(bone)	x1 is a/the bone/ivory [body-part], performing function x2 in body of x3; [metaphor: calcium].
bo'i	CAA	3	botpi	CACCA	0	0	3	3	0	0	botpi	5.0	0.0	0.0	100.0	bo'i	botpi	3	60.0	bo'i	botpi	1 2 5	rafsi	botpi	13.3.2	(bottle)	x1 is a bottle/jar/urn/flask/closable container for x2, made of material x3 with lid x4.
bot	CAC	3	botpi	CACCA	2	0	0	2	0	0	botpi	5.0	0.0	0.0	100.0	bot	botpi	2	40.0	bot	botpi	1 2 3	rafsi	botpi	13.3.2	(bottle)	x1 is a bottle/jar/urn/flask/closable container for x2, made of material x3 with lid x4.
bo'o	CAA	3	boxfo	CACCA	8	0	16	24	0	0	boxfo	33.0	33.3	0.0	66.7	bo'o	boxfo	24	72.7	bo'o	boxfo	1 25 25	rafsi	boxfo	3.5.5	(sheet ‘foil’)	x1 is a sheet/foil/blanket [2-dimensional shape/form flexible in 3 dimensions] of material x2.
bof	CAC	3	boxfo	CACCA	9	0	0	9	0	0	boxfo	33.0	33.3	0.0	66.7	bof	boxfo	9	27.3	bof	boxfo	1 25 4	rafsi	boxfo	3.5.5	(sheet ‘foil’)	x1 is a sheet/foil/blanket [2-dimensional shape/form flexible in 3 dimensions] of material x2.
bo'a	CAA	3	boxna	CACCA	0	0	6	6	0	0	boxna	27.0	100.0	0.0	0.0	bo'a	boxna	6	22.2	bo'a	boxna	1 2 5	rafsi	boxna	7.2	(wave)	x1 is a wave [periodic pattern] in medium x2, wave-form x3, wave-length x4, frequency x5.
bon	CAC	3	boxna	CACCA	21	0	0	21	0	0	boxna	27.0	100.0	0.0	0.0	bon	boxna	21	77.8	bon	boxna	1 2 4	rafsi	boxna	7.2	(wave)	x1 is a wave [periodic pattern] in medium x2, wave-form x3, wave-length x4, frequency x5.
brad	CCAC	4	bradi	CCACA	3	0	0	3	0	0	bradi	50.0	100.0	0.0	0.0	brad	bradi	3	6.0	brad	bradi		?	bradi	5.3.2	(enemy ‘adversary’)	x1 is an enemy/opponent/adversary/foe of x2 in struggle x3.
bradi	CCACA	5	bradi	CCACA	0	0	2	2	45	0	bradi	50.0	100.0	0.0	0.0	bradi	bradi	47	94.0	bradi	bradi		?	bradi	5.3.2	(enemy ‘adversary’)	x1 is an enemy/opponent/adversary/foe of x2 in struggle x3.
bratu	CCACA	5	bratu	CCACA	0	0	1	1	31	0	bratu	32.0	0.0	0.0	100.0	bratu	bratu	32	100.0	bratu	bratu		?	bratu	8.2.2	(hail)	x1 is hail/sleet/freezing rain/solid precipitation of material/composition including x2.
braz	CCAC	4	brazo	CCACA	0	0	0	0	0	0	brazo	13.0	100.0	0.0	0.0	braz	brazo	0	0.0	braz	brazo		?	brazo	12.4	(Brazilian)	
brazo	CCACA	5	brazo	CCACA	0	0	1	1	3	0	brazo	13.0	100.0	0.0	0.0	brazo	brazo	4	30.8	brazo	brazo		?	brazo	12.4	(Brazilian)	
raz	CAC	3	brazo	CCACA	9	0	0	9	0	0	brazo	13.0	100.0	0.0	0.0	raz	brazo	9	69.2	raz	brazo	2 3 4	rafsi	brazo	12.4	(Brazilian)	
bre	CCA	3	bredi	CCACA	62	1	43	106	0	0	bredi	237.0	58.5	0.9	40.6	bre	bredi	106	44.7	bre	bredi	1 2 3	rafsi	bredi	5.2	(ready)	x1 is ready/prepared for x2 (event).
bred	CCAC	4	bredi	CCACA	0	0	0	0	0	0	bredi	237.0	58.5	0.9	40.6	bred	bredi	0	0.0	bred	bredi		?	bredi	5.2	(ready)	x1 is ready/prepared for x2 (event).
bredi	CCACA	5	bredi	CCACA	0	0	0	0	111	0	bredi	237.0	58.5	0.9	40.6	bredi	bredi	111	46.8	bredi	bredi		?	bredi	5.2	(ready)	x1 is ready/prepared for x2 (event).
re'i	CAA	3	bredi	CCACA				0	0	12	bredi	237.0	58.5	0.9	40.6	re'i	bredi	12	5.1	re'i	bredi	2 3 5	cmavo	bredi	5.2	(ready)	x1 is ready/prepared for x2 (event).
red	CAC	3	bredi	CCACA	8	0	0	8	0	0	bredi	237.0	58.5	0.9	40.6	red	bredi	8	3.4	red	bredi	2 3 4	rafsi	bredi	5.2	(ready)	x1 is ready/prepared for x2 (event).
bri	CCA	3	bridi	CCACA	950	23	4352	5325	0	0	bridi	9362.0	17.8	0.4	81.7	bri	bridi	5325	56.9	bri	bridi	1 2 35	rafsi	bridi	2.5	(predicate)	x1 (text) is a predicate relationship with relation x2 among arguments (sequence/set) x3.
brid	CCAC	4	bridi	CCACA	0	0	0	0	0	0	bridi	9362.0	17.8	0.4	81.7	brid	bridi	0	0.0	brid	bridi		?	bridi	2.5	(predicate)	x1 (text) is a predicate relationship with relation x2 among arguments (sequence/set) x3.
bridi	CCACA	5	bridi	CCACA	0	0	0	0	4037	0	bridi	9362.0	17.8	0.4	81.7	bridi	bridi	4037	43.1	bridi	bridi		?	bridi	2.5	(predicate)	x1 (text) is a predicate relationship with relation x2 among arguments (sequence/set) x3.
bi'e	CAA	3	brife	CCACA	0	0	48	48	0	0	brife	344.0	100.0	0.0	0.0	bi'e	brife	48	14.0	bi'e	brife	1 3 5	rafsi/cmavo	brife	8.2.2	(breeze)	x1 is a breeze/wind/gale from direction x2 with speed x3; x1 blows from x2.
bif	CAC	3	brife	CCACA	89	0	0	89	0	0	brife	344.0	100.0	0.0	0.0	bif	brife	89	25.9	bif	brife	1 3 4	rafsi	brife	8.2.2	(breeze)	x1 is a breeze/wind/gale from direction x2 with speed x3; x1 blows from x2.
brife	CCACA	5	brife	CCACA	0	0	0	0	207	0	brife	344.0	100.0	0.0	0.0	brife	brife	207	60.2	brife	brife		?	brife	8.2.2	(breeze)	x1 is a breeze/wind/gale from direction x2 with speed x3; x1 blows from x2.
bij	CAC	3	briju	CCACA	27	0	0	27	0	0	briju	181.0	100.0	0.0	0.0	bij	briju	27	14.9	bij	briju	1 3 4	rafsi	briju	11.3.4	(office ‘bureau’)	x1 is an office/bureau/work-place of worker x2 at location x3.
brij	CCAC	4	briju	CCACA	0	0	0	0	0	0	briju	181.0	100.0	0.0	0.0	brij	briju	0	0.0	brij	briju		?	briju	11.3.4	(office ‘bureau’)	x1 is an office/bureau/work-place of worker x2 at location x3.
briju	CCACA	5	briju	CCACA	0	0	5	5	149	0	briju	181.0	100.0	0.0	0.0	briju	briju	154	85.1	briju	briju		?	briju	11.3.4	(office ‘bureau’)	x1 is an office/bureau/work-place of worker x2 at location x3.
brito	CCACA	5	brito	CCACA	0	0	1	1	64	0	brito	93.0	92.9	0.0	7.1	brito	brito	65	69.9	brito	brito		?	brito	12.4	(British)	
rit	CAC	3	brito	CCACA	26	0	2	28	0	0	brito	93.0	92.9	0.0	7.1	rit	brito	28	30.1	rit	brito	2 3 4	rafsi	brito	12.4	(British)	
brod	CCAC	4	broda	CCACA	0	8	0	8	0	0	broda	9738.0	61.9	0.0	38.1	brod	broda	8	0.1	brod	broda		?	broda	2.1	(predicate var 1)	
broda	CCACA	5	broda	CCACA	52	0	32	84	9621	0	broda	9738.0	61.9	0.0	38.1	broda	broda	9705	99.7	broda	broda		?	broda	2.1	(predicate var 1)	
rod	CAC	3	broda	CCACA	25	0	0	25	0	0	broda	9738.0	61.9	0.0	38.1	rod	broda	25	0.3	rod	broda	2 3 4	rafsi	broda	2.1	(predicate var 1)	
bo'e	CAA	3	brode	CCACA	0	1	0	1	0	0	brode	1.0	0.0	100.0	0.0	bo'e	brode	1	100.0	bo'e	brode	1 3 5	rafsi	brode	2.1	(predicate var 2)	
brodi	CCACA	5	brodi	CCACA	0	0	4	4	126	0	brodi	130.0	0.0	0.0	100.0	brodi	brodi	130	100.0	brodi	brodi		?	brodi	2.1	(predicate var 3)	
brodo	CCACA	5	brodo	CCACA				0	8	0	brodo	8.0				brodo	brodo	8	100.0	brodo	brodo		?	brodo	2.1	(predicate var 4)	
brodu	CCACA	5	brodu	CCACA				0	43	0	brodu	43.0				brodu	brodu	43	100.0	brodu	brodu		?	brodu	2.1	(predicate var 5)	
bruna	CCACA	5	bruna	CCACA	0	0	3	3	311	0	bruna	338.0	0.0	0.0	100.0	bruna	bruna	314	92.9	bruna	bruna		?	bruna	11.1	(brother)	x1 is brother of/fraternal to x2 by bond/tie/standard/parent(s) x3; [not necess. biological].
bu'a	CAA	3	bruna	CCACA	0	0	21	21	0	0	bruna	338.0	0.0	0.0	100.0	bu'a	bruna	21	6.2	bu'a	bruna	1 3 5	rafsi/cmavo	bruna	11.1	(brother)	x1 is brother of/fraternal to x2 by bond/tie/standard/parent(s) x3; [not necess. biological].
bun	CAC	3	bruna	CCACA	1	2	0	3	0	0	bruna	338.0	0.0	0.0	100.0	bun	bruna	3	0.9	bun	bruna	1 3 4	rafsi	bruna	11.1	(brother)	x1 is brother of/fraternal to x2 by bond/tie/standard/parent(s) x3; [not necess. biological].
bu'o	CAA	3	budjo	CACCA	2	0	7	9	0	0	budjo	38.0	22.2	0.0	77.8	bu'o	budjo	9	23.7	bu'o	budjo	1 2 5	rafsi/cmavo	budjo	12.5.1	(Buddhist)	
budjo	CACCA	5	budjo	CACCA	0	0	0	0	29	0	budjo	38.0	22.2	0.0	77.8	budjo	budjo	29	76.3	budjo	budjo		?	budjo	12.5.1	(Buddhist)	
bu'u	CAA	3	bukpu	CACCA	1	4	61	66	0	0	bukpu	175.0	1.5	6.1	92.4	bu'u	bukpu	66	37.7	bu'u	bukpu	1 25 25	rafsi/cmavo	bukpu	13.2.1	(cloth)	x1 is an amount of cloth/fabric of type/material x2.
buk	CAC	3	bukpu	CACCA	14	7	0	21	0	0	bukpu	175.0	1.5	6.1	92.4	buk	bukpu	21	12.0	buk	bukpu	1 25 3	rafsi	bukpu	13.2.1	(cloth)	x1 is an amount of cloth/fabric of type/material x2.
bukpu	CACCA	5	bukpu	CACCA	0	0	0	0	88	0	bukpu	175.0	1.5	6.1	92.4	bukpu	bukpu	88	50.3	bukpu	bukpu		?	bukpu	13.2.1	(cloth)	x1 is an amount of cloth/fabric of type/material x2.
bumru	CACCA	5	bumru	CACCA	0	0	21	21	49	0	bumru	70.0	0.0	0.0	100.0	bumru	bumru	70	100.0	bumru	bumru		?	bumru	8.2.2	(fog)	x1 is foggy/misty/covered by a fog/mist/vapor of liquid x2.
bunda	CACCA	5	bunda	CACCA	0	0	3	3	36	0	bunda	39.0	0.0	0.0	100.0	bunda	bunda	39	100.0	bunda	bunda		?	bunda	7.4.2	(pound)	x1 is x2 (def. 1) local weight unit(s) [non-metric], standard x3, subunits [e.g. ounces] x4.
bu'e	CAA	3	bunre	CACCA	0	0	17	17	0	0	bunre	183.0	0.0	0.0	100.0	bu'e	bunre	17	9.3	bu'e	bunre	1 2 5	rafsi/cmavo	bunre	9.4.2	(brown)	x1 is brown/tan [color adjective].
bunre	CACCA	5	bunre	CACCA	0	0	0	0	153	0	bunre	183.0	0.0	0.0	100.0	bunre	bunre	153	83.6	bunre	bunre		?	bunre	9.4.2	(brown)	x1 is brown/tan [color adjective].
bur	CAC	3	bunre	CACCA	7	6	0	13	0	0	bunre	183.0	0.0	0.0	100.0	bur	bunre	13	7.1	bur	bunre	1 2 4	rafsi	bunre	9.4.2	(brown)	x1 is brown/tan [color adjective].
bru	CCA	3	burcu	CACCA	73	0	10	83	0	0	burcu	83.0	88.0	0.0	12.0	bru	burcu	83	100.0	bru	burcu	1 3 25	rafsi	burcu	13.3.1	(brush)	x1 is a brush for purpose x2 (event) with bristles x3.
burn	CACC	4	burna	CACCA	12	0	0	12	0	0	burna	72.0	0.0	0.0	100.0	burn	burna	12	16.7	burn	burna		?	burna	10.1	(embarrassed)	x1 is embarrassed/disconcerted/flustered/ill-at-ease about/under conditions x2 (abstraction).
burna	CACCA	5	burna	CACCA	0	0	13	13	47	0	burna	72.0	0.0	0.0	100.0	burna	burna	60	83.3	burna	burna		?	burna	10.1	(embarrassed)	x1 is embarrassed/disconcerted/flustered/ill-at-ease about/under conditions x2 (abstraction).
ca	CA	2	cabna	CACCA				0	0	6219	cabna	6847.0	98.8	1.2	0.0	ca	cabna	6219	90.8	ca	cabna		cmavo	cabna	4	(now)	x1 is current at/in the present of/during/concurrent/simultaneous with x2 in time.
cab	CAC	3	cabna	CACCA	343	4	0	347	0	0	cabna	6847.0	98.8	1.2	0.0	cab	cabna	347	5.1	cab	cabna	1 25 3	rafsi	cabna	4	(now)	x1 is current at/in the present of/during/concurrent/simultaneous with x2 in time.
cabn	CACC	4	cabna	CACCA	0	0	0	0	0	0	cabna	6847.0	98.8	1.2	0.0	cabn	cabna	0	0.0	cabn	cabna		?	cabna	4	(now)	x1 is current at/in the present of/during/concurrent/simultaneous with x2 in time.
cabna	CACCA	5	cabna	CACCA	0	0	10	10	271	0	cabna	6847.0	98.8	1.2	0.0	cabna	cabna	281	4.1	cabna	cabna		?	cabna	4	(now)	x1 is current at/in the present of/during/concurrent/simultaneous with x2 in time.
ca'a	CAA	3	cabra	CACCA	58	4	126	188	0	0	cabra	314.0	30.9	2.1	67.0	ca'a	cabra	188	59.9	ca'a	cabra	1 25 25	rafsi/cmavo	cabra	13.3.3	(apparatus)	x1 is apparatus/mechanism/device/equipment for function x2 controlled/[triggered] by x3 (agent).
cabra	CACCA	5	cabra	CACCA	0	0	0	0	126	0	cabra	314.0	30.9	2.1	67.0	cabra	cabra	126	40.1	cabra	cabra		?	cabra	13.3.3	(apparatus)	x1 is apparatus/mechanism/device/equipment for function x2 controlled/[triggered] by x3 (agent).
cacr	CACC	4	cacra	CACCA	9	0	0	9	0	0	cacra	213.0	0.0	0.0	100.0	cacr	cacra	9	4.2	cacr	cacra		?	cacra	4.3	(hour)	x1 is x2 hours in duration (default is 1 hour) by standard x3.
cacra	CACCA	5	cacra	CACCA	0	0	22	22	182	0	cacra	213.0	0.0	0.0	100.0	cacra	cacra	204	95.8	cacra	cacra		?	cacra	4.3	(hour)	x1 is x2 hours in duration (default is 1 hour) by standard x3.
cadz	CACC	4	cadzu	CACCA	0	0	0	0	0	0	cadzu	661.0	43.2	6.2	50.5	cadz	cadzu	0	0.0	cadz	cadzu		?	cadzu	6.1.2	(walk)	x1 walks/strides/paces on surface x2 using limbs x3.
cadzu	CACCA	5	cadzu	CACCA	0	0	0	0	388	0	cadzu	661.0	43.2	6.2	50.5	cadzu	cadzu	388	58.7	cadzu	cadzu		?	cadzu	6.1.2	(walk)	x1 walks/strides/paces on surface x2 using limbs x3.
dzu	CCA	3	cadzu	CACCA	118	17	138	273	0	0	cadzu	661.0	43.2	6.2	50.5	dzu	cadzu	273	41.3	dzu	cadzu	3 4 5	rafsi	cadzu	6.1.2	(walk)	x1 walks/strides/paces on surface x2 using limbs x3.
caf	CAC	3	cafne	CACCA	13	0	0	13	0	0	cafne	172.0	0.0	0.0	100.0	caf	cafne	13	7.6	caf	cafne	1 2 3	rafsi	cafne	5	(often)	x1 (event) often/frequently/commonly/customarily occurs/recurs by standard x2.
cafne	CACCA	5	cafne	CACCA	0	0	16	16	143	0	cafne	172.0	0.0	0.0	100.0	cafne	cafne	159	92.4	cafne	cafne		?	cafne	5	(often)	x1 (event) often/frequently/commonly/customarily occurs/recurs by standard x2.
cakl	CACC	4	cakla	CACCA	1	0	0	1	0	0	cakla	35.0	0.0	0.0	100.0	cakl	cakla	1	2.9	cakl	cakla		?	cakla	13.2.3	(chocolate)	x1 is made of/contains/is a quantity of chocolate/cocoa.
cakla	CACCA	5	cakla	CACCA	0	0	3	3	31	0	cakla	35.0	0.0	0.0	100.0	cakla	cakla	34	97.1	cakla	cakla		?	cakla	13.2.3	(chocolate)	x1 is made of/contains/is a quantity of chocolate/cocoa.
cak	CAC	3	calku	CACCA	14	16	0	30	0	0	calku	105.0	46.7	53.3	0.0	cak	calku	30	28.6	cak	calku	1 2 4	rafsi	calku	3.5.5	(shell)	x1 is a shell/husk [hard, protective covering] around x2 composed of x3.
calk	CACC	4	calku	CACCA	0	0	0	0	0	0	calku	105.0	46.7	53.3	0.0	calk	calku	0	0.0	calk	calku		?	calku	3.5.5	(shell)	x1 is a shell/husk [hard, protective covering] around x2 composed of x3.
calku	CACCA	5	calku	CACCA	0	0	21	21	54	0	calku	105.0	46.7	53.3	0.0	calku	calku	75	71.4	calku	calku		?	calku	3.5.5	(shell)	x1 is a shell/husk [hard, protective covering] around x2 composed of x3.
canc	CACC	4	canci	CACCA	8	0	0	8	0	0	canci	140.0	0.0	11.4	88.6	canc	canci	8	5.7	canc	canci		?	canci	5	(vanish)	x1 vanishes/disappears from location x2; x1 ceases to be observed at x2 using senses/sensor x3.
canci	CACCA	5	canci	CACCA	0	4	31	35	97	0	canci	140.0	0.0	11.4	88.6	canci	canci	132	94.3	canci	canci		?	canci	5	(vanish)	x1 vanishes/disappears from location x2; x1 ceases to be observed at x2 using senses/sensor x3.
cad	CAC	3	cando	CACCA	32	0	0	32	0	0	cando	104.0	100.0	0.0	0.0	cad	cando	32	30.8	cad	cando	1 2 4	rafsi	cando	6.1.3	(idle)	x1 is idle/at rest/inactive.
cand	CACC	4	cando	CACCA	0	0	0	0	0	0	cando	104.0	100.0	0.0	0.0	cand	cando	0	0.0	cand	cando		?	cando	6.1.3	(idle)	x1 is idle/at rest/inactive.
cando	CACCA	5	cando	CACCA	0	0	16	16	56	0	cando	104.0	100.0	0.0	0.0	cando	cando	72	69.2	cando	cando		?	cando	6.1.3	(idle)	x1 is idle/at rest/inactive.
cag	CAC	3	cange	CACCA	15	0	0	15	0	0	cange	95.0	0.0	0.0	100.0	cag	cange	15	15.8	cag	cange	1 2 4	rafsi	cange	13.1	(farm ‘grange, agrarian’)	x1 is a farm/ranch at x2, farmed by x3, raising/producing x4; (adjective:) x1 is agrarian.
cang	CACC	4	cange	CACCA	0	0	0	0	0	0	cange	95.0	0.0	0.0	100.0	cang	cange	0	0.0	cang	cange		?	cange	13.1	(farm ‘grange, agrarian’)	x1 is a farm/ranch at x2, farmed by x3, raising/producing x4; (adjective:) x1 is agrarian.
cange	CACCA	5	cange	CACCA	0	0	16	16	64	0	cange	95.0	0.0	0.0	100.0	cange	cange	80	84.2	cange	cange		?	cange	13.1	(farm ‘grange, agrarian’)	x1 is a farm/ranch at x2, farmed by x3, raising/producing x4; (adjective:) x1 is agrarian.
caj	CAC	3	canja	CACCA	2	0	2	4	0	0	canja	108.0	20.0	0.0	80.0	caj	canja	4	3.7	caj	canja	1 25 4	rafsi	canja	11.3.3	(exchange)	x1 exchanges/trades/barters commodity x2 for x3 with x4; x1, x4 is a trader/merchant/businessman.
canja	CACCA	5	canja	CACCA	2	0	8	10	94	0	canja	108.0	20.0	0.0	80.0	canja	canja	104	96.3	canja	canja		?	canja	11.3.3	(exchange)	x1 exchanges/trades/barters commodity x2 for x3 with x4; x1, x4 is a trader/merchant/businessman.
ca'o	CAA	3	canko	CACCA	7	0	34	41	0	0	canko	374.0	17.1	0.0	82.9	ca'o	canko	41	11.0	ca'o	canko	1 2 5	rafsi/cmavo	canko	13.6	(window)	x1 is a window/portal/opening [portal] in wall/building/structure x2.
cank	CACC	4	canko	CACCA	0	0	0	0	0	0	canko	374.0	17.1	0.0	82.9	cank	canko	0	0.0	cank	canko		?	canko	13.6	(window)	x1 is a window/portal/opening [portal] in wall/building/structure x2.
canko	CACCA	5	canko	CACCA	0	0	0	0	333	0	canko	374.0	17.1	0.0	82.9	canko	canko	333	89.0	canko	canko		?	canko	13.6	(window)	x1 is a window/portal/opening [portal] in wall/building/structure x2.
ca'u	CAA	3	canlu	CACCA	0	0	26	26	0	0	canlu	86.0	0.0	0.0	100.0	ca'u	canlu	26	30.2	ca'u	canlu	1 2 5	rafsi/cmavo	canlu	3	(space ‘volume’)	x1 is space/volume/region/room [at-least-3-dimensional area] occupied by x2.
cal	CAC	3	canlu	CACCA	7	0	0	7	0	0	canlu	86.0	0.0	0.0	100.0	cal	canlu	7	8.1	cal	canlu	1 2 4	rafsi	canlu	3	(space ‘volume’)	x1 is space/volume/region/room [at-least-3-dimensional area] occupied by x2.
canlu	CACCA	5	canlu	CACCA	0	0	0	0	53	0	canlu	86.0	0.0	0.0	100.0	canlu	canlu	53	61.6	canlu	canlu		?	canlu	3	(space ‘volume’)	x1 is space/volume/region/room [at-least-3-dimensional area] occupied by x2.
cna	CCA	3	canpa	CACCA	3	0	16	19	0	0	canpa	19.0	15.8	0.0	84.2	cna	canpa	19	100.0	cna	canpa	1 3 25	rafsi	canpa	13.3.1	(shovel)	x1 is a shovel/spade [bladed digging implement] for digging x2.
can	CAC	3	canre	CACCA	33	7	0	40	0	0	canre	156.0	82.5	17.5	0.0	can	canre	40	25.6	can	canre	1 2 3	rafsi	canre	8.2.3	(sand)	x1 is a quantity of/contains/is made of sand/grit from source x2 of composition including x3.
canre	CACCA	5	canre	CACCA	0	0	3	3	113	0	canre	156.0	82.5	17.5	0.0	canre	canre	116	74.4	canre	canre		?	canre	8.2.3	(sand)	x1 is a quantity of/contains/is made of sand/grit from source x2 of composition including x3.
cant	CACC	4	canti	CACCA	1	0	0	1	0	0	canti	18.0	0.0	0.0	100.0	cant	canti	1	5.6	cant	canti		?	canti	9.2.5	(gut ‘entrails’)	x1 is a/the gut(s)/entrails/intestines/viscera/innards/digestive system [body-part] of x2.
canti	CACCA	5	canti	CACCA	0	0	2	2	15	0	canti	18.0	0.0	0.0	100.0	canti	canti	17	94.4	canti	canti		?	canti	9.2.5	(gut ‘entrails’)	x1 is a/the gut(s)/entrails/intestines/viscera/innards/digestive system [body-part] of x2.
carce	CACCA	5	carce	CACCA	0	0	15	15	26	0	carce	41.0	0.0	0.0	100.0	carce	carce	41	100.0	carce	carce		?	carce	13.5	(cart)	x1 is a cart/carriage/wagon [wheeled vehicle] for carrying x2, propelled by x3.
cai	CAA	3	carmi	CACCA	99	5	102	206	0	0	carmi	314.0	48.1	2.4	49.5	cai	carmi	206	65.6	cai	carmi	1 2 5	rafsi/cmavo	carmi	9.4	(intense)	x1 is intense/bright/saturated/brilliant in property (ka) x2 as received/measured by observer x3.
cam	CAC	3	carmi	CACCA	106	2	0	108	0	0	carmi	314.0	48.1	2.4	49.5	cam	carmi	108	34.4	cam	carmi	1 2 4	rafsi	carmi	9.4	(intense)	x1 is intense/bright/saturated/brilliant in property (ka) x2 as received/measured by observer x3.
carm	CACC	4	carmi	CACCA	0	0	0	0	0	0	carmi	314.0	48.1	2.4	49.5	carm	carmi	0	0.0	carm	carmi		?	carmi	9.4	(intense)	x1 is intense/bright/saturated/brilliant in property (ka) x2 as received/measured by observer x3.
car	CAC	3	carna	CACCA	38	13	0	51	0	0	carna	190.0	74.5	25.5	0.0	car	carna	51	26.8	car	carna	1 25 3	rafsi	carna	6.1.2	(turn)	x1 turns about vector x2 towards direction x3, turning angular distance / to face point x4
carna	CACCA	5	carna	CACCA	0	0	47	47	92	0	carna	190.0	74.5	25.5	0.0	carna	carna	139	73.2	carna	carna		?	carna	6.1.2	(turn)	x1 turns about vector x2 towards direction x3, turning angular distance / to face point x4
cartu	CACCA	5	cartu	CACCA	0	0	5	5	21	0	cartu	27.0	0.0	0.0	100.0	cartu	cartu	26	96.3	cartu	cartu		?	cartu	2.2	(chart)	x1 is a chart/diagram/map of/about x2 showing formation/data-points x3.
cat	CAC	3	cartu	CACCA	0	1	0	1	0	0	cartu	27.0	0.0	0.0	100.0	cat	cartu	1	3.7	cat	cartu	1 2 4	rafsi	cartu	2.2	(chart)	x1 is a chart/diagram/map of/about x2 showing formation/data-points x3.
carvi	CACCA	5	carvi	CACCA	0	0	15	15	227	0	carvi	256.0	0.0	0.0	100.0	carvi	carvi	242	94.5	carvi	carvi		?	carvi	8.2.2	(rain)	x1 rains/showers/[precipitates] to x2 from x3; x1 is precipitation [not limited to 'rain'].
cav	CAC	3	carvi	CACCA	12	2	0	14	0	0	carvi	256.0	0.0	0.0	100.0	cav	carvi	14	5.5	cav	carvi	1 2 4	rafsi	carvi	8.2.2	(rain)	x1 rains/showers/[precipitates] to x2 from x3; x1 is precipitation [not limited to 'rain'].
casnu	CACCA	5	casnu	CACCA	0	0	0	0	727	0	casnu	942.0	44.7	8.4	47.0	casnu	casnu	727	77.2	casnu	casnu		?	casnu	2.4	(discuss)	x1(s) (mass normally, but 1 individual/jo'u possible) discuss(es)/talk(s) about topic/subject x2.
snu	CCA	3	casnu	CACCA	96	18	101	215	0	0	casnu	942.0	44.7	8.4	47.0	snu	casnu	215	22.8	snu	casnu	3 4 5	rafsi	casnu	2.4	(discuss)	x1(s) (mass normally, but 1 individual/jo'u possible) discuss(es)/talk(s) about topic/subject x2.
ca'e	CAA	3	catke	CACCA	13	1	21	35	0	0	catke	134.0	37.1	2.9	60.0	ca'e	catke	35	26.1	ca'e	catke	1 2 5	rafsi/cmavo	catke	6.2.1	(shove)	x1 [agent] shoves/pushes x2 at locus x3.
catk	CACC	4	catke	CACCA	0	0	0	0	0	0	catke	134.0	37.1	2.9	60.0	catk	catke	0	0.0	catk	catke		?	catke	6.2.1	(shove)	x1 [agent] shoves/pushes x2 at locus x3.
catke	CACCA	5	catke	CACCA	0	0	0	0	99	0	catke	134.0	37.1	2.9	60.0	catke	catke	99	73.9	catke	catke		?	catke	6.2.1	(shove)	x1 [agent] shoves/pushes x2 at locus x3.
catl	CACC	4	catlu	CACCA	0	0	0	0	0	0	catlu	826.0	17.0	3.1	79.8	catl	catlu	0	0.0	catl	catlu		?	catlu	9.4.2	(look)	x1 looks at/examines/views/inspects/regards/watches/gazes at x2.
catlu	CACCA	5	catlu	CACCA	0	0	4	4	599	0	catlu	826.0	17.0	3.1	79.8	catlu	catlu	603	73.0	catlu	catlu		?	catlu	9.4.2	(look)	x1 looks at/examines/views/inspects/regards/watches/gazes at x2.
cta	CCA	3	catlu	CACCA	38	7	178	223	0	0	catlu	826.0	17.0	3.1	79.8	cta	catlu	223	27.0	cta	catlu	1 3 2	rafsi	catlu	9.4.2	(look)	x1 looks at/examines/views/inspects/regards/watches/gazes at x2.
ca'i	CAA	3	catni	CACCA	9	0	40	49	0	74	catni	123.0	18.4	0.0	81.6	ca'i	catni	123	100.0	ca'i	catni	1 2 5	rafsi/cmavo	catni	11.2.1	(authority)	x1 has authority/is an official in/on/over matter/sphere/persons x2 derived on basis x3.
catr	CACC	4	catra	CACCA	67	2	0	69	0	0	catra	453.0	97.1	2.9	0.0	catr	catra	69	15.2	catr	catra		?	catra	9	(kill ‘slaughter’)	x1 (agent) kills/slaughters/murders x2 by action/method x3.
catra	CACCA	5	catra	CACCA	0	0	57	57	327	0	catra	453.0	97.1	2.9	0.0	catra	catra	384	84.8	catra	catra		?	catra	9	(kill ‘slaughter’)	x1 (agent) kills/slaughters/murders x2 by action/method x3.
cax	CAC	3	caxno	CACCA	2	0	0	2	0	0	caxno	14.0	0.0	0.0	100.0	cax	caxno	2	14.3	cax	caxno	1 2 3	rafsi	caxno	3.4	(shallow)	x1 is shallow in extent in direction/property x2 away from reference point x3 by standard x4.
caxno	CACCA	5	caxno	CACCA	0	0	3	3	9	0	caxno	14.0	0.0	0.0	100.0	caxno	caxno	12	85.7	caxno	caxno		?	caxno	3.4	(shallow)	x1 is shallow in extent in direction/property x2 away from reference point x3 by standard x4.
ce'a	CAA	3	cecla	CACCA	4	0	56	60	0	0	cecla	233.0	6.7	0.0	93.3	ce'a	cecla	60	25.8	ce'a	cecla	13 2 5	rafsi/cmavo	cecla	6.2.1	(launcher)	x1 launches/fires/shoots projectile/missile x2, propelled by x3 [propellant/propulsion].
cecla	CACCA	5	cecla	CACCA	0	0	0	0	164	0	cecla	233.0	6.7	0.0	93.3	cecla	cecla	164	70.4	cecla	cecla		?	cecla	6.2.1	(launcher)	x1 launches/fires/shoots projectile/missile x2, propelled by x3 [propellant/propulsion].
cel	CAC	3	cecla	CACCA	9	0	0	9	0	0	cecla	233.0	6.7	0.0	93.3	cel	cecla	9	3.9	cel	cecla	13 2 4	rafsi	cecla	6.2.1	(launcher)	x1 launches/fires/shoots projectile/missile x2, propelled by x3 [propellant/propulsion].
ce'u	CAA	3	cecmu	CACCA	0	0	84	84	0	0	cecmu	404.0	0.0	0.0	100.0	ce'u	cecmu	84	20.8	ce'u	cecmu	13 2 5	rafsi/cmavo	cecmu	9	(community)	x1 is a community/colony of organisms x2.
cecmu	CACCA	5	cecmu	CACCA	0	0	15	15	296	0	cecmu	404.0	0.0	0.0	100.0	cecmu	cecmu	311	77.0	cecmu	cecmu		?	cecmu	9	(community)	x1 is a community/colony of organisms x2.
cem	CAC	3	cecmu	CACCA	7	2	0	9	0	0	cecmu	404.0	0.0	0.0	100.0	cem	cecmu	9	2.2	cem	cecmu	13 2 4	rafsi	cecmu	9	(community)	x1 is a community/colony of organisms x2.
cedr	CACC	4	cedra	CACCA	8	1	0	9	0	0	cedra	94.0	0.0	0.0	100.0	cedr	cedra	9	9.6	cedr	cedra		?	cedra	4.2	(era)	x1 is an era/epoch/age characterized by x2 (event/property/interval/idea).
cedra	CACCA	5	cedra	CACCA	0	0	26	26	59	0	cedra	94.0	0.0	0.0	100.0	cedra	cedra	85	90.4	cedra	cedra		?	cedra	4.2	(era)	x1 is an era/epoch/age characterized by x2 (event/property/interval/idea).
cenb	CACC	4	cenba	CACCA	0	0	0	0	0	0	cenba	82.0	26.8	8.5	64.6	cenb	cenba	0	0.0	cenb	cenba		?	cenba	1.5	(vary)	x1 varies/changes in property/quantity x2 (ka/ni) in amount/degree x3 under conditions x4.
cne	CCA	3	cenba	CACCA	22	7	53	82	0	0	cenba	82.0	26.8	8.5	64.6	cne	cenba	82	100.0	cne	cenba	1 3 2	rafsi	cenba	1.5	(vary)	x1 varies/changes in property/quantity x2 (ka/ni) in amount/degree x3 under conditions x4.
cens	CACC	4	censa	CACCA	0	0	0	0	0	0	censa	190.0	93.3	6.7	0.0	cens	censa	0	0.0	cens	censa		?	censa	12.5	(holy ‘sacred’)	x1 is holy/sacred to person/people/culture/religion/cult/group x2.
censa	CACCA	5	censa	CACCA	0	0	3	3	98	0	censa	190.0	93.3	6.7	0.0	censa	censa	101	53.2	censa	censa		?	censa	12.5	(holy ‘sacred’)	x1 is holy/sacred to person/people/culture/religion/cult/group x2.
ces	CAC	3	censa	CACCA	83	6	0	89	0	0	censa	190.0	93.3	6.7	0.0	ces	censa	89	46.8	ces	censa	1 2 4	rafsi	censa	12.5	(holy ‘sacred’)	x1 is holy/sacred to person/people/culture/religion/cult/group x2.
cen	CAC	3	centi	CACCA	0	4	0	4	0	0	centi	9.0	0.0	100.0	0.0	cen	centi	4	44.4	cen	centi	1 2 3	rafsi	centi	7.4.3	(.01 metric ‘centi’)	
centi	CACCA	5	centi	CACCA	0	0	2	2	3	0	centi	9.0	0.0	100.0	0.0	centi	centi	5	55.6	centi	centi		?	centi	7.4.3	(.01 metric ‘centi’)	
ced	CAC	3	cerda	CACCA	6	0	0	6	0	0	cerda	81.0	0.0	0.0	100.0	ced	cerda	6	7.4	ced	cerda	1 2 4	rafsi	cerda	11.3.1	(heir)	x1 is an heir to/is to inherit x2 (object/quality) from x3 according to rule x4.
cerda	CACCA	5	cerda	CACCA	0	0	7	7	68	0	cerda	81.0	0.0	0.0	100.0	cerda	cerda	75	92.6	cerda	cerda		?	cerda	11.3.1	(heir)	x1 is an heir to/is to inherit x2 (object/quality) from x3 according to rule x4.
cer	CAC	3	cerni	CACCA	24	0	0	24	0	0	cerni	210.0	100.0	0.0	0.0	cer	cerni	24	11.4	cer	cerni	1 2 3	rafsi	cerni	4.1	(morning)	x1 is a morning [dawn until after typical start-of-work for locale] of day x2 at location x3.
cerni	CACCA	5	cerni	CACCA	0	0	12	12	174	0	cerni	210.0	100.0	0.0	0.0	cerni	cerni	186	88.6	cerni	cerni		?	cerni	4.1	(morning)	x1 is a morning [dawn until after typical start-of-work for locale] of day x2 at location x3.
certu	CACCA	5	certu	CACCA	2	0	0	2	291	0	certu	421.0	30.4	0.0	69.6	certu	certu	293	69.6	certu	certu		?	certu	10.3	(expert)	x1 is an expert/pro/has prowess in/is skilled at x2 (event/activity) by standard x3.
cet	CAC	3	certu	CACCA	3	0	0	3	0	0	certu	421.0	30.4	0.0	69.6	cet	certu	3	0.7	cet	certu	1 2 4	?	certu	10.3	(expert)	x1 is an expert/pro/has prowess in/is skilled at x2 (event/activity) by standard x3.
cre	CCA	3	certu	CACCA	38	0	87	125	0	0	certu	421.0	30.4	0.0	69.6	cre	certu	125	29.7	cre	certu	1 3 2	rafsi	certu	10.3	(expert)	x1 is an expert/pro/has prowess in/is skilled at x2 (event/activity) by standard x3.
cei	CAA	3	cevni	CACCA	97	3	74	174	0	0	cevni	672.0	55.7	1.7	42.5	cei	cevni	174	25.9	cei	cevni	1 2 5	rafsi/cmavo	cevni	12.5	(god ‘divinity’)	x1 is a/the god/deity of people(s)/religion x2 with dominion over x3 [sphere]; x1 is divine.
cev	CAC	3	cevni	CACCA	31	0	0	31	0	0	cevni	672.0	55.7	1.7	42.5	cev	cevni	31	4.6	cev	cevni	1 2 3	rafsi	cevni	12.5	(god ‘divinity’)	x1 is a/the god/deity of people(s)/religion x2 with dominion over x3 [sphere]; x1 is divine.
cevni	CACCA	5	cevni	CACCA	0	0	0	0	467	0	cevni	672.0	55.7	1.7	42.5	cevni	cevni	467	69.5	cevni	cevni		?	cevni	12.5	(god ‘divinity’)	x1 is a/the god/deity of people(s)/religion x2 with dominion over x3 [sphere]; x1 is divine.
cfa	CCA	3	cfari	CCACA	93	27	57	177	0	0	cfari	471.0	52.5	15.3	32.2	cfa	cfari	177	37.6	cfa	cfari	1 2 3	rafsi	cfari	5	(initiate)	x1 [state/event/process] commences/initiates/starts/begins to occur; (intransitive verb).
cfar	CCAC	4	cfari	CCACA	0	0	0	0	0	0	cfari	471.0	52.5	15.3	32.2	cfar	cfari	0	0.0	cfar	cfari		?	cfari	5	(initiate)	x1 [state/event/process] commences/initiates/starts/begins to occur; (intransitive verb).
cfari	CCACA	5	cfari	CCACA	0	0	0	0	294	0	cfari	471.0	52.5	15.3	32.2	cfari	cfari	294	62.4	cfari	cfari		?	cfari	5	(initiate)	x1 [state/event/process] commences/initiates/starts/begins to occur; (intransitive verb).
fi'a	CAA	3	cfika	CCACA	0	23	95	118	0	0	cfika	154.0	0.0	19.5	80.5	fi'a	cfika	118	76.6	fi'a	cfika	2 3 5	rafsi/cmavo	cfika	12.6	(fiction)	x1 is a work of fiction about plot/theme/subject x2/under convention x2 by author x3.
fik	CAC	3	cfika	CCACA	5	31	0	36	0	0	cfika	154.0	0.0	19.5	80.5	fik	cfika	36	23.4	fik	cfika	2 3 4	rafsi	cfika	12.6	(fiction)	x1 is a work of fiction about plot/theme/subject x2/under convention x2 by author x3.
cfi	CCA	3	cfila	CCACA	3	0	26	29	0	0	cfila	29.0	10.3	0.0	89.7	cfi	cfila	29	100.0	cfi	cfila	1 2 3	rafsi	cfila	10.3	(flaw)	x1 (property - ka) is a flaw/fault/defect in x2 causing x3.
cfine	CCACA	5	cfine	CCACA	0	0	1	1	10	0	cfine	11.0	0.0	0.0	100.0	cfine	cfine	11	100.0	cfine	cfine		?	cfine	3.5.4	(wedge)	x1 is a wedge [shape/form/tool] of material x2.
cfip	CCAC	4	cfipu	CCACA	0	0	0	0	0	0	cfipu	351.0	51.1	11.1	37.8	cfip	cfipu	0	0.0	cfip	cfipu		?	cfipu	10.2	(confusing)	x1 (event/state) confuses/baffles x2 [observer] due to [confusing] property x3 (ka).
cfipu	CCACA	5	cfipu	CCACA	0	0	0	0	306	0	cfipu	351.0	51.1	11.1	37.8	cfipu	cfipu	306	87.2	cfipu	cfipu		?	cfipu	10.2	(confusing)	x1 (event/state) confuses/baffles x2 [observer] due to [confusing] property x3 (ka).
fi'u	CAA	3	cfipu	CCACA	23	5	17	45	0	0	cfipu	351.0	51.1	11.1	37.8	fi'u	cfipu	45	12.8	fi'u	cfipu	2 3 5	rafsi/cmavo	cfipu	10.2	(confusing)	x1 (event/state) confuses/baffles x2 [observer] due to [confusing] property x3 (ka).
blu	CCA	3	ciblu	CACCA	12	20	3	35	0	0	ciblu	35.0	34.3	57.1	8.6	blu	ciblu	35	100.0	blu	ciblu	3 4 5	rafsi	ciblu	9.2.5	(blood)	x1 is blood/vital fluid of organism x2.
cicna	CACCA	5	cicna	CACCA				0	19	0	cicna	19.0				cicna	cicna	19	100.0	cicna	cicna		?	cicna	9.4.2	(cyan)	
cidj	CACC	4	cidja	CACCA	0	0	0	0	0	0	cidja	185.0	67.0	1.6	31.4	cidj	cidja	0	0.0	cidj	cidja		?	cidja	9.3.1	(food ‘feed’)	x1 is food/feed/nutriment for x2; x1 is edible/gives nutrition to x2.
dja	CCA	3	cidja	CACCA	124	3	58	185	0	0	cidja	185.0	67.0	1.6	31.4	dja	cidja	185	100.0	dja	cidja	3 4 5	rafsi	cidja	9.3.1	(food ‘feed’)	x1 is food/feed/nutriment for x2; x1 is edible/gives nutrition to x2.
cid	CAC	3	cidni	CACCA	53	0	0	53	0	0	cidni	90.0	100.0	0.0	0.0	cid	cidni	53	58.9	cid	cidni	1 25 3	rafsi	cidni	9.2.3	(knee)	x1 is a/the knee/elbow/knuckle [hinged joint, body-part] of limb x2 of body x3.
cidni	CACCA	5	cidni	CACCA	0	0	6	6	31	0	cidni	90.0	100.0	0.0	0.0	cidni	cidni	37	41.1	cidni	cidni		?	cidni	9.2.3	(knee)	x1 is a/the knee/elbow/knuckle [hinged joint, body-part] of limb x2 of body x3.
dro	CCA	3	cidro	CACCA	4	0	6	10	0	0	cidro	10.0	40.0	0.0	60.0	dro	cidro	10	100.0	dro	cidro	3 4 5	rafsi	cidro	7.5.4	(hydrogen)	x1 is a quantity of/contains/is made of hydrogen (H); [metaphor: light, flammable].
cif	CAC	3	cifnu	CACCA	22	0	0	22	0	0	cifnu	189.0	100.0	0.0	0.0	cif	cifnu	22	11.6	cif	cifnu	1 2 3	rafsi	cifnu	9.3.2	(infant)	x1 is an infant/baby [helpless through youth/incomplete development] of species x2.
cifn	CACC	4	cifnu	CACCA	0	0	0	0	0	0	cifnu	189.0	100.0	0.0	0.0	cifn	cifnu	0	0.0	cifn	cifnu		?	cifnu	9.3.2	(infant)	x1 is an infant/baby [helpless through youth/incomplete development] of species x2.
cifnu	CACCA	5	cifnu	CACCA	0	0	19	19	148	0	cifnu	189.0	100.0	0.0	0.0	cifnu	cifnu	167	88.4	cifnu	cifnu		?	cifnu	9.3.2	(infant)	x1 is an infant/baby [helpless through youth/incomplete development] of species x2.
cigla	CACCA	5	cigla	CACCA	0	0	9	9	11	0	cigla	20.0	0.0	0.0	100.0	cigla	cigla	20	100.0	cigla	cigla		?	cigla	9.2.5	(gland)	x1 is a/the gland [body-part] secreting x2, of body x3; x2 is a secretion of x1.
cik	CAC	3	cikna	CACCA	27	2	0	29	0	0	cikna	205.0	0.0	0.0	100.0	cik	cikna	29	14.1	cik	cikna	1 2 3	rafsi	cikna	9.3.4	(awake)	(adjective:) x1 is awake/alert/conscious.
cikn	CACC	4	cikna	CACCA	0	0	0	0	0	0	cikna	205.0	0.0	0.0	100.0	cikn	cikna	0	0.0	cikn	cikna		?	cikna	9.3.4	(awake)	(adjective:) x1 is awake/alert/conscious.
cikna	CACCA	5	cikna	CACCA	0	0	37	37	139	0	cikna	205.0	0.0	0.0	100.0	cikna	cikna	176	85.9	cikna	cikna		?	cikna	9.3.4	(awake)	(adjective:) x1 is awake/alert/conscious.
cikre	CACCA	5	cikre	CACCA	0	0	2	2	95	0	cikre	97.0	0.0	0.0	100.0	cikre	cikre	97	100.0	cikre	cikre		?	cikre	13.1	(repair ‘fix’)	x1 repairs/mends/fixes x2 for use x3.
ciksi	CACCA	5	ciksi	CACCA	0	0	0	0	271	0	ciksi	410.0	27.3	0.7	71.9	ciksi	ciksi	271	66.1	ciksi	ciksi		?	ciksi	2.5	(explain)	x1 (person) explains x2 (event/state/property) to x3 with explanation x4 (du'u).
cki	CCA	3	ciksi	CACCA	38	1	100	139	0	0	ciksi	410.0	27.3	0.7	71.9	cki	ciksi	139	33.9	cki	ciksi	1 3 25	rafsi	ciksi	2.5	(explain)	x1 (person) explains x2 (event/state/property) to x3 with explanation x4 (du'u).
cic	CAC	3	cilce	CACCA	73	0	0	73	0	0	cilce	167.0	100.0	0.0	0.0	cic	cilce	73	43.7	cic	cilce	14 2 14	rafsi	cilce	9.2	(wild)	(adjective:) x1 is wild/untamed.
cilc	CACC	4	cilce	CACCA	0	0	0	0	0	0	cilce	167.0	100.0	0.0	0.0	cilc	cilce	0	0.0	cilc	cilce		?	cilce	9.2	(wild)	(adjective:) x1 is wild/untamed.
cilce	CACCA	5	cilce	CACCA	0	0	24	24	70	0	cilce	167.0	100.0	0.0	0.0	cilce	cilce	94	56.3	cilce	cilce		?	cilce	9.2	(wild)	(adjective:) x1 is wild/untamed.
cilm	CACC	4	cilmo	CACCA	0	0	0	0	0	0	cilmo	226.0	82.4	17.6	0.0	cilm	cilmo	0	0.0	cilm	cilmo		?	cilmo	7.3	(moist)	x1 is moist/wet/damp with liquid x2.
cilmo	CACCA	5	cilmo	CACCA	0	0	3	3	98	0	cilmo	226.0	82.4	17.6	0.0	cilmo	cilmo	101	44.7	cilmo	cilmo		?	cilmo	7.3	(moist)	x1 is moist/wet/damp with liquid x2.
cim	CAC	3	cilmo	CACCA	103	22	0	125	0	0	cilmo	226.0	82.4	17.6	0.0	cim	cilmo	125	55.3	cim	cilmo	1 2 4	rafsi	cilmo	7.3	(moist)	x1 is moist/wet/damp with liquid x2.
cilr	CACC	4	cilre	CACCA	0	0	0	0	0	0	cilre	54.0	44.4	1.9	53.7	cilr	cilre	0	0.0	cilr	cilre		?	cilre	2.5	(learn)	x1 learns x2 (du'u) about subject x3 from source x4 (obj./event) by method x5 (event/process).
cli	CCA	3	cilre	CACCA	24	1	29	54	0	0	cilre	54.0	44.4	1.9	53.7	cli	cilre	54	100.0	cli	cilre	1 3 2	rafsi	cilre	2.5	(learn)	x1 learns x2 (du'u) about subject x3 from source x4 (obj./event) by method x5 (event/process).
cil	CAC	3	cilta	CACCA	4	0	0	4	0	0	cilta	38.0	100.0	0.0	0.0	cil	cilta	4	10.5	cil	cilta	1 2 3	rafsi	cilta	3.5.5	(thread ‘filament’)	x1 is a thread/filament/wire [shape/form] of material x2.
cilta	CACCA	5	cilta	CACCA	0	0	4	4	30	0	cilta	38.0	100.0	0.0	0.0	cilta	cilta	34	89.5	cilta	cilta		?	cilta	3.5.5	(thread ‘filament’)	x1 is a thread/filament/wire [shape/form] of material x2.
cimd	CACC	4	cimde	CACCA	0	1	0	1	0	0	cimde	55.0	0.0	0.0	100.0	cimd	cimde	1	1.8	cimd	cimde		?	cimde	3	(dimension)	x1 (property - ka) is a dimension of space/object x2 according to rules/model x3.
cimde	CACCA	5	cimde	CACCA	0	0	9	9	45	0	cimde	55.0	0.0	0.0	100.0	cimde	cimde	54	98.2	cimde	cimde		?	cimde	3	(dimension)	x1 (property - ka) is a dimension of space/object x2 according to rules/model x3.
cimn	CACC	4	cimni	CACCA	7	0	0	7	0	0	cimni	68.0	0.0	0.0	100.0	cimn	cimni	7	10.3	cimn	cimni		?	cimni	1.5	(infinite)	x1 is infinite/unending/eternal in property/dimension x2, to degree x3 (quantity)/of type x3.
cimni	CACCA	5	cimni	CACCA	0	0	12	12	49	0	cimni	68.0	0.0	0.0	100.0	cimni	cimni	61	89.7	cimni	cimni		?	cimni	1.5	(infinite)	x1 is infinite/unending/eternal in property/dimension x2, to degree x3 (quantity)/of type x3.
cinba	CACCA	5	cinba	CACCA	14	0	3	17	299	0	cinba	316.0	82.4	0.0	17.6	cinba	cinba	316	100.0	cinba	cinba		?	cinba	6.2.2	(kiss ‘buss’)	x1 (agent) kisses/busses x2 at locus x3.
cind	CACC	4	cindu	CACCA	4	0	0	4	0	0	cindu	53.0	0.0	0.0	100.0	cind	cindu	4	7.5	cind	cindu		?	cindu	9.1.6	(oak)	x1 is an oak, a type of tree of species/strain x2.
cindu	CACCA	5	cindu	CACCA	0	0	19	19	30	0	cindu	53.0	0.0	0.0	100.0	cindu	cindu	49	92.5	cindu	cindu		?	cindu	9.1.6	(oak)	x1 is an oak, a type of tree of species/strain x2.
cinf	CACC	4	cinfo	CACCA	1	0	0	1	0	0	cinfo	388.0	0.0	0.0	100.0	cinf	cinfo	1	0.3	cinf	cinfo		?	cinfo	9.2.2	(lion)	x1 is a lion/[lioness] of species/breed x2.
cinfo	CACCA	5	cinfo	CACCA	0	0	18	18	369	0	cinfo	388.0	0.0	0.0	100.0	cinfo	cinfo	387	99.7	cinfo	cinfo		?	cinfo	9.2.2	(lion)	x1 is a lion/[lioness] of species/breed x2.
cinje	CACCA	5	cinje	CACCA	0	0	2	2	23	0	cinje	25.0	0.0	0.0	100.0	cinje	cinje	25	100.0	cinje	cinje		?	cinje	3.5.5	(wrinkle)	x1 is a wrinkle/crease/fold [shape/form] in x2.
cinki	CACCA	5	cinki	CACCA	0	0	26	26	58	0	cinki	84.0	0.0	0.0	100.0	cinki	cinki	84	100.0	cinki	cinki		?	cinki	9.2.1	(insect)	x1 is an insect/arthropod of species x2; [bug/beetle].
cinl	CACC	4	cinla	CACCA	6	0	0	6	0	0	cinla	79.0	0.0	0.0	100.0	cinl	cinla	6	7.6	cinl	cinla		?	cinla	3.4	(thin ‘lean’)	x1 is thin in direction/dimension x2 by standard x3; [relatively short in smallest dimension].
cinla	CACCA	5	cinla	CACCA	0	0	19	19	54	0	cinla	79.0	0.0	0.0	100.0	cinla	cinla	73	92.4	cinla	cinla		?	cinla	3.4	(thin ‘lean’)	x1 is thin in direction/dimension x2 by standard x3; [relatively short in smallest dimension].
ci'o	CAA	3	cinmo	CACCA				0	0	41	cinmo	630.0	43.8	7.4	48.8	ci'o	cinmo	41	6.5	ci'o	cinmo	1 2 5	cmavo	cinmo	10.1	(emotion)	x1 feels emotion x2 (ka) about x3.
cinm	CACC	4	cinmo	CACCA	0	0	0	0	0	0	cinmo	630.0	43.8	7.4	48.8	cinm	cinmo	0	0.0	cinm	cinmo		?	cinmo	10.1	(emotion)	x1 feels emotion x2 (ka) about x3.
cinmo	CACCA	5	cinmo	CACCA	0	0	0	0	372	0	cinmo	630.0	43.8	7.4	48.8	cinmo	cinmo	372	59.0	cinmo	cinmo		?	cinmo	10.1	(emotion)	x1 feels emotion x2 (ka) about x3.
cni	CCA	3	cinmo	CACCA	95	16	106	217	0	0	cinmo	630.0	43.8	7.4	48.8	cni	cinmo	217	34.4	cni	cinmo	1 3 2	rafsi	cinmo	10.1	(emotion)	x1 feels emotion x2 (ka) about x3.
ci'i	CAA	3	cinri	CACCA	22	4	103	129	0	0	cinri	604.0	17.1	3.1	79.8	ci'i	cinri	129	21.4	ci'i	cinri	1 25 25	rafsi/cmavo	cinri	10.1	(interesting ‘interests’)	x1 (abstraction) interests/is interesting to x2; x2 is interested in x1.
cinr	CACC	4	cinri	CACCA	0	0	0	0	0	0	cinri	604.0	17.1	3.1	79.8	cinr	cinri	0	0.0	cinr	cinri		?	cinri	10.1	(interesting ‘interests’)	x1 (abstraction) interests/is interesting to x2; x2 is interested in x1.
cinri	CACCA	5	cinri	CACCA	0	0	0	0	475	0	cinri	604.0	17.1	3.1	79.8	cinri	cinri	475	78.6	cinri	cinri		?	cinri	10.1	(interesting ‘interests’)	x1 (abstraction) interests/is interesting to x2; x2 is interested in x1.
cin	CAC	3	cinse	CACCA	62	70	0	132	0	0	cinse	264.0	47.0	53.0	0.0	cin	cinse	132	50.0	cin	cinse	1 2 3	rafsi	cinse	9.3.2	(sexual)	x1 in activity/state x2 exhibits sexuality/gender/sexual orientation x3 (ka) by standard x4.
cins	CACC	4	cinse	CACCA	0	0	0	0	0	0	cinse	264.0	47.0	53.0	0.0	cins	cinse	0	0.0	cins	cinse		?	cinse	9.3.2	(sexual)	x1 in activity/state x2 exhibits sexuality/gender/sexual orientation x3 (ka) by standard x4.
cinse	CACCA	5	cinse	CACCA	4	0	19	23	109	0	cinse	264.0	47.0	53.0	0.0	cinse	cinse	132	50.0	cinse	cinse		?	cinse	9.3.2	(sexual)	x1 in activity/state x2 exhibits sexuality/gender/sexual orientation x3 (ka) by standard x4.
cint	CACC	4	cinta	CACCA	42	0	0	42	0	0	cinta	201.0	100.0	0.0	0.0	cint	cinta	42	20.9	cint	cinta		?	cinta	13.2.1	(paint)	x1 [material] is a paint of pigment/active substance x2, in a base of x3.
cinta	CACCA	5	cinta	CACCA	0	0	9	9	150	0	cinta	201.0	100.0	0.0	0.0	cinta	cinta	159	79.1	cinta	cinta		?	cinta	13.2.1	(paint)	x1 [material] is a paint of pigment/active substance x2, in a base of x3.
cinz	CACC	4	cinza	CACCA	3	0	0	3	0	0	cinza	22.0	100.0	0.0	0.0	cinz	cinza	3	13.6	cinz	cinza		?	cinza	9.2.3	(tongs)	x1 is a/are tong(s)/chopsticks/pincers/tweezers/pliers [tool/body-part] for x2 to pinch x3.
cinza	CACCA	5	cinza	CACCA	0	0	3	3	16	0	cinza	22.0	100.0	0.0	0.0	cinza	cinza	19	86.4	cinza	cinza		?	cinza	9.2.3	(tongs)	x1 is a/are tong(s)/chopsticks/pincers/tweezers/pliers [tool/body-part] for x2 to pinch x3.
cipni	CACCA	5	cipni	CACCA	0	0	0	0	680	0	cipni	792.0	9.8	1.8	88.4	cipni	cipni	680	85.9	cipni	cipni		?	cipni	9.2.1	(bird)	x1 is a bird/avian/fowl of species x2.
cpi	CCA	3	cipni	CACCA	11	2	99	112	0	0	cipni	792.0	9.8	1.8	88.4	cpi	cipni	112	14.1	cpi	cipni	1 3 25	rafsi	cipni	9.2.1	(bird)	x1 is a bird/avian/fowl of species x2.
cip	CAC	3	cipra	CACCA	4	8	0	12	0	0	cipra	202.0	18.2	0.0	81.8	cip	cipra	12	5.9	cip	cipra	1 2 3	rafsi	cipra	2.5	(test ‘proof’)	x1 (process/event) is a test for/proof of property/state x2 in subject x3 (individ./set/mass).
cipra	CACCA	5	cipra	CACCA	4	0	18	22	168	0	cipra	202.0	18.2	0.0	81.8	cipra	cipra	190	94.1	cipra	cipra		?	cipra	2.5	(test ‘proof’)	x1 (process/event) is a test for/proof of property/state x2 in subject x3 (individ./set/mass).
cirk	CACC	4	cirko	CACCA	0	0	0	0	0	0	cirko	46.0	13.0	4.3	82.6	cirk	cirko	0	0.0	cirk	cirko		?	cirko	11.3.1	(lose)	x1 loses person/thing x2 at/near x3; x1 loses property/feature x2 in conditions/situation x3.
cri	CCA	3	cirko	CACCA	6	2	38	46	0	0	cirko	46.0	13.0	4.3	82.6	cri	cirko	46	100.0	cri	cirko	1 3 2	rafsi	cirko	11.3.1	(lose)	x1 loses person/thing x2 at/near x3; x1 loses property/feature x2 in conditions/situation x3.
cirla	CACCA	5	cirla	CACCA	0	0	6	6	123	0	cirla	129.0	0.0	0.0	100.0	cirla	cirla	129	100.0	cirla	cirla		?	cirla	13.2.3	(cheese)	x1 is a quantity of/contains cheese/curd from source x2.
ci'a	CAA	3	ciska	CACCA	47	12	230	289	0	0	ciska	1248.0	16.3	4.2	79.6	ci'a	ciska	289	23.2	ci'a	ciska	1 2 5	rafsi	ciska	2.2	(write ‘scribe’)	x1 inscribes/writes x2 on display/storage medium x3 with writing implement x4; x1 is a scribe.
cisk	CACC	4	ciska	CACCA	0	0	0	0	0	0	ciska	1248.0	16.3	4.2	79.6	cisk	ciska	0	0.0	cisk	ciska		?	ciska	2.2	(write ‘scribe’)	x1 inscribes/writes x2 on display/storage medium x3 with writing implement x4; x1 is a scribe.
ciska	CACCA	5	ciska	CACCA	0	0	4	4	955	0	ciska	1248.0	16.3	4.2	79.6	ciska	ciska	959	76.8	ciska	ciska		?	ciska	2.2	(write ‘scribe’)	x1 inscribes/writes x2 on display/storage medium x3 with writing implement x4; x1 is a scribe.
cism	CACC	4	cisma	CACCA	15	0	0	15	0	0	cisma	154.0	100.0	0.0	0.0	cism	cisma	15	9.7	cism	cisma		?	cisma	2.3	(smile)	x1 smiles/grins (facial expression).
cisma	CACCA	5	cisma	CACCA	0	0	9	9	130	0	cisma	154.0	100.0	0.0	0.0	cisma	cisma	139	90.3	cisma	cisma		?	cisma	2.3	(smile)	x1 smiles/grins (facial expression).
ci'e	CAA	3	ciste	CACCA	19	3	168	190	0	93	ciste	501.0	10.0	1.6	88.4	ci'e	ciste	283	56.5	ci'e	ciste	1 2 5	rafsi/cmavo	ciste	1.2	(system)	x1 (mass) is a system interrelated by structure x2 among components x3 (set) displaying x4 (ka).
ciste	CACCA	5	ciste	CACCA	0	0	0	0	218	0	ciste	501.0	10.0	1.6	88.4	ciste	ciste	218	43.5	ciste	ciste		?	ciste	1.2	(system)	x1 (mass) is a system interrelated by structure x2 among components x3 (set) displaying x4 (ka).
citk	CACC	4	citka	CACCA	0	0	0	0	0	0	citka	1891.0	64.1	8.7	27.2	citk	citka	0	0.0	citk	citka		?	citka	9.3.1	(eat)	x1 eats/ingests/consumes (transitive verb) x2.
citka	CACCA	5	citka	CACCA	0	0	0	0	1696	0	citka	1891.0	64.1	8.7	27.2	citka	citka	1696	89.7	citka	citka		?	citka	9.3.1	(eat)	x1 eats/ingests/consumes (transitive verb) x2.
cti	CCA	3	citka	CACCA	125	17	53	195	0	0	citka	1891.0	64.1	8.7	27.2	cti	citka	195	10.3	cti	citka	1 3 2	rafsi	citka	9.3.1	(eat)	x1 eats/ingests/consumes (transitive verb) x2.
ci'o	CAA	3	citno	CACCA	14	0	228	242	0	0	citno	852.0	5.8	0.0	94.2	ci'o	citno	242	28.4	ci'o	citno	1 2 5	rafsi/cmavo	citno	4	(young ‘junior’)	x1 is young/youthful [relatively short in elapsed duration] by standard x2.
cit	CAC	3	citno	CACCA	127	17	0	144	0	0	citno	852.0	5.8	0.0	94.2	cit	citno	144	16.9	cit	citno	1 2 3	rafsi	citno	4	(young ‘junior’)	x1 is young/youthful [relatively short in elapsed duration] by standard x2.
citno	CACCA	5	citno	CACCA	0	0	4	4	462	0	citno	852.0	5.8	0.0	94.2	citno	citno	466	54.7	citno	citno		?	citno	4	(young ‘junior’)	x1 is young/youthful [relatively short in elapsed duration] by standard x2.
cir	CAC	3	citri	CACCA	31	0	0	31	0	0	citri	93.0	100.0	0.0	0.0	cir	citri	31	33.3	cir	citri	1 25 4	rafsi	citri	2.3	(history)	x1 is a history of x2 according to x3 (person)/from point-of-view x3.
citri	CACCA	5	citri	CACCA	0	0	3	3	59	0	citri	93.0	100.0	0.0	0.0	citri	citri	62	66.7	citri	citri		?	citri	2.3	(history)	x1 is a history of x2 according to x3 (person)/from point-of-view x3.
cits	CACC	4	citsi	CACCA	2	1	0	3	0	0	citsi	55.0	0.0	0.0	100.0	cits	citsi	3	5.5	cits	citsi		?	citsi	4.2	(season)	x1 is a season/is seasonal [cyclical interval], defined by interval/property x2, of year(s) x3.
citsi	CACCA	5	citsi	CACCA	0	0	14	14	38	0	citsi	55.0	0.0	0.0	100.0	citsi	citsi	52	94.5	citsi	citsi		?	citsi	4.2	(season)	x1 is a season/is seasonal [cyclical interval], defined by interval/property x2, of year(s) x3.
civ	CAC	3	civla	CACCA	2	0	0	2	0	0	civla	33.0	100.0	0.0	0.0	civ	civla	2	6.1	civ	civla	1 2 3	rafsi	civla	9.2.2	(louse)	x1 is a louse/flea [blood-sucking arthropod] of species/breed x2, parasitic on x3.
civla	CACCA	5	civla	CACCA	0	0	2	2	29	0	civla	33.0	100.0	0.0	0.0	civla	civla	31	93.9	civla	civla		?	civla	9.2.2	(louse)	x1 is a louse/flea [blood-sucking arthropod] of species/breed x2, parasitic on x3.
ciz	CAC	3	cizra	CACCA	20	0	0	20	0	0	cizra	502.0	12.5	0.0	87.5	ciz	cizra	20	4.0	ciz	cizra	1 2 3	rafsi	cizra	10.2	(strange ‘bizarre’)	x1 is strange/weird/deviant/bizarre/odd to x2 in property x3 (ka).
cizra	CACCA	5	cizra	CACCA	3	0	21	24	458	0	cizra	502.0	12.5	0.0	87.5	cizra	cizra	482	96.0	cizra	cizra		?	cizra	10.2	(strange ‘bizarre’)	x1 is strange/weird/deviant/bizarre/odd to x2 in property x3 (ka).
ckabu	CCACA	5	ckabu	CCACA	0	0	2	2	12	0	ckabu	14.0	0.0	0.0	100.0	ckabu	ckabu	14	100.0	ckabu	ckabu		?	ckabu	13.2.1	(rubber)	x1 is a quantity of/contains/is made of rubber/latex from source x2 of composition including x3.
ckaf	CCAC	4	ckafi	CCACA	1	0	0	1	0	0	ckafi	980.0	100.0	0.0	0.0	ckaf	ckafi	1	0.1	ckaf	ckafi		?	ckafi	13.2.2	(coffee)	x1 is made of/contains/is a quantity of coffee from source/bean/grain x2.
ckafi	CCACA	5	ckafi	CCACA	0	0	5	5	533	0	ckafi	980.0	100.0	0.0	0.0	ckafi	ckafi	538	54.9	ckafi	ckafi		?	ckafi	13.2.2	(coffee)	x1 is made of/contains/is a quantity of coffee from source/bean/grain x2.
kaf	CAC	3	ckafi	CCACA	441	0	0	441	0	0	ckafi	980.0	100.0	0.0	0.0	kaf	ckafi	441	45.0	kaf	ckafi	2 3 4	rafsi	ckafi	13.2.2	(coffee)	x1 is made of/contains/is a quantity of coffee from source/bean/grain x2.
ckaj	CCAC	4	ckaji	CCACA	0	0	0	0	0	0	ckaji	7199.0	17.1	0.9	82.0	ckaj	ckaji	0	0.0	ckaj	ckaji		?	ckaji	7.1	(quality)	x1 has/is characterized by property/feature/trait/aspect/dimension x2 (ka); x2 is manifest in x1.
ckaji	CCACA	5	ckaji	CCACA	0	0	0	0	703	0	ckaji	7199.0	17.1	0.9	82.0	ckaji	ckaji	703	9.8	ckaji	ckaji		?	ckaji	7.1	(quality)	x1 has/is characterized by property/feature/trait/aspect/dimension x2 (ka); x2 is manifest in x1.
ka	CA	2	ckaji	CCACA				0	0	6033	ckaji	7199.0	17.1	0.9	82.0	ka	ckaji	6033	83.8	ka	ckaji		cmavo	ckaji	7.1	(quality)	x1 has/is characterized by property/feature/trait/aspect/dimension x2 (ka); x2 is manifest in x1.
kai	CAA	3	ckaji	CCACA	37	2	178	217	0	246	ckaji	7199.0	17.1	0.9	82.0	kai	ckaji	463	6.4	kai	ckaji	2 3 5	rafsi/cmavo	ckaji	7.1	(quality)	x1 has/is characterized by property/feature/trait/aspect/dimension x2 (ka); x2 is manifest in x1.
cka	CCA	3	ckana	CCACA	39	8	5	52	0	0	ckana	52.0	75.0	15.4	9.6	cka	ckana	52	100.0	cka	ckana	1 2 35	rafsi	ckana	13.6	(bed)	x1 is a bed/pallet of material x2 for holding/supporting x3 (person/object/event).
cap	CAC	3	ckape	CCACA	12	2	0	14	0	0	ckape	106.0	85.7	14.3	0.0	cap	ckape	14	13.2	cap	ckape	1 3 4	rafsi	ckape	10.3	(peril)	x1 is perilous/dangerous/potentially harmful to x2 under conditions x3.
ckape	CCACA	5	ckape	CCACA	0	0	8	8	84	0	ckape	106.0	85.7	14.3	0.0	ckape	ckape	92	86.8	ckape	ckape		?	ckape	10.3	(peril)	x1 is perilous/dangerous/potentially harmful to x2 under conditions x3.
cas	CAC	3	ckasu	CCACA	8	12	0	20	0	0	ckasu	78.0	15.4	0.0	84.6	cas	ckasu	20	25.6	cas	ckasu	1 3 4	rafsi	ckasu	10.2	(ridicule ‘scoff’)	x1 ridicules/mocks/scoffs at x2 about x3 (property/event) by doing activity x4 (event).
ckas	CCAC	4	ckasu	CCACA	0	0	0	0	0	0	ckasu	78.0	15.4	0.0	84.6	ckas	ckasu	0	0.0	ckas	ckasu		?	ckasu	10.2	(ridicule ‘scoff’)	x1 ridicules/mocks/scoffs at x2 about x3 (property/event) by doing activity x4 (event).
ckasu	CCACA	5	ckasu	CCACA	4	0	22	26	32	0	ckasu	78.0	15.4	0.0	84.6	ckasu	ckasu	58	74.4	ckasu	ckasu		?	ckasu	10.2	(ridicule ‘scoff’)	x1 ridicules/mocks/scoffs at x2 about x3 (property/event) by doing activity x4 (event).
cke	CCA	3	ckeji	CCACA	2	0	36	38	0	0	ckeji	38.0	5.3	0.0	94.7	cke	ckeji	38	100.0	cke	ckeji	1 2 3	rafsi	ckeji	10.1	(ashamed)	x1 feels ashamed/mortified/humiliated under conditions x2 before community/audience x3.
ckiku	CCACA	5	ckiku	CCACA	0	0	5	5	33	0	ckiku	63.0	100.0	0.0	0.0	ckiku	ckiku	38	60.3	ckiku	ckiku		?	ckiku	13.6	(key)	x1 is a key fitting/releasing/opening/unlocking lock x2, and having relevant properties x3.
kik	CAC	3	ckiku	CCACA	25	0	0	25	0	0	ckiku	63.0	100.0	0.0	0.0	kik	ckiku	25	39.7	kik	ckiku	24 3 24	rafsi	ckiku	13.6	(key)	x1 is a key fitting/releasing/opening/unlocking lock x2, and having relevant properties x3.
ci'u	CAA	3	ckilu	CCACA	7	0	9	16	0	38	ckilu	152.0	43.8	0.0	56.3	ci'u	ckilu	54	35.5	ci'u	ckilu	1 3 5	rafsi/cmavo	ckilu	7.4	(scale)	x1 (si'o) is a scale of units for measuring/observing/determining x2 (state).
ckil	CCAC	4	ckilu	CCACA	0	0	0	0	0	0	ckilu	152.0	43.8	0.0	56.3	ckil	ckilu	0	0.0	ckil	ckilu		?	ckilu	7.4	(scale)	x1 (si'o) is a scale of units for measuring/observing/determining x2 (state).
ckilu	CCACA	5	ckilu	CCACA	0	0	0	0	98	0	ckilu	152.0	43.8	0.0	56.3	ckilu	ckilu	98	64.5	ckilu	ckilu		?	ckilu	7.4	(scale)	x1 (si'o) is a scale of units for measuring/observing/determining x2 (state).
ckini	CCACA	5	ckini	CCACA	0	0	0	0	192	0	ckini	263.0	20.0	4.4	75.6	ckini	ckini	192	73.0	ckini	ckini		?	ckini	7.1	(related ‘akin, kin’)	x1 is related to/associated with/akin to x2 by relationship x3.
ki'i	CAA	3	ckini	CCACA	9	2	34	45	0	26	ckini	263.0	20.0	4.4	75.6	ki'i	ckini	71	27.0	ki'i	ckini	2 35 35	rafsi/cmavo	ckini	7.1	(related ‘akin, kin’)	x1 is related to/associated with/akin to x2 by relationship x3.
ckire	CCACA	5	ckire	CCACA	0	0	4	4	323	0	ckire	798.0	33.3	66.7	0.0	ckire	ckire	327	41.0	ckire	ckire		?	ckire	10.2	(grateful)	x1 is grateful/thankful to/appreciative of x2 for x3 (event/property).
ki'e	CAA	3	ckire	CCACA				0	0	465	ckire	798.0	33.3	66.7	0.0	ki'e	ckire	465	58.3	ki'e	ckire	2 3 5	cmavo	ckire	10.2	(grateful)	x1 is grateful/thankful to/appreciative of x2 for x3 (event/property).
kir	CAC	3	ckire	CCACA	2	4	0	6	0	0	ckire	798.0	33.3	66.7	0.0	kir	ckire	6	0.8	kir	ckire	2 3 4	rafsi	ckire	10.2	(grateful)	x1 is grateful/thankful to/appreciative of x2 for x3 (event/property).
ckul	CCAC	4	ckule	CCACA	0	0	0	0	0	0	ckule	469.0	0.0	0.0	100.0	ckul	ckule	0	0.0	ckul	ckule		?	ckule	2.5	(school)	x1 is school/institute/academy at x2 teaching subject(s) x3 to audien./commun. x4 operated by x5.
ckule	CCACA	5	ckule	CCACA	0	0	0	0	377	0	ckule	469.0	0.0	0.0	100.0	ckule	ckule	377	80.4	ckule	ckule		?	ckule	2.5	(school)	x1 is school/institute/academy at x2 teaching subject(s) x3 to audien./commun. x4 operated by x5.
cu'e	CAA	3	ckule	CCACA	0	0	52	52	0	0	ckule	469.0	0.0	0.0	100.0	cu'e	ckule	52	11.1	cu'e	ckule	1 3 5	rafsi/cmavo	ckule	2.5	(school)	x1 is school/institute/academy at x2 teaching subject(s) x3 to audien./commun. x4 operated by x5.
kul	CAC	3	ckule	CCACA	40	0	0	40	0	0	ckule	469.0	0.0	0.0	100.0	kul	ckule	40	8.5	kul	ckule	2 3 4	rafsi	ckule	2.5	(school)	x1 is school/institute/academy at x2 teaching subject(s) x3 to audien./commun. x4 operated by x5.
ku'u	CAA	3	ckunu	CCACA	4	0	8	12	0	0	ckunu	12.0	33.3	0.0	66.7	ku'u	ckunu	12	100.0	ku'u	ckunu	2 35 35	rafsi/cmavo	ckunu	9.1	(conifer ‘cone’)	x1 is a conifer/pine/fir of species/strain x2 with cones x3.
cladu	CCACA	5	cladu	CCACA	0	0	0	0	167	0	cladu	299.0	56.8	3.0	40.2	cladu	cladu	167	55.9	cladu	cladu		?	cladu	9.4.1	(loud)	x1 is loud/noisy at observation point x2 by standard x3.
lau	CAA	3	cladu	CCACA	75	4	53	132	0	0	cladu	299.0	56.8	3.0	40.2	lau	cladu	132	44.1	lau	cladu	2 3 5	rafsi/cmavo	cladu	9.4.1	(loud)	x1 is loud/noisy at observation point x2 by standard x3.
cla	CCA	3	clani	CCACA	210	1	64	275	0	0	clani	1163.0	76.4	0.4	23.3	cla	clani	275	23.6	cla	clani	1 2 3	rafsi	clani	3.4	(long)	x1 is long in dimension/direction x2 (default longest dimension) by measurement standard x3.
clan	CCAC	4	clani	CCACA	0	0	0	0	0	0	clani	1163.0	76.4	0.4	23.3	clan	clani	0	0.0	clan	clani		?	clani	3.4	(long)	x1 is long in dimension/direction x2 (default longest dimension) by measurement standard x3.
clani	CCACA	5	clani	CCACA	0	0	0	0	888	0	clani	1163.0	76.4	0.4	23.3	clani	clani	888	76.4	clani	clani		?	clani	3.4	(long)	x1 is long in dimension/direction x2 (default longest dimension) by measurement standard x3.
cau	CAA	3	claxu	CCACA	22	27	288	337	0	39	claxu	681.0	6.5	8.0	85.5	cau	claxu	376	55.2	cau	claxu	1 3 5	rafsi/cmavo	claxu	1.5	(without ‘lack’)	x1 is without/lacking/free of/lacks x2; x1 is x2-less.
clax	CCAC	4	claxu	CCACA	0	0	0	0	0	0	claxu	681.0	6.5	8.0	85.5	clax	claxu	0	0.0	clax	claxu		?	claxu	1.5	(without ‘lack’)	x1 is without/lacking/free of/lacks x2; x1 is x2-less.
claxu	CCACA	5	claxu	CCACA	0	0	0	0	305	0	claxu	681.0	6.5	8.0	85.5	claxu	claxu	305	44.8	claxu	claxu		?	claxu	1.5	(without ‘lack’)	x1 is without/lacking/free of/lacks x2; x1 is x2-less.
clika	CCACA	5	clika	CCACA	0	0	2	2	39	0	clika	41.0	0.0	0.0	100.0	clika	clika	41	100.0	clika	clika		?	clika	9.1	(mossy)	x1 is a moss/lichen of species/strain x2 growing on x3; (adjective:) x1 is mossy.
clir	CCAC	4	clira	CCACA	0	0	0	0	0	0	clira	119.0	100.0	0.0	0.0	clir	clira	0	0.0	clir	clira		?	clira	4	(early)	x1 (event) is early by standard x2.
clira	CCACA	5	clira	CCACA	0	0	2	2	93	0	clira	119.0	100.0	0.0	0.0	clira	clira	95	79.8	clira	clira		?	clira	4	(early)	x1 (event) is early by standard x2.
lir	CAC	3	clira	CCACA	24	0	0	24	0	0	clira	119.0	100.0	0.0	0.0	lir	clira	24	20.2	lir	clira	2 3 4	rafsi	clira	4	(early)	x1 (event) is early by standard x2.
clite	CCACA	5	clite	CCACA	0	0	24	24	56	0	clite	98.0	0.0	0.0	100.0	clite	clite	80	81.6	clite	clite		?	clite	10.3	(polite)	x1 is polite/courteous/civil in matter x2 according to standard/custom x3.
lit	CAC	3	clite	CCACA	18	0	0	18	0	0	clite	98.0	0.0	0.0	100.0	lit	clite	18	18.4	lit	clite	2 3 4	rafsi	clite	10.3	(polite)	x1 is polite/courteous/civil in matter x2 according to standard/custom x3.
cliva	CCACA	5	cliva	CCACA	0	0	3	3	602	0	cliva	727.0	12.0	6.5	81.5	cliva	cliva	605	83.2	cliva	cliva		?	cliva	6.1.1	(leave)	x1 leaves/goes away/departs/parts/separates from x2 via route x3.
li'a	CAA	3	cliva	CCACA	11	6	75	92	0	0	cliva	727.0	12.0	6.5	81.5	li'a	cliva	92	12.7	li'a	cliva	2 3 5	rafsi/cmavo	cliva	6.1.1	(leave)	x1 leaves/goes away/departs/parts/separates from x2 via route x3.
liv	CAC	3	cliva	CCACA	27	3	0	30	0	0	cliva	727.0	12.0	6.5	81.5	liv	cliva	30	4.1	liv	cliva	2 3 4	rafsi	cliva	6.1.1	(leave)	x1 leaves/goes away/departs/parts/separates from x2 via route x3.
clup	CCAC	4	clupa	CCACA	0	0	0	0	0	0	clupa	74.0	90.6	9.4	0.0	clup	clupa	0	0.0	clup	clupa		?	clupa	3.5.2	(loop)	x1 is a loop/circuit of x2 [material].
clupa	CCACA	5	clupa	CCACA	0	0	11	11	31	0	clupa	74.0	90.6	9.4	0.0	clupa	clupa	42	56.8	clupa	clupa		?	clupa	3.5.2	(loop)	x1 is a loop/circuit of x2 [material].
cup	CAC	3	clupa	CCACA	29	3	0	32	0	0	clupa	74.0	90.6	9.4	0.0	cup	clupa	32	43.2	cup	clupa	1 3 4	rafsi	clupa	3.5.2	(loop)	x1 is a loop/circuit of x2 [material].
cmac	CCAC	4	cmaci	CCACA	19	0	0	19	0	0	cmaci	85.0	100.0	0.0	0.0	cmac	cmaci	19	22.4	cmac	cmaci		?	cmaci	1.6	(mathematics)	x1 is a mathematics of type/describing x2.
cmaci	CCACA	5	cmaci	CCACA	0	0	1	1	65	0	cmaci	85.0	100.0	0.0	0.0	cmaci	cmaci	66	77.6	cmaci	cmaci		?	cmaci	1.6	(mathematics)	x1 is a mathematics of type/describing x2.
cma	CCA	3	cmalu	CCACA	431	5	39	475	0	0	cmalu	1096.0	90.7	1.1	8.2	cma	cmalu	475	43.3	cma	cmalu	1 2 3	rafsi	cmalu	1.5	(small)	x1 is small in property/dimension(s) x2 (ka) as compared with standard/norm x3.
cmal	CCAC	4	cmalu	CCACA	0	0	0	0	0	0	cmalu	1096.0	90.7	1.1	8.2	cmal	cmalu	0	0.0	cmal	cmalu		?	cmalu	1.5	(small)	x1 is small in property/dimension(s) x2 (ka) as compared with standard/norm x3.
cmalu	CCACA	5	cmalu	CCACA	0	0	0	0	621	0	cmalu	1096.0	90.7	1.1	8.2	cmalu	cmalu	621	56.7	cmalu	cmalu		?	cmalu	1.5	(small)	x1 is small in property/dimension(s) x2 (ka) as compared with standard/norm x3.
cmana	CCACA	5	cmana	CCACA	0	0	0	0	180	0	cmana	263.0	54.2	0.0	45.8	cmana	cmana	180	68.4	cmana	cmana		?	cmana	8.2	(mountain)	x1 is a mountain/hill/mound/[rise]/[peak]/[summit]/[highlands] projecting from land mass x2.
ma'a	CAA	3	cmana	CCACA	45	0	38	83	0	0	cmana	263.0	54.2	0.0	45.8	ma'a	cmana	83	31.6	ma'a	cmana	2 35 35	rafsi/cmavo	cmana	8.2	(mountain)	x1 is a mountain/hill/mound/[rise]/[peak]/[summit]/[highlands] projecting from land mass x2.
cmav	CCAC	4	cmavo	CCACA	0	0	0	0	0	0	cmavo	945.0	19.9	0.0	80.1	cmav	cmavo	0	0.0	cmav	cmavo		?	cmavo	2.1	(structure word)	
ma'o	CAA	3	cmavo	CCACA	188	0	757	945	0	0	cmavo	945.0	19.9	0.0	80.1	ma'o	cmavo	945	100.0	ma'o	cmavo	2 3 5	rafsi/cmavo	cmavo	2.1	(structure word)	
cme	CCA	3	cmene	CCACA	150	11	207	368	0	0	cmene	2115.0	40.8	3.0	56.3	cme	cmene	368	17.4	cme	cmene	1 2 35	rafsi	cmene	2.1	(name)	x1 (quoted word(s)) is a/the name/title/tag of x2 to/used-by namer/name-user x3 (person).
cmen	CCAC	4	cmene	CCACA	0	0	0	0	0	0	cmene	2115.0	40.8	3.0	56.3	cmen	cmene	0	0.0	cmen	cmene		?	cmene	2.1	(name)	x1 (quoted word(s)) is a/the name/title/tag of x2 to/used-by namer/name-user x3 (person).
cmene	CCACA	5	cmene	CCACA	0	0	0	0	1626	0	cmene	2115.0	40.8	3.0	56.3	cmene	cmene	1626	76.9	cmene	cmene		?	cmene	2.1	(name)	x1 (quoted word(s)) is a/the name/title/tag of x2 to/used-by namer/name-user x3 (person).
me'e	CAA	3	cmene	CCACA	0	0	9	9	0	112	cmene	2115.0	40.8	3.0	56.3	me'e	cmene	121	5.7	me'e	cmene	2 35 35	rafsi/cmavo	cmene	2.1	(name)	x1 (quoted word(s)) is a/the name/title/tag of x2 to/used-by namer/name-user x3 (person).
cmil	CCAC	4	cmila	CCACA	0	0	0	0	0	0	cmila	221.0	60.3	0.0	39.7	cmil	cmila	0	0.0	cmil	cmila		?	cmila	10.2	(laugh ‘smile’)	x1 laughs (emotional expression).
cmila	CCACA	5	cmila	CCACA	0	0	0	0	148	0	cmila	221.0	60.3	0.0	39.7	cmila	cmila	148	67.0	cmila	cmila		?	cmila	10.2	(laugh ‘smile’)	x1 laughs (emotional expression).
mi'a	CAA	3	cmila	CCACA	44	0	29	73	0	0	cmila	221.0	60.3	0.0	39.7	mi'a	cmila	73	33.0	mi'a	cmila	2 3 5	rafsi/cmavo	cmila	10.2	(laugh ‘smile’)	x1 laughs (emotional expression).
cmi	CCA	3	cmima	CCACA	24	83	152	259	0	0	cmima	1114.0	9.3	32.0	58.7	cmi	cmima	259	23.2	cmi	cmima	1 24 3	rafsi	cmima	1.1	(member)	x1 is a member/element of set x2; x1 belongs to group x2; x1 is amid/among/amongst group x2.
cmima	CCACA	5	cmima	CCACA	0	0	3	3	852	0	cmima	1114.0	9.3	32.0	58.7	cmima	cmima	855	76.8	cmima	cmima		?	cmima	1.1	(member)	x1 is a member/element of set x2; x1 belongs to group x2; x1 is amid/among/amongst group x2.
mim	CAC	3	cmima	CCACA	0	0	0	0	0	0	cmima	1114.0	9.3	32.0	58.7	mim	cmima	0	0.0	mim	cmima	24 3 24	rafsi	cmima	1.1	(member)	x1 is a member/element of set x2; x1 belongs to group x2; x1 is amid/among/amongst group x2.
cmo	CCA	3	cmoni	CCACA	20	0	10	30	0	0	cmoni	30.0	66.7	0.0	33.3	cmo	cmoni	30	100.0	cmo	cmoni	1 2 3	rafsi	cmoni	2.3	(moan)	x1 utters moan/groan/howl/scream [non-linguistic utterance] x2 expressing x3 (property).
na'o	CAA	3	cnano	CCACA	2	2	6	10	0	0	cnano	10.0	20.0	20.0	60.0	na'o	cnano	10	100.0	na'o	cnano	24 3 5	rafsi/cmavo	cnano	1.1	(norm)	x1 [value] is a norm/average in property/amount x2 (ka/ni) among x3(s) (set) by standard x4.
cnebo	CCACA	5	cnebo	CCACA	0	0	0	0	49	0	cnebo	96.0	100.0	0.0	0.0	cnebo	cnebo	49	51.0	cnebo	cnebo		?	cnebo	9.2.3	(neck)	x1 is a/the neck [body-part] of x2; [metaphor: a relatively narrow point].
ne'o	CAA	3	cnebo	CCACA	0	9	6	15	0	0	cnebo	96.0	100.0	0.0	0.0	ne'o	cnebo	15	15.6	ne'o	cnebo	2 3 5	rafsi/cmavo	cnebo	9.2.3	(neck)	x1 is a/the neck [body-part] of x2; [metaphor: a relatively narrow point].
neb	CAC	3	cnebo	CCACA	32	0	0	32	0	0	cnebo	96.0	100.0	0.0	0.0	neb	cnebo	32	33.3	neb	cnebo	2 3 4	rafsi	cnebo	9.2.3	(neck)	x1 is a/the neck [body-part] of x2; [metaphor: a relatively narrow point].
cnemu	CCACA	5	cnemu	CCACA	0	0	0	0	55	0	cnemu	142.0	0.0	0.0	100.0	cnemu	cnemu	55	38.7	cnemu	cnemu		?	cnemu	11.3.3	(reward)	x1 (agent) rewards x2 [recipient] for atypical x3 (event/property) with reward/desserts x4.
ne'u	CAA	3	cnemu	CCACA	0	0	85	85	0	0	cnemu	142.0	0.0	0.0	100.0	ne'u	cnemu	85	59.9	ne'u	cnemu	2 3 5	rafsi/cmavo	cnemu	11.3.3	(reward)	x1 (agent) rewards x2 [recipient] for atypical x3 (event/property) with reward/desserts x4.
nem	CAC	3	cnemu	CCACA	2	0	0	2	0	0	cnemu	142.0	0.0	0.0	100.0	nem	cnemu	2	1.4	nem	cnemu	2 3 4	rafsi	cnemu	11.3.3	(reward)	x1 (agent) rewards x2 [recipient] for atypical x3 (event/property) with reward/desserts x4.
cnic	CCAC	4	cnici	CCACA	0	0	0	0	0	0	cnici	83.0	53.7	46.3	0.0	cnic	cnici	0	0.0	cnic	cnici		?	cnici	1.2	(orderly ‘neat’)	x1 is orderly/neat/ordered in property/quantity x2 (ka/ni).
cnici	CCACA	5	cnici	CCACA	0	0	1	1	41	0	cnici	83.0	53.7	46.3	0.0	cnici	cnici	42	50.6	cnici	cnici		?	cnici	1.2	(orderly ‘neat’)	x1 is orderly/neat/ordered in property/quantity x2 (ka/ni).
nic	CAC	3	cnici	CCACA	22	19	0	41	0	0	cnici	83.0	53.7	46.3	0.0	nic	cnici	41	49.4	nic	cnici	2 35 14	rafsi	cnici	1.2	(orderly ‘neat’)	x1 is orderly/neat/ordered in property/quantity x2 (ka/ni).
cnin	CCAC	4	cnino	CCACA	0	0	0	0	0	0	cnino	779.0	79.6	20.4	0.0	cnin	cnino	0	0.0	cnin	cnino		?	cnino	10.3	(new)	x1 is new/unfamiliar/novel to observer x2 in feature x3 (ka) by standard x4; x1 is a novelty.
cnino	CCACA	5	cnino	CCACA	0	0	0	0	615	0	cnino	779.0	79.6	20.4	0.0	cnino	cnino	615	78.9	cnino	cnino		?	cnino	10.3	(new)	x1 is new/unfamiliar/novel to observer x2 in feature x3 (ka) by standard x4; x1 is a novelty.
ni'o	CAA	3	cnino	CCACA	0	0	22	22	0	0	cnino	779.0	79.6	20.4	0.0	ni'o	cnino	22	2.8	ni'o	cnino	24 3 5	rafsi/cmavo	cnino	10.3	(new)	x1 is new/unfamiliar/novel to observer x2 in feature x3 (ka) by standard x4; x1 is a novelty.
nin	CAC	3	cnino	CCACA	113	29	0	142	0	0	cnino	779.0	79.6	20.4	0.0	nin	cnino	142	18.2	nin	cnino	24 3 24	rafsi	cnino	10.3	(new)	x1 is new/unfamiliar/novel to observer x2 in feature x3 (ka) by standard x4; x1 is a novelty.
nis	CAC	3	cnisa	CCACA	2	0	0	2	0	0	cnisa	2.0	100.0	0.0	0.0	nis	cnisa	2	100.0	nis	cnisa	2 3 4	rafsi	cnisa	7.5.4	(lead)	x1 is a quantity of/contains/is made of lead (Pb); [metaphor: heavy, malleable, soft metal].
cnit	CCAC	4	cnita	CCACA	0	0	0	0	0	0	cnita	205.0	94.8	5.2	0.0	cnit	cnita	0	0.0	cnit	cnita		?	cnita	3.1	(beneath)	x1 is directly/vertically beneath/below/under/underneath/down from x2 in frame of reference x3.
ni'a	CAA	3	cnita	CCACA	19	1	6	26	0	83	cnita	205.0	94.8	5.2	0.0	ni'a	cnita	109	53.2	ni'a	cnita	2 3 5	rafsi/cmavo	cnita	3.1	(beneath)	x1 is directly/vertically beneath/below/under/underneath/down from x2 in frame of reference x3.
nit	CAC	3	cnita	CCACA	91	5	0	96	0	0	cnita	205.0	94.8	5.2	0.0	nit	cnita	96	46.8	nit	cnita	2 3 4	rafsi	cnita	3.1	(beneath)	x1 is directly/vertically beneath/below/under/underneath/down from x2 in frame of reference x3.
cko	CCA	3	cokcu	CACCA	5	0	34	39	0	0	cokcu	39.0	12.8	0.0	87.2	cko	cokcu	39	100.0	cko	cokcu	14 3 2	rafsi	cokcu	6.2.4	(soak up)	x1 soaks up/absorbs/sucks up x2 from x3 into x4; x1 is an absorbant.
cno	CCA	3	condi	CACCA	26	0	0	26	0	0	condi	149.0	91.1	1.6	7.3	cno	condi	26	17.4	cno	condi	1 3 2	rafsi	condi	3.4	(deep)	x1 is deep in extent in direction/property x2 away from reference point x3 by standard x4.
coi	CAA	3	condi	CACCA	112	2	9	123	0	0	condi	149.0	91.1	1.6	7.3	coi	condi	123	82.6	coi	condi	1 2 5	rafsi/cmavo	condi	3.4	(deep)	x1 is deep in extent in direction/property x2 away from reference point x3 by standard x4.
con	CAC	3	condi	CACCA	0	0	0	0	0	0	condi	149.0	91.1	1.6	7.3	con	condi	0	0.0	con	condi	1 2 3	rafsi	condi	3.4	(deep)	x1 is deep in extent in direction/property x2 away from reference point x3 by standard x4.
cor	CAC	3	cortu	CACCA	0	0	0	0	0	0	cortu	206.0	29.5	10.5	60.0	cor	cortu	0	0.0	cor	cortu	1 2 3	rafsi	cortu	9.4.5	(pain ‘hurt’)	x1 hurts/feels pain/hurt at locus x2.
cortu	CACCA	5	cortu	CACCA	0	0	0	0	101	0	cortu	206.0	29.5	10.5	60.0	cortu	cortu	101	49.0	cortu	cortu		?	cortu	9.4.5	(pain ‘hurt’)	x1 hurts/feels pain/hurt at locus x2.
cro	CCA	3	cortu	CACCA	31	11	63	105	0	0	cortu	206.0	29.5	10.5	60.0	cro	cortu	105	51.0	cro	cortu	1 3 2	rafsi	cortu	9.4.5	(pain ‘hurt’)	x1 hurts/feels pain/hurt at locus x2.
cpa	CCA	3	cpacu	CCACA	26	10	70	106	0	0	cpacu	106.0	24.5	9.4	66.0	cpa	cpacu	106	100.0	cpa	cpacu	14 2 3	rafsi	cpacu	11.3.1	(get ‘acquire’)	x1 gets/procures/acquires/obtains/accepts x2 from source x3 [previous possessor not implied].
cpan	CCAC	4	cpana	CCACA	2	0	0	2	0	0	cpana	455.0	0.0	0.0	100.0	cpan	cpana	2	0.4	cpan	cpana		?	cpana	3.1	(upon)	x1 is upon/atop/resting on/lying on [the upper surface of] x2 in frame of reference/gravity x3.
cpana	CCACA	5	cpana	CCACA	0	0	5	5	448	0	cpana	455.0	0.0	0.0	100.0	cpana	cpana	453	99.6	cpana	cpana		?	cpana	3.1	(upon)	x1 is upon/atop/resting on/lying on [the upper surface of] x2 in frame of reference/gravity x3.
cpare	CCACA	5	cpare	CCACA	2	0	18	20	153	0	cpare	182.0	10.0	0.0	90.0	cpare	cpare	173	95.1	cpare	cpare		?	cpare	6.1.2	(climb)	x1 climbs/clambers/creeps/crawls on surface x2 in direction x3 using x4 [limbs/tools].
par	CAC	3	cpare	CCACA	5	4	0	9	0	0	cpare	182.0	10.0	0.0	90.0	par	cpare	9	4.9	par	cpare	2 3 4	rafsi	cpare	6.1.2	(climb)	x1 climbs/clambers/creeps/crawls on surface x2 in direction x3 using x4 [limbs/tools].
cpe	CCA	3	cpedu	CCACA	23	2	125	150	0	0	cpedu	697.0	15.3	1.3	83.3	cpe	cpedu	150	21.5	cpe	cpedu	1 2 3	rafsi	cpedu	2.4	(request)	x1 requests/asks/petitions/solicits for x2 of/from x3 in manner/form x4.
cped	CCAC	4	cpedu	CCACA	0	0	0	0	0	0	cpedu	697.0	15.3	1.3	83.3	cped	cpedu	0	0.0	cped	cpedu		?	cpedu	2.4	(request)	x1 requests/asks/petitions/solicits for x2 of/from x3 in manner/form x4.
cpedu	CCACA	5	cpedu	CCACA	0	0	0	0	331	0	cpedu	697.0	15.3	1.3	83.3	cpedu	cpedu	331	47.5	cpedu	cpedu		?	cpedu	2.4	(request)	x1 requests/asks/petitions/solicits for x2 of/from x3 in manner/form x4.
pe'u	CAA	3	cpedu	CCACA				0	0	216	cpedu	697.0	15.3	1.3	83.3	pe'u	cpedu	216	31.0	pe'u	cpedu	2 3 5	cmavo	cpedu	2.4	(request)	x1 requests/asks/petitions/solicits for x2 of/from x3 in manner/form x4.
cpin	CCAC	4	cpina	CCACA	16	0	0	16	0	0	cpina	61.0	100.0	0.0	0.0	cpin	cpina	16	26.2	cpin	cpina		?	cpina	9.4	(pungent)	x1 is pungent/piquant/peppery/spicy/irritating to sense x2.
cpina	CCACA	5	cpina	CCACA	0	0	3	3	42	0	cpina	61.0	100.0	0.0	0.0	cpina	cpina	45	73.8	cpina	cpina		?	cpina	9.4	(pungent)	x1 is pungent/piquant/peppery/spicy/irritating to sense x2.
crad	CCAC	4	cradi	CCACA	2	0	0	2	0	0	cradi	35.0	0.0	0.0	100.0	crad	cradi	2	5.7	crad	cradi		?	cradi	2.2	(radio)	x1 broadcasts/transmits [using radio waves] x2 via station/frequency x3 to [radio] receiver x4.
cradi	CCACA	5	cradi	CCACA	0	0	5	5	28	0	cradi	35.0	0.0	0.0	100.0	cradi	cradi	33	94.3	cradi	cradi		?	cradi	2.2	(radio)	x1 broadcasts/transmits [using radio waves] x2 via station/frequency x3 to [radio] receiver x4.
ca'u	CAA	3	crane	CCACA				0	0	47	crane	136.0	56.2	7.9	36.0	ca'u	crane	47	34.6	ca'u	crane	1 3 	cmavo	crane	3.1	(front)	x1 is anterior/ahead/forward/(in/on) the front of x2 which faces/in-frame-of-reference x3.
cra	CCA	3	crane	CCACA	50	7	32	89	0	0	crane	136.0	56.2	7.9	36.0	cra	crane	89	65.4	cra	crane	1 2 3	rafsi	crane	3.1	(front)	x1 is anterior/ahead/forward/(in/on) the front of x2 which faces/in-frame-of-reference x3.
creka	CCACA	5	creka	CCACA	0	0	34	34	25	0	creka	59.0	0.0	0.0	100.0	creka	creka	59	100.0	creka	creka		?	creka	13.7	(shirt)	x1 is a shirt/blouse/top [upper-body garment - not necessarily sleeved or buttoned], material x2.
crepu	CCACA	5	crepu	CCACA	0	0	8	8	10	0	crepu	25.0	0.0	0.0	100.0	crepu	crepu	18	72.0	crepu	crepu		?	crepu	13.1	(harvest ‘reap’)	x1 (agent) harvests/reaps/gathers crop/product/objects x2 from source/area x3.
rep	CAC	3	crepu	CCACA	0	7	0	7	0	0	crepu	25.0	0.0	0.0	100.0	rep	crepu	7	28.0	rep	crepu	2 3 4	rafsi	crepu	13.1	(harvest ‘reap’)	x1 (agent) harvests/reaps/gathers crop/product/objects x2 from source/area x3.
cribe	CCACA	5	cribe	CCACA	0	0	9	9	416	0	cribe	431.0	0.0	0.0	100.0	cribe	cribe	425	98.6	cribe	cribe		?	cribe	9.2.2	(bear)	x1 is a bear/ursoid of species/breed x2.
rib	CAC	3	cribe	CCACA	6	0	0	6	0	0	cribe	431.0	0.0	0.0	100.0	rib	cribe	6	1.4	rib	cribe	2 3 4	rafsi	cribe	9.2.2	(bear)	x1 is a bear/ursoid of species/breed x2.
crida	CCACA	5	crida	CCACA	0	0	275	275	308	0	crida	632.0	0.0	0.0	100.0	crida	crida	583	92.2	crida	crida		?	crida	12.5	(fairy)	x1 is a fairy/elf/gnome/brownie/pixie/goblin/kobold [mythical humanoid] of mythos/religion x2.
rid	CAC	3	crida	CCACA	49	0	0	49	0	0	crida	632.0	0.0	0.0	100.0	rid	crida	49	7.8	rid	crida	2 3 4	rafsi	crida	12.5	(fairy)	x1 is a fairy/elf/gnome/brownie/pixie/goblin/kobold [mythical humanoid] of mythos/religion x2.
crin	CCAC	4	crino	CCACA	0	0	0	0	0	0	crino	228.0	28.8	0.0	71.2	crin	crino	0	0.0	crin	crino		?	crino	9.4.2	(green)	x1 is green/verdant [color adjective].
crino	CCACA	5	crino	CCACA	2	0	0	2	174	0	crino	228.0	28.8	0.0	71.2	crino	crino	176	77.2	crino	crino		?	crino	9.4.2	(green)	x1 is green/verdant [color adjective].
ri'o	CAA	3	crino	CCACA	15	0	37	52	0	0	crino	228.0	28.8	0.0	71.2	ri'o	crino	52	22.8	ri'o	crino	2 3 5	rafsi/cmavo	crino	9.4.2	(green)	x1 is green/verdant [color adjective].
cripu	CCACA	5	cripu	CCACA	0	0	5	5	34	0	cripu	45.0	33.3	66.7	0.0	cripu	cripu	39	86.7	cripu	cripu		?	cripu	13.5	(bridge)	x1 is a bridge/span over/across x2 between x3 and x4 [unordered, typically destination first].
rip	CAC	3	cripu	CCACA	2	4	0	6	0	0	cripu	45.0	33.3	66.7	0.0	rip	cripu	6	13.3	rip	cripu	2 3 4	rafsi	cripu	13.5	(bridge)	x1 is a bridge/span over/across x2 between x3 and x4 [unordered, typically destination first].
cis	CAC	3	crisa	CCACA	11	11	0	22	0	0	crisa	81.0	50.0	50.0	0.0	cis	crisa	22	27.2	cis	crisa	1 3 4	rafsi	crisa	4.2	(summer)	x1 is summer/summertime [hot season] of year x2 at location x3.
crisa	CCACA	5	crisa	CCACA	0	0	2	2	57	0	crisa	81.0	50.0	50.0	0.0	crisa	crisa	59	72.8	crisa	crisa		?	crisa	4.2	(summer)	x1 is summer/summertime [hot season] of year x2 at location x3.
critu	CCACA	5	critu	CCACA	0	0	2	2	34	0	critu	36.0	0.0	0.0	100.0	critu	critu	36	100.0	critu	critu		?	critu	4.2	(autumn)	x1 is autumn/fall [harvest/cooling season] of year x2 at location x3.
ctaru	CCACA	5	ctaru	CCACA	0	0	2	2	55	0	ctaru	57.0	0.0	0.0	100.0	ctaru	ctaru	57	100.0	ctaru	ctaru		?	ctaru	1.5	(tide)	x1 is a tide [cyclical/periodic expansion] in x2 caused by x3.
ctebi	CCACA	5	ctebi	CCACA	0	0	2	2	35	0	ctebi	40.0	100.0	0.0	0.0	ctebi	ctebi	37	92.5	ctebi	ctebi		?	ctebi	9.2.3	(lip ‘labial’)	x1 is a/the lip [body-part]/rim of orifice x2 of body x3; (adjective:) x1 is labial.
teb	CAC	3	ctebi	CCACA	3	0	0	3	0	0	ctebi	40.0	100.0	0.0	0.0	teb	ctebi	3	7.5	teb	ctebi	2 3 4	rafsi	ctebi	9.2.3	(lip ‘labial’)	x1 is a/the lip [body-part]/rim of orifice x2 of body x3; (adjective:) x1 is labial.
ce'i	CAA	3	cteki	CCACA	11	0	8	19	0	0	cteki	445.0	94.7	5.3	0.0	ce'i	cteki	19	4.3	ce'i	cteki	1 3 5	rafsi/cmavo	cteki	11.3.4	(tax)	x1 is a tax/levy/duty on goods/services/event x2 levied against x3 by authority/collector x4.
cteki	CCACA	5	cteki	CCACA	0	0	0	0	407	0	cteki	445.0	94.7	5.3	0.0	cteki	cteki	407	91.5	cteki	cteki		?	cteki	11.3.4	(tax)	x1 is a tax/levy/duty on goods/services/event x2 levied against x3 by authority/collector x4.
tek	CAC	3	cteki	CCACA	18	1	0	19	0	0	cteki	445.0	94.7	5.3	0.0	tek	cteki	19	4.3	tek	cteki	2 3 4	rafsi	cteki	11.3.4	(tax)	x1 is a tax/levy/duty on goods/services/event x2 levied against x3 by authority/collector x4.
ctil	CCAC	4	ctile	CCACA	3	0	0	3	0	0	ctile	20.0	100.0	0.0	0.0	ctil	ctile	3	15.0	ctil	ctile		?	ctile	8.2.3	(petroleum ‘oil’)	x1 is a quantity of petroleum/oil from source x2.
ctile	CCACA	5	ctile	CCACA	0	0	2	2	15	0	ctile	20.0	100.0	0.0	0.0	ctile	ctile	17	85.0	ctile	ctile		?	ctile	8.2.3	(petroleum ‘oil’)	x1 is a quantity of petroleum/oil from source x2.
ctino	CCACA	5	ctino	CCACA	0	0	0	0	106	0	ctino	147.0	78.0	0.0	22.0	ctino	ctino	106	72.1	ctino	ctino		?	ctino	9.4.2	(shadow ‘shade’)	x1 is a shadow/the shade of object x2, made by light/energy source x3.
ti'o	CAA	3	ctino	CCACA	32	0	9	41	0	0	ctino	147.0	78.0	0.0	22.0	ti'o	ctino	41	27.9	ti'o	ctino	2 3 5	rafsi/cmavo	ctino	9.4.2	(shadow ‘shade’)	x1 is a shadow/the shade of object x2, made by light/energy source x3.
ctu	CCA	3	ctuca	CCACA	68	0	206	274	0	0	ctuca	765.0	24.8	0.0	75.2	ctu	ctuca	274	35.8	ctu	ctuca	14 2 3	rafsi	ctuca	2.5	(teach)	x1 teaches audience x2 ideas/methods/lore x3 (du'u) about subject(s) x4 by method x5 (event).
ctuca	CCACA	5	ctuca	CCACA	0	0	0	0	491	0	ctuca	765.0	24.8	0.0	75.2	ctuca	ctuca	491	64.2	ctuca	ctuca		?	ctuca	2.5	(teach)	x1 teaches audience x2 ideas/methods/lore x3 (du'u) about subject(s) x4 by method x5 (event).
cuk	CAC	3	cukla	CACCA	18	4	0	22	0	0	cukla	83.0	81.8	18.2	0.0	cuk	cukla	22	26.5	cuk	cukla	1 2 3	rafsi	cukla	3.5.3	(round ‘circular’)	x1 is round/circular [2-dimensional shape/form]; x1 is a disk/circle/ring.
cukl	CACC	4	cukla	CACCA	0	0	0	0	0	0	cukla	83.0	81.8	18.2	0.0	cukl	cukla	0	0.0	cukl	cukla		?	cukla	3.5.3	(round ‘circular’)	x1 is round/circular [2-dimensional shape/form]; x1 is a disk/circle/ring.
cukla	CACCA	5	cukla	CACCA	0	0	6	6	55	0	cukla	83.0	81.8	18.2	0.0	cukla	cukla	61	73.5	cukla	cukla		?	cukla	3.5.3	(round ‘circular’)	x1 is round/circular [2-dimensional shape/form]; x1 is a disk/circle/ring.
cku	CCA	3	cukta	CACCA	110	30	506	646	0	0	cukta	2517.0	17.0	4.6	78.3	cku	cukta	646	25.7	cku	cukta	1 3 2	rafsi	cukta	2.2	(book)	x1 is a book containing work x2 by author x3 for audience x4 preserved in medium x5.
cukt	CACC	4	cukta	CACCA	0	0	0	0	0	0	cukta	2517.0	17.0	4.6	78.3	cukt	cukta	0	0.0	cukt	cukta		?	cukta	2.2	(book)	x1 is a book containing work x2 by author x3 for audience x4 preserved in medium x5.
cukta	CACCA	5	cukta	CACCA	0	0	4	4	1867	0	cukta	2517.0	17.0	4.6	78.3	cukta	cukta	1871	74.3	cukta	cukta		?	cukta	2.2	(book)	x1 is a book containing work x2 by author x3 for audience x4 preserved in medium x5.
clu	CCA	3	culno	CACCA	19	0	21	40	0	0	culno	251.0	47.5	0.0	52.5	clu	culno	40	15.9	clu	culno	1 3 2	rafsi	culno	3.5.5	(full)	x1 is full/completely filled with x2.
culn	CACC	4	culno	CACCA	0	0	0	0	0	0	culno	251.0	47.5	0.0	52.5	culn	culno	0	0.0	culn	culno		?	culno	3.5.5	(full)	x1 is full/completely filled with x2.
culno	CACCA	5	culno	CACCA	0	0	0	0	211	0	culno	251.0	47.5	0.0	52.5	culno	culno	211	84.1	culno	culno		?	culno	3.5.5	(full)	x1 is full/completely filled with x2.
cu'i	CAA	3	cumki	CACCA	6	0	86	92	0	0	cumki	798.0	6.5	0.0	93.5	cu'i	cumki	92	11.5	cu'i	cumki	1 2 5	rafsi/cmavo	cumki	5	(possible ‘maybe’)	x1 (event/state/property) is possible under conditions x2; x1 may/might occur; x1 is a maybe.
cum	CAC	3	cumki	CACCA	27	7	0	34	0	0	cumki	798.0	6.5	0.0	93.5	cum	cumki	34	4.3	cum	cumki	1 2 3	rafsi	cumki	5	(possible ‘maybe’)	x1 (event/state/property) is possible under conditions x2; x1 may/might occur; x1 is a maybe.
cumki	CACCA	5	cumki	CACCA	0	0	0	0	672	0	cumki	798.0	6.5	0.0	93.5	cumki	cumki	672	84.2	cumki	cumki		?	cumki	5	(possible ‘maybe’)	x1 (event/state/property) is possible under conditions x2; x1 may/might occur; x1 is a maybe.
cul	CAC	3	cumla	CACCA	4	0	0	4	0	0	cumla	41.0	0.0	0.0	100.0	cul	cumla	4	9.8	cul	cumla	1 2 4	rafsi	cumla	10.1	(humble ‘humility’)	x1 is humble/modest about x2 (abstraction); x1 displays humility about x2.
cumla	CACCA	5	cumla	CACCA	0	0	8	8	29	0	cumla	41.0	0.0	0.0	100.0	cumla	cumla	37	90.2	cumla	cumla		?	cumla	10.1	(humble ‘humility’)	x1 is humble/modest about x2 (abstraction); x1 displays humility about x2.
cunmi	CACCA	5	cunmi	CACCA	0	0	1	1	7	0	cunmi	8.0	0.0	0.0	100.0	cunmi	cunmi	8	100.0	cunmi	cunmi		?	cunmi	9.1.5	(millet)	x1 is a quantity of millet [grain] of species/strain x2.
cu'o	CAA	3	cunso	CACCA	0	0	5	5	0	27	cunso	245.0	100.0	0.0	0.0	cu'o	cunso	32	13.1	cu'o	cunso	1 2 5	rafsi/cmavo	cunso	1.2	(random ‘chance’)	x1 is random/fortuitous/unpredictable under conditions x2, with probability distribution x3.
cun	CAC	3	cunso	CACCA	158	0	0	158	0	0	cunso	245.0	100.0	0.0	0.0	cun	cunso	158	64.5	cun	cunso	1 2 3	rafsi	cunso	1.2	(random ‘chance’)	x1 is random/fortuitous/unpredictable under conditions x2, with probability distribution x3.
cunso	CACCA	5	cunso	CACCA	0	0	1	1	54	0	cunso	245.0	100.0	0.0	0.0	cunso	cunso	55	22.4	cunso	cunso		?	cunso	1.2	(random ‘chance’)	x1 is random/fortuitous/unpredictable under conditions x2, with probability distribution x3.
cu'u	CAA	3	cuntu	CACCA	41	0	54	95	0	0	cuntu	95.0	43.2	0.0	56.8	cu'u	cuntu	95	100.0	cu'u	cuntu	1 25 25	rafsi/cmavo	cuntu	5.3	(affair)	x1 is an affair/organized activity involving person(s) x2 (ind./mass); x1 is x2's business.
pra	CCA	3	cupra	CACCA	36	0	80	116	0	0	cupra	116.0	31.0	0.0	69.0	pra	cupra	116	100.0	pra	cupra	3 4 5	rafsi	cupra	13.1	(produce)	x1 produces x2 [product] by process x3.
cru	CCA	3	curmi	CACCA	12	17	157	186	0	0	curmi	567.0	6.5	9.1	84.4	cru	curmi	186	32.8	cru	curmi	1 3 2	rafsi	curmi	5.3.1	(let ‘permit’)	x1 (agent) lets/permits/allows x2 (event) under conditions x3; x1 grants privilege x2.
curmi	CACCA	5	curmi	CACCA	0	0	0	0	381	0	curmi	567.0	6.5	9.1	84.4	curmi	curmi	381	67.2	curmi	curmi		?	curmi	5.3.1	(let ‘permit’)	x1 (agent) lets/permits/allows x2 (event) under conditions x3; x1 grants privilege x2.
cur	CAC	3	curnu	CACCA	10	0	0	10	0	0	curnu	74.0	0.0	0.0	100.0	cur	curnu	10	13.5	cur	curnu	1 25 3	rafsi	curnu	9.2.1	(worm)	x1 is a worm/invertebrate animal of species/breed x2.
curnu	CACCA	5	curnu	CACCA	0	0	22	22	42	0	curnu	74.0	0.0	0.0	100.0	curnu	curnu	64	86.5	curnu	curnu		?	curnu	9.2.1	(worm)	x1 is a worm/invertebrate animal of species/breed x2.
curv	CACC	4	curve	CACCA	0	0	0	0	0	0	curve	439.0	39.4	60.6	0.0	curv	curve	0	0.0	curv	curve		?	curve	10.3	(pure)	x1 is pure/unadulterated/unmitigated/simple in property x2 (ka).
curve	CACCA	5	curve	CACCA	0	0	3	3	403	0	curve	439.0	39.4	60.6	0.0	curve	curve	406	92.5	curve	curve		?	curve	10.3	(pure)	x1 is pure/unadulterated/unmitigated/simple in property x2 (ka).
cuv	CAC	3	curve	CACCA	13	20	0	33	0	0	curve	439.0	39.4	60.6	0.0	cuv	curve	33	7.5	cuv	curve	1 2 4	rafsi	curve	10.3	(pure)	x1 is pure/unadulterated/unmitigated/simple in property x2 (ka).
cu'u	CAA	3	cusku	CACCA				0	0	512	cusku	10318.0	8.9	4.6	86.4	cu'u	cusku	512	5.0	cu'u	cusku	1 25 25	cmavo	cusku	2.3	(express)	x1 (agent) expresses/says x2 (sedu'u/text/lu'e concept) for audience x3 via expressive medium x4.
cus	CAC	3	cusku	CACCA	0	0	0	0	0	0	cusku	10318.0	8.9	4.6	86.4	cus	cusku	0	0.0	cus	cusku	1 25 3	rafsi	cusku	2.3	(express)	x1 (agent) expresses/says x2 (sedu'u/text/lu'e concept) for audience x3 via expressive medium x4.
cusku	CACCA	5	cusku	CACCA	0	0	1	1	8071	0	cusku	10318.0	8.9	4.6	86.4	cusku	cusku	8072	78.2	cusku	cusku		?	cusku	2.3	(express)	x1 (agent) expresses/says x2 (sedu'u/text/lu'e concept) for audience x3 via expressive medium x4.
sku	CCA	3	cusku	CACCA	155	80	1499	1734	0	0	cusku	10318.0	8.9	4.6	86.4	sku	cusku	1734	16.8	sku	cusku	3 4 25	rafsi	cusku	2.3	(express)	x1 (agent) expresses/says x2 (sedu'u/text/lu'e concept) for audience x3 via expressive medium x4.
cuc	CAC	3	cutci	CACCA	76	5	0	81	0	0	cutci	553.0	93.8	6.2	0.0	cuc	cutci	81	14.6	cuc	cutci	14 2 14	rafsi	cutci	13.7	(shoe)	x1 is a shoe/boot/sandal for covering/protecting [feet/hooves] x2, and of material x3.
cutc	CACC	4	cutci	CACCA	3	0	0	3	0	0	cutci	553.0	93.8	6.2	0.0	cutc	cutci	3	0.5	cutc	cutci		?	cutci	13.7	(shoe)	x1 is a shoe/boot/sandal for covering/protecting [feet/hooves] x2, and of material x3.
cutci	CACCA	5	cutci	CACCA	0	0	49	49	420	0	cutci	553.0	93.8	6.2	0.0	cutci	cutci	469	84.8	cutci	cutci		?	cutci	13.7	(shoe)	x1 is a shoe/boot/sandal for covering/protecting [feet/hooves] x2, and of material x3.
cut	CAC	3	cutne	CACCA	24	0	0	24	0	0	cutne	60.0	100.0	0.0	0.0	cut	cutne	24	40.0	cut	cutne	1 2 3	rafsi	cutne	9.2.3	(chest)	x1 is a/the chest/thorax/upper trunk/[rib cage/breast] [body-part] of x2.
cutne	CACCA	5	cutne	CACCA	0	0	1	1	35	0	cutne	60.0	100.0	0.0	0.0	cutne	cutne	36	60.0	cutne	cutne		?	cutne	9.2.3	(chest)	x1 is a/the chest/thorax/upper trunk/[rib cage/breast] [body-part] of x2.
cu'a	CAA	3	cuxna	CACCA	1	5	35	41	0	0	cuxna	271.0	2.4	12.2	85.4	cu'a	cuxna	41	15.1	cu'a	cuxna	1 2 5	rafsi/cmavo	cuxna	1.1	(choose)	x1 chooses/selects x2 [choice] from set/sequence of alternatives x3 (complete set).
cux	CAC	3	cuxna	CACCA	10	0	0	10	0	0	cuxna	271.0	2.4	12.2	85.4	cux	cuxna	10	3.7	cux	cuxna	1 2 3	rafsi	cuxna	1.1	(choose)	x1 chooses/selects x2 [choice] from set/sequence of alternatives x3 (complete set).
cuxna	CACCA	5	cuxna	CACCA	0	0	0	0	220	0	cuxna	271.0	2.4	12.2	85.4	cuxna	cuxna	220	81.2	cuxna	cuxna		?	cuxna	1.1	(choose)	x1 chooses/selects x2 [choice] from set/sequence of alternatives x3 (complete set).
dacru	CACCA	5	dacru	CACCA	0	0	2	2	24	0	dacru	26.0	0.0	0.0	100.0	dacru	dacru	26	100.0	dacru	dacru		?	dacru	13.3.2	(drawer)	x1 is a drawer/file in structure x2, a [sliding compartment] container for contents x3.
dai	CAA	3	dacti	CACCA	10	4	47	61	0	0	dacti	61.0	16.4	6.6	77.0	dai	dacti	61	100.0	dai	dacti	1 2 5	rafsi/cmavo	dacti	7.1	(object ‘thing’)	x1 is a material object enduring in space-time; x1 is a thing.
dadjo	CACCA	5	dadjo	CACCA	0	0	1	1	80	0	dadjo	85.0	100.0	0.0	0.0	dadjo	dadjo	81	95.3	dadjo	dadjo		?	dadjo	12.5.1	(Taoist)	
daj	CAC	3	dadjo	CACCA	4	0	0	4	0	0	dadjo	85.0	100.0	0.0	0.0	daj	dadjo	4	4.7	daj	dadjo	13 2 4	rafsi	dadjo	12.5.1	(Taoist)	
dak	CAC	3	dakfu	CACCA	68	47	0	115	0	0	dakfu	255.0	59.1	40.9	0.0	dak	dakfu	115	45.1	dak	dakfu	1 2 3	rafsi	dakfu	13.3.1	(knife)	x1 is a knife (tool) for cutting x2, with blade of material x3.
dakf	CACC	4	dakfu	CACCA	0	0	0	0	0	0	dakfu	255.0	59.1	40.9	0.0	dakf	dakfu	0	0.0	dakf	dakfu		?	dakfu	13.3.1	(knife)	x1 is a knife (tool) for cutting x2, with blade of material x3.
dakfu	CACCA	5	dakfu	CACCA	0	0	57	57	83	0	dakfu	255.0	59.1	40.9	0.0	dakfu	dakfu	140	54.9	dakfu	dakfu		?	dakfu	13.3.1	(knife)	x1 is a knife (tool) for cutting x2, with blade of material x3.
dakl	CACC	4	dakli	CACCA	1	0	0	1	0	0	dakli	46.0	0.0	0.0	100.0	dakl	dakli	1	2.2	dakl	dakli		?	dakli	13.3.2	(sack)	x1 is a sack/bag with contents x2, and of material x3.
dakli	CACCA	5	dakli	CACCA	0	0	6	6	39	0	dakli	46.0	0.0	0.0	100.0	dakli	dakli	45	97.8	dakli	dakli		?	dakli	13.3.2	(sack)	x1 is a sack/bag with contents x2, and of material x3.
da'a	CAA	3	damba	CACCA	33	13	71	117	0	0	damba	377.0	28.2	11.1	60.7	da'a	damba	117	31.0	da'a	damba	1 25 25	rafsi/cmavo	damba	5.3.2	(fight ‘combat’)	x1 fights/combats/struggles with x2 over issue x3 (abstract); x1 is a fighter/combatant.
dab	CAC	3	damba	CACCA	27	0	0	27	0	0	damba	377.0	28.2	11.1	60.7	dab	damba	27	7.2	dab	damba	1 25 4	rafsi	damba	5.3.2	(fight ‘combat’)	x1 fights/combats/struggles with x2 over issue x3 (abstract); x1 is a fighter/combatant.
damb	CACC	4	damba	CACCA	0	0	0	0	0	0	damba	377.0	28.2	11.1	60.7	damb	damba	0	0.0	damb	damba		?	damba	5.3.2	(fight ‘combat’)	x1 fights/combats/struggles with x2 over issue x3 (abstract); x1 is a fighter/combatant.
damba	CACCA	5	damba	CACCA	0	0	0	0	233	0	damba	377.0	28.2	11.1	60.7	damba	damba	233	61.8	damba	damba		?	damba	5.3.2	(fight ‘combat’)	x1 fights/combats/struggles with x2 over issue x3 (abstract); x1 is a fighter/combatant.
damr	CACC	4	damri	CACCA	0	0	0	0	0	0	damri	21.0	0.0	0.0	100.0	damr	damri	0	0.0	damr	damri		?	damri	12.6	(drum)	x1 is a drum/cymbal/gong [percussion musical instrument] with beater/actuator x2.
damri	CACCA	5	damri	CACCA	0	0	8	8	13	0	damri	21.0	0.0	0.0	100.0	damri	damri	21	100.0	damri	damri		?	damri	12.6	(drum)	x1 is a drum/cymbal/gong [percussion musical instrument] with beater/actuator x2.
dad	CAC	3	dandu	CACCA	28	5	0	33	0	0	dandu	123.0	84.8	15.2	0.0	dad	dandu	33	26.8	dad	dandu	14 2 14	rafsi	dandu	6.1.3	(hang ‘dangle, suspend’)	x1 hangs/dangles/is suspended from x2 by/at/with joint x3.
dand	CACC	4	dandu	CACCA	0	0	0	0	0	0	dandu	123.0	84.8	15.2	0.0	dand	dandu	0	0.0	dand	dandu		?	dandu	6.1.3	(hang ‘dangle, suspend’)	x1 hangs/dangles/is suspended from x2 by/at/with joint x3.
dandu	CACCA	5	dandu	CACCA	0	0	25	25	65	0	dandu	123.0	84.8	15.2	0.0	dandu	dandu	90	73.2	dandu	dandu		?	dandu	6.1.3	(hang ‘dangle, suspend’)	x1 hangs/dangles/is suspended from x2 by/at/with joint x3.
daf	CAC	3	danfu	CACCA	19	0	0	19	0	0	danfu	517.0	0.0	0.0	100.0	daf	danfu	19	3.7	daf	danfu	1 2 4	rafsi	danfu	2.4	(answer)	x1 is the answer/response/solution/[reply] to question/problem x2.
danf	CACC	4	danfu	CACCA	0	0	0	0	0	0	danfu	517.0	0.0	0.0	100.0	danf	danfu	0	0.0	danf	danfu		?	danfu	2.4	(answer)	x1 is the answer/response/solution/[reply] to question/problem x2.
danfu	CACCA	5	danfu	CACCA	0	0	26	26	472	0	danfu	517.0	0.0	0.0	100.0	danfu	danfu	498	96.3	danfu	danfu		?	danfu	2.4	(answer)	x1 is the answer/response/solution/[reply] to question/problem x2.
da'u	CAA	3	danlu	CACCA	0	0	35	35	0	0	danlu	382.0	93.8	6.2	0.0	da'u	danlu	35	9.2	da'u	danlu	1 2 5	rafsi/cmavo	danlu	9.2	(animal)	x1 is an animal/creature of species x2; x1 is biologically animate.
dal	CAC	3	danlu	CACCA	76	5	0	81	0	0	danlu	382.0	93.8	6.2	0.0	dal	danlu	81	21.2	dal	danlu	1 2 4	rafsi	danlu	9.2	(animal)	x1 is an animal/creature of species x2; x1 is biologically animate.
danlu	CACCA	5	danlu	CACCA	0	0	0	0	266	0	danlu	382.0	93.8	6.2	0.0	danlu	danlu	266	69.6	danlu	danlu		?	danlu	9.2	(animal)	x1 is an animal/creature of species x2; x1 is biologically animate.
dam	CAC	3	danmo	CACCA	26	16	0	42	0	0	danmo	126.0	61.9	38.1	0.0	dam	danmo	42	33.3	dam	danmo	1 2 4	rafsi	danmo	7.5.1	(smoke)	x1 is made of/contains/is a quantity of smoke/smog/air pollution from source x2.
danmo	CACCA	5	danmo	CACCA	0	0	24	24	60	0	danmo	126.0	61.9	38.1	0.0	danmo	danmo	84	66.7	danmo	danmo		?	danmo	7.5.1	(smoke)	x1 is made of/contains/is a quantity of smoke/smog/air pollution from source x2.
da'e	CAA	3	danre	CACCA	7	6	16	29	0	0	danre	65.0	24.1	20.7	55.2	da'e	danre	29	44.6	da'e	danre	1 2 5	rafsi/cmavo	danre	6.2.1	(pressure)	x1 (force) puts pressure on/presses/applies force to x2.
danre	CACCA	5	danre	CACCA	0	0	0	0	36	0	danre	65.0	24.1	20.7	55.2	danre	danre	36	55.4	danre	danre		?	danre	6.2.1	(pressure)	x1 (force) puts pressure on/presses/applies force to x2.
dans	CACC	4	dansu	CACCA	1	0	0	1	0	0	dansu	191.0	3.3	0.0	96.7	dans	dansu	1	0.5	dans	dansu		?	dansu	12.6	(dance)	x1 (individual, mass) dances to accompaniment/music/rhythm x2.
dansu	CACCA	5	dansu	CACCA	1	0	29	30	160	0	dansu	191.0	3.3	0.0	96.7	dansu	dansu	190	99.5	dansu	dansu		?	dansu	12.6	(dance)	x1 (individual, mass) dances to accompaniment/music/rhythm x2.
dan	CAC	3	danti	CACCA	33	13	0	46	0	0	danti	150.0	71.7	28.3	0.0	dan	danti	46	30.7	dan	danti	1 2 3	rafsi	danti	13.3.3	(projectile)	x1 is a ballistic projectile [e.g. bullet/missile] for firing by [gun/propelling launcher] x2.
dant	CACC	4	danti	CACCA	0	0	0	0	0	0	danti	150.0	71.7	28.3	0.0	dant	danti	0	0.0	dant	danti		?	danti	13.3.3	(projectile)	x1 is a ballistic projectile [e.g. bullet/missile] for firing by [gun/propelling launcher] x2.
danti	CACCA	5	danti	CACCA	0	0	37	37	67	0	danti	150.0	71.7	28.3	0.0	danti	danti	104	69.3	danti	danti		?	danti	13.3.3	(projectile)	x1 is a ballistic projectile [e.g. bullet/missile] for firing by [gun/propelling launcher] x2.
daplu	CACCA	5	daplu	CACCA	0	0	0	0	14	0	daplu	101.0	5.7	34.5	59.8	daplu	daplu	14	13.9	daplu	daplu		?	daplu	8.2.1	(island)	x1 is an island/atoll/key of [material/properties] x2 in surroundings/body x3; x1 is insular.
plu	CCA	3	daplu	CACCA	5	30	52	87	0	0	daplu	101.0	5.7	34.5	59.8	plu	daplu	87	86.1	plu	daplu	3 4 5	rafsi	daplu	8.2.1	(island)	x1 is an island/atoll/key of [material/properties] x2 in surroundings/body x3; x1 is insular.
dap	CAC	3	dapma	CACCA	25	5	0	30	0	0	dapma	120.0	0.0	0.0	100.0	dap	dapma	30	25.0	dap	dapma	1 25 3	rafsi	dapma	10.2	(curse ‘damn’)	x1 curses/damns/condemns x2 to fate (event) x3.
dapm	CACC	4	dapma	CACCA	0	0	0	0	0	0	dapma	120.0	0.0	0.0	100.0	dapm	dapma	0	0.0	dapm	dapma		?	dapma	10.2	(curse ‘damn’)	x1 curses/damns/condemns x2 to fate (event) x3.
dapma	CACCA	5	dapma	CACCA	0	0	53	53	37	0	dapma	120.0	0.0	0.0	100.0	dapma	dapma	90	75.0	dapma	dapma		?	dapma	10.2	(curse ‘damn’)	x1 curses/damns/condemns x2 to fate (event) x3.
dag	CAC	3	dargu	CACCA	11	0	0	11	0	0	dargu	221.0	100.0	0.0	0.0	dag	dargu	11	5.0	dag	dargu	1 2 4	rafsi	dargu	13.5	(road)	x1 is a road/highway to x2 from x3 with route x4 (x2/x3 may be unordered).
darg	CACC	4	dargu	CACCA	0	0	0	0	0	0	dargu	221.0	100.0	0.0	0.0	darg	dargu	0	0.0	darg	dargu		?	dargu	13.5	(road)	x1 is a road/highway to x2 from x3 with route x4 (x2/x3 may be unordered).
dargu	CACCA	5	dargu	CACCA	0	0	3	3	207	0	dargu	221.0	100.0	0.0	0.0	dargu	dargu	210	95.0	dargu	dargu		?	dargu	13.5	(road)	x1 is a road/highway to x2 from x3 with route x4 (x2/x3 may be unordered).
darlu	CACCA	5	darlu	CACCA	0	0	0	0	171	0	darlu	197.0	26.9	7.7	65.4	darlu	darlu	171	86.8	darlu	darlu		?	darlu	2.4	(argue)	x1 argues for stand x2 against stand x3; [an opponent is not necessary].
dau	CAA	3	darlu	CACCA	7	2	17	26	0	0	darlu	197.0	26.9	7.7	65.4	dau	darlu	26	13.2	dau	darlu	1 2 5	rafsi/cmavo	darlu	2.4	(argue)	x1 argues for stand x2 against stand x3; [an opponent is not necessary].
da'o	CAA	3	darno	CACCA	11	0	9	20	0	0	darno	270.0	85.5	14.5	0.0	da'o	darno	20	7.4	da'o	darno	1 2 5	rafsi/cmavo	darno	3.1	(far)	x1 is far/distant from x2 in property x3 (ka).
dar	CAC	3	darno	CACCA	47	8	0	55	0	0	darno	270.0	85.5	14.5	0.0	dar	darno	55	20.4	dar	darno	1 2 3	rafsi	darno	3.1	(far)	x1 is far/distant from x2 in property x3 (ka).
darno	CACCA	5	darno	CACCA	0	0	0	0	195	0	darno	270.0	85.5	14.5	0.0	darno	darno	195	72.2	darno	darno		?	darno	3.1	(far)	x1 is far/distant from x2 in property x3 (ka).
dars	CACC	4	darsi	CACCA	1	0	0	1	0	0	darsi	31.0	0.0	0.0	100.0	dars	darsi	1	3.2	dars	darsi		?	darsi	10.3	(audacity ‘dare’)	x1 shows audacity/chutzpah in behavior x2 (event/activity); x1 dares to do/be x2 (event/ka).
darsi	CACCA	5	darsi	CACCA	0	0	6	6	24	0	darsi	31.0	0.0	0.0	100.0	darsi	darsi	30	96.8	darsi	darsi		?	darsi	10.3	(audacity ‘dare’)	x1 shows audacity/chutzpah in behavior x2 (event/activity); x1 dares to do/be x2 (event/ka).
da'i	CAA	3	darxi	CACCA	9	7	121	137	0	0	darxi	508.0	6.6	5.1	88.3	da'i	darxi	137	27.0	da'i	darxi	1 2 5	rafsi/cmavo	darxi	6.2.2	(hit)	x1 hits/strikes/[beats] x2 with instrument [or body-part] x3 at locus x4.
darxi	CACCA	5	darxi	CACCA	0	0	9	9	348	0	darxi	508.0	6.6	5.1	88.3	darxi	darxi	357	70.3	darxi	darxi		?	darxi	6.2.2	(hit)	x1 hits/strikes/[beats] x2 with instrument [or body-part] x3 at locus x4.
dax	CAC	3	darxi	CACCA	10	4	0	14	0	0	darxi	508.0	6.6	5.1	88.3	dax	darxi	14	2.8	dax	darxi	1 2 4	rafsi	darxi	6.2.2	(hit)	x1 hits/strikes/[beats] x2 with instrument [or body-part] x3 at locus x4.
dask	CACC	4	daski	CACCA	17	1	0	18	0	0	daski	76.0	94.4	5.6	0.0	dask	daski	18	23.7	dask	daski		?	daski	13.7	(pocket)	x1 is a pocket/pouch of/in garment/item x2.
daski	CACCA	5	daski	CACCA	0	0	4	4	54	0	daski	76.0	94.4	5.6	0.0	daski	daski	58	76.3	daski	daski		?	daski	13.7	(pocket)	x1 is a pocket/pouch of/in garment/item x2.
das	CAC	3	dasni	CACCA	7	4	0	11	0	0	dasni	213.0	63.6	36.4	0.0	das	dasni	11	5.2	das	dasni	1 2 3	rafsi	dasni	13.7	(wear)	x1 wears/is robed/garbed in x2 as a garment of type x3.
dasni	CACCA	5	dasni	CACCA	0	0	4	4	198	0	dasni	213.0	63.6	36.4	0.0	dasni	dasni	202	94.8	dasni	dasni		?	dasni	13.7	(wear)	x1 wears/is robed/garbed in x2 as a garment of type x3.
dasp	CACC	4	daspo	CACCA	0	0	0	0	0	0	daspo	175.0	19.8	0.0	80.2	dasp	daspo	0	0.0	dasp	daspo		?	daspo	6.2.1	(destroy ‘despoil’)	x1 (event) destroys/ruins/wrecks/despoils x2; x1 is destructive.
daspo	CACCA	5	daspo	CACCA	0	0	0	0	84	0	daspo	175.0	19.8	0.0	80.2	daspo	daspo	84	48.0	daspo	daspo		?	daspo	6.2.1	(destroy ‘despoil’)	x1 (event) destroys/ruins/wrecks/despoils x2; x1 is destructive.
spo	CCA	3	daspo	CACCA	18	0	73	91	0	0	daspo	175.0	19.8	0.0	80.2	spo	daspo	91	52.0	spo	daspo	3 4 5	rafsi	daspo	6.2.1	(destroy ‘despoil’)	x1 (event) destroys/ruins/wrecks/despoils x2; x1 is destructive.
sri	CCA	3	dasri	CACCA	71	4	90	165	0	0	dasri	165.0	43.0	2.4	54.5	sri	dasri	165	100.0	sri	dasri	3 4 5	rafsi	dasri	3.5.5	(ribbon)	x1 is a ribbon/tape/strip/band/stripe of material x2.
datk	CACC	4	datka	CACCA	16	0	0	16	0	0	datka	69.0	100.0	0.0	0.0	datk	datka	16	23.2	datk	datka		?	datka	9.2.2	(duck)	x1 is a duck/[drake] of species/breed x2.
datka	CACCA	5	datka	CACCA	0	0	2	2	51	0	datka	69.0	100.0	0.0	0.0	datka	datka	53	76.8	datka	datka		?	datka	9.2.2	(duck)	x1 is a duck/[drake] of species/breed x2.
datn	CACC	4	datni	CACCA	21	2	0	23	0	0	datni	183.0	91.3	8.7	0.0	datn	datni	23	12.6	datn	datni		?	datni	2.5	(data)	x1 (du'u) [fact/measurement] is data/information/statistic(s) about x2 gathered by method x3.
datni	CACCA	5	datni	CACCA	0	0	14	14	146	0	datni	183.0	91.3	8.7	0.0	datni	datni	160	87.4	datni	datni		?	datni	2.5	(data)	x1 (du'u) [fact/measurement] is data/information/statistic(s) about x2 gathered by method x3.
decti	CACCA	5	decti	CACCA	0	0	2	2	6	0	decti	8.0	0.0	0.0	100.0	decti	decti	8	100.0	decti	decti		?	decti	7.4.3	(.1 metric ‘deci’)	
deg	CAC	3	degji	CACCA	59	16	0	75	0	0	degji	252.0	78.7	21.3	0.0	deg	degji	75	29.8	deg	degji	1 2 3	rafsi	degji	9.2.3	(finger ‘digit’)	x1 is a/the finger/digit/toe [body-part] on limb/body site x2 of body x3; [metaphor: peninsula].
degj	CACC	4	degji	CACCA	0	0	0	0	0	0	degji	252.0	78.7	21.3	0.0	degj	degji	0	0.0	degj	degji		?	degji	9.2.3	(finger ‘digit’)	x1 is a/the finger/digit/toe [body-part] on limb/body site x2 of body x3; [metaphor: peninsula].
degji	CACCA	5	degji	CACCA	0	0	52	52	125	0	degji	252.0	78.7	21.3	0.0	degji	degji	177	70.2	degji	degji		?	degji	9.2.3	(finger ‘digit’)	x1 is a/the finger/digit/toe [body-part] on limb/body site x2 of body x3; [metaphor: peninsula].
dejni	CACCA	5	dejni	CACCA	0	0	15	15	12	0	dejni	27.0	0.0	0.0	100.0	dejni	dejni	27	100.0	dejni	dejni		?	dejni	11.3.1	(owe ‘debt-or’)	x1 owes x2 in debt/obligation to creditor x3 in return for x4 [service, loan]; x1 is a debtor.
dekpu	CACCA	5	dekpu	CACCA	0	0	15	15	12	0	dekpu	27.0	0.0	0.0	100.0	dekpu	dekpu	27	100.0	dekpu	dekpu		?	dekpu	7.4.2	(gallon ‘peck’)	x1 is x2 (default 1) local volume unit(s) [non-metric; e.g. bushel], standard x3, x4 subunits.
dek	CAC	3	dekto	CACCA	5	0	0	5	0	0	dekto	19.0	100.0	0.0	0.0	dek	dekto	5	26.3	dek	dekto	1 2 3	rafsi	dekto	7.4.3	(10 metric ‘deka’)	
dekto	CACCA	5	dekto	CACCA	0	0	2	2	12	0	dekto	19.0	100.0	0.0	0.0	dekto	dekto	14	73.7	dekto	dekto		?	dekto	7.4.3	(10 metric ‘deka’)	
de'o	CAA	3	delno	CACCA	0	0	2	2	0	0	delno	5.0	100.0	0.0	0.0	de'o	delno	2	40.0	de'o	delno	1 2 5	rafsi/cmavo	delno	7.4.1	(candela ‘candle-power’)	
del	CAC	3	delno	CACCA	3	0	0	3	0	0	delno	5.0	100.0	0.0	0.0	del	delno	3	60.0	del	delno	1 2 3	rafsi	delno	7.4.1	(candela ‘candle-power’)	
dembi	CACCA	5	dembi	CACCA	0	0	3	3	166	0	dembi	169.0	0.0	0.0	100.0	dembi	dembi	169	100.0	dembi	dembi		?	dembi	9.1.1	(bean)	x1 is a bean/pea/leguminous seed from plant [legume] x2.
de'i	CAA	3	denci	CACCA	0	2	7	9	0	0	denci	48.0	53.8	46.2	0.0	de'i	denci	9	18.8	de'i	denci	1 2 5	rafsi/cmavo	denci	9.2.3	(tooth ‘dental’)	x1 is a/the tooth [body-part] of x2; (adjective:) x1 is dental.
den	CAC	3	denci	CACCA	21	18	0	39	0	0	denci	48.0	53.8	46.2	0.0	den	denci	39	81.3	den	denci	1 2 3	rafsi	denci	9.2.3	(tooth ‘dental’)	x1 is a/the tooth [body-part] of x2; (adjective:) x1 is dental.
dem	CAC	3	denmi	CACCA	39	11	0	50	0	0	denmi	160.0	78.0	22.0	0.0	dem	denmi	50	31.3	dem	denmi	1 2 4	rafsi	denmi	7.3	(dense)	x1 is dense/concentrated/packed/intense in property x2 (ka) at location/locus x3.
denmi	CACCA	5	denmi	CACCA	0	0	12	12	98	0	denmi	160.0	78.0	22.0	0.0	denmi	denmi	110	68.8	denmi	denmi		?	denmi	7.3	(dense)	x1 is dense/concentrated/packed/intense in property x2 (ka) at location/locus x3.
de'a	CAA	3	denpa	CACCA	11	0	11	22	0	0	denpa	497.0	100.0	0.0	0.0	de'a	denpa	22	4.4	de'a	denpa	1 2 5	rafsi/cmavo	denpa	5.2	(wait ‘pause’)	x1 awaits/waits/pauses for/until x2 at state x3 before starting/continuing x4 (activity/process).
denp	CACC	4	denpa	CACCA	0	0	0	0	0	0	denpa	497.0	100.0	0.0	0.0	denp	denpa	0	0.0	denp	denpa		?	denpa	5.2	(wait ‘pause’)	x1 awaits/waits/pauses for/until x2 at state x3 before starting/continuing x4 (activity/process).
denpa	CACCA	5	denpa	CACCA	0	0	0	0	412	0	denpa	497.0	100.0	0.0	0.0	denpa	denpa	412	82.9	denpa	denpa		?	denpa	5.2	(wait ‘pause’)	x1 awaits/waits/pauses for/until x2 at state x3 before starting/continuing x4 (activity/process).
dep	CAC	3	denpa	CACCA	63	0	0	63	0	0	denpa	497.0	100.0	0.0	0.0	dep	denpa	63	12.7	dep	denpa	1 2 4	rafsi	denpa	5.2	(wait ‘pause’)	x1 awaits/waits/pauses for/until x2 at state x3 before starting/continuing x4 (activity/process).
de'u	CAA	3	dertu	CACCA	0	1	33	34	0	0	dertu	223.0	83.1	16.9	0.0	de'u	dertu	34	15.2	de'u	dertu	1 2 5	rafsi/cmavo	dertu	8.2.3	(dirt)	x1 is a quantity of/contains/is made of dirt/soil/earth/ground from source x2 of composition x3.
der	CAC	3	dertu	CACCA	49	10	0	59	0	0	dertu	223.0	83.1	16.9	0.0	der	dertu	59	26.5	der	dertu	1 2 3	rafsi	dertu	8.2.3	(dirt)	x1 is a quantity of/contains/is made of dirt/soil/earth/ground from source x2 of composition x3.
dertu	CACCA	5	dertu	CACCA	0	0	0	0	130	0	dertu	223.0	83.1	16.9	0.0	dertu	dertu	130	58.3	dertu	dertu		?	dertu	8.2.3	(dirt)	x1 is a quantity of/contains/is made of dirt/soil/earth/ground from source x2 of composition x3.
derxi	CACCA	5	derxi	CACCA	0	0	0	0	51	0	derxi	129.0	6.4	1.3	92.3	derxi	derxi	51	39.5	derxi	derxi		?	derxi	3.5.5	(heap)	x1 is a heap/pile/stack/mound/hill of materials x2 at location x3.
dre	CCA	3	derxi	CACCA	5	1	72	78	0	0	derxi	129.0	6.4	1.3	92.3	dre	derxi	78	60.5	dre	derxi	1 3 2	rafsi	derxi	3.5.5	(heap)	x1 is a heap/pile/stack/mound/hill of materials x2 at location x3.
des	CAC	3	desku	CACCA	9	17	0	26	0	0	desku	132.0	0.0	0.0	100.0	des	desku	26	19.7	des	desku	1 2 3	rafsi	desku	6.2.1	(shake)	x1 shakes/quakes/trembles/quivers/shudders/wobbles/vibrates from force x2.
desk	CACC	4	desku	CACCA	0	0	0	0	0	0	desku	132.0	0.0	0.0	100.0	desk	desku	0	0.0	desk	desku		?	desku	6.2.1	(shake)	x1 shakes/quakes/trembles/quivers/shudders/wobbles/vibrates from force x2.
desku	CACCA	5	desku	CACCA	0	0	37	37	69	0	desku	132.0	0.0	0.0	100.0	desku	desku	106	80.3	desku	desku		?	desku	6.2.1	(shake)	x1 shakes/quakes/trembles/quivers/shudders/wobbles/vibrates from force x2.
de'i	CAA	3	detri	CACCA				0	0	103	detri	282.0	88.5	11.5	0.0	de'i	detri	103	36.5	de'i	detri	1 2 5	cmavo	detri	4.2	(date)	x1 is the date [day,{week},{month},year] of event/state x2, at location x3, by calendar x4.
det	CAC	3	detri	CACCA	23	3	0	26	0	0	detri	282.0	88.5	11.5	0.0	det	detri	26	9.2	det	detri	1 2 3	rafsi	detri	4.2	(date)	x1 is the date [day,{week},{month},year] of event/state x2, at location x3, by calendar x4.
detri	CACCA	5	detri	CACCA	0	0	5	5	148	0	detri	282.0	88.5	11.5	0.0	detri	detri	153	54.3	detri	detri		?	detri	4.2	(date)	x1 is the date [day,{week},{month},year] of event/state x2, at location x3, by calendar x4.
dicr	CACC	4	dicra	CACCA	0	0	0	0	0	0	dicra	147.0	57.1	42.9	0.0	dicr	dicra	0	0.0	dicr	dicra		?	dicra	5.2	(interrupt ‘disturb, disrupt’)	x1 (event) interrupts/stops/halts/[disrupts] x2 (object/event/process) due to quality x3.
dicra	CACCA	5	dicra	CACCA	0	0	15	15	111	0	dicra	147.0	57.1	42.9	0.0	dicra	dicra	126	85.7	dicra	dicra		?	dicra	5.2	(interrupt ‘disturb, disrupt’)	x1 (event) interrupts/stops/halts/[disrupts] x2 (object/event/process) due to quality x3.
dir	CAC	3	dicra	CACCA	12	9	0	21	0	0	dicra	147.0	57.1	42.9	0.0	dir	dicra	21	14.3	dir	dicra	1 2 4	rafsi	dicra	5.2	(interrupt ‘disturb, disrupt’)	x1 (event) interrupts/stops/halts/[disrupts] x2 (object/event/process) due to quality x3.
dic	CAC	3	dikca	CACCA	47	0	0	47	0	0	dikca	100.0	100.0	0.0	0.0	dic	dikca	47	47.0	dic	dikca	1 2 4	rafsi	dikca	7.2	(electric ‘charge’)	x1 is electricity [electric charge or current] in/on x2 of polarity/quantity x3 (def. negative).
dikca	CACCA	5	dikca	CACCA	0	0	21	21	32	0	dikca	100.0	100.0	0.0	0.0	dikca	dikca	53	53.0	dikca	dikca		?	dikca	7.2	(electric ‘charge’)	x1 is electricity [electric charge or current] in/on x2 of polarity/quantity x3 (def. negative).
di'o	CAA	3	diklo	CACCA				0	0	113	diklo	181.0	30.9	0.0	69.1	di'o	diklo	113	62.4	di'o	diklo	1 2 5	cmavo	diklo	3	(local)	x1 is local to x2; x1 is confined to locus x2 within range x3; x1 is regional
klo	CCA	3	diklo	CACCA	21	0	47	68	0	0	diklo	181.0	30.9	0.0	69.1	klo	diklo	68	37.6	klo	diklo	3 4 5	rafsi	diklo	3	(local)	x1 is local to x2; x1 is confined to locus x2 within range x3; x1 is regional
dik	CAC	3	dikni	CACCA	246	6	0	252	0	0	dikni	294.0	97.6	2.4	0.0	dik	dikni	252	85.7	dik	dikni	1 25 3	rafsi	dikni	5	(regular ‘cyclical’)	x1 is regular/cyclical/periodic in property (ka)/activity x2 with period/interval x3.
dikni	CACCA	5	dikni	CACCA	0	0	15	15	27	0	dikni	294.0	97.6	2.4	0.0	dikni	dikni	42	14.3	dikni	dikni		?	dikni	5	(regular ‘cyclical’)	x1 is regular/cyclical/periodic in property (ka)/activity x2 with period/interval x3.
dilcu	CACCA	5	dilcu	CACCA	0	0	3	3	0	0	dilcu	3.0	0.0	0.0	100.0	dilcu	dilcu	3	100.0	dilcu	dilcu		?	dilcu	1.6	(quotient ‘division’)	x1 is a quotient of 'x2/x3' [dividend x2 divided by divisor x3], leaving remainder x4.
dil	CAC	3	dilnu	CACCA	16	0	0	16	0	0	dilnu	106.0	0.0	0.0	100.0	dil	dilnu	16	15.1	dil	dilnu	1 2 3	rafsi	dilnu	8.2.2	(cloud)	x1 is a cloud/mass of clouds of material x2 in air mass x3 at floor/base elevation x4.
diln	CACC	4	dilnu	CACCA	0	0	0	0	0	0	dilnu	106.0	0.0	0.0	100.0	diln	dilnu	0	0.0	diln	dilnu		?	dilnu	8.2.2	(cloud)	x1 is a cloud/mass of clouds of material x2 in air mass x3 at floor/base elevation x4.
dilnu	CACCA	5	dilnu	CACCA	0	0	28	28	62	0	dilnu	106.0	0.0	0.0	100.0	dilnu	dilnu	90	84.9	dilnu	dilnu		?	dilnu	8.2.2	(cloud)	x1 is a cloud/mass of clouds of material x2 in air mass x3 at floor/base elevation x4.
dim	CAC	3	dimna	CACCA	10	7	0	17	0	0	dimna	66.0	0.0	0.0	100.0	dim	dimna	17	25.8	dim	dimna	1 2 3	rafsi	dimna	5	(fate ‘doom’)	x1 is a fate/destiny of x2; [doom, curse are mabla-forms]; x2 is fated/predestined/doomed to x1.
dimn	CACC	4	dimna	CACCA	0	0	0	0	0	0	dimna	66.0	0.0	0.0	100.0	dimn	dimna	0	0.0	dimn	dimna		?	dimna	5	(fate ‘doom’)	x1 is a fate/destiny of x2; [doom, curse are mabla-forms]; x2 is fated/predestined/doomed to x1.
dimna	CACCA	5	dimna	CACCA	0	0	17	17	32	0	dimna	66.0	0.0	0.0	100.0	dimna	dimna	49	74.2	dimna	dimna		?	dimna	5	(fate ‘doom’)	x1 is a fate/destiny of x2; [doom, curse are mabla-forms]; x2 is fated/predestined/doomed to x1.
di'u	CAA	3	dinju	CACCA	16	0	153	169	0	0	dinju	382.0	9.5	0.0	90.5	di'u	dinju	169	44.2	di'u	dinju	1 2 5	rafsi/cmavo	dinju	13.6	(building)	x1 is a building/edifice for purpose x2.
dij	CAC	3	dinju	CACCA	22	0	0	22	0	0	dinju	382.0	9.5	0.0	90.5	dij	dinju	22	5.8	dij	dinju	1 2 4	rafsi	dinju	13.6	(building)	x1 is a building/edifice for purpose x2.
dinj	CACC	4	dinju	CACCA	0	0	0	0	0	0	dinju	382.0	9.5	0.0	90.5	dinj	dinju	0	0.0	dinj	dinju		?	dinju	13.6	(building)	x1 is a building/edifice for purpose x2.
dinju	CACCA	5	dinju	CACCA	0	0	0	0	191	0	dinju	382.0	9.5	0.0	90.5	dinju	dinju	191	50.0	dinju	dinju		?	dinju	13.6	(building)	x1 is a building/edifice for purpose x2.
di'o	CAA	3	dinko	CACCA	0	0	2	2	0	0	dinko	2.0	0.0	0.0	100.0	di'o	dinko	2	100.0	di'o	dinko	1 2 5	rafsi/cmavo	dinko	13.3.1	(nail)	x1 is a nail/tack [pointed driven/frictional fastener] of type/size x2 (ka), made of material x3.
dib	CAC	3	dirba	CACCA	60	0	0	60	0	0	dirba	155.0	100.0	0.0	0.0	dib	dirba	60	38.7	dib	dirba	1 2 4	rafsi	dirba	10.1	(dear)	x1 is dear/precious/darling to x2; x1 is emotionally valued by x2.
dirba	CACCA	5	dirba	CACCA	0	0	1	1	94	0	dirba	155.0	100.0	0.0	0.0	dirba	dirba	95	61.3	dirba	dirba		?	dirba	10.1	(dear)	x1 is dear/precious/darling to x2; x1 is emotionally valued by x2.
di'e	CAA	3	dirce	CACCA	3	0	8	11	0	0	dirce	11.0	27.3	0.0	72.7	di'e	dirce	11	100.0	di'e	dirce	1 2 5	rafsi/cmavo	dirce	7.2	(radiate)	x1 radiates/emits x2 under conditions x3.
dig	CAC	3	dirgo	CACCA	12	0	0	12	0	0	dirgo	55.0	100.0	0.0	0.0	dig	dirgo	12	21.8	dig	dirgo	1 2 4	rafsi	dirgo	3.5.5	(drop)	x1 is a drop [small, cohesive shape] of material [liquid/vapor] x2 in surrounding material x3.
dirgo	CACCA	5	dirgo	CACCA	0	0	8	8	35	0	dirgo	55.0	100.0	0.0	0.0	dirgo	dirgo	43	78.2	dirgo	dirgo		?	dirgo	3.5.5	(drop)	x1 is a drop [small, cohesive shape] of material [liquid/vapor] x2 in surrounding material x3.
diz	CAC	3	dizlo	CACCA	0	0	0	0	0	0	dizlo	59.0	79.7	1.7	18.6	diz	dizlo	0	0.0	diz	dizlo	1 2 3	rafsi	dizlo	3.1	(low)	x1 is low/down/downward in frame of reference x2 as compared with baseline/standard height x3.
dzi	CCA	3	dizlo	CACCA	47	1	11	59	0	0	dizlo	59.0	79.7	1.7	18.6	dzi	dizlo	59	100.0	dzi	dizlo	1 3 2	rafsi	dizlo	3.1	(low)	x1 is low/down/downward in frame of reference x2 as compared with baseline/standard height x3.
djac	CCAC	4	djacu	CCACA	0	0	0	0	0	0	djacu	230.0	79.2	0.0	20.8	djac	djacu	0	0.0	djac	djacu		?	djacu	8.2.1	(water ‘aqua-’)	x1 is made of/contains/is a quantity/expanse of water; (adjective:) x1 is aqueous/[aquatic].
jac	CAC	3	djacu	CCACA	38	0	0	38	0	0	djacu	230.0	79.2	0.0	20.8	jac	djacu	38	16.5	jac	djacu	2 3 4	rafsi	djacu	8.2.1	(water ‘aqua-’)	x1 is made of/contains/is a quantity/expanse of water; (adjective:) x1 is aqueous/[aquatic].
jau	CAA	3	djacu	CCACA	152	0	40	192	0	0	djacu	230.0	79.2	0.0	20.8	jau	djacu	192	83.5	jau	djacu	2 3 5	rafsi/cmavo	djacu	8.2.1	(water ‘aqua-’)	x1 is made of/contains/is a quantity/expanse of water; (adjective:) x1 is aqueous/[aquatic].
dei	CAA	3	djedi	CCACA	1	29	832	862	0	0	djedi	1328.0	0.1	3.4	96.5	dei	djedi	862	64.9	dei	djedi	14 3 5	rafsi/cmavo	djedi	4.1	(full day)	x1 is x2 full days in duration (default is 1 day) by standard x3; (adjective:) x1 is diurnal.
dje	CCA	3	djedi	CCACA	32	0	9	41	0	0	djedi	1328.0	0.1	3.4	96.5	dje	djedi	41	3.1	dje	djedi	14 2 3	rafsi	djedi	4.1	(full day)	x1 is x2 full days in duration (default is 1 day) by standard x3; (adjective:) x1 is diurnal.
djed	CCAC	4	djedi	CCACA	0	0	0	0	0	0	djedi	1328.0	0.1	3.4	96.5	djed	djedi	0	0.0	djed	djedi		?	djedi	4.1	(full day)	x1 is x2 full days in duration (default is 1 day) by standard x3; (adjective:) x1 is diurnal.
djedi	CCACA	5	djedi	CCACA	0	0	0	0	425	0	djedi	1328.0	0.1	3.4	96.5	djedi	djedi	425	32.0	djedi	djedi		?	djedi	4.1	(full day)	x1 is x2 full days in duration (default is 1 day) by standard x3; (adjective:) x1 is diurnal.
dji	CCA	3	djica	CCACA	67	46	349	462	0	0	djica	2729.0	14.5	10.0	75.5	dji	djica	462	16.9	dji	djica	1 2 3	rafsi	djica	10.2	(desire)	x1 desires/wants/wishes x2 (event/state) for purpose x3.
djica	CCACA	5	djica	CCACA	0	0	0	0	2267	0	djica	2729.0	14.5	10.0	75.5	djica	djica	2267	83.1	djica	djica		?	djica	10.2	(desire)	x1 desires/wants/wishes x2 (event/state) for purpose x3.
djine	CCACA	5	djine	CCACA	0	0	4	4	42	0	djine	79.0	100.0	0.0	0.0	djine	djine	46	58.2	djine	djine		?	djine	3.5.3	(ring)	x1 is a ring/annulus/torus/circle [shape/form] of material x2, inside diam. x3, outside diam. x4.
jin	CAC	3	djine	CCACA	33	0	0	33	0	0	djine	79.0	100.0	0.0	0.0	jin	djine	33	41.8	jin	djine	2 3 4	rafsi	djine	3.5.3	(ring)	x1 is a ring/annulus/torus/circle [shape/form] of material x2, inside diam. x3, outside diam. x4.
djun	CCAC	4	djuno	CCACA	0	0	0	0	0	0	djuno	5688.0	0.0	1.3	98.7	djun	djuno	0	0.0	djun	djuno		?	djuno	2.5	(know)	x1 knows fact(s) x2 (du'u) about subject x3 by epistemology x4.
djuno	CCACA	5	djuno	CCACA	0	0	0	0	4874	0	djuno	5688.0	0.0	1.3	98.7	djuno	djuno	4874	85.7	djuno	djuno		?	djuno	2.5	(know)	x1 knows fact(s) x2 (du'u) about subject x3 by epistemology x4.
du'o	CAA	3	djuno	CCACA				0	0	94	djuno	5688.0	0.0	1.3	98.7	du'o	djuno	94	1.7	du'o	djuno	1 3 5	cmavo	djuno	2.5	(know)	x1 knows fact(s) x2 (du'u) about subject x3 by epistemology x4.
ju'o	CAA	3	djuno	CCACA	0	4	309	313	0	366	djuno	5688.0	0.0	1.3	98.7	ju'o	djuno	679	11.9	ju'o	djuno	2 3 5	rafsi/cmavo	djuno	2.5	(know)	x1 knows fact(s) x2 (du'u) about subject x3 by epistemology x4.
jun	CAC	3	djuno	CCACA	21	20	0	41	0	0	djuno	5688.0	0.0	1.3	98.7	jun	djuno	41	0.7	jun	djuno	2 3 4	rafsi	djuno	2.5	(know)	x1 knows fact(s) x2 (du'u) about subject x3 by epistemology x4.
do'i	CAA	3	donri	CACCA	0	0	58	58	0	0	donri	183.0	0.0	0.0	100.0	do'i	donri	58	31.7	do'i	donri	1 2 5	rafsi/cmavo	donri	4.1	(daytime)	x1 is the daytime of day x2 at location x3; (adjective:) x1 is diurnal (vs. nocturnal).
donri	CACCA	5	donri	CACCA	0	0	0	0	97	0	donri	183.0	0.0	0.0	100.0	donri	donri	97	53.0	donri	donri		?	donri	4.1	(daytime)	x1 is the daytime of day x2 at location x3; (adjective:) x1 is diurnal (vs. nocturnal).
dor	CAC	3	donri	CACCA	17	11	0	28	0	0	donri	183.0	0.0	0.0	100.0	dor	donri	28	15.3	dor	donri	1 2 4	rafsi	donri	4.1	(daytime)	x1 is the daytime of day x2 at location x3; (adjective:) x1 is diurnal (vs. nocturnal).
do'o	CAA	3	dotco	CACCA	0	1	4	5	0	0	dotco	160.0	100.0	0.0	0.0	do'o	dotco	5	3.1	do'o	dotco	1 25 25	rafsi/cmavo	dotco	12.4	(German ‘Deutsch’)	
dot	CAC	3	dotco	CACCA	38	0	0	38	0	0	dotco	160.0	100.0	0.0	0.0	dot	dotco	38	23.8	dot	dotco	1 25 3	rafsi	dotco	12.4	(German ‘Deutsch’)	
dotco	CACCA	5	dotco	CACCA	0	0	0	0	117	0	dotco	160.0	100.0	0.0	0.0	dotco	dotco	117	73.1	dotco	dotco		?	dotco	12.4	(German ‘Deutsch’)	
drac	CCAC	4	draci	CCACA	4	0	0	4	0	0	draci	215.0	39.5	0.0	60.5	drac	draci	4	1.9	drac	draci		?	draci	12.6	(drama)	x1 is a drama/play about x2 [plot/theme/subject] by dramatist x3 for audience x4 with actors x5.
draci	CCACA	5	draci	CCACA	51	0	78	129	82	0	draci	215.0	39.5	0.0	60.5	draci	draci	211	98.1	draci	draci		?	draci	12.6	(drama)	x1 is a drama/play about x2 [plot/theme/subject] by dramatist x3 for audience x4 with actors x5.
dra	CCA	3	drani	CCACA	163	14	358	535	0	0	drani	1384.0	30.5	2.6	66.9	dra	drani	535	38.7	dra	drani	1 2 3	rafsi	drani	10.3	(correct ‘right’)	x1 is correct/proper/right/perfect in property/aspect x2 (ka) in situation x3 by standard x4.
dran	CCAC	4	drani	CCACA	0	0	0	0	0	0	drani	1384.0	30.5	2.6	66.9	dran	drani	0	0.0	dran	drani		?	drani	10.3	(correct ‘right’)	x1 is correct/proper/right/perfect in property/aspect x2 (ka) in situation x3 by standard x4.
drani	CCACA	5	drani	CCACA	1	0	2	3	846	0	drani	1384.0	30.5	2.6	66.9	drani	drani	849	61.3	drani	drani		?	drani	10.3	(correct ‘right’)	x1 is correct/proper/right/perfect in property/aspect x2 (ka) in situation x3 by standard x4.
dat	CAC	3	drata	CCACA	70	0	0	70	0	0	drata	1380.0	100.0	0.0	0.0	dat	drata	70	5.1	dat	drata	1 35 4	rafsi	drata	1.5	(other)	x1 isn't the-same-thing-as/is different-from/other-than x2 by standard x3; x1 is something else.
drat	CCAC	4	drata	CCACA	0	0	0	0	0	0	drata	1380.0	100.0	0.0	0.0	drat	drata	0	0.0	drat	drata		?	drata	1.5	(other)	x1 isn't the-same-thing-as/is different-from/other-than x2 by standard x3; x1 is something else.
drata	CCACA	5	drata	CCACA	0	0	32	32	1278	0	drata	1380.0	100.0	0.0	0.0	drata	drata	1310	94.9	drata	drata		?	drata	1.5	(other)	x1 isn't the-same-thing-as/is different-from/other-than x2 by standard x3; x1 is something else.
dru	CCA	3	drudi	CCACA	2	0	34	36	0	0	drudi	36.0	5.6	0.0	94.4	dru	drudi	36	100.0	dru	drudi	14 2 3	rafsi	drudi	3.3	(roof)	x1 is a roof/top/ceiling/lid of x2.
dug	CAC	3	dugri	CACCA	2	0	0	2	0	0	dugri	24.0	100.0	0.0	0.0	dug	dugri	2	8.3	dug	dugri	1 2 3	rafsi	dugri	1.6	(logarithm)	x1 is the logarithm of x2 with base x3.
dugr	CACC	4	dugri	CACCA	0	0	0	0	0	0	dugri	24.0	100.0	0.0	0.0	dugr	dugri	0	0.0	dugr	dugri		?	dugri	1.6	(logarithm)	x1 is the logarithm of x2 with base x3.
dugri	CACCA	5	dugri	CACCA	0	0	2	2	20	0	dugri	24.0	100.0	0.0	0.0	dugri	dugri	22	91.7	dugri	dugri		?	dugri	1.6	(logarithm)	x1 is the logarithm of x2 with base x3.
du'e	CAA	3	dukse	CACCA	28	1	58	87	0	0	dukse	556.0	32.2	1.1	66.7	du'e	dukse	87	15.6	du'e	dukse	1 2 5	rafsi/cmavo	dukse	1.5	(excess)	x1 is an excess of/too much of x2 by standard x3.
duks	CACC	4	dukse	CACCA	0	0	0	0	0	0	dukse	556.0	32.2	1.1	66.7	duks	dukse	0	0.0	duks	dukse		?	dukse	1.5	(excess)	x1 is an excess of/too much of x2 by standard x3.
dukse	CACCA	5	dukse	CACCA	0	0	0	0	433	0	dukse	556.0	32.2	1.1	66.7	dukse	dukse	433	77.9	dukse	dukse		?	dukse	1.5	(excess)	x1 is an excess of/too much of x2 by standard x3.
dus	CAC	3	dukse	CACCA	36	0	0	36	0	0	dukse	556.0	32.2	1.1	66.7	dus	dukse	36	6.5	dus	dukse	1 2 4	rafsi	dukse	1.5	(excess)	x1 is an excess of/too much of x2 by standard x3.
dukti	CACCA	5	dukti	CACCA	0	0	21	21	54	0	dukti	98.0	82.6	17.4	0.0	dukti	dukti	75	76.5	dukti	dukti		?	dukti	1.5	(opposite ‘contrary’)	x1 is polar opposite from/contrary to x2 in property/on scale x3 (property/si'o).
dut	CAC	3	dukti	CACCA	19	4	0	23	0	0	dukti	98.0	82.6	17.4	0.0	dut	dukti	23	23.5	dut	dukti	1 2 4	rafsi	dukti	1.5	(opposite ‘contrary’)	x1 is polar opposite from/contrary to x2 in property/on scale x3 (property/si'o).
do'a	CAA	3	dunda	CACCA				0	0	49	dunda	1255.0	1.1	3.9	95.0	do'a	dunda	49	3.9	do'a	dunda	14  5	cmavo	dunda	11.3.1	(give ‘donate’)	x1 [donor] gives/donates gift/present x2 to recipient/beneficiary x3 [without payment/exchange].
du'a	CAA	3	dunda	CACCA	2	7	170	179	0	0	dunda	1255.0	1.1	3.9	95.0	du'a	dunda	179	14.3	du'a	dunda	14 2 5	rafsi/cmavo	dunda	11.3.1	(give ‘donate’)	x1 [donor] gives/donates gift/present x2 to recipient/beneficiary x3 [without payment/exchange].
dud	CAC	3	dunda	CACCA	3	4	0	7	0	0	dunda	1255.0	1.1	3.9	95.0	dud	dunda	7	0.6	dud	dunda	14 2 14	rafsi	dunda	11.3.1	(give ‘donate’)	x1 [donor] gives/donates gift/present x2 to recipient/beneficiary x3 [without payment/exchange].
dunda	CACCA	5	dunda	CACCA	0	0	0	0	1020	0	dunda	1255.0	1.1	3.9	95.0	dunda	dunda	1020	81.3	dunda	dunda		?	dunda	11.3.1	(give ‘donate’)	x1 [donor] gives/donates gift/present x2 to recipient/beneficiary x3 [without payment/exchange].
duj	CAC	3	dunja	CACCA	6	0	0	6	0	0	dunja	24.0	100.0	0.0	0.0	duj	dunja	6	25.0	duj	dunja	1 2 4	rafsi	dunja	7.5.2	(freeze ‘jell’)	x1 freezes/jells/solidifies at temperature x2 and pressure x3.
dunja	CACCA	5	dunja	CACCA	0	0	2	2	16	0	dunja	24.0	100.0	0.0	0.0	dunja	dunja	18	75.0	dunja	dunja		?	dunja	7.5.2	(freeze ‘jell’)	x1 freezes/jells/solidifies at temperature x2 and pressure x3.
du'u	CAA	3	dunku	CACCA	2	0	12	14	0	0	dunku	150.0	100.0	0.0	0.0	du'u	dunku	14	9.3	du'u	dunku	1 25 25	rafsi/cmavo	dunku	10.1	(anguish)	x1 is anguished/distressed/emotionally wrought/stressed by x2.
duk	CAC	3	dunku	CACCA	34	0	0	34	0	0	dunku	150.0	100.0	0.0	0.0	duk	dunku	34	22.7	duk	dunku	1 25 4	rafsi	dunku	10.1	(anguish)	x1 is anguished/distressed/emotionally wrought/stressed by x2.
dunk	CACC	4	dunku	CACCA	0	0	0	0	0	0	dunku	150.0	100.0	0.0	0.0	dunk	dunku	0	0.0	dunk	dunku		?	dunku	10.1	(anguish)	x1 is anguished/distressed/emotionally wrought/stressed by x2.
dunku	CACCA	5	dunku	CACCA	0	0	0	0	102	0	dunku	150.0	100.0	0.0	0.0	dunku	dunku	102	68.0	dunku	dunku		?	dunku	10.1	(anguish)	x1 is anguished/distressed/emotionally wrought/stressed by x2.
du	CA	2	dunli	CACCA				0		2745	dunli	3306.0	0.0	0.0	100.0	du	dunli	2745	83.0	du	dunli		cmavo	dunli	1.5	(equal)	x1 is equal/congruent to/as much as x2 in property/dimension/quantity x3.
du'i	CAA	3	dunli	CACCA	0	0	98	98	0	73	dunli	3306.0	0.0	0.0	100.0	du'i	dunli	171	5.2	du'i	dunli	1 2 5	rafsi/cmavo	dunli	1.5	(equal)	x1 is equal/congruent to/as much as x2 in property/dimension/quantity x3.
dun	CAC	3	dunli	CACCA	27	9	1	37	0	0	dunli	3306.0	0.0	0.0	100.0	dun	dunli	37	1.1	dun	dunli	1 2 3	rafsi	dunli	1.5	(equal)	x1 is equal/congruent to/as much as x2 in property/dimension/quantity x3.
dunli	CACCA	5	dunli	CACCA	0	0	3	3	350	0	dunli	3306.0	0.0	0.0	100.0	dunli	dunli	353	10.7	dunli	dunli		?	dunli	1.5	(equal)	x1 is equal/congruent to/as much as x2 in property/dimension/quantity x3.
dunra	CACCA	5	dunra	CACCA	10	0	2	12	39	0	dunra	53.0	83.3	0.0	16.7	dunra	dunra	51	96.2	dunra	dunra		?	dunra	4.2	(winter)	x1 is winter/wintertime [cold season] of year x2 at location x3.
dur	CAC	3	dunra	CACCA	2	0	0	2	0	0	dunra	53.0	83.3	0.0	16.7	dur	dunra	2	3.8	dur	dunra	1 2 4	rafsi	dunra	4.2	(winter)	x1 is winter/wintertime [cold season] of year x2 at location x3.
dze	CCA	3	dzena	CCACA	9	4	20	33	0	0	dzena	124.0	27.3	12.1	60.6	dze	dzena	33	26.6	dze	dzena	1 2 3	rafsi	dzena	11.1	(elder)	x1 is an elder/ancestor of x2 by bond/tie/degree x3; x1's generation precedes x2's parents.
dzena	CCACA	5	dzena	CCACA	0	0	0	0	91	0	dzena	124.0	27.3	12.1	60.6	dzena	dzena	91	73.4	dzena	dzena		?	dzena	11.1	(elder)	x1 is an elder/ancestor of x2 by bond/tie/degree x3; x1's generation precedes x2's parents.
zi'o	CAA	3	dzipo	CCACA	0	0	1	1	0	0	dzipo	1.0	0.0	0.0	100.0	zi'o	dzipo	1	100.0	zi'o	dzipo	2 3 5	rafsi/cmavo	dzipo	12.2	(Antarctican)	
fa'i	CAA	3	facki	CACCA	0	5	99	104	0	0	facki	697.0	0.0	4.8	95.2	fa'i	facki	104	14.9	fa'i	facki	1 2 5	rafsi/cmavo	facki	2.5	(discover ‘find’)	x1 discovers/finds out x2 (du'u) about subject/object x3; x1 finds (fi) x3 (object).
fack	CACC	4	facki	CACCA	0	0	0	0	0	0	facki	697.0	0.0	4.8	95.2	fack	facki	0	0.0	fack	facki		?	facki	2.5	(discover ‘find’)	x1 discovers/finds out x2 (du'u) about subject/object x3; x1 finds (fi) x3 (object).
facki	CACCA	5	facki	CACCA	0	0	4	4	569	0	facki	697.0	0.0	4.8	95.2	facki	facki	573	82.2	facki	facki		?	facki	2.5	(discover ‘find’)	x1 discovers/finds out x2 (du'u) about subject/object x3; x1 finds (fi) x3 (object).
fak	CAC	3	facki	CACCA	8	12	0	20	0	0	facki	697.0	0.0	4.8	95.2	fak	facki	20	2.9	fak	facki	1 2 4	rafsi	facki	2.5	(discover ‘find’)	x1 discovers/finds out x2 (du'u) about subject/object x3; x1 finds (fi) x3 (object).
fad	CAC	3	fadni	CACCA	2	1	0	3	0	0	fadni	199.0	0.0	0.0	100.0	fad	fadni	3	1.5	fad	fadni	1 2 3	rafsi	fadni	1.1	(ordinary)	x1 [member] is ordinary/common/typical/usual in property x2 (ka) among members of x3 (set).
fadni	CACCA	5	fadni	CACCA	0	0	15	15	181	0	fadni	199.0	0.0	0.0	100.0	fadni	fadni	196	98.5	fadni	fadni		?	fadni	1.1	(ordinary)	x1 [member] is ordinary/common/typical/usual in property x2 (ka) among members of x3 (set).
fag	CAC	3	fagri	CACCA	230	2	0	232	0	0	fagri	389.0	99.1	0.9	0.0	fag	fagri	232	59.6	fag	fagri	1 2 3	rafsi	fagri	7.5	(fire)	x1 is a fire/flame in fuel x2 burning-in/reacting-with oxidizer x3 (default air/oxygen).
fagr	CACC	4	fagri	CACCA	0	0	0	0	0	0	fagri	389.0	99.1	0.9	0.0	fagr	fagri	0	0.0	fagr	fagri		?	fagri	7.5	(fire)	x1 is a fire/flame in fuel x2 burning-in/reacting-with oxidizer x3 (default air/oxygen).
fagri	CACCA	5	fagri	CACCA	0	0	18	18	139	0	fagri	389.0	99.1	0.9	0.0	fagri	fagri	157	40.4	fagri	fagri		?	fagri	7.5	(fire)	x1 is a fire/flame in fuel x2 burning-in/reacting-with oxidizer x3 (default air/oxygen).
falnu	CACCA	5	falnu	CACCA	0	0	4	4	13	0	falnu	26.0	100.0	0.0	0.0	falnu	falnu	17	65.4	falnu	falnu		?	falnu	13.5	(sail)	x1 is a sail for gathering propelling material x2 on vehicle/motor x3.
fan	CAC	3	falnu	CACCA	9	0	0	9	0	0	falnu	26.0	100.0	0.0	0.0	fan	falnu	9	34.6	fan	falnu	1 2 4	rafsi	falnu	13.5	(sail)	x1 is a sail for gathering propelling material x2 on vehicle/motor x3.
famti	CACCA	5	famti	CACCA	0	0	2	2	7	0	famti	9.0	0.0	0.0	100.0	famti	famti	9	100.0	famti	famti		?	famti	11.1	(aunt or uncle)	x1 is an aunt/uncle of x2 by bond/tie x3; x1 is an associated member of x2's parent's generation.
fanc	CACC	4	fancu	CACCA	4	0	0	4	0	0	fancu	71.0	100.0	0.0	0.0	fanc	fancu	4	5.6	fanc	fancu		?	fancu	1.6	(function)	x1 is a function/single-valued mapping from domain x2 to range x3 defined by expression/rule x4.
fancu	CACCA	5	fancu	CACCA	0	0	3	3	64	0	fancu	71.0	100.0	0.0	0.0	fancu	fancu	67	94.4	fancu	fancu		?	fancu	1.6	(function)	x1 is a function/single-valued mapping from domain x2 to range x3 defined by expression/rule x4.
fang	CACC	4	fange	CACCA	1	0	0	1	0	0	fange	116.0	0.0	0.0	100.0	fang	fange	1	0.9	fang	fange		?	fange	10.3	(alien ‘foreign’)	x1 is alien/foreign/[exotic]/unfamiliar to x2 in property x3 (ka).
fange	CACCA	5	fange	CACCA	0	0	15	15	100	0	fange	116.0	0.0	0.0	100.0	fange	fange	115	99.1	fange	fange		?	fange	10.3	(alien ‘foreign’)	x1 is alien/foreign/[exotic]/unfamiliar to x2 in property x3 (ka).
fa'o	CAA	3	fanmo	CACCA	0	0	61	61	0	0	fanmo	405.0	98.8	1.2	0.0	fa'o	fanmo	61	15.1	fa'o	fanmo	1 2 5	rafsi/cmavo	fanmo	5	(end ‘final’)	x1 is an end/finish/termination of thing/process x2; [not necessarily implying completeness].
fam	CAC	3	fanmo	CACCA	82	1	0	83	0	0	fanmo	405.0	98.8	1.2	0.0	fam	fanmo	83	20.5	fam	fanmo	1 2 4	rafsi	fanmo	5	(end ‘final’)	x1 is an end/finish/termination of thing/process x2; [not necessarily implying completeness].
fanmo	CACCA	5	fanmo	CACCA	0	0	0	0	211	0	fanmo	405.0	98.8	1.2	0.0	fanmo	fanmo	211	52.1	fanmo	fanmo		?	fanmo	5	(end ‘final’)	x1 is an end/finish/termination of thing/process x2; [not necessarily implying completeness].
fe'o	CAA	3	fanmo	CACCA				0	0	50	fanmo	405.0	98.8	1.2	0.0	fe'o	fanmo	50	12.3	fe'o	fanmo	1  5	cmavo	fanmo	5	(end ‘final’)	x1 is an end/finish/termination of thing/process x2; [not necessarily implying completeness].
fanri	CACCA	5	fanri	CACCA	0	0	2	2	2	0	fanri	4.0	0.0	0.0	100.0	fanri	fanri	4	100.0	fanri	fanri		?	fanri	13.1	(factory ‘foundry’)	x1 is a factory/foundry/industrial plant/mill producing x2 from materials x3.
fanta	CACCA	5	fanta	CACCA	0	0	16	16	166	0	fanta	182.0	0.0	0.0	100.0	fanta	fanta	182	100.0	fanta	fanta		?	fanta	5	(prevent)	x1 prevents/keeps/stops/restrains/constrains event x2 from occurring.
fanv	CACC	4	fanva	CACCA	4	0	0	4	0	0	fanva	872.0	5.6	0.0	94.4	fanv	fanva	4	0.5	fanv	fanva		?	fanva	2.1	(translate)	x1 translates text/utterance x2 to language x3 from language x4 with translation result x5.
fanva	CACCA	5	fanva	CACCA	8	0	134	142	726	0	fanva	872.0	5.6	0.0	94.4	fanva	fanva	868	99.5	fanva	fanva		?	fanva	2.1	(translate)	x1 translates text/utterance x2 to language x3 from language x4 with translation result x5.
fanza	CACCA	5	fanza	CACCA	0	0	37	37	125	0	fanza	175.0	0.0	0.0	100.0	fanza	fanza	162	92.6	fanza	fanza		?	fanza	10.1	(annoy)	x1 (event) annoys/irritates/bothers/distracts x2.
faz	CAC	3	fanza	CACCA	6	7	0	13	0	0	fanza	175.0	0.0	0.0	100.0	faz	fanza	13	7.4	faz	fanza	1 25 4	rafsi	fanza	10.1	(annoy)	x1 (event) annoys/irritates/bothers/distracts x2.
fap	CAC	3	fapro	CACCA	4	0	0	4	0	0	fapro	265.0	48.6	5.4	45.9	fap	fapro	4	1.5	fap	fapro	1 2 3	rafsi	fapro	5.3.2	(oppose)	x1 opposes/balances/contends against opponent(s) x2 (person/force ind./mass) about x3 (abstract).
fapro	CACCA	5	fapro	CACCA	0	0	0	0	150	0	fapro	265.0	48.6	5.4	45.9	fapro	fapro	150	56.6	fapro	fapro		?	fapro	5.3.2	(oppose)	x1 opposes/balances/contends against opponent(s) x2 (person/force ind./mass) about x3 (abstract).
pro	CCA	3	fapro	CACCA	54	6	51	111	0	0	fapro	265.0	48.6	5.4	45.9	pro	fapro	111	41.9	pro	fapro	3 4 5	rafsi	fapro	5.3.2	(oppose)	x1 opposes/balances/contends against opponent(s) x2 (person/force ind./mass) about x3 (abstract).
fa'u	CAA	3	farlu	CACCA	0	0	22	22	0	0	farlu	608.0	97.4	2.6	0.0	fa'u	farlu	22	3.6	fa'u	farlu	1 2 5	rafsi/cmavo	farlu	6.1.4	(fall)	x1 falls/drops to x2 from x3 in gravity well/frame of reference x4.
fal	CAC	3	farlu	CACCA	38	1	0	39	0	0	farlu	608.0	97.4	2.6	0.0	fal	farlu	39	6.4	fal	farlu	1 2 4	rafsi	farlu	6.1.4	(fall)	x1 falls/drops to x2 from x3 in gravity well/frame of reference x4.
farl	CACC	4	farlu	CACCA	0	0	0	0	0	0	farlu	608.0	97.4	2.6	0.0	farl	farlu	0	0.0	farl	farlu		?	farlu	6.1.4	(fall)	x1 falls/drops to x2 from x3 in gravity well/frame of reference x4.
farlu	CACCA	5	farlu	CACCA	0	0	0	0	547	0	farlu	608.0	97.4	2.6	0.0	farlu	farlu	547	90.0	farlu	farlu		?	farlu	6.1.4	(fall)	x1 falls/drops to x2 from x3 in gravity well/frame of reference x4.
fa'a	CAA	3	farna	CACCA	0	2	35	37	0	345	farna	596.0	79.6	20.4	0.0	fa'a	farna	382	64.1	fa'a	farna	1 25 25	rafsi/cmavo	farna	6	(direction)	x1 is the direction of x2 (object/event) from origin/in frame of reference x3.
far	CAC	3	farna	CACCA	74	19	0	93	0	0	farna	596.0	79.6	20.4	0.0	far	farna	93	15.6	far	farna	1 25 3	rafsi	farna	6	(direction)	x1 is the direction of x2 (object/event) from origin/in frame of reference x3.
farn	CACC	4	farna	CACCA	0	0	0	0	0	0	farna	596.0	79.6	20.4	0.0	farn	farna	0	0.0	farn	farna		?	farna	6	(direction)	x1 is the direction of x2 (object/event) from origin/in frame of reference x3.
farna	CACCA	5	farna	CACCA	0	0	0	0	121	0	farna	596.0	79.6	20.4	0.0	farna	farna	121	20.3	farna	farna		?	farna	6	(direction)	x1 is the direction of x2 (object/event) from origin/in frame of reference x3.
farvi	CACCA	5	farvi	CACCA	3	0	4	7	79	0	farvi	96.0	40.0	60.0	0.0	farvi	farvi	86	89.6	farvi	farvi		?	farvi	5	(develop ‘evolve’)	x1 develops/evolves towards/into x2 from x3 through stages x4.
fav	CAC	3	farvi	CACCA	4	6	0	10	0	0	farvi	96.0	40.0	60.0	0.0	fav	farvi	10	10.4	fav	farvi	1 2 4	rafsi	farvi	5	(develop ‘evolve’)	x1 develops/evolves towards/into x2 from x3 through stages x4.
fasn	CACC	4	fasnu	CACCA	0	0	0	0	0	0	fasnu	11610.0	15.9	1.2	82.9	fasn	fasnu	0	0.0	fasn	fasnu		?	fasnu	5	(event ‘happen’)	x1 (event) is an event that happens/occurs/takes place; x1 is an incident/happening/occurrence.
fasnu	CACCA	5	fasnu	CACCA	0	0	0	0	958	0	fasnu	11610.0	15.9	1.2	82.9	fasnu	fasnu	958	8.3	fasnu	fasnu		?	fasnu	5	(event ‘happen’)	x1 (event) is an event that happens/occurs/takes place; x1 is an incident/happening/occurrence.
fau	CAA	3	fasnu	CACCA	39	3	203	245	0	408	fasnu	11610.0	15.9	1.2	82.9	fau	fasnu	653	5.6	fau	fasnu	1 2 5	rafsi/cmavo	fasnu	5	(event ‘happen’)	x1 (event) is an event that happens/occurs/takes place; x1 is an incident/happening/occurrence.
nu	CA	2	fasnu	CACCA				0	0	9999	fasnu	11610.0	15.9	1.2	82.9	nu	fasnu	9999	86.1	nu	fasnu		cmavo	fasnu	5	(event ‘happen’)	x1 (event) is an event that happens/occurs/takes place; x1 is an incident/happening/occurrence.
fac	CAC	3	fatci	CACCA	17	10	0	27	0	0	fatci	708.0	63.0	37.0	0.0	fac	fatci	27	3.8	fac	fatci	1 2 4	rafsi	fatci	2.5	(fact)	x1 (du'u) is a fact/reality/truth/actuality, in the absolute.
fatci	CACCA	5	fatci	CACCA	12	0	3	15	666	0	fatci	708.0	63.0	37.0	0.0	fatci	fatci	681	96.2	fatci	fatci		?	fatci	2.5	(fact)	x1 (du'u) is a fact/reality/truth/actuality, in the absolute.
fa'e	CAA	3	fatne	CACCA	2	0	14	16	0	26	fatne	109.0	98.5	1.5	0.0	fa'e	fatne	42	38.5	fa'e	fatne	1 2 5	rafsi/cmavo	fatne	1.3	(reverse)	x1 [sequence] is in reverse order from x2 [sequence]; x1 (object) is inverted from x2 (object).
fat	CAC	3	fatne	CACCA	66	1	0	67	0	0	fatne	109.0	98.5	1.5	0.0	fat	fatne	67	61.5	fat	fatne	1 2 3	rafsi	fatne	1.3	(reverse)	x1 [sequence] is in reverse order from x2 [sequence]; x1 (object) is inverted from x2 (object).
fai	CAA	3	fatri	CACCA	41	37	13	91	0	0	fatri	91.0	45.1	40.7	14.3	fai	fatri	91	100.0	fai	fatri	1 2 5	rafsi/cmavo	fatri	6.2	(distribute)	x1 is distributed/allotted/allocated/shared among x2 with shares/portions x3; (x2/x3 fa'u).
feb	CAC	3	febvi	CACCA	4	0	0	4	0	0	febvi	50.0	100.0	0.0	0.0	feb	febvi	4	8.0	feb	febvi	1 2 3	rafsi	febvi	7.5.2	(boil)	x1 boils/evaporates at temperature x2 and pressure x3.
febvi	CACCA	5	febvi	CACCA	0	0	4	4	42	0	febvi	50.0	100.0	0.0	0.0	febvi	febvi	46	92.0	febvi	febvi		?	febvi	7.5.2	(boil)	x1 boils/evaporates at temperature x2 and pressure x3.
femti	CACCA	5	femti	CACCA	0	0	2	2	5	0	femti	7.0	0.0	0.0	100.0	femti	femti	7	100.0	femti	femti		?	femti	7.4.3	(1E-15 metric ‘femto’)	
fed	CAC	3	fendi	CACCA	14	0	0	14	0	0	fendi	117.0	0.0	0.0	100.0	fed	fendi	14	12.0	fed	fendi	1 2 4	rafsi	fendi	6.2	(divide)	x1 (agent) divides/partitions/separates x2 into sections/parts/ind. x3 by method/partition x4.
fendi	CACCA	5	fendi	CACCA	0	0	31	31	72	0	fendi	117.0	0.0	0.0	100.0	fendi	fendi	103	88.0	fendi	fendi		?	fendi	6.2	(divide)	x1 (agent) divides/partitions/separates x2 into sections/parts/ind. x3 by method/partition x4.
fe'u	CAA	3	fengu	CACCA	16	0	36	52	0	0	fengu	250.0	30.8	0.0	69.2	fe'u	fengu	52	20.8	fe'u	fengu	1 2 5	rafsi/cmavo	fengu	10.1	(angry)	x1 is angry/mad at x2 for x3 (action/state/property).
feg	CAC	3	fengu	CACCA	35	0	0	35	0	0	fengu	250.0	30.8	0.0	69.2	feg	fengu	35	14.0	feg	fengu	1 2 4	rafsi	fengu	10.1	(angry)	x1 is angry/mad at x2 for x3 (action/state/property).
feng	CACC	4	fengu	CACCA	0	0	0	0	0	0	fengu	250.0	30.8	0.0	69.2	feng	fengu	0	0.0	feng	fengu		?	fengu	10.1	(angry)	x1 is angry/mad at x2 for x3 (action/state/property).
fengu	CACCA	5	fengu	CACCA	0	0	0	0	163	0	fengu	250.0	30.8	0.0	69.2	fengu	fengu	163	65.2	fengu	fengu		?	fengu	10.1	(angry)	x1 is angry/mad at x2 for x3 (action/state/property).
fek	CAC	3	fenki	CACCA	45	0	0	45	0	0	fenki	169.0	100.0	0.0	0.0	fek	fenki	45	26.6	fek	fenki	1 2 4	rafsi	fenki	10.3	(crazy ‘frenzy’)	x1 (action/event) is crazy/insane/mad/frantic/in a frenzy (one sense) by standard x2.
fenki	CACCA	5	fenki	CACCA	6	0	9	15	109	0	fenki	169.0	100.0	0.0	0.0	fenki	fenki	124	73.4	fenki	fenki		?	fenki	10.3	(crazy ‘frenzy’)	x1 (action/event) is crazy/insane/mad/frantic/in a frenzy (one sense) by standard x2.
fe'a	CAA	3	fenra	CACCA	0	0	44	44	0	0	fenra	149.0	0.0	0.0	100.0	fe'a	fenra	44	29.5	fe'a	fenra	1 2 5	rafsi/cmavo	fenra	3.5.5	(crack)	x1 is a crack/fissure/pass/cleft/ravine/chasm/[defect/flaw] [shape/form] in x2.
fenra	CACCA	5	fenra	CACCA	0	0	12	12	93	0	fenra	149.0	0.0	0.0	100.0	fenra	fenra	105	70.5	fenra	fenra		?	fenra	3.5.5	(crack)	x1 is a crack/fissure/pass/cleft/ravine/chasm/[defect/flaw] [shape/form] in x2.
fe'o	CAA	3	fenso	CACCA	4	0	6	10	0	0	fenso	31.0	40.0	0.0	60.0	fe'o	fenso	10	32.3	fe'o	fenso	1 2 5	rafsi/cmavo	fenso	13.1	(sew)	x1 sews/stitches/sutures materials x2 (ind./set) together with tool(s) x3, using filament x4.
fen	CAC	3	fenso	CACCA	5	0	0	5	0	0	fenso	31.0	40.0	0.0	60.0	fen	fenso	5	16.1	fen	fenso	1 2 3	rafsi	fenso	13.1	(sew)	x1 sews/stitches/sutures materials x2 (ind./set) together with tool(s) x3, using filament x4.
fenso	CACCA	5	fenso	CACCA	0	0	0	0	16	0	fenso	31.0	40.0	0.0	60.0	fenso	fenso	16	51.6	fenso	fenso		?	fenso	13.1	(sew)	x1 sews/stitches/sutures materials x2 (ind./set) together with tool(s) x3, using filament x4.
fei	CAA	3	fepni	CACCA	0	0	4	4	0	0	fepni	99.0	100.0	0.0	0.0	fei	fepni	4	4.0	fei	fepni	1 2 5	rafsi/cmavo	fepni	11.3.2	(cent ‘penny’)	x1 is measured in kopeck/cent money-subunits as x2 [quantity], in monetary system x3.
fep	CAC	3	fepni	CACCA	4	0	0	4	0	0	fepni	99.0	100.0	0.0	0.0	fep	fepni	4	4.0	fep	fepni	1 2 3	rafsi	fepni	11.3.2	(cent ‘penny’)	x1 is measured in kopeck/cent money-subunits as x2 [quantity], in monetary system x3.
fepni	CACCA	5	fepni	CACCA	0	0	0	0	91	0	fepni	99.0	100.0	0.0	0.0	fepni	fepni	91	91.9	fepni	fepni		?	fepni	11.3.2	(cent ‘penny’)	x1 is measured in kopeck/cent money-subunits as x2 [quantity], in monetary system x3.
fepri	CACCA	5	fepri	CACCA	0	0	1	1	19	0	fepri	20.0	0.0	0.0	100.0	fepri	fepri	20	100.0	fepri	fepri		?	fepri	9.2.5	(lung ‘pulmonary’)	x1 is a/the lung [body-part] of x2; [metaphor: breathing/respiratory apparatus/bellows].
fre	CCA	3	ferti	CACCA	12	0	14	26	0	0	ferti	26.0	46.2	0.0	53.8	fre	ferti	26	100.0	fre	ferti	1 3 2	rafsi	ferti	9	(fertile)	x1 is fertile/conducive for supporting the growth/development of x2; x1 is fruitful/prolific.
fes	CAC	3	festi	CACCA	45	15	0	60	0	0	festi	155.0	75.0	25.0	0.0	fes	festi	60	38.7	fes	festi	1 2 3	rafsi	festi	5	(waste)	x1(s) is/are waste product(s) [left to waste] by x2 (event/activity).
festi	CACCA	5	festi	CACCA	0	0	8	8	87	0	festi	155.0	75.0	25.0	0.0	festi	festi	95	61.3	festi	festi		?	festi	5	(waste)	x1(s) is/are waste product(s) [left to waste] by x2 (event/activity).
fe'i	CAA	3	fetsi	CACCA	3	0	7	10	0	0	fetsi	275.0	97.9	2.1	0.0	fe'i	fetsi	10	3.6	fe'i	fetsi	1 2 5	rafsi/cmavo	fetsi	9.3.2	(female ‘fem-’)	x1 is a female/doe of species x2 evidencing feminine trait(s) x3 (ka); x1 is feminine.
fet	CAC	3	fetsi	CACCA	184	4	0	188	0	0	fetsi	275.0	97.9	2.1	0.0	fet	fetsi	188	68.4	fet	fetsi	1 2 3	rafsi	fetsi	9.3.2	(female ‘fem-’)	x1 is a female/doe of species x2 evidencing feminine trait(s) x3 (ka); x1 is feminine.
fets	CACC	4	fetsi	CACCA	0	0	0	0	0	0	fetsi	275.0	97.9	2.1	0.0	fets	fetsi	0	0.0	fets	fetsi		?	fetsi	9.3.2	(female ‘fem-’)	x1 is a female/doe of species x2 evidencing feminine trait(s) x3 (ka); x1 is feminine.
fetsi	CACCA	5	fetsi	CACCA	0	0	0	0	77	0	fetsi	275.0	97.9	2.1	0.0	fetsi	fetsi	77	28.0	fetsi	fetsi		?	fetsi	9.3.2	(female ‘fem-’)	x1 is a female/doe of species x2 evidencing feminine trait(s) x3 (ka); x1 is feminine.
figre	CACCA	5	figre	CACCA	0	0	1	1	7	0	figre	8.0	0.0	0.0	100.0	figre	figre	8	100.0	figre	figre		?	figre	9.1.3	(fig)	x1 is a fig [fruit/tree] of species/strain x2.
filso	CACCA	5	filso	CACCA	0	0	1	1	1	0	filso	2.0	0.0	0.0	100.0	filso	filso	2	100.0	filso	filso		?	filso	12.4	(Palestinian ‘Philistine’)	
fi'e	CAA	3	finpe	CACCA	0	0	17	17	0	0	finpe	215.0	0.0	0.0	100.0	fi'e	finpe	17	7.9	fi'e	finpe	1 2 5	rafsi/cmavo	finpe	9.2.1	(fish ‘fin’)	x1 is a fish of species x2 [metaphorical extension to sharks, non-fish aquatic vertebrates].
finpe	CACCA	5	finpe	CACCA	0	0	0	0	191	0	finpe	215.0	0.0	0.0	100.0	finpe	finpe	191	88.8	finpe	finpe		?	finpe	9.2.1	(fish ‘fin’)	x1 is a fish of species x2 [metaphorical extension to sharks, non-fish aquatic vertebrates].
fip	CAC	3	finpe	CACCA	6	1	0	7	0	0	finpe	215.0	0.0	0.0	100.0	fip	finpe	7	3.3	fip	finpe	1 2 4	rafsi	finpe	9.2.1	(fish ‘fin’)	x1 is a fish of species x2 [metaphorical extension to sharks, non-fish aquatic vertebrates].
fi'e	CAA	3	finti	CACCA				0	0	46	finti	964.0	4.8	2.4	92.8	fi'e	finti	46	4.8	fi'e	finti	1 25 	cmavo	finti	13.1	(invent)	x1 invents/creates/composes/authors x2 for function/purpose x3 from existing elements/ideas x4.
fi'i	CAA	3	finti	CACCA	12	6	231	249	0	0	finti	964.0	4.8	2.4	92.8	fi'i	finti	249	25.8	fi'i	finti	1 25 25	rafsi/cmavo	finti	13.1	(invent)	x1 invents/creates/composes/authors x2 for function/purpose x3 from existing elements/ideas x4.
fin	CAC	3	finti	CACCA	36	22	0	58	0	0	finti	964.0	4.8	2.4	92.8	fin	finti	58	6.0	fin	finti	1 25 3	rafsi	finti	13.1	(invent)	x1 invents/creates/composes/authors x2 for function/purpose x3 from existing elements/ideas x4.
fint	CACC	4	finti	CACCA	0	0	0	0	0	0	finti	964.0	4.8	2.4	92.8	fint	finti	0	0.0	fint	finti		?	finti	13.1	(invent)	x1 invents/creates/composes/authors x2 for function/purpose x3 from existing elements/ideas x4.
finti	CACCA	5	finti	CACCA	0	0	2	2	609	0	finti	964.0	4.8	2.4	92.8	finti	finti	611	63.4	finti	finti		?	finti	13.1	(invent)	x1 invents/creates/composes/authors x2 for function/purpose x3 from existing elements/ideas x4.
fla	CCA	3	flalu	CCACA	42	16	32	90	0	0	flalu	90.0	46.7	17.8	35.6	fla	flalu	90	100.0	fla	flalu	1 24 3	rafsi	flalu	11.2.2	(law)	x1 is a law specifying x2 (state/event) for community x3 under conditions x4 by lawgiver(s) x5.
flal	CCAC	4	flalu	CCACA	0	0	0	0	0	0	flalu	90.0	46.7	17.8	35.6	flal	flalu	0	0.0	flal	flalu		?	flalu	11.2.2	(law)	x1 is a law specifying x2 (state/event) for community x3 under conditions x4 by lawgiver(s) x5.
flan	CCAC	4	flani	CCACA	1	0	0	1	0	0	flani	27.0	0.0	0.0	100.0	flan	flani	1	3.7	flan	flani		?	flani	12.6	(flute)	x1 is a flute/pipe/fife/recorder [flute-like/air-reed musical instrument].
flani	CCACA	5	flani	CCACA	0	0	6	6	20	0	flani	27.0	0.0	0.0	100.0	flani	flani	26	96.3	flani	flani		?	flani	12.6	(flute)	x1 is a flute/pipe/fife/recorder [flute-like/air-reed musical instrument].
fle	CCA	3	flecu	CCACA	16	3	60	79	0	0	flecu	206.0	20.3	3.8	75.9	fle	flecu	79	38.3	fle	flecu	1 2 3	rafsi	flecu	6.1.4	(flow ‘flush’)	x1 is a current/flow/river of/in x2 flowing in direction to/towards x3 from direction/source x4.
flecu	CCACA	5	flecu	CCACA	0	0	0	0	127	0	flecu	206.0	20.3	3.8	75.9	flecu	flecu	127	61.7	flecu	flecu		?	flecu	6.1.4	(flow ‘flush’)	x1 is a current/flow/river of/in x2 flowing in direction to/towards x3 from direction/source x4.
fli	CCA	3	fliba	CCACA	10	0	10	20	0	0	fliba	89.0	50.0	0.0	50.0	fli	fliba	20	22.5	fli	fliba	1 2 3	rafsi	fliba	5.2	(fail ‘baffle’)	x1 fails at doing x2 (state/event); x1 is a failure at its role in x2.
fliba	CCACA	5	fliba	CCACA	0	0	0	0	69	0	fliba	89.0	50.0	0.0	50.0	fliba	fliba	69	77.5	fliba	fliba		?	fliba	5.2	(fail ‘baffle’)	x1 fails at doing x2 (state/event); x1 is a failure at its role in x2.
fir	CAC	3	flira	CCACA	46	6	0	52	0	0	flira	252.0	88.5	11.5	0.0	fir	flira	52	20.6	fir	flira	1 3 4	rafsi	flira	9.2.3	(face)	x1 is a/the face [head/body-part] of x2; (adjective:) x1 is facial.
flir	CCAC	4	flira	CCACA	0	0	0	0	0	0	flira	252.0	88.5	11.5	0.0	flir	flira	0	0.0	flir	flira		?	flira	9.2.3	(face)	x1 is a/the face [head/body-part] of x2; (adjective:) x1 is facial.
flira	CCACA	5	flira	CCACA	0	0	11	11	189	0	flira	252.0	88.5	11.5	0.0	flira	flira	200	79.4	flira	flira		?	flira	9.2.3	(face)	x1 is a/the face [head/body-part] of x2; (adjective:) x1 is facial.
flo	CCA	3	foldi	CACCA	9	0	24	33	0	0	foldi	304.0	3.0	0.0	97.0	flo	foldi	33	10.9	flo	foldi	1 3 2	rafsi	foldi	3.5.5	(field)	x1 is a field [shape/form] of material x2; x1 is a broad uniform expanse of x2.
foi	CAA	3	foldi	CACCA	5	0	161	166	0	0	foldi	304.0	3.0	0.0	97.0	foi	foldi	166	54.6	foi	foldi	1 2 5	rafsi/cmavo	foldi	3.5.5	(field)	x1 is a field [shape/form] of material x2; x1 is a broad uniform expanse of x2.
fol	CAC	3	foldi	CACCA	6	0	0	6	0	0	foldi	304.0	3.0	0.0	97.0	fol	foldi	6	2.0	fol	foldi	1 2 3	?	foldi	3.5.5	(field)	x1 is a field [shape/form] of material x2; x1 is a broad uniform expanse of x2.
foldi	CACCA	5	foldi	CACCA	0	0	0	0	99	0	foldi	304.0	3.0	0.0	97.0	foldi	foldi	99	32.6	foldi	foldi		?	foldi	3.5.5	(field)	x1 is a field [shape/form] of material x2; x1 is a broad uniform expanse of x2.
fo'o	CAA	3	fonmo	CACCA	0	0	2	2	0	0	fonmo	23.0	100.0	0.0	0.0	fo'o	fonmo	2	8.7	fo'o	fonmo	1 25 25	rafsi/cmavo	fonmo	7.5.1	(foam)	x1 is a quantity of foam/froth/suds of material x2, with bubbles/vacuoles of material x3.
fom	CAC	3	fonmo	CACCA	21	0	0	21	0	0	fonmo	23.0	100.0	0.0	0.0	fom	fonmo	21	91.3	fom	fonmo	1 25 4	rafsi	fonmo	7.5.1	(foam)	x1 is a quantity of foam/froth/suds of material x2, with bubbles/vacuoles of material x3.
fon	CAC	3	fonxa	CACCA	115	3	0	118	0	0	fonxa	339.0	97.5	2.5	0.0	fon	fonxa	118	34.8	fon	fonxa	1 2 3	rafsi	fonxa	2.2	(telephone)	x1 is a telephone transceiver/modem attached to system/network x2.
fonx	CACC	4	fonxa	CACCA	0	0	0	0	0	0	fonxa	339.0	97.5	2.5	0.0	fonx	fonxa	0	0.0	fonx	fonxa		?	fonxa	2.2	(telephone)	x1 is a telephone transceiver/modem attached to system/network x2.
fonxa	CACCA	5	fonxa	CACCA	0	0	15	15	206	0	fonxa	339.0	97.5	2.5	0.0	fonxa	fonxa	221	65.2	fonxa	fonxa		?	fonxa	2.2	(telephone)	x1 is a telephone transceiver/modem attached to system/network x2.
fro	CCA	3	forca	CACCA	0	0	8	8	0	0	forca	8.0	0.0	0.0	100.0	fro	forca	8	100.0	fro	forca	1 3 2	rafsi	forca	13.3.1	(fork)	x1 is a fork/fork-type tool/utensil for purpose x2 with tines/prongs x3 on base/support x4.
fas	CAC	3	fraso	CCACA	22	1	0	23	0	0	fraso	206.0	95.7	4.3	0.0	fas	fraso	23	11.2	fas	fraso	1 3 4	rafsi	fraso	12.4	(French ‘France’)	
fras	CCAC	4	fraso	CCACA	0	0	0	0	0	0	fraso	206.0	95.7	4.3	0.0	fras	fraso	0	0.0	fras	fraso		?	fraso	12.4	(French ‘France’)	
fraso	CCACA	5	fraso	CCACA	0	0	1	1	182	0	fraso	206.0	95.7	4.3	0.0	fraso	fraso	183	88.8	fraso	fraso		?	fraso	12.4	(French ‘France’)	
fra	CCA	3	frati	CCACA	57	4	103	164	0	0	frati	164.0	34.8	2.4	62.8	fra	frati	164	100.0	fra	frati	1 2 3	rafsi	frati	9.3.4	(react)	x1 reacts/responds/answers with action x2 to stimulus x3 under conditions x4; x1 is responsive.
fax	CAC	3	fraxu	CCACA	5	3	0	8	0	0	fraxu	186.0	62.5	37.5	0.0	fax	fraxu	8	4.3	fax	fraxu	1 3 4	rafsi	fraxu	2.4	(forgive)	x1 forgives x2 for event/state/activity x3.
frax	CCAC	4	fraxu	CCACA	0	0	0	0	0	0	fraxu	186.0	62.5	37.5	0.0	frax	fraxu	0	0.0	frax	fraxu		?	fraxu	2.4	(forgive)	x1 forgives x2 for event/state/activity x3.
fraxu	CCACA	5	fraxu	CCACA	0	0	7	7	171	0	fraxu	186.0	62.5	37.5	0.0	fraxu	fraxu	178	95.7	fraxu	fraxu		?	fraxu	2.4	(forgive)	x1 forgives x2 for event/state/activity x3.
fic	CAC	3	frica	CCACA	31	0	0	31	0	0	frica	841.0	23.3	0.0	76.7	fic	frica	31	3.7	fic	frica	1 3 4	rafsi	frica	1.5	(differ)	x1 differs/is distinct from/contrasts with/is unlike x2 in property/dimension/quantity x3.
fric	CCAC	4	frica	CCACA	0	0	0	0	0	0	frica	841.0	23.3	0.0	76.7	fric	frica	0	0.0	fric	frica		?	frica	1.5	(differ)	x1 differs/is distinct from/contrasts with/is unlike x2 in property/dimension/quantity x3.
frica	CCACA	5	frica	CCACA	10	0	33	43	767	0	frica	841.0	23.3	0.0	76.7	frica	frica	810	96.3	frica	frica		?	frica	1.5	(differ)	x1 differs/is distinct from/contrasts with/is unlike x2 in property/dimension/quantity x3.
fi'o	CAA	3	friko	CCACA	35	0	2	37	0	0	friko	37.0	94.6	0.0	5.4	fi'o	friko	37	100.0	fi'o	friko	1 3 5	rafsi/cmavo	friko	12.2	(African)	
frik	CCAC	4	friko	CCACA	0	0	0	0	0	0	friko	37.0	94.6	0.0	5.4	frik	friko	0	0.0	frik	friko		?	friko	12.2	(African)	
fil	CAC	3	frili	CCACA	115	12	0	127	0	0	frili	463.0	90.6	9.4	0.0	fil	frili	127	27.4	fil	frili	1 35 4	rafsi	frili	5.2	(easy ‘freely’)	x1 (action) is easy/simple/facile for x2 (agent) under conditions x3; x2 does x1 freely/easily.
fril	CCAC	4	frili	CCACA	0	0	0	0	0	0	frili	463.0	90.6	9.4	0.0	fril	frili	0	0.0	fril	frili		?	frili	5.2	(easy ‘freely’)	x1 (action) is easy/simple/facile for x2 (agent) under conditions x3; x2 does x1 freely/easily.
frili	CCACA	5	frili	CCACA	0	0	6	6	305	0	frili	463.0	90.6	9.4	0.0	frili	frili	311	67.2	frili	frili		?	frili	5.2	(easy ‘freely’)	x1 (action) is easy/simple/facile for x2 (agent) under conditions x3; x2 does x1 freely/easily.
fu'i	CAA	3	frili	CCACA				0	0	25	frili	463.0	90.6	9.4	0.0	fu'i	frili	25	5.4	fu'i	frili	1  35	cmavo	frili	5.2	(easy ‘freely’)	x1 (action) is easy/simple/facile for x2 (agent) under conditions x3; x2 does x1 freely/easily.
frin	CCAC	4	frinu	CCACA	3	2	1	6	0	0	frinu	26.0	50.0	33.3	16.7	frin	frinu	6	23.1	frin	frinu		?	frinu	1.6	(fraction)	x1 is a fraction, with numerator x2, denominator x3 (x2/x3).
frinu	CCACA	5	frinu	CCACA	0	0	6	6	14	0	frinu	26.0	50.0	33.3	16.7	frinu	frinu	20	76.9	frinu	frinu		?	frinu	1.6	(fraction)	x1 is a fraction, with numerator x2, denominator x3 (x2/x3).
fi'i	CAA	3	friti	CCACA				0	0	124	friti	238.0	0.0	0.0	100.0	fi'i	friti	124	52.1	fi'i	friti	1 35 35	cmavo	friti	2.4	(offer)	x1 offers/proffers x2 [offering] to x3 with conditions x4.
fit	CAC	3	friti	CCACA	13	1	0	14	0	0	friti	238.0	0.0	0.0	100.0	fit	friti	14	5.9	fit	friti	1 35 4	rafsi	friti	2.4	(offer)	x1 offers/proffers x2 [offering] to x3 with conditions x4.
friti	CCACA	5	friti	CCACA	0	0	18	18	82	0	friti	238.0	0.0	0.0	100.0	friti	friti	100	42.0	friti	friti		?	friti	2.4	(offer)	x1 offers/proffers x2 [offering] to x3 with conditions x4.
fru	CCA	3	frumu	CCACA	17	0	1	18	0	0	frumu	33.0	94.4	0.0	5.6	fru	frumu	18	54.5	fru	frumu	1 2 35	rafsi	frumu	2.3	(frown)	x1 frowns/grimaces (facial expression).
frumu	CCACA	5	frumu	CCACA	0	0	0	0	15	0	frumu	33.0	94.4	0.0	5.6	frumu	frumu	15	45.5	frumu	frumu		?	frumu	2.3	(frown)	x1 frowns/grimaces (facial expression).
fu'i	CAA	3	fukpi	CACCA	849	1	17	867	0	0	fukpi	869.0	97.9	0.1	2.0	fu'i	fukpi	867	99.8	fu'i	fukpi	1 2 5	rafsi/cmavo	fukpi	13.1	(copy)	x1 is a copy/replica/duplicate/clone of x2 in form/medium x3 made by method x4 (event).
fuk	CAC	3	fukpi	CACCA	2	0	0	2	0	0	fukpi	869.0	97.9	0.1	2.0	fuk	fukpi	2	0.2	fuk	fukpi	1 2 3	rafsi	fukpi	13.1	(copy)	x1 is a copy/replica/duplicate/clone of x2 in form/medium x3 made by method x4 (event).
fukp	CACC	4	fukpi	CACCA	0	0	0	0	0	0	fukpi	869.0	97.9	0.1	2.0	fukp	fukpi	0	0.0	fukp	fukpi		?	fukpi	13.1	(copy)	x1 is a copy/replica/duplicate/clone of x2 in form/medium x3 made by method x4 (event).
flu	CCA	3	fulta	CACCA	3	4	1	8	0	0	fulta	8.0	37.5	50.0	12.5	flu	fulta	8	100.0	flu	fulta	1 3 2	rafsi	fulta	6.1.3	(float)	x1 (passive) floats on/in fluid (gas/liquid) x2; x1 is buoyant.
ful	CAC	3	fulta	CACCA	0	0	0	0	0	0	fulta	8.0	37.5	50.0	12.5	ful	fulta	0	0.0	ful	fulta	1 2 3	rafsi	fulta	6.1.3	(float)	x1 (passive) floats on/in fluid (gas/liquid) x2; x1 is buoyant.
fu'a	CAA	3	funca	CACCA	0	0	47	47	0	0	funca	91.0	0.0	0.0	100.0	fu'a	funca	47	51.6	fu'a	funca	1 2 5	rafsi/cmavo	funca	10.3	(luck ‘fortune’)	x1 (event/property) is determined by the luck/fortune of x2; (note mabla/zabna not implied).
fun	CAC	3	funca	CACCA	12	0	0	12	0	0	funca	91.0	0.0	0.0	100.0	fun	funca	12	13.2	fun	funca	1 2 3	rafsi	funca	10.3	(luck ‘fortune’)	x1 (event/property) is determined by the luck/fortune of x2; (note mabla/zabna not implied).
funca	CACCA	5	funca	CACCA	0	0	4	4	28	0	funca	91.0	0.0	0.0	100.0	funca	funca	32	35.2	funca	funca		?	funca	10.3	(luck ‘fortune’)	x1 (event/property) is determined by the luck/fortune of x2; (note mabla/zabna not implied).
fusra	CACCA	5	fusra	CACCA	0	0	3	3	48	0	fusra	51.0	0.0	0.0	100.0	fusra	fusra	51	100.0	fusra	fusra		?	fusra	9	(rotten ‘rot’)	x1 rots/decays/ferments with decay/fermentation agent x2; x1 is rotten/decayed/fermented.
fu'e	CAA	3	fuzme	CACCA	4	0	3	7	0	0	fuzme	9.0	57.1	0.0	42.9	fu'e	fuzme	7	77.8	fu'e	fuzme	1 2 5	rafsi/cmavo	fuzme	5.3.1	(responsible)	x1 is responsible/accountable for x2 (action/resulting state) to judge/authority x3.
fuz	CAC	3	fuzme	CACCA	2	0	0	2	0	0	fuzme	9.0	57.1	0.0	42.9	fuz	fuzme	2	22.2	fuz	fuzme	1 2 3	rafsi	fuzme	5.3.1	(responsible)	x1 is responsible/accountable for x2 (action/resulting state) to judge/authority x3.
gacri	CACCA	5	gacri	CACCA	0	0	0	0	118	0	gacri	280.0	13.6	14.8	71.6	gacri	gacri	118	42.1	gacri	gacri		?	gacri	3.5.5	(cover)	x1 is a cover/[lid/top] for covering/concealing/sheltering x2.
gai	CAA	3	gacri	CACCA	22	24	116	162	0	0	gacri	280.0	13.6	14.8	71.6	gai	gacri	162	57.9	gai	gacri	1 2 5	rafsi/cmavo	gacri	3.5.5	(cover)	x1 is a cover/[lid/top] for covering/concealing/sheltering x2.
gadri	CACCA	5	gadri	CACCA	0	0	14	14	350	0	gadri	364.0	0.0	0.0	100.0	gadri	gadri	364	100.0	gadri	gadri		?	gadri	2.1	(article)	x1 is an article/descriptor labelling description x2 (text) in language x3 with semantics x4.
ga'i	CAA	3	galfi	CACCA	13	14	74	101	0	0	galfi	444.0	12.9	13.9	73.3	ga'i	galfi	101	22.7	ga'i	galfi	1 2 5	rafsi/cmavo	galfi	6.2	(modify ‘alter’)	x1 (event) modifies/alters/changes/transforms/converts x2 into x3.
gaf	CAC	3	galfi	CACCA	25	5	0	30	0	0	galfi	444.0	12.9	13.9	73.3	gaf	galfi	30	6.8	gaf	galfi	1 2 4	rafsi	galfi	6.2	(modify ‘alter’)	x1 (event) modifies/alters/changes/transforms/converts x2 into x3.
galf	CACC	4	galfi	CACCA	0	0	0	0	0	0	galfi	444.0	12.9	13.9	73.3	galf	galfi	0	0.0	galf	galfi		?	galfi	6.2	(modify ‘alter’)	x1 (event) modifies/alters/changes/transforms/converts x2 into x3.
galfi	CACCA	5	galfi	CACCA	0	0	0	0	313	0	galfi	444.0	12.9	13.9	73.3	galfi	galfi	313	70.5	galfi	galfi		?	galfi	6.2	(modify ‘alter’)	x1 (event) modifies/alters/changes/transforms/converts x2 into x3.
ga'i	CAA	3	galtu	CACCA				0	0	199	galtu	547.0	100.0	0.0	0.0	ga'i	galtu	199	36.4	ga'i	galtu	1 2 	cmavo	galtu	3.1	(high)	x1 is high/up/upward in frame of reference x2 as compared with baseline/standard height x3.
ga'u	CAA	3	galtu	CACCA	0	0	24	24	0	0	galtu	547.0	100.0	0.0	0.0	ga'u	galtu	24	4.4	ga'u	galtu	1 2 5	rafsi/cmavo	galtu	3.1	(high)	x1 is high/up/upward in frame of reference x2 as compared with baseline/standard height x3.
gal	CAC	3	galtu	CACCA	106	0	0	106	0	0	galtu	547.0	100.0	0.0	0.0	gal	galtu	106	19.4	gal	galtu	1 2 3	rafsi	galtu	3.1	(high)	x1 is high/up/upward in frame of reference x2 as compared with baseline/standard height x3.
galtu	CACCA	5	galtu	CACCA	0	0	2	2	216	0	galtu	547.0	100.0	0.0	0.0	galtu	galtu	218	39.9	galtu	galtu		?	galtu	3.1	(high)	x1 is high/up/upward in frame of reference x2 as compared with baseline/standard height x3.
galx	CACC	4	galxe	CACCA	11	0	0	11	0	0	galxe	47.0	100.0	0.0	0.0	galx	galxe	11	23.4	galx	galxe		?	galxe	9.2.3	(throat ‘gullet’)	x1 is a/the throat/gullet [body-part] of x2; [metaphor: narrow(ing) opening of a deep hole].
galxe	CACCA	5	galxe	CACCA	0	0	1	1	35	0	galxe	47.0	100.0	0.0	0.0	galxe	galxe	36	76.6	galxe	galxe		?	galxe	9.2.3	(throat ‘gullet’)	x1 is a/the throat/gullet [body-part] of x2; [metaphor: narrow(ing) opening of a deep hole].
ga'o	CAA	3	ganlo	CACCA	54	0	3	57	0	13	ganlo	70.0	94.7	0.0	5.3	ga'o	ganlo	70	100.0	ga'o	ganlo	1 2 5	rafsi/cmavo	ganlo	3.1	(closed)	x1 (portal/passage/entrance-way) is closed/shut/not open, preventing passage/access to x2 by x3.
ganl	CACC	4	ganlo	CACCA	0	0	0	0	0	0	ganlo	70.0	94.7	0.0	5.3	ganl	ganlo	0	0.0	ganl	ganlo		?	ganlo	3.1	(closed)	x1 (portal/passage/entrance-way) is closed/shut/not open, preventing passage/access to x2 by x3.
gan	CAC	3	ganra	CACCA	62	1	0	63	0	0	ganra	170.0	98.4	1.6	0.0	gan	ganra	63	37.1	gan	ganra	1 25 3	rafsi	ganra	3.4	(broad)	x1 is broad/wide in dimension x2 [2nd most significant dimension] by standard x3.
ganr	CACC	4	ganra	CACCA	0	0	0	0	0	0	ganra	170.0	98.4	1.6	0.0	ganr	ganra	0	0.0	ganr	ganra		?	ganra	3.4	(broad)	x1 is broad/wide in dimension x2 [2nd most significant dimension] by standard x3.
ganra	CACCA	5	ganra	CACCA	0	1	15	16	91	0	ganra	170.0	98.4	1.6	0.0	ganra	ganra	107	62.9	ganra	ganra		?	ganra	3.4	(broad)	x1 is broad/wide in dimension x2 [2nd most significant dimension] by standard x3.
ga'e	CAA	3	ganse	CACCA	1	3	98	102	0	0	ganse	130.0	1.0	2.9	96.1	ga'e	ganse	102	78.5	ga'e	ganse	1 2 5	rafsi/cmavo	ganse	9.4	(sense)	x1 [observer] senses/detects/notices stimulus property x2 (ka) by means x3 under conditions x4.
gas	CAC	3	ganse	CACCA	26	2	0	28	0	0	ganse	130.0	1.0	2.9	96.1	gas	ganse	28	21.5	gas	ganse	1 2 4	rafsi	ganse	9.4	(sense)	x1 [observer] senses/detects/notices stimulus property x2 (ka) by means x3 under conditions x4.
ganti	CACCA	5	ganti	CACCA	0	0	4	4	24	0	ganti	28.0	0.0	0.0	100.0	ganti	ganti	28	100.0	ganti	ganti		?	ganti	9.2.5	(testicle ‘testes’)	x1 is a/the testes/ovary/testicle/scrotum/balls/gonad/stamen/pistil [body-part] of x2, gender x3.
ganxo	CACCA	5	ganxo	CACCA	0	0	1	1	74	0	ganxo	107.0	100.0	0.0	0.0	ganxo	ganxo	75	70.1	ganxo	ganxo		?	ganxo	9.2.3	(anus ‘asshole\s arsehole’)	x1 is a/the anus/anal orifice/asshole/arsehole [body-part] of x2; [metaphor: exit, waste exit].
gax	CAC	3	ganxo	CACCA	32	0	0	32	0	0	ganxo	107.0	100.0	0.0	0.0	gax	ganxo	32	29.9	gax	ganxo	1 2 4	rafsi	ganxo	9.2.3	(anus ‘asshole\s arsehole’)	x1 is a/the anus/anal orifice/asshole/arsehole [body-part] of x2; [metaphor: exit, waste exit].
ganzu	CACCA	5	ganzu	CACCA	0	0	11	11	58	0	ganzu	69.0	0.0	0.0	100.0	ganzu	ganzu	69	100.0	ganzu	ganzu		?	ganzu	1.2	(organize)	x1 organizes x2 [relative chaos] into x3 [ordered/organized result] by system/principle(s) x4.
gac	CAC	3	gapci	CACCA	47	14	0	61	0	0	gapci	104.0	77.0	23.0	0.0	gac	gapci	61	58.7	gac	gapci	1 2 4	rafsi	gapci	7.5.1	(gas)	x1 is gaseous/fumes/a gas/vapor of material/composition including x2, under conditions x3.
gapci	CACCA	5	gapci	CACCA	0	0	18	18	25	0	gapci	104.0	77.0	23.0	0.0	gapci	gapci	43	41.3	gapci	gapci		?	gapci	7.5.1	(gas)	x1 is gaseous/fumes/a gas/vapor of material/composition including x2, under conditions x3.
ga'u	CAA	3	gapru	CACCA				0	0	74	gapru	314.0	95.5	4.5	0.0	ga'u	gapru	74	23.6	ga'u	gapru	1 2 5	cmavo	gapru	3.1	(above ‘up’)	x1 is directly/vertically above/upwards-from x2 in gravity/frame of reference x3.
gap	CAC	3	gapru	CACCA	21	1	0	22	0	0	gapru	314.0	95.5	4.5	0.0	gap	gapru	22	7.0	gap	gapru	1 2 3	rafsi	gapru	3.1	(above ‘up’)	x1 is directly/vertically above/upwards-from x2 in gravity/frame of reference x3.
gapru	CACCA	5	gapru	CACCA	0	0	12	12	206	0	gapru	314.0	95.5	4.5	0.0	gapru	gapru	218	69.4	gapru	gapru		?	gapru	3.1	(above ‘up’)	x1 is directly/vertically above/upwards-from x2 in gravity/frame of reference x3.
gar	CAC	3	garna	CACCA	26	0	0	26	0	0	garna	42.0	100.0	0.0	0.0	gar	garna	26	61.9	gar	garna	1 25 3	rafsi	garna	13.4	(rail ‘bar’)	x1 is a rail/railing/bar [tool] supporting/restraining x2, of material x3.
garn	CACC	4	garna	CACCA	0	0	0	0	0	0	garna	42.0	100.0	0.0	0.0	garn	garna	0	0.0	garn	garna		?	garna	13.4	(rail ‘bar’)	x1 is a rail/railing/bar [tool] supporting/restraining x2, of material x3.
garna	CACCA	5	garna	CACCA	0	0	4	4	12	0	garna	42.0	100.0	0.0	0.0	garna	garna	16	38.1	garna	garna		?	garna	13.4	(rail ‘bar’)	x1 is a rail/railing/bar [tool] supporting/restraining x2, of material x3.
gasn	CACC	4	gasnu	CACCA	0	0	0	0	0	0	gasnu	3800.0	0.4	0.6	99.0	gasn	gasnu	0	0.0	gasn	gasnu		?	gasnu	5.1	(do)	x1 [person/agent] is an agentive cause of event x2; x1 does/brings about x2.
gasnu	CACCA	5	gasnu	CACCA	0	0	0	0	1277	0	gasnu	3800.0	0.4	0.6	99.0	gasnu	gasnu	1277	33.6	gasnu	gasnu		?	gasnu	5.1	(do)	x1 [person/agent] is an agentive cause of event x2; x1 does/brings about x2.
gau	CAA	3	gasnu	CACCA	10	13	2211	2234	0	289	gasnu	3800.0	0.4	0.6	99.0	gau	gasnu	2523	66.4	gau	gasnu	1 2 5	rafsi/cmavo	gasnu	5.1	(do)	x1 [person/agent] is an agentive cause of event x2; x1 does/brings about x2.
gasta	CACCA	5	gasta	CACCA	0	0	1	1	30	0	gasta	32.0	100.0	0.0	0.0	gasta	gasta	31	96.9	gasta	gasta		?	gasta	13.2.1	(steel)	x1 is a quantity of/is made of/contains steel of composition including x2.
gat	CAC	3	gasta	CACCA	1	0	0	1	0	0	gasta	32.0	100.0	0.0	0.0	gat	gasta	1	3.1	gat	gasta	1 25 4	rafsi	gasta	13.2.1	(steel)	x1 is a quantity of/is made of/contains steel of composition including x2.
gej	CAC	3	genja	CACCA	2	0	0	2	0	0	genja	45.0	0.0	0.0	100.0	gej	genja	2	4.4	gej	genja	1 2 4	rafsi	genja	9.1.1	(root)	x1 is a root [body-part] of plant/species x2; [metaphor: immobile, supporting, nourishing].
genja	CACCA	5	genja	CACCA	0	0	5	5	38	0	genja	45.0	0.0	0.0	100.0	genja	genja	43	95.6	genja	genja		?	genja	9.1.1	(root)	x1 is a root [body-part] of plant/species x2; [metaphor: immobile, supporting, nourishing].
ge'o	CAA	3	gento	CACCA	0	0	1	1	0	0	gento	27.0	100.0	0.0	0.0	ge'o	gento	1	3.7	ge'o	gento	1 2 5	rafsi/cmavo	gento	12.4	(Argentinian)	
gent	CACC	4	gento	CACCA	0	0	0	0	0	0	gento	27.0	100.0	0.0	0.0	gent	gento	0	0.0	gent	gento		?	gento	12.4	(Argentinian)	
get	CAC	3	gento	CACCA	26	0	0	26	0	0	gento	27.0	100.0	0.0	0.0	get	gento	26	96.3	get	gento	1 2 4	rafsi	gento	12.4	(Argentinian)	
genxu	CACCA	5	genxu	CACCA	0	0	1	1	9	0	genxu	10.0	0.0	0.0	100.0	genxu	genxu	10	100.0	genxu	genxu		?	genxu	3.5.5	(hook)	x1 is a hook/crook [shape/form] of material x2.
ge'u	CAA	3	gerku	CACCA	0	5	68	73	0	0	gerku	3073.0	98.3	1.7	0.0	ge'u	gerku	73	2.4	ge'u	gerku	1 2 5	rafsi/cmavo	gerku	9.2.2	(dog)	x1 is a dog/canine/[bitch] of species/breed x2.
ger	CAC	3	gerku	CACCA	232	4	0	236	0	0	gerku	3073.0	98.3	1.7	0.0	ger	gerku	236	7.7	ger	gerku	1 2 3	rafsi	gerku	9.2.2	(dog)	x1 is a dog/canine/[bitch] of species/breed x2.
gerk	CACC	4	gerku	CACCA	0	0	0	0	0	0	gerku	3073.0	98.3	1.7	0.0	gerk	gerku	0	0.0	gerk	gerku		?	gerku	9.2.2	(dog)	x1 is a dog/canine/[bitch] of species/breed x2.
gerku	CACCA	5	gerku	CACCA	0	0	0	0	2764	0	gerku	3073.0	98.3	1.7	0.0	gerku	gerku	2764	89.9	gerku	gerku		?	gerku	9.2.2	(dog)	x1 is a dog/canine/[bitch] of species/breed x2.
ge'a	CAA	3	gerna	CACCA	3	0	178	181	0	0	gerna	945.0	94.9	5.1	0.0	ge'a	gerna	181	19.2	ge'a	gerna	1 2 5	rafsi/cmavo	gerna	2.1	(grammar)	x1 is the grammar/rules/defining form of language x2 for structure/text x3.
gen	CAC	3	gerna	CACCA	317	17	0	334	0	0	gerna	945.0	94.9	5.1	0.0	gen	gerna	334	35.3	gen	gerna	1 2 4	rafsi	gerna	2.1	(grammar)	x1 is the grammar/rules/defining form of language x2 for structure/text x3.
gern	CACC	4	gerna	CACCA	0	0	0	0	0	0	gerna	945.0	94.9	5.1	0.0	gern	gerna	0	0.0	gern	gerna		?	gerna	2.1	(grammar)	x1 is the grammar/rules/defining form of language x2 for structure/text x3.
gerna	CACCA	5	gerna	CACCA	0	0	4	4	426	0	gerna	945.0	94.9	5.1	0.0	gerna	gerna	430	45.5	gerna	gerna		?	gerna	2.1	(grammar)	x1 is the grammar/rules/defining form of language x2 for structure/text x3.
gi'a	CAA	3	gidva	CACCA	1	0	6	7	0	0	gidva	55.0	14.3	0.0	85.7	gi'a	gidva	7	12.7	gi'a	gidva	1 2 5	rafsi/cmavo	gidva	5.2	(guide)	x1 (person/object/event) guides/conducts/pilots/leads x2 (active participants) in/at x3 (event).
gid	CAC	3	gidva	CACCA	0	1	0	1	0	0	gidva	55.0	14.3	0.0	85.7	gid	gidva	1	1.8	gid	gidva	1 2 3	rafsi	gidva	5.2	(guide)	x1 (person/object/event) guides/conducts/pilots/leads x2 (active participants) in/at x3 (event).
gidva	CACCA	5	gidva	CACCA	0	0	2	2	45	0	gidva	55.0	14.3	0.0	85.7	gidva	gidva	47	85.5	gidva	gidva		?	gidva	5.2	(guide)	x1 (person/object/event) guides/conducts/pilots/leads x2 (active participants) in/at x3 (event).
gi'o	CAA	3	gigdo	CACCA	0	0	3	3	0	0	gigdo	4.0	0.0	0.0	100.0	gi'o	gigdo	3	75.0	gi'o	gigdo	13 2 5	rafsi/cmavo	gigdo	7.4.3	(1E9 metric ‘giga’)	
gig	CAC	3	gigdo	CACCA	1	0	0	1	0	0	gigdo	4.0	0.0	0.0	100.0	gig	gigdo	1	25.0	gig	gigdo	13 2 13	rafsi	gigdo	7.4.3	(1E9 metric ‘giga’)	
gik	CAC	3	ginka	CACCA	4	0	0	4	0	0	ginka	68.0	100.0	0.0	0.0	gik	ginka	4	5.9	gik	ginka	1 2 4	rafsi	ginka	13.6	(camp)	x1 is a camp/encampment/temporary residence of x2 at location x3.
ginka	CACCA	5	ginka	CACCA	0	0	2	2	62	0	ginka	68.0	100.0	0.0	0.0	ginka	ginka	64	94.1	ginka	ginka		?	ginka	13.6	(camp)	x1 is a camp/encampment/temporary residence of x2 at location x3.
gir	CAC	3	girzu	CACCA	0	0	0	0	0	0	girzu	744.0	14.7	3.1	82.3	gir	girzu	0	0.0	gir	girzu	1 2 3	rafsi	girzu	1.1	(group)	x1 is group/cluster/team showing common property (ka) x2 due to set x3 linked by relations x4.
girzu	CACCA	5	girzu	CACCA	0	0	0	0	355	0	girzu	744.0	14.7	3.1	82.3	girzu	girzu	355	47.7	girzu	girzu		?	girzu	1.1	(group)	x1 is group/cluster/team showing common property (ka) x2 due to set x3 linked by relations x4.
gri	CCA	3	girzu	CACCA	57	12	320	389	0	0	girzu	744.0	14.7	3.1	82.3	gri	girzu	389	52.3	gri	girzu	1 3 2	rafsi	girzu	1.1	(group)	x1 is group/cluster/team showing common property (ka) x2 due to set x3 linked by relations x4.
gi'u	CAA	3	gismu	CACCA	0	0	50	50	0	0	gismu	6974.0	99.3	0.8	0.0	gi'u	gismu	50	0.7	gi'u	gismu	1 2 5	rafsi/cmavo	gismu	2.1	(root word)	x1 is a (Lojban) root word expressing relation x2 among argument roles x3, with affix(es) x4.
gim	CAC	3	gismu	CACCA	397	3	0	400	0	0	gismu	6974.0	99.3	0.8	0.0	gim	gismu	400	5.7	gim	gismu	1 2 4	rafsi	gismu	2.1	(root word)	x1 is a (Lojban) root word expressing relation x2 among argument roles x3, with affix(es) x4.
gism	CACC	4	gismu	CACCA	0	0	0	0	0	0	gismu	6974.0	99.3	0.8	0.0	gism	gismu	0	0.0	gism	gismu		?	gismu	2.1	(root word)	x1 is a (Lojban) root word expressing relation x2 among argument roles x3, with affix(es) x4.
gismu	CACCA	5	gismu	CACCA	0	0	0	0	6524	0	gismu	6974.0	99.3	0.8	0.0	gismu	gismu	6524	93.5	gismu	gismu		?	gismu	2.1	(root word)	x1 is a (Lojban) root word expressing relation x2 among argument roles x3, with affix(es) x4.
gla	CCA	3	glare	CCACA	106	0	66	172	0	0	glare	537.0	61.6	0.0	38.4	gla	glare	172	32.0	gla	glare	1 2 3	rafsi	glare	7.3	(hot ‘warm’)	x1 is hot/[warm] by standard x2.
glar	CCAC	4	glare	CCACA	0	0	0	0	0	0	glare	537.0	61.6	0.0	38.4	glar	glare	0	0.0	glar	glare		?	glare	7.3	(hot ‘warm’)	x1 is hot/[warm] by standard x2.
glare	CCACA	5	glare	CCACA	0	0	0	0	365	0	glare	537.0	61.6	0.0	38.4	glare	glare	365	68.0	glare	glare		?	glare	7.3	(hot ‘warm’)	x1 is hot/[warm] by standard x2.
gei	CAA	3	gleki	CCACA	59	20	142	221	0	0	gleki	928.0	26.7	9.0	64.3	gei	gleki	221	23.8	gei	gleki	1 3 5	rafsi/cmavo	gleki	10.1	(happy ‘gay’)	x1 is happy/merry/glad/gleeful about x2 (event/state).
gek	CAC	3	gleki	CCACA	5	0	0	5	0	0	gleki	928.0	26.7	9.0	64.3	gek	gleki	5	0.5	gek	gleki	1 3 4	rafsi	gleki	10.1	(happy ‘gay’)	x1 is happy/merry/glad/gleeful about x2 (event/state).
glek	CCAC	4	gleki	CCACA	0	0	0	0	0	0	gleki	928.0	26.7	9.0	64.3	glek	gleki	0	0.0	glek	gleki		?	gleki	10.1	(happy ‘gay’)	x1 is happy/merry/glad/gleeful about x2 (event/state).
gleki	CCACA	5	gleki	CCACA	0	0	0	0	702	0	gleki	928.0	26.7	9.0	64.3	gleki	gleki	702	75.6	gleki	gleki		?	gleki	10.1	(happy ‘gay’)	x1 is happy/merry/glad/gleeful about x2 (event/state).
gle	CCA	3	gletu	CCACA	223	21	105	349	0	0	gletu	555.0	63.9	6.0	30.1	gle	gletu	349	62.9	gle	gletu	1 2 3	rafsi	gletu	9.3.2	(copulate ‘coitus’)	x1 copulates/fucks/mates/has coitus/sexual intercourse with x2.
gletu	CCACA	5	gletu	CCACA	0	0	6	6	200	0	gletu	555.0	63.9	6.0	30.1	gletu	gletu	206	37.1	gletu	gletu		?	gletu	9.3.2	(copulate ‘coitus’)	x1 copulates/fucks/mates/has coitus/sexual intercourse with x2.
let	CAC	3	gletu	CCACA	0	0	0	0	0	0	gletu	555.0	63.9	6.0	30.1	let	gletu	0	0.0	let	gletu	2 3 4	rafsi	gletu	9.3.2	(copulate ‘coitus’)	x1 copulates/fucks/mates/has coitus/sexual intercourse with x2.
gic	CAC	3	glico	CCACA	24	0	0	24	0	0	glico	1467.0	43.6	6.0	50.4	gic	glico	24	1.6	gic	glico	1 3 4	rafsi	glico	12.3	(English)	
gli	CCA	3	glico	CCACA	453	62	523	1038	0	0	glico	1467.0	43.6	6.0	50.4	gli	glico	1038	70.8	gli	glico	1 2 3	rafsi	glico	12.3	(English)	
glic	CCAC	4	glico	CCACA	0	0	0	0	0	0	glico	1467.0	43.6	6.0	50.4	glic	glico	0	0.0	glic	glico		?	glico	12.3	(English)	
glico	CCACA	5	glico	CCACA	0	0	4	4	401	0	glico	1467.0	43.6	6.0	50.4	glico	glico	405	27.6	glico	glico		?	glico	12.3	(English)	
glu	CCA	3	gluta	CCACA	0	0	9	9	0	0	gluta	9.0	0.0	0.0	100.0	glu	gluta	9	100.0	glu	gluta	1 2 3	rafsi	gluta	13.7	(glove)	x1 is a mitten/glove [hand and lower arm garment] of material x2.
gocti	CACCA	5	gocti	CACCA	0	0	2	2	0	0	gocti	2.0	0.0	0.0	100.0	gocti	gocti	2	100.0	gocti	gocti		?	gocti	7.4.3	(1E-24 ‘yocto’)	
gotro	CACCA	5	gotro	CACCA	0	0	2	2	6	0	gotro	8.0	0.0	0.0	100.0	gotro	gotro	8	100.0	gotro	gotro		?	gotro	7.4.3	(1E24 ‘yotta’)	
gradu	CCACA	5	gradu	CCACA	0	0	0	0	128	0	gradu	180.0	5.8	0.0	94.2	gradu	gradu	128	71.1	gradu	gradu		?	gradu	7.4	(unit ‘degree, grad’)	x1 [magnitude] is a unit/degree of/on scale/reference standard x2 (si'o) measuring property x3.
rau	CAA	3	gradu	CCACA	3	0	49	52	0	0	gradu	180.0	5.8	0.0	94.2	rau	gradu	52	28.9	rau	gradu	2 3 5	rafsi/cmavo	gradu	7.4	(unit ‘degree, grad’)	x1 [magnitude] is a unit/degree of/on scale/reference standard x2 (si'o) measuring property x3.
gra	CCA	3	grake	CCACA	6	0	96	102	0	0	grake	234.0	5.9	0.0	94.1	gra	grake	102	43.6	gra	grake	1 2 3	rafsi	grake	7.4.1	(gram)	x1 is x2 gram(s) [metric unit] in mass (default is 1) by standard x3.
grake	CCACA	5	grake	CCACA	0	0	0	0	132	0	grake	234.0	5.9	0.0	94.1	grake	grake	132	56.4	grake	grake		?	grake	7.4.1	(gram)	x1 is x2 gram(s) [metric unit] in mass (default is 1) by standard x3.
ga'a	CAA	3	grana	CCACA	35	20	49	104	0	0	grana	220.0	33.7	19.2	47.1	ga'a	grana	104	47.3	ga'a	grana	1 35 35	rafsi/cmavo	grana	3.5.5	(rod)	x1 is a rod/pole/staff/stick/cane [shape/form] of material x2.
grana	CCACA	5	grana	CCACA	0	0	0	0	116	0	grana	220.0	33.7	19.2	47.1	grana	grana	116	52.7	grana	grana		?	grana	3.5.5	(rod)	x1 is a rod/pole/staff/stick/cane [shape/form] of material x2.
gras	CCAC	4	grasu	CCACA	0	0	0	0	0	0	grasu	92.0	85.1	14.9	0.0	gras	grasu	0	0.0	gras	grasu		?	grasu	13.2.3	(grease)	x1 is a quantity of/is made of/contains grease/fat/oil from source x2.
grasu	CCACA	5	grasu	CCACA	0	0	17	17	28	0	grasu	92.0	85.1	14.9	0.0	grasu	grasu	45	48.9	grasu	grasu		?	grasu	13.2.3	(grease)	x1 is a quantity of/is made of/contains grease/fat/oil from source x2.
ras	CAC	3	grasu	CCACA	40	7	0	47	0	0	grasu	92.0	85.1	14.9	0.0	ras	grasu	47	51.1	ras	grasu	2 3 4	rafsi	grasu	13.2.3	(grease)	x1 is a quantity of/is made of/contains grease/fat/oil from source x2.
greku	CCACA	5	greku	CCACA	0	0	7	7	24	0	greku	32.0	0.0	0.0	100.0	greku	greku	31	96.9	greku	greku		?	greku	13.4	(frame)	x1 is a frame/structure/skeleton/outline supporting/load-bearing/determining the form of x2.
rek	CAC	3	greku	CCACA	1	0	0	1	0	0	greku	32.0	0.0	0.0	100.0	rek	greku	1	3.1	rek	greku	2 3 4	rafsi	greku	13.4	(frame)	x1 is a frame/structure/skeleton/outline supporting/load-bearing/determining the form of x2.
grus	CCAC	4	grusi	CCACA	6	0	0	6	0	0	grusi	198.0	100.0	0.0	0.0	grus	grusi	6	3.0	grus	grusi		?	grusi	9.4.2	(gray)	x1 is gray [color adjective].
grusi	CCACA	5	grusi	CCACA	0	0	1	1	163	0	grusi	198.0	100.0	0.0	0.0	grusi	grusi	164	82.8	grusi	grusi		?	grusi	9.4.2	(gray)	x1 is gray [color adjective].
rus	CAC	3	grusi	CCACA	28	0	0	28	0	0	grusi	198.0	100.0	0.0	0.0	rus	grusi	28	14.1	rus	grusi	2 3 4	rafsi	grusi	9.4.2	(gray)	x1 is gray [color adjective].
grut	CCAC	4	grute	CCACA	0	0	0	0	0	0	grute	120.0	50.0	50.0	0.0	grut	grute	0	0.0	grut	grute		?	grute	9.1.1	(fruit)	x1 is a fruit [body-part] of species x2.
grute	CCACA	5	grute	CCACA	0	0	5	5	103	0	grute	120.0	50.0	50.0	0.0	grute	grute	108	90.0	grute	grute		?	grute	9.1.1	(fruit)	x1 is a fruit [body-part] of species x2.
rut	CAC	3	grute	CCACA	6	6	0	12	0	0	grute	120.0	50.0	50.0	0.0	rut	grute	12	10.0	rut	grute	2 3 4	rafsi	grute	9.1.1	(fruit)	x1 is a fruit [body-part] of species x2.
gub	CAC	3	gubni	CACCA	58	0	0	58	0	0	gubni	105.0	100.0	0.0	0.0	gub	gubni	58	55.2	gub	gubni	1 2 3	rafsi	gubni	11.3.1	(public)	x1 is public/un-hidden/open/jointly available to/owned by all among community x2 (mass).
gubn	CACC	4	gubni	CACCA	0	0	0	0	0	0	gubni	105.0	100.0	0.0	0.0	gubn	gubni	0	0.0	gubn	gubni		?	gubni	11.3.1	(public)	x1 is public/un-hidden/open/jointly available to/owned by all among community x2 (mass).
gubni	CACCA	5	gubni	CACCA	0	0	3	3	44	0	gubni	105.0	100.0	0.0	0.0	gubni	gubni	47	44.8	gubni	gubni		?	gubni	11.3.1	(public)	x1 is public/un-hidden/open/jointly available to/owned by all among community x2 (mass).
gu'e	CAA	3	gugde	CACCA	0	18	237	255	0	0	gugde	643.0	0.0	7.1	92.9	gu'e	gugde	255	39.7	gu'e	gugde	13 2 5	rafsi/cmavo	gugde	12.2	(country)	x1 is the country of peoples x2 with land/territory x3; (people/territory relationship).
gug	CAC	3	gugde	CACCA	28	5	0	33	0	0	gugde	643.0	0.0	7.1	92.9	gug	gugde	33	5.1	gug	gugde	13 2 13	rafsi	gugde	12.2	(country)	x1 is the country of peoples x2 with land/territory x3; (people/territory relationship).
gugde	CACCA	5	gugde	CACCA	0	0	0	0	355	0	gugde	643.0	0.0	7.1	92.9	gugde	gugde	355	55.2	gugde	gugde		?	gugde	12.2	(country)	x1 is the country of peoples x2 with land/territory x3; (people/territory relationship).
gundi	CACCA	5	gundi	CACCA	0	0	2	2	6	0	gundi	8.0	0.0	0.0	100.0	gundi	gundi	8	100.0	gundi	gundi		?	gundi	13.1	(industry)	x1 is industry/industrial/systematic manufacturing activity producing x2 by process/means x3.
gu'a	CAA	3	gunka	CACCA	12	0	63	75	0	0	gunka	703.0	16.0	0.0	84.0	gu'a	gunka	75	10.7	gu'a	gunka	1 2 5	rafsi/cmavo	gunka	13.1	(work)	x1 [person] labors/works on/at x2 [activity] with goal/objective x3.
gun	CAC	3	gunka	CACCA	38	18	0	56	0	0	gunka	703.0	16.0	0.0	84.0	gun	gunka	56	8.0	gun	gunka	1 2 3	rafsi	gunka	13.1	(work)	x1 [person] labors/works on/at x2 [activity] with goal/objective x3.
gunk	CACC	4	gunka	CACCA	0	0	0	0	0	0	gunka	703.0	16.0	0.0	84.0	gunk	gunka	0	0.0	gunk	gunka		?	gunka	13.1	(work)	x1 [person] labors/works on/at x2 [activity] with goal/objective x3.
gunka	CACCA	5	gunka	CACCA	0	0	0	0	572	0	gunka	703.0	16.0	0.0	84.0	gunka	gunka	572	81.4	gunka	gunka		?	gunka	13.1	(work)	x1 [person] labors/works on/at x2 [activity] with goal/objective x3.
gum	CAC	3	gunma	CACCA	10	0	0	10	0	0	gunma	361.0	40.0	0.0	60.0	gum	gunma	10	2.8	gum	gunma	1 2 4	rafsi	gunma	1.1	(jointly ‘mass’)	x1 is a mass/team/aggregate/whole, together composed of components x2, considered jointly.
gunma	CACCA	5	gunma	CACCA	12	0	18	30	321	0	gunma	361.0	40.0	0.0	60.0	gunma	gunma	351	97.2	gunma	gunma		?	gunma	1.1	(jointly ‘mass’)	x1 is a mass/team/aggregate/whole, together composed of components x2, considered jointly.
gu'o	CAA	3	gunro	CACCA	0	0	16	16	0	0	gunro	28.0	0.0	0.0	100.0	gu'o	gunro	16	57.1	gu'o	gunro	1 2 5	rafsi/cmavo	gunro	6.1.2	(roll ‘trundle’)	x1 rolls/trundles on/against surface x2 rotating on axis/axle x3; x1 is a roller.
gunr	CACC	4	gunro	CACCA	0	0	0	0	0	0	gunro	28.0	0.0	0.0	100.0	gunr	gunro	0	0.0	gunr	gunro		?	gunro	6.1.2	(roll ‘trundle’)	x1 rolls/trundles on/against surface x2 rotating on axis/axle x3; x1 is a roller.
gur	CAC	3	gunro	CACCA	12	0	0	12	0	0	gunro	28.0	0.0	0.0	100.0	gur	gunro	12	42.9	gur	gunro	1 2 4	rafsi	gunro	6.1.2	(roll ‘trundle’)	x1 rolls/trundles on/against surface x2 rotating on axis/axle x3; x1 is a roller.
guns	CACC	4	gunse	CACCA	2	0	0	2	0	0	gunse	387.0	0.0	0.0	100.0	guns	gunse	2	0.5	guns	gunse		?	gunse	9.2.2	(goose)	x1 is a goose/[gander] of species/breed x2.
gunse	CACCA	5	gunse	CACCA	0	0	36	36	349	0	gunse	387.0	0.0	0.0	100.0	gunse	gunse	385	99.5	gunse	gunse		?	gunse	9.2.2	(goose)	x1 is a goose/[gander] of species/breed x2.
gunta	CACCA	5	gunta	CACCA	8	0	36	44	118	0	gunta	177.0	18.2	0.0	81.8	gunta	gunta	162	91.5	gunta	gunta		?	gunta	11.2.3	(attack)	x1 (person/mass) attacks/invades/commits aggression upon victim x2 with goal/objective x3.
gut	CAC	3	gunta	CACCA	15	0	0	15	0	0	gunta	177.0	18.2	0.0	81.8	gut	gunta	15	8.5	gut	gunta	1 2 4	rafsi	gunta	11.2.3	(attack)	x1 (person/mass) attacks/invades/commits aggression upon victim x2 with goal/objective x3.
gru	CCA	3	gurni	CACCA	10	22	16	48	0	0	gurni	124.0	20.8	45.8	33.3	gru	gurni	48	38.7	gru	gurni	1 3 2	rafsi	gurni	9.1.1	(grain)	x1 is grain/[British: corn]/cereal from plant/species x2.
gurn	CACC	4	gurni	CACCA	0	0	0	0	0	0	gurni	124.0	20.8	45.8	33.3	gurn	gurni	0	0.0	gurn	gurni		?	gurni	9.1.1	(grain)	x1 is grain/[British: corn]/cereal from plant/species x2.
gurni	CACCA	5	gurni	CACCA	0	0	0	0	76	0	gurni	124.0	20.8	45.8	33.3	gurni	gurni	76	61.3	gurni	gurni		?	gurni	9.1.1	(grain)	x1 is grain/[British: corn]/cereal from plant/species x2.
guk	CAC	3	guska	CACCA	5	0	0	5	0	0	guska	23.0	100.0	0.0	0.0	guk	guska	5	21.7	guk	guska	1 2 4	rafsi	guska	6.2.2	(scrape)	x1 blade/scraper/erosive scrapes/erodes/abrades x2 from x3.
guska	CACCA	5	guska	CACCA	0	0	4	4	14	0	guska	23.0	100.0	0.0	0.0	guska	guska	18	78.3	guska	guska		?	guska	6.2.2	(scrape)	x1 blade/scraper/erosive scrapes/erodes/abrades x2 from x3.
gu'i	CAA	3	gusni	CACCA	6	11	190	207	0	0	gusni	636.0	2.9	5.3	91.8	gu'i	gusni	207	32.5	gu'i	gusni	1 2 5	rafsi/cmavo	gusni	9.4.2	(illumine ‘light’)	x1 [energy] is light/illumination illuminating x2 from light source x3.
gus	CAC	3	gusni	CACCA	70	12	0	82	0	0	gusni	636.0	2.9	5.3	91.8	gus	gusni	82	12.9	gus	gusni	1 2 3	rafsi	gusni	9.4.2	(illumine ‘light’)	x1 [energy] is light/illumination illuminating x2 from light source x3.
gusn	CACC	4	gusni	CACCA	0	0	0	0	0	0	gusni	636.0	2.9	5.3	91.8	gusn	gusni	0	0.0	gusn	gusni		?	gusni	9.4.2	(illumine ‘light’)	x1 [energy] is light/illumination illuminating x2 from light source x3.
gusni	CACCA	5	gusni	CACCA	0	0	1	1	346	0	gusni	636.0	2.9	5.3	91.8	gusni	gusni	347	54.6	gusni	gusni		?	gusni	9.4.2	(illumine ‘light’)	x1 [energy] is light/illumination illuminating x2 from light source x3.
gust	CACC	4	gusta	CACCA	1	0	0	1	0	0	gusta	114.0	0.0	0.0	100.0	gust	gusta	1	0.9	gust	gusta		?	gusta	11.3.4	(restaurant)	x1 is a restaurant/cafe/diner serving type-of-food x2 to audience x3.
gusta	CACCA	5	gusta	CACCA	0	0	18	18	95	0	gusta	114.0	0.0	0.0	100.0	gusta	gusta	113	99.1	gusta	gusta		?	gusta	11.3.4	(restaurant)	x1 is a restaurant/cafe/diner serving type-of-food x2 to audience x3.
gutci	CACCA	5	gutci	CACCA	0	0	20	20	106	0	gutci	126.0	0.0	0.0	100.0	gutci	gutci	126	100.0	gutci	gutci		?	gutci	7.4.2	(cubit ‘foot’)	x1 is x2 (default 1) short local distance unit(s) [non-metric], standard x3, x4 subunits.
gutr	CACC	4	gutra	CACCA	20	0	0	20	0	0	gutra	39.0	100.0	0.0	0.0	gutr	gutra	20	51.3	gutr	gutra		?	gutra	9.2.5	(womb ‘uterus’)	x1 is a/the womb/uterus [body-part] of x2; [metaphor: nourishing, protective, giving birth].
gutra	CACCA	5	gutra	CACCA	0	0	1	1	18	0	gutra	39.0	100.0	0.0	0.0	gutra	gutra	19	48.7	gutra	gutra		?	gutra	9.2.5	(womb ‘uterus’)	x1 is a/the womb/uterus [body-part] of x2; [metaphor: nourishing, protective, giving birth].
guzme	CACCA	5	guzme	CACCA	0	0	0	0	28	0	guzme	31.0	33.3	0.0	66.7	guzme	guzme	28	90.3	guzme	guzme		?	guzme	9.1.3	(melon)	x1 is a melon/squash [fruit/plant] of species/strain x2.
zme	CCA	3	guzme	CACCA	1	0	2	3	0	0	guzme	31.0	33.3	0.0	66.7	zme	guzme	3	9.7	zme	guzme	3 4 5	rafsi	guzme	9.1.3	(melon)	x1 is a melon/squash [fruit/plant] of species/strain x2.
jabre	CACCA	5	jabre	CACCA	0	0	5	5	5	0	jabre	10.0	0.0	0.0	100.0	jabre	jabre	10	100.0	jabre	jabre		?	jabre	13.4	(brake)	x1 brakes/causes to slow motion/activity x2 with device/mechanism/principle x3.
ja'i	CAA	3	jadni	CACCA	3	0	65	68	0	0	jadni	151.0	4.4	0.0	95.6	ja'i	jadni	68	45.0	ja'i	jadni	1 2 5	rafsi/cmavo	jadni	13.1	(adorn)	x1 (object) adorns/decorates x2; x1 is an adornment/decoration of x2; x2 is fancy/decorated.
jad	CAC	3	jadni	CACCA	15	0	0	15	0	0	jadni	151.0	4.4	0.0	95.6	jad	jadni	15	9.9	jad	jadni	1 2 3	rafsi	jadni	13.1	(adorn)	x1 (object) adorns/decorates x2; x1 is an adornment/decoration of x2; x2 is fancy/decorated.
jadni	CACCA	5	jadni	CACCA	0	0	4	4	64	0	jadni	151.0	4.4	0.0	95.6	jadni	jadni	68	45.0	jadni	jadni		?	jadni	13.1	(adorn)	x1 (object) adorns/decorates x2; x1 is an adornment/decoration of x2; x2 is fancy/decorated.
jakne	CACCA	5	jakne	CACCA	0	0	5	5	23	0	jakne	28.0	0.0	0.0	100.0	jakne	jakne	28	100.0	jakne	jakne		?	jakne	13.5	(rocket)	x1 is a rocket [vehicle] propelled by jet expelling x2 carrying payload x3.
ja'e	CAA	3	jalge	CACCA	1	7	38	46	0	256	jalge	592.0	2.2	15.2	82.6	ja'e	jalge	302	51.0	ja'e	jalge	1 2 5	rafsi/cmavo	jalge	5.1	(result)	x1 (action/event/state) is a result/outcome/conclusion of antecedent x2 (event/state/process).
ja'o	CAA	3	jalge	CACCA				0	0	120	jalge	592.0	2.2	15.2	82.6	ja'o	jalge	120	20.3	ja'o	jalge	1 2 	cmavo	jalge	5.1	(result)	x1 (action/event/state) is a result/outcome/conclusion of antecedent x2 (event/state/process).
jag	CAC	3	jalge	CACCA	2	0	0	2	0	0	jalge	592.0	2.2	15.2	82.6	jag	jalge	2	0.3	jag	jalge	1 2 4	rafsi	jalge	5.1	(result)	x1 (action/event/state) is a result/outcome/conclusion of antecedent x2 (event/state/process).
jalge	CACCA	5	jalge	CACCA	0	0	0	0	168	0	jalge	592.0	2.2	15.2	82.6	jalge	jalge	168	28.4	jalge	jalge		?	jalge	5.1	(result)	x1 (action/event/state) is a result/outcome/conclusion of antecedent x2 (event/state/process).
jalna	CACCA	5	jalna	CACCA	0	0	2	2	5	0	jalna	7.0	0.0	0.0	100.0	jalna	jalna	7	100.0	jalna	jalna		?	jalna	13.2	(starch)	x1 is a quantity of/contains/is made of starch from source x2 of composition including x3.
jalra	CACCA	5	jalra	CACCA	0	0	37	37	29	0	jalra	66.0	0.0	0.0	100.0	jalra	jalra	66	100.0	jalra	jalra		?	jalra	9.2.2	(cockroach)	x1 is a cockroach/orthopteran/termite of order/species/breed x2.
jaf	CAC	3	jamfu	CACCA	0	4	0	4	0	0	jamfu	78.0	70.3	10.8	18.9	jaf	jamfu	4	5.1	jaf	jamfu	1 2 4	rafsi	jamfu	9.2.3	(foot)	x1 is a/the foot [body-part] of x2; [metaphor: lowest portion] (adjective:) x1 is pedal.
jamf	CACC	4	jamfu	CACCA	0	0	0	0	0	0	jamfu	78.0	70.3	10.8	18.9	jamf	jamfu	0	0.0	jamf	jamfu		?	jamfu	9.2.3	(foot)	x1 is a/the foot [body-part] of x2; [metaphor: lowest portion] (adjective:) x1 is pedal.
jma	CCA	3	jamfu	CACCA	52	8	14	74	0	0	jamfu	78.0	70.3	10.8	18.9	jma	jamfu	74	94.9	jma	jamfu	1 3 2	rafsi	jamfu	9.2.3	(foot)	x1 is a/the foot [body-part] of x2; [metaphor: lowest portion] (adjective:) x1 is pedal.
jam	CAC	3	jamna	CACCA	15	3	0	18	0	0	jamna	133.0	50.0	25.0	25.0	jam	jamna	18	13.5	jam	jamna	1 25 3	rafsi	jamna	11.2.3	(war)	x1 (person/mass) wars against x2 over territory/matter x3; x1 is at war with x2.
jamn	CACC	4	jamna	CACCA	0	0	0	0	0	0	jamna	133.0	50.0	25.0	25.0	jamn	jamna	0	0.0	jamn	jamna		?	jamna	11.2.3	(war)	x1 (person/mass) wars against x2 over territory/matter x3; x1 is at war with x2.
jamna	CACCA	5	jamna	CACCA	14	7	7	28	87	0	jamna	133.0	50.0	25.0	25.0	jamna	jamna	115	86.5	jamna	jamna		?	jamna	11.2.3	(war)	x1 (person/mass) wars against x2 over territory/matter x3; x1 is at war with x2.
jab	CAC	3	janbe	CACCA	3	0	0	3	0	0	janbe	34.0	0.0	0.0	100.0	jab	janbe	3	8.8	jab	janbe	1 2 4	rafsi	janbe	13.3.1	(bell)	x1 is a bell/chime/[tuning fork] [tuned percussion instrument] producing sound/note x2.
janb	CACC	4	janbe	CACCA	0	0	0	0	0	0	janbe	34.0	0.0	0.0	100.0	janb	janbe	0	0.0	janb	janbe		?	janbe	13.3.1	(bell)	x1 is a bell/chime/[tuning fork] [tuned percussion instrument] producing sound/note x2.
janbe	CACCA	5	janbe	CACCA	0	0	5	5	26	0	janbe	34.0	0.0	0.0	100.0	janbe	janbe	31	91.2	janbe	janbe		?	janbe	13.3.1	(bell)	x1 is a bell/chime/[tuning fork] [tuned percussion instrument] producing sound/note x2.
jan	CAC	3	janco	CACCA	8	1	0	9	0	0	janco	65.0	88.9	11.1	0.0	jan	janco	9	13.8	jan	janco	1 2 3	rafsi	janco	9.2.3	(shoulder)	x1 is a/the shoulder/hip/joint [body-part] attaching limb/extremity x2 to body x3.
janco	CACCA	5	janco	CACCA	0	0	2	2	54	0	janco	65.0	88.9	11.1	0.0	janco	janco	56	86.2	janco	janco		?	janco	9.2.3	(shoulder)	x1 is a/the shoulder/hip/joint [body-part] attaching limb/extremity x2 to body x3.
jal	CAC	3	janli	CACCA	5	0	0	5	0	0	janli	41.0	20.0	0.0	80.0	jal	janli	5	12.2	jal	janli	1 2 4	rafsi	janli	6.2.1	(collide)	x1 collides with/crashes/bumps/runs into x2.
janli	CACCA	5	janli	CACCA	2	0	8	10	26	0	janli	41.0	20.0	0.0	80.0	janli	janli	36	87.8	janli	janli		?	janli	6.2.1	(collide)	x1 collides with/crashes/bumps/runs into x2.
jansu	CACCA	5	jansu	CACCA	0	0	3	3	6	0	jansu	19.0	100.0	0.0	0.0	jansu	jansu	9	47.4	jansu	jansu		?	jansu	11.2.1	(diplomat ‘consul’)	x1 is a diplomat/consul representing polity x2 in/at negotiation x3 for function/purpose x4.
jas	CAC	3	jansu	CACCA	10	0	0	10	0	0	jansu	19.0	100.0	0.0	0.0	jas	jansu	10	52.6	jas	jansu	1 2 4	rafsi	jansu	11.2.1	(diplomat ‘consul’)	x1 is a diplomat/consul representing polity x2 in/at negotiation x3 for function/purpose x4.
janta	CACCA	5	janta	CACCA	0	0	3	3	16	0	janta	19.0	0.0	0.0	100.0	janta	janta	19	100.0	janta	janta		?	janta	11.3.3	(account)	x1 is an account/bill/invoice for goods/services x2, billed to x3 by x4.
jarbu	CACCA	5	jarbu	CACCA	0	0	3	3	18	0	jarbu	21.0	0.0	0.0	100.0	jarbu	jarbu	21	100.0	jarbu	jarbu		?	jarbu	12.2	(suburb)	x1 is a suburban area of city/metropolis x2.
ja'o	CAA	3	jarco	CACCA	15	44	99	158	0	0	jarco	494.0	9.5	27.8	62.7	ja'o	jarco	158	32.0	ja'o	jarco	1 2 5	rafsi/cmavo	jarco	2.3	(show)	x1 (agent) shows/exhibits/displays/[reveals]/demonstrates x2 (property) to audience x3.
jarc	CACC	4	jarco	CACCA	0	0	0	0	0	0	jarco	494.0	9.5	27.8	62.7	jarc	jarco	0	0.0	jarc	jarco		?	jarco	2.3	(show)	x1 (agent) shows/exhibits/displays/[reveals]/demonstrates x2 (property) to audience x3.
jarco	CACCA	5	jarco	CACCA	0	0	0	0	336	0	jarco	494.0	9.5	27.8	62.7	jarco	jarco	336	68.0	jarco	jarco		?	jarco	2.3	(show)	x1 (agent) shows/exhibits/displays/[reveals]/demonstrates x2 (property) to audience x3.
jak	CAC	3	jarki	CACCA	44	0	0	44	0	0	jarki	102.0	100.0	0.0	0.0	jak	jarki	44	43.1	jak	jarki	1 2 4	rafsi	jarki	3.4	(narrow)	x1 is narrow in dimension x2 [2nd most significant dimension] by standard x3.
jarki	CACCA	5	jarki	CACCA	0	0	2	2	56	0	jarki	102.0	100.0	0.0	0.0	jarki	jarki	58	56.9	jarki	jarki		?	jarki	3.4	(narrow)	x1 is narrow in dimension x2 [2nd most significant dimension] by standard x3.
jaspu	CACCA	5	jaspu	CACCA	0	0	3	3	11	0	jaspu	14.0	0.0	0.0	100.0	jaspu	jaspu	14	100.0	jaspu	jaspu		?	jaspu	11.2.1	(passport)	x1 is a passport issued to x2 (person) by authority x3 allowing x4 (activity).
ja'a	CAA	3	jatna	CACCA	0	0	79	79	0	0	jatna	164.0	0.0	0.0	100.0	ja'a	jatna	79	48.2	ja'a	jatna	1 25 25	rafsi/cmavo	jatna	5.3.1	(captain)	x1 is captain/commander/leader/in-charge/boss of vehicle/domain x2.
jatna	CACCA	5	jatna	CACCA	0	0	0	0	85	0	jatna	164.0	0.0	0.0	100.0	jatna	jatna	85	51.8	jatna	jatna		?	jatna	5.3.1	(captain)	x1 is captain/commander/leader/in-charge/boss of vehicle/domain x2.
ja'i	CAA	3	javni	CACCA				0	0	66	javni	154.0	70.5	6.8	22.7	ja'i	javni	66	42.9	ja'i	javni	1 2 5	cmavo	javni	1.2	(rule)	x1 is a rule prescribing/mandating/requiring x2 (event/state) within system/community x3.
jva	CCA	3	javni	CACCA	62	6	20	88	0	0	javni	154.0	70.5	6.8	22.7	jva	javni	88	57.1	jva	javni	1 3 2	rafsi	javni	1.2	(rule)	x1 is a rule prescribing/mandating/requiring x2 (event/state) within system/community x3.
bam	CAC	3	jbama	CCACA	6	0	0	6	0	0	jbama	30.0	100.0	0.0	0.0	bam	jbama	6	20.0	bam	jbama	2 35 4	rafsi	jbama	13.3.3	(bomb)	x1 is a bomb/explosive device with explosive material/principle x2.
jbama	CCACA	5	jbama	CCACA	0	0	1	1	23	0	jbama	30.0	100.0	0.0	0.0	jbama	jbama	24	80.0	jbama	jbama		?	jbama	13.3.3	(bomb)	x1 is a bomb/explosive device with explosive material/principle x2.
jba	CCA	3	jbari	CCACA	0	0	31	31	0	0	jbari	31.0	0.0	0.0	100.0	jba	jbari	31	100.0	jba	jbari	1 2 3	rafsi	jbari	9.1.1	(berry)	x1 is a berry (fruit/plant) of plant/species x2.
jbe	CCA	3	jbena	CCACA	62	52	75	189	0	0	jbena	420.0	32.8	27.5	39.7	jbe	jbena	189	45.0	jbe	jbena	1 2 3	rafsi	jbena	9.3.2	(born ‘bear’)	x1 is born to x2 at time x3 [birthday] and place x4 [birthplace]; x1 is native to (fo) x4.
jben	CCAC	4	jbena	CCACA	0	0	0	0	0	0	jbena	420.0	32.8	27.5	39.7	jben	jbena	0	0.0	jben	jbena		?	jbena	9.3.2	(born ‘bear’)	x1 is born to x2 at time x3 [birthday] and place x4 [birthplace]; x1 is native to (fo) x4.
jbena	CCACA	5	jbena	CCACA	0	0	0	0	231	0	jbena	420.0	32.8	27.5	39.7	jbena	jbena	231	55.0	jbena	jbena		?	jbena	9.3.2	(born ‘bear’)	x1 is born to x2 at time x3 [birthday] and place x4 [birthplace]; x1 is native to (fo) x4.
jbera	CCACA	5	jbera	CCACA	0	0	3	3	55	0	jbera	63.0	60.0	40.0	0.0	jbera	jbera	58	92.1	jbera	jbera		?	jbera	11.3.1	(borrow)	x1 (agent) borrows/temporarily takes/assumes x2 (object) from source x3 for interval x4.
jer	CAC	3	jbera	CCACA	3	2	0	5	0	0	jbera	63.0	60.0	40.0	0.0	jer	jbera	5	7.9	jer	jbera	1 3 4	rafsi	jbera	11.3.1	(borrow)	x1 (agent) borrows/temporarily takes/assumes x2 (object) from source x3 for interval x4.
bi'i	CAA	3	jbini	CCACA	0	0	56	56	0	0	jbini	95.0	0.0	0.0	100.0	bi'i	jbini	56	58.9	bi'i	jbini	2 35 35	rafsi/cmavo	jbini	1.1	(between)	x1 is between/among set of points/bounds/limits x2 (set)/amidst mass x2 in property x3 (ka).
bin	CAC	3	jbini	CCACA	24	15	0	39	0	0	jbini	95.0	0.0	0.0	100.0	bin	jbini	39	41.1	bin	jbini	2 35 4	rafsi	jbini	1.1	(between)	x1 is between/among set of points/bounds/limits x2 (set)/amidst mass x2 in property x3 (ka).
jbin	CCAC	4	jbini	CCACA	0	0	0	0	0	0	jbini	95.0	0.0	0.0	100.0	jbin	jbini	0	0.0	jbin	jbini		?	jbini	1.1	(between)	x1 is between/among set of points/bounds/limits x2 (set)/amidst mass x2 in property x3 (ka).
jar	CAC	3	jdari	CCACA	17	1	0	18	0	0	jdari	115.0	94.4	5.6	0.0	jar	jdari	18	15.7	jar	jdari	1 3 4	rafsi	jdari	7.3	(firm ‘hard’)	x1 is firm/hard/resistant/unyielding to force x2 under conditions x3.
jdari	CCACA	5	jdari	CCACA	0	0	6	6	91	0	jdari	115.0	94.4	5.6	0.0	jdari	jdari	97	84.3	jdari	jdari		?	jdari	7.3	(firm ‘hard’)	x1 is firm/hard/resistant/unyielding to force x2 under conditions x3.
jdi	CCA	3	jdice	CCACA	13	4	35	52	0	0	jdice	231.0	25.0	7.7	67.3	jdi	jdice	52	22.5	jdi	jdice	1 2 3	rafsi	jdice	2.5	(decide)	x1 (person) decides/makes decision x2 (du'u) about matter x3 (event/state).
jdice	CCACA	5	jdice	CCACA	0	0	0	0	179	0	jdice	231.0	25.0	7.7	67.3	jdice	jdice	179	77.5	jdice	jdice		?	jdice	2.5	(decide)	x1 (person) decides/makes decision x2 (du'u) about matter x3 (event/state).
jdik	CCAC	4	jdika	CCACA	24	0	0	24	0	0	jdika	114.0	100.0	0.0	0.0	jdik	jdika	24	21.1	jdik	jdika		?	jdika	1.5	(decrease)	x1 (experiencer) decreases/contracts/is reduced/diminished in property/quantity x2 by amount x3.
jdika	CCACA	5	jdika	CCACA	0	0	8	8	82	0	jdika	114.0	100.0	0.0	0.0	jdika	jdika	90	78.9	jdika	jdika		?	jdika	1.5	(decrease)	x1 (experiencer) decreases/contracts/is reduced/diminished in property/quantity x2 by amount x3.
di'a	CAA	3	jdima	CCACA	0	2	16	18	0	0	jdima	148.0	0.0	11.1	88.9	di'a	jdima	18	12.2	di'a	jdima	2 3 5	rafsi/cmavo	jdima	11.3.3	(price)	x1 [amount] is the price of x2 to purchaser/consumer x3 set by vendor x4.
jdima	CCACA	5	jdima	CCACA	0	0	0	0	130	0	jdima	148.0	0.0	11.1	88.9	jdima	jdima	130	87.8	jdima	jdima		?	jdima	11.3.3	(price)	x1 [amount] is the price of x2 to purchaser/consumer x3 set by vendor x4.
di'i	CAA	3	jdini	CCACA	1	2	5	8	0	0	jdini	66.0	81.0	19.0	0.0	di'i	jdini	8	12.1	di'i	jdini	2 35 35	rafsi/cmavo	jdini	11.3.2	(money ‘dinero’)	x1 is money/currency issued by x2; (adjective:) x1 is financial/monetary/pecuniary/fiscal.
din	CAC	3	jdini	CCACA	47	11	0	58	0	0	jdini	66.0	81.0	19.0	0.0	din	jdini	58	87.9	din	jdini	2 35 4	rafsi	jdini	11.3.2	(money ‘dinero’)	x1 is money/currency issued by x2; (adjective:) x1 is financial/monetary/pecuniary/fiscal.
jdu	CCA	3	jduli	CCACA	10	0	8	18	0	0	jduli	18.0	55.6	0.0	44.4	jdu	jduli	18	100.0	jdu	jduli	1 2 3	rafsi	jduli	7.5.1	(jelly)	x1 is a quantity of jelly/semisolid [texture] of material/composition including x2.
je'a	CAA	3	jecta	CACCA	2	0	18	20	0	0	jecta	208.0	100.0	0.0	0.0	je'a	jecta	20	9.6	je'a	jecta	1 2 5	rafsi/cmavo	jecta	11.2.1	(polity ‘state’)	x1 is a polity/state governing territory/domain x2; [government/territory relationship].
jec	CAC	3	jecta	CACCA	23	0	0	23	0	0	jecta	208.0	100.0	0.0	0.0	jec	jecta	23	11.1	jec	jecta	1 2 3	rafsi	jecta	11.2.1	(polity ‘state’)	x1 is a polity/state governing territory/domain x2; [government/territory relationship].
ject	CACC	4	jecta	CACCA	0	0	0	0	0	0	jecta	208.0	100.0	0.0	0.0	ject	jecta	0	0.0	ject	jecta		?	jecta	11.2.1	(polity ‘state’)	x1 is a polity/state governing territory/domain x2; [government/territory relationship].
jecta	CACCA	5	jecta	CACCA	0	0	6	6	159	0	jecta	208.0	100.0	0.0	0.0	jecta	jecta	165	79.3	jecta	jecta		?	jecta	11.2.1	(polity ‘state’)	x1 is a polity/state governing territory/domain x2; [government/territory relationship].
jef	CAC	3	jeftu	CACCA	129	0	0	129	0	0	jeftu	358.0	100.0	0.0	0.0	jef	jeftu	129	36.0	jef	jeftu	1 2 3	rafsi	jeftu	4.2	(week)	x1 is x2 weeks in duration (default is 1 week) by standard x3.
jeft	CACC	4	jeftu	CACCA	0	0	0	0	0	0	jeftu	358.0	100.0	0.0	0.0	jeft	jeftu	0	0.0	jeft	jeftu		?	jeftu	4.2	(week)	x1 is x2 weeks in duration (default is 1 week) by standard x3.
jeftu	CACCA	5	jeftu	CACCA	0	0	64	64	165	0	jeftu	358.0	100.0	0.0	0.0	jeftu	jeftu	229	64.0	jeftu	jeftu		?	jeftu	4.2	(week)	x1 is x2 weeks in duration (default is 1 week) by standard x3.
je'o	CAA	3	jegvo	CACCA	0	0	1	1	0	0	jegvo	3.0	100.0	0.0	0.0	je'o	jegvo	1	33.3	je'o	jegvo	1 2 5	rafsi/cmavo	jegvo	12.5.1	(Jehovist)	
jeg	CAC	3	jegvo	CACCA	2	0	0	2	0	0	jegvo	3.0	100.0	0.0	0.0	jeg	jegvo	2	66.7	jeg	jegvo	1 2 3	rafsi	jegvo	12.5.1	(Jehovist)	
jel	CAC	3	jelca	CACCA	30	2	0	32	0	0	jelca	104.0	93.8	6.3	0.0	jel	jelca	32	30.8	jel	jelca	1 2 3	rafsi	jelca	7.5.2	(burn)	x1 burns/[ignites/is flammable/inflammable] at temperature x2 in atmosphere x3.
jelca	CACCA	5	jelca	CACCA	0	0	6	6	66	0	jelca	104.0	93.8	6.3	0.0	jelca	jelca	72	69.2	jelca	jelca		?	jelca	7.5.2	(burn)	x1 burns/[ignites/is flammable/inflammable] at temperature x2 in atmosphere x3.
jme	CCA	3	jemna	CACCA	10	1	16	27	0	0	jemna	27.0	37.0	3.7	59.3	jme	jemna	27	100.0	jme	jemna	1 3 2	rafsi	jemna	8.2.3	(gem)	x1 is a gem/polished stone/pearl of type x2 from gemstone/material/source x3.
jenca	CACCA	5	jenca	CACCA	0	0	9	9	18	0	jenca	27.0	0.0	0.0	100.0	jenca	jenca	27	100.0	jenca	jenca		?	jenca	10.1	(shock)	x1 (event) shocks/stuns x2.
jendu	CACCA	5	jendu	CACCA	0	0	2	2	3	0	jendu	5.0	0.0	0.0	100.0	jendu	jendu	5	100.0	jendu	jendu		?	jendu	13.4	(axle ‘spindle’)	x1 is an axle/spindle [tool] on which x2 rotates, of material/properties x3.
jei	CAA	3	jenmi	CACCA	1	2	10	13	0	0	jenmi	82.0	7.7	15.4	76.9	jei	jenmi	13	15.9	jei	jenmi	1 2 5	rafsi/cmavo	jenmi	11.2.3	(army)	x1 (mass) is an army serving group/community x2 (mass) in function x3 (activity).
jem	CAC	3	jenmi	CACCA	3	0	0	3	0	0	jenmi	82.0	7.7	15.4	76.9	jem	jenmi	3	3.7	jem	jenmi	1 2 4	rafsi	jenmi	11.2.3	(army)	x1 (mass) is an army serving group/community x2 (mass) in function x3 (activity).
jenmi	CACCA	5	jenmi	CACCA	0	0	0	0	66	0	jenmi	82.0	7.7	15.4	76.9	jenmi	jenmi	66	80.5	jenmi	jenmi		?	jenmi	11.2.3	(army)	x1 (mass) is an army serving group/community x2 (mass) in function x3 (activity).
jern	CACC	4	jerna	CACCA	4	8	0	12	0	0	jerna	68.0	0.0	0.0	100.0	jern	jerna	12	17.6	jern	jerna		?	jerna	11.3.4	(earn)	x1 (agent/person) earns/[deserves/merits] wages/salary/pay x2 for work/service x3 (activity).
jerna	CACCA	5	jerna	CACCA	0	0	17	17	39	0	jerna	68.0	0.0	0.0	100.0	jerna	jerna	56	82.4	jerna	jerna		?	jerna	11.3.4	(earn)	x1 (agent/person) earns/[deserves/merits] wages/salary/pay x2 for work/service x3 (activity).
je'i	CAA	3	jersi	CACCA	4	2	33	39	0	0	jersi	157.0	10.3	5.1	84.6	je'i	jersi	39	24.8	je'i	jersi	1 2 5	rafsi/cmavo	jersi	6.1.2	(chase ‘pursue’)	x1 chases/pursues/(physically) follows after x2; volition is not implied for x1 or x2.
jersi	CACCA	5	jersi	CACCA	0	0	0	0	118	0	jersi	157.0	10.3	5.1	84.6	jersi	jersi	118	75.2	jersi	jersi		?	jersi	6.1.2	(chase ‘pursue’)	x1 chases/pursues/(physically) follows after x2; volition is not implied for x1 or x2.
jerxo	CACCA	5	jerxo	CACCA	0	0	1	1	0	0	jerxo	1.0	0.0	0.0	100.0	jerxo	jerxo	1	100.0	jerxo	jerxo		?	jerxo	12.4	(Algerian)	
jes	CAC	3	jesni	CACCA	6	0	0	6	0	0	jesni	34.0	100.0	0.0	0.0	jes	jesni	6	17.6	jes	jesni	1 2 3	rafsi	jesni	3.5.5	(needle)	x1 is a needle [pointed shape/form, not tool] of material x2.
jesni	CACCA	5	jesni	CACCA	0	0	2	2	26	0	jesni	34.0	100.0	0.0	0.0	jesni	jesni	28	82.4	jesni	jesni		?	jesni	3.5.5	(needle)	x1 is a needle [pointed shape/form, not tool] of material x2.
je'e	CAA	3	jetce	CACCA	1	0	4	5	0	0	jetce	5.0	20.0	0.0	80.0	je'e	jetce	5	100.0	je'e	jetce	1 25 25	rafsi/cmavo	jetce	6.1.4	(jet)	x1 is a jet [expelled stream] of material x2 expelled from x3.
je'u	CAA	3	jetnu	CACCA	22	0	50	72	0	163	jetnu	2392.0	95.6	4.4	0.0	je'u	jetnu	235	9.8	je'u	jetnu	1 2 5	rafsi/cmavo	jetnu	2.5	(true)	x1 (du'u) is true/truth by standard/epistemology/metaphysics x2.
jei	CAA	3	jetnu	CACCA				0	0	1157	jetnu	2392.0	95.6	4.4	0.0	jei	jetnu	1157	48.4	jei	jetnu	1 2 	cmavo	jetnu	2.5	(true)	x1 (du'u) is true/truth by standard/epistemology/metaphysics x2.
jet	CAC	3	jetnu	CACCA	131	6	0	137	0	0	jetnu	2392.0	95.6	4.4	0.0	jet	jetnu	137	5.7	jet	jetnu	1 2 3	rafsi	jetnu	2.5	(true)	x1 (du'u) is true/truth by standard/epistemology/metaphysics x2.
jetnu	CACCA	5	jetnu	CACCA	0	0	0	0	863	0	jetnu	2392.0	95.6	4.4	0.0	jetnu	jetnu	863	36.1	jetnu	jetnu		?	jetnu	2.5	(true)	x1 (du'u) is true/truth by standard/epistemology/metaphysics x2.
ja'u	CAA	3	jgalu	CCACA	7	0	1	8	0	0	jgalu	8.0	87.5	0.0	12.5	ja'u	jgalu	8	100.0	ja'u	jgalu	1 3 5	rafsi	jgalu	9.2.4	(claw ‘talon’)	x1 is a/the claw/nail/talon [body-part] of x2; [metaphor: pointed, penetrating, physical weapon].
jga	CCA	3	jganu	CCACA	7	2	2	11	0	0	jganu	11.0	63.6	18.2	18.2	jga	jganu	11	100.0	jga	jganu	1 2 3	rafsi	jganu	3.5.3	(angle)	x1 is an angle [2-dimensional shape/form] from vertex x2 subtended by lateral [segment] x3.
jai	CAA	3	jgari	CCACA	8	0	104	112	0	0	jgari	246.0	7.1	0.0	92.9	jai	jgari	112	45.5	jai	jgari	1 3 5	rafsi/cmavo	jgari	6.2.1	(grasp ‘grip’)	x1 grasps/holds/clutches/seizes/grips/[hugs] x2 with x3 (part of x1) at locus x4 (part of x2).
jgari	CCACA	5	jgari	CCACA	0	0	0	0	134	0	jgari	246.0	7.1	0.0	92.9	jgari	jgari	134	54.5	jgari	jgari		?	jgari	6.2.1	(grasp ‘grip’)	x1 grasps/holds/clutches/seizes/grips/[hugs] x2 with x3 (part of x1) at locus x4 (part of x2).
jge	CCA	3	jgena	CCACA	11	0	1	12	0	0	jgena	12.0	91.7	0.0	8.3	jge	jgena	12	100.0	jge	jgena	1 2 3	rafsi	jgena	3.5.2	(knot)	x1 is a knot/tangle in/between x2 (object/jo'u-objects).
gin	CAC	3	jgina	CCACA	9	0	0	9	0	0	jgina	27.0	100.0	0.0	0.0	gin	jgina	9	33.3	gin	jgina	2 3 4	rafsi	jgina	9	(gene)	x1 is a gene of creature [or locus on creature] x2 determining trait/process x3.
jgina	CCACA	5	jgina	CCACA	0	0	2	2	16	0	jgina	27.0	100.0	0.0	0.0	jgina	jgina	18	66.7	jgina	jgina		?	jgina	9	(gene)	x1 is a gene of creature [or locus on creature] x2 determining trait/process x3.
jgi	CCA	3	jgira	CCACA	11	1	27	39	0	0	jgira	91.0	28.2	2.6	69.2	jgi	jgira	39	42.9	jgi	jgira	1 2 3	rafsi	jgira	10.1	(pride)	x1 (person) feels/has pride in/about x2 (abstraction).
jgira	CCACA	5	jgira	CCACA	0	0	0	0	52	0	jgira	91.0	28.2	2.6	69.2	jgira	jgira	52	57.1	jgira	jgira		?	jgira	10.1	(pride)	x1 (person) feels/has pride in/about x2 (abstraction).
git	CAC	3	jgita	CCACA	3	0	0	3	0	0	jgita	27.0	0.0	0.0	100.0	git	jgita	3	11.1	git	jgita	2 3 4	rafsi	jgita	12.6	(guitar ‘guitar’)	x1 is guitar/violin/fiddle/harp [stringed musical instrument] with actuator/plectrum/bow x2.
jgita	CCACA	5	jgita	CCACA	0	0	8	8	16	0	jgita	27.0	0.0	0.0	100.0	jgita	jgita	24	88.9	jgita	jgita		?	jgita	12.6	(guitar ‘guitar’)	x1 is guitar/violin/fiddle/harp [stringed musical instrument] with actuator/plectrum/bow x2.
jbi	CCA	3	jibni	CACCA	100	8	53	161	0	0	jibni	394.0	62.1	5.0	32.9	jbi	jibni	161	40.9	jbi	jibni	1 3 25	rafsi	jibni	3.1	(near)	x1 is near/close to/approximates x2 in property/quantity x3 (ka/ni).
jibni	CACCA	5	jibni	CACCA	0	0	0	0	233	0	jibni	394.0	62.1	5.0	32.9	jibni	jibni	233	59.1	jibni	jibni		?	jibni	3.1	(near)	x1 is near/close to/approximates x2 in property/quantity x3 (ka/ni).
jib	CAC	3	jibri	CACCA	14	0	0	14	0	0	jibri	277.0	0.0	0.0	100.0	jib	jibri	14	5.1	jib	jibri	1 25 3	rafsi	jibri	11.3.4	(job)	x1 is a job/occupation/employment/vocation (a type of work regularly done for pay) of person x2.
jibr	CACC	4	jibri	CACCA	0	0	0	0	0	0	jibri	277.0	0.0	0.0	100.0	jibr	jibri	0	0.0	jibr	jibri		?	jibri	11.3.4	(job)	x1 is a job/occupation/employment/vocation (a type of work regularly done for pay) of person x2.
jibri	CACCA	5	jibri	CACCA	0	0	60	60	203	0	jibri	277.0	0.0	0.0	100.0	jibri	jibri	263	94.9	jibri	jibri		?	jibri	11.3.4	(job)	x1 is a job/occupation/employment/vocation (a type of work regularly done for pay) of person x2.
jicl	CACC	4	jicla	CACCA	2	0	0	2	0	0	jicla	53.0	0.0	0.0	100.0	jicl	jicla	2	3.8	jicl	jicla		?	jicla	6.2.4	(stir)	x1 (object, or event: force) stirs/mixes/[roils/agitates] fluid (gas/liquid) x2.
jicla	CACCA	5	jicla	CACCA	0	0	35	35	16	0	jicla	53.0	0.0	0.0	100.0	jicla	jicla	51	96.2	jicla	jicla		?	jicla	6.2.4	(stir)	x1 (object, or event: force) stirs/mixes/[roils/agitates] fluid (gas/liquid) x2.
cmu	CCA	3	jicmu	CACCA	70	2	29	101	0	0	jicmu	208.0	69.3	2.0	28.7	cmu	jicmu	101	48.6	cmu	jicmu	3 4 5	rafsi	jicmu	2.5	(basis)	x1 is a basis/foundation/underlying or fundamental principle of x2; x1 is at the bottom of x2.
ji'u	CAA	3	jicmu	CACCA				0	0	107	jicmu	208.0	69.3	2.0	28.7	ji'u	jicmu	107	51.4	ji'u	jicmu	1 2 5	cmavo	jicmu	2.5	(basis)	x1 is a basis/foundation/underlying or fundamental principle of x2; x1 is at the bottom of x2.
jij	CAC	3	jijnu	CACCA	1	0	0	1	0	0	jijnu	53.0	25.0	0.0	75.0	jij	jijnu	1	1.9	jij	jijnu	13 2 13	rafsi	jijnu	2.5	(intuit)	x1 (person) intuits x2 (du'u) about subject x3; [epistemology].
jijnu	CACCA	5	jijnu	CACCA	1	0	3	4	48	0	jijnu	53.0	25.0	0.0	75.0	jijnu	jijnu	52	98.1	jijnu	jijnu		?	jijnu	2.5	(intuit)	x1 (person) intuits x2 (du'u) about subject x3; [epistemology].
jik	CAC	3	jikca	CACCA	150	12	0	162	0	0	jikca	402.0	92.6	7.4	0.0	jik	jikca	162	40.3	jik	jikca	1 2 3	rafsi	jikca	11	(socialize ‘social’)	x1 interacts/behaves socially with x2; x1 socializes with/is sociable towards x2.
jikc	CACC	4	jikca	CACCA	0	0	0	0	0	0	jikca	402.0	92.6	7.4	0.0	jikc	jikca	0	0.0	jikc	jikca		?	jikca	11	(socialize ‘social’)	x1 interacts/behaves socially with x2; x1 socializes with/is sociable towards x2.
jikca	CACCA	5	jikca	CACCA	10	0	32	42	198	0	jikca	402.0	92.6	7.4	0.0	jikca	jikca	240	59.7	jikca	jikca		?	jikca	11	(socialize ‘social’)	x1 interacts/behaves socially with x2; x1 socializes with/is sociable towards x2.
jikr	CACC	4	jikru	CACCA	4	0	0	4	0	0	jikru	14.0	0.0	0.0	100.0	jikr	jikru	4	28.6	jikr	jikru		?	jikru	13.2.2	(liquor)	x1 is made of/contains/is a quantity of liquor/spirits distilled from x2.
jikru	CACCA	5	jikru	CACCA	0	0	6	6	4	0	jikru	14.0	0.0	0.0	100.0	jikru	jikru	10	71.4	jikru	jikru		?	jikru	13.2.2	(liquor)	x1 is made of/contains/is a quantity of liquor/spirits distilled from x2.
jilka	CACCA	5	jilka	CACCA	0	0	1	1	3	0	jilka	4.0	0.0	0.0	100.0	jilka	jilka	4	100.0	jilka	jilka		?	jilka	7.5.3	(alkali)	x1 is a quantity of/contains/is made of alkali/base of composition including x2.
jilra	CACCA	5	jilra	CACCA	0	0	3	3	23	0	jilra	26.0	0.0	0.0	100.0	jilra	jilra	26	100.0	jilra	jilra		?	jilra	10.1	(jealous)	x1 (person) is jealous of/envies x2 (person) about/for x3 (property - ka).
jimca	CACCA	5	jimca	CACCA	0	0	2	2	41	0	jimca	43.0	0.0	0.0	100.0	jimca	jimca	43	100.0	jimca	jimca		?	jimca	3.5.2	(branch ‘limb’)	x1 is a branch/bough/limb of x2; x2 forks into branches x1; [preferred over metaphorical birka].
je'e	CAA	3	jimpe	CACCA				0	0	119	jimpe	1855.0	13.2	2.5	84.3	je'e	jimpe	119	6.4	je'e	jimpe	1 5 5	cmavo	jimpe	2.5	(understand ‘comprehend’)	x1 understands/comprehends fact/truth x2 (du'u) about subject x3; x1 understands (fi) x3.
jimp	CACC	4	jimpe	CACCA	0	0	0	0	0	0	jimpe	1855.0	13.2	2.5	84.3	jimp	jimpe	0	0.0	jimp	jimpe		?	jimpe	2.5	(understand ‘comprehend’)	x1 understands/comprehends fact/truth x2 (du'u) about subject x3; x1 understands (fi) x3.
jimpe	CACCA	5	jimpe	CACCA	0	0	5	5	1374	0	jimpe	1855.0	13.2	2.5	84.3	jimpe	jimpe	1379	74.3	jimpe	jimpe		?	jimpe	2.5	(understand ‘comprehend’)	x1 understands/comprehends fact/truth x2 (du'u) about subject x3; x1 understands (fi) x3.
jmi	CCA	3	jimpe	CACCA	47	9	301	357	0	0	jimpe	1855.0	13.2	2.5	84.3	jmi	jimpe	357	19.2	jmi	jimpe	1 3 2	rafsi	jimpe	2.5	(understand ‘comprehend’)	x1 understands/comprehends fact/truth x2 (du'u) about subject x3; x1 understands (fi) x3.
ji'e	CAA	3	jimte	CACCA				0	0	57	jimte	171.0	0.0	0.0	100.0	ji'e	jimte	57	33.3	ji'e	jimte	1 2 5	cmavo	jimte	1.4	(limit)	x1 is a limit/extreme/bound/border/[confinement] of x2 in property/domain x3.
jimte	CACCA	5	jimte	CACCA	0	0	33	33	59	0	jimte	171.0	0.0	0.0	100.0	jimte	jimte	92	53.8	jimte	jimte		?	jimte	1.4	(limit)	x1 is a limit/extreme/bound/border/[confinement] of x2 in property/domain x3.
jit	CAC	3	jimte	CACCA	22	0	0	22	0	0	jimte	171.0	0.0	0.0	100.0	jit	jimte	22	12.9	jit	jimte	1 2 4	rafsi	jimte	1.4	(limit)	x1 is a limit/extreme/bound/border/[confinement] of x2 in property/domain x3.
jinci	CACCA	5	jinci	CACCA	0	0	1	1	26	0	jinci	27.0	0.0	0.0	100.0	jinci	jinci	27	100.0	jinci	jinci		?	jinci	13.3.1	(shears)	x1 is a pair of shears/scissors for cutting x2.
ji'a	CAA	3	jinga	CACCA	51	6	19	76	0	0	jinga	145.0	67.1	7.9	25.0	ji'a	jinga	76	52.4	ji'a	jinga	1 2 5	rafsi/cmavo	jinga	5.3.2	(win ‘gain’)	x1 (person/team) wins/gains prize x2 from/over x3 [competitors/losers] in competition x4.
jig	CAC	3	jinga	CACCA	15	0	0	15	0	0	jinga	145.0	67.1	7.9	25.0	jig	jinga	15	10.3	jig	jinga	1 2 4	rafsi	jinga	5.3.2	(win ‘gain’)	x1 (person/team) wins/gains prize x2 from/over x3 [competitors/losers] in competition x4.
jinga	CACCA	5	jinga	CACCA	0	0	0	0	54	0	jinga	145.0	67.1	7.9	25.0	jinga	jinga	54	37.2	jinga	jinga		?	jinga	5.3.2	(win ‘gain’)	x1 (person/team) wins/gains prize x2 from/over x3 [competitors/losers] in competition x4.
jinku	CACCA	5	jinku	CACCA	0	0	4	4	7	0	jinku	11.0	0.0	0.0	100.0	jinku	jinku	11	100.0	jinku	jinku		?	jinku	9.3.3	(vaccine)	x1 is a vaccine/immune-system stimulant protecting x2 against disease x3 introduced by method x4.
jim	CAC	3	jinme	CACCA	16	0	0	16	0	0	jinme	44.0	100.0	0.0	0.0	jim	jinme	16	36.4	jim	jinme	1 2 4	rafsi	jinme	7.5.3	(metal)	x1 is a quantity of/contains/is made of made of metal of composition including x2.
jinm	CACC	4	jinme	CACCA	0	0	0	0	0	0	jinme	44.0	100.0	0.0	0.0	jinm	jinme	0	0.0	jinm	jinme		?	jinme	7.5.3	(metal)	x1 is a quantity of/contains/is made of made of metal of composition including x2.
jinme	CACCA	5	jinme	CACCA	2	0	1	3	25	0	jinme	44.0	100.0	0.0	0.0	jinme	jinme	28	63.6	jinme	jinme		?	jinme	7.5.3	(metal)	x1 is a quantity of/contains/is made of made of metal of composition including x2.
jinr	CACC	4	jinru	CACCA	0	0	0	0	0	0	jinru	44.0	100.0	0.0	0.0	jinr	jinru	0	0.0	jinr	jinru		?	jinru	6.1.3	(immerse)	x1 (object/person) is immersed/submerged/bathes in liquid x2.
jinru	CACCA	5	jinru	CACCA	0	0	5	5	30	0	jinru	44.0	100.0	0.0	0.0	jinru	jinru	35	79.5	jinru	jinru		?	jinru	6.1.3	(immerse)	x1 (object/person) is immersed/submerged/bathes in liquid x2.
jir	CAC	3	jinru	CACCA	9	0	0	9	0	0	jinru	44.0	100.0	0.0	0.0	jir	jinru	9	20.5	jir	jinru	1 2 4	rafsi	jinru	6.1.3	(immerse)	x1 (object/person) is immersed/submerged/bathes in liquid x2.
jinsa	CACCA	5	jinsa	CACCA	0	0	37	37	54	0	jinsa	140.0	83.7	16.3	0.0	jinsa	jinsa	91	65.0	jinsa	jinsa		?	jinsa	7.5.3	(clean)	x1 (object) is clean/pure of material/contaminant/dirt x2 by standard x3.
jis	CAC	3	jinsa	CACCA	41	8	0	49	0	0	jinsa	140.0	83.7	16.3	0.0	jis	jinsa	49	35.0	jis	jinsa	1 2 4	rafsi	jinsa	7.5.3	(clean)	x1 (object) is clean/pure of material/contaminant/dirt x2 by standard x3.
jint	CACC	4	jinto	CACCA	1	0	0	1	0	0	jinto	57.0	0.0	0.0	100.0	jint	jinto	1	1.8	jint	jinto		?	jinto	8.2.1	(well)	x1 is a well/spring of fluid x2 at location x3.
jinto	CACCA	5	jinto	CACCA	0	0	3	3	53	0	jinto	57.0	0.0	0.0	100.0	jinto	jinto	56	98.2	jinto	jinto		?	jinto	8.2.1	(well)	x1 is a well/spring of fluid x2 at location x3.
ji'i	CAA	3	jinvi	CACCA	7	0	50	57	0	0	jinvi	1096.0	12.3	0.0	87.7	ji'i	jinvi	57	5.2	ji'i	jinvi	1 25 25	rafsi/cmavo	jinvi	2.5	(opine)	x1 thinks/opines x2 [opinion] (du'u) is true about subject/issue x3 on grounds x4.
jinv	CACC	4	jinvi	CACCA	0	0	0	0	0	0	jinvi	1096.0	12.3	0.0	87.7	jinv	jinvi	0	0.0	jinv	jinvi		?	jinvi	2.5	(opine)	x1 thinks/opines x2 [opinion] (du'u) is true about subject/issue x3 on grounds x4.
jinvi	CACCA	5	jinvi	CACCA	0	0	0	0	1029	0	jinvi	1096.0	12.3	0.0	87.7	jinvi	jinvi	1029	93.9	jinvi	jinvi		?	jinvi	2.5	(opine)	x1 thinks/opines x2 [opinion] (du'u) is true about subject/issue x3 on grounds x4.
jiv	CAC	3	jinvi	CACCA	10	0	0	10	0	0	jinvi	1096.0	12.3	0.0	87.7	jiv	jinvi	10	0.9	jiv	jinvi	1 25 4	rafsi	jinvi	2.5	(opine)	x1 thinks/opines x2 [opinion] (du'u) is true about subject/issue x3 on grounds x4.
jinzi	CACCA	5	jinzi	CACCA	0	0	16	16	53	0	jinzi	82.0	0.0	0.0	100.0	jinzi	jinzi	69	84.1	jinzi	jinzi		?	jinzi	7.1	(innate)	x1 (property - ka) is an innate/inherent/intrinsic/natural property/quality/aspect of x2.
jiz	CAC	3	jinzi	CACCA	10	3	0	13	0	0	jinzi	82.0	0.0	0.0	100.0	jiz	jinzi	13	15.9	jiz	jinzi	1 25 4	rafsi	jinzi	7.1	(innate)	x1 (property - ka) is an innate/inherent/intrinsic/natural property/quality/aspect of x2.
jipc	CACC	4	jipci	CACCA	18	0	0	18	0	0	jipci	111.0	100.0	0.0	0.0	jipc	jipci	18	16.2	jipc	jipci		?	jipci	9.2.2	(chicken)	x1 is a chicken/[hen/cock/rooster]/small fowl [a type of bird] of species/breed x2.
jipci	CACCA	5	jipci	CACCA	0	0	18	18	75	0	jipci	111.0	100.0	0.0	0.0	jipci	jipci	93	83.8	jipci	jipci		?	jipci	9.2.2	(chicken)	x1 is a chicken/[hen/cock/rooster]/small fowl [a type of bird] of species/breed x2.
ji'o	CAA	3	jipno	CACCA	0	0	9	9	0	0	jipno	105.0	100.0	0.0	0.0	ji'o	jipno	9	8.6	ji'o	jipno	1 2 5	rafsi/cmavo	jipno	3.5.1	(tip ‘point’)	x1 is a tip/point/vertex/extremity/end [0-dimension shape/form] on object x2 at locus x3.
jip	CAC	3	jipno	CACCA	41	0	0	41	0	0	jipno	105.0	100.0	0.0	0.0	jip	jipno	41	39.0	jip	jipno	1 2 3	rafsi	jipno	3.5.1	(tip ‘point’)	x1 is a tip/point/vertex/extremity/end [0-dimension shape/form] on object x2 at locus x3.
jipno	CACCA	5	jipno	CACCA	0	0	0	0	55	0	jipno	105.0	100.0	0.0	0.0	jipno	jipno	55	52.4	jipno	jipno		?	jipno	3.5.1	(tip ‘point’)	x1 is a tip/point/vertex/extremity/end [0-dimension shape/form] on object x2 at locus x3.
jirn	CACC	4	jirna	CACCA	3	12	0	15	0	0	jirna	406.0	0.0	0.0	100.0	jirn	jirna	15	3.7	jirn	jirna		?	jirna	9.2.4	(horn)	x1 is a/the horn [body-part] of x2; [metaphor: pointed extremity].
jirna	CACCA	5	jirna	CACCA	0	0	357	357	34	0	jirna	406.0	0.0	0.0	100.0	jirna	jirna	391	96.3	jirna	jirna		?	jirna	9.2.4	(horn)	x1 is a/the horn [body-part] of x2; [metaphor: pointed extremity].
jisra	CACCA	5	jisra	CACCA	0	0	1	1	15	0	jisra	16.0	0.0	0.0	100.0	jisra	jisra	16	100.0	jisra	jisra		?	jisra	13.2.2	(juice)	x1 is made of/contains/is a quantity of juice/nectar from-source/of-type x2.
jif	CAC	3	jitfa	CACCA	56	1	0	57	0	0	jitfa	249.0	98.2	1.8	0.0	jif	jitfa	57	22.9	jif	jitfa	1 2 4	rafsi	jitfa	2.5	(false)	x1 (du'u) is false/is an untruth by standard/epistemology/metaphysics x2.
jitf	CACC	4	jitfa	CACCA	0	0	0	0	0	0	jitfa	249.0	98.2	1.8	0.0	jitf	jitfa	0	0.0	jitf	jitfa		?	jitfa	2.5	(false)	x1 (du'u) is false/is an untruth by standard/epistemology/metaphysics x2.
jitfa	CACCA	5	jitfa	CACCA	12	0	3	15	177	0	jitfa	249.0	98.2	1.8	0.0	jitfa	jitfa	192	77.1	jitfa	jitfa		?	jitfa	2.5	(false)	x1 (du'u) is false/is an untruth by standard/epistemology/metaphysics x2.
ji'o	CAA	3	jitro	CACCA				0	0	19	jitro	336.0	4.2	4.2	91.6	ji'o	jitro	19	5.7	ji'o	jitro	1 2 5	cmavo	jitro	5.2	(control)	x1 has control over/harnesses/manages/directs/conducts x2 in x3 (activity/event/performance).
jitro	CACCA	5	jitro	CACCA	0	0	6	6	144	0	jitro	336.0	4.2	4.2	91.6	jitro	jitro	150	44.6	jitro	jitro		?	jitro	5.2	(control)	x1 has control over/harnesses/manages/directs/conducts x2 in x3 (activity/event/performance).
tro	CCA	3	jitro	CACCA	7	7	153	167	0	0	jitro	336.0	4.2	4.2	91.6	tro	jitro	167	49.7	tro	jitro	3 4 5	rafsi	jitro	5.2	(control)	x1 has control over/harnesses/manages/directs/conducts x2 in x3 (activity/event/performance).
jivbu	CACCA	5	jivbu	CACCA	0	0	10	10	19	0	jivbu	29.0	0.0	0.0	100.0	jivbu	jivbu	29	100.0	jivbu	jivbu		?	jivbu	13.1	(weave)	x1 weaves x2 from material/[yarn] x3.
jivna	CACCA	5	jivna	CACCA	0	0	0	0	85	0	jivna	341.0	41.8	11.7	46.5	jivna	jivna	85	24.9	jivna	jivna		?	jivna	5.3.2	(compete ‘rival’)	x1 competes/vies with opponent x2 in contest/competition x3 (event) for gain x4; x1 rivals x2.
jvi	CCA	3	jivna	CACCA	107	30	119	256	0	0	jivna	341.0	41.8	11.7	46.5	jvi	jivna	256	75.1	jvi	jivna	1 3 2	rafsi	jivna	5.3.2	(compete ‘rival’)	x1 competes/vies with opponent x2 in contest/competition x3 (event) for gain x4; x1 rivals x2.
jaj	CAC	3	jmaji	CCACA	37	10	0	47	0	0	jmaji	165.0	78.7	21.3	0.0	jaj	jmaji	47	28.5	jaj	jmaji	14 3 14	rafsi	jmaji	6.2	(gather)	x1 (mass/jo'u) gathers/collects at location x2 from locations x3 (mass/jo'u).
jmaji	CCACA	5	jmaji	CCACA	3	0	29	32	86	0	jmaji	165.0	78.7	21.3	0.0	jmaji	jmaji	118	71.5	jmaji	jmaji		?	jmaji	6.2	(gather)	x1 (mass/jo'u) gathers/collects at location x2 from locations x3 (mass/jo'u).
jmifa	CCACA	5	jmifa	CCACA	0	0	2	2	3	0	jmifa	5.0	0.0	0.0	100.0	jmifa	jmifa	5	100.0	jmifa	jmifa		?	jmifa	8.2.1	(shoal ‘reef’)	x1 is a shoal [shallow hazard]/reef of material x2 in body of water x3.
ji'a	CAA	3	jmina	CCACA				0	0	1087	jmina	1276.0	91.1	8.9	0.0	ji'a	jmina	1087	85.2	ji'a	jmina	1 3 5	cmavo	jmina	1.5	(add ‘augment’)	x1 adds/combines x2 to/with x3, with result x4; x1 augments x2 by amount x3.
jmina	CCACA	5	jmina	CCACA	4	0	14	18	126	0	jmina	1276.0	91.1	8.9	0.0	jmina	jmina	144	11.3	jmina	jmina		?	jmina	1.5	(add ‘augment’)	x1 adds/combines x2 to/with x3, with result x4; x1 augments x2 by amount x3.
min	CAC	3	jmina	CCACA	41	4	0	45	0	0	jmina	1276.0	91.1	8.9	0.0	min	jmina	45	3.5	min	jmina	2 3 4	rafsi	jmina	1.5	(add ‘augment’)	x1 adds/combines x2 to/with x3, with result x4; x1 augments x2 by amount x3.
ji'e	CAA	3	jmive	CCACA	199	1	37	237	0	0	jmive	725.0	84.0	0.4	15.6	ji'e	jmive	237	32.7	ji'e	jmive	1 3 5	rafsi/cmavo	jmive	9	(live)	x1 lives/is alive by standard x2; x1 is an organism/living thing.
jmiv	CCAC	4	jmive	CCACA	0	0	0	0	0	0	jmive	725.0	84.0	0.4	15.6	jmiv	jmive	0	0.0	jmiv	jmive		?	jmive	9	(live)	x1 lives/is alive by standard x2; x1 is an organism/living thing.
jmive	CCACA	5	jmive	CCACA	0	0	1	1	430	0	jmive	725.0	84.0	0.4	15.6	jmive	jmive	431	59.4	jmive	jmive		?	jmive	9	(live)	x1 lives/is alive by standard x2; x1 is an organism/living thing.
miv	CAC	3	jmive	CCACA	57	0	0	57	0	0	jmive	725.0	84.0	0.4	15.6	miv	jmive	57	7.9	miv	jmive	2 3 4	rafsi	jmive	9	(live)	x1 lives/is alive by standard x2; x1 is an organism/living thing.
jo'o	CAA	3	jordo	CACCA	0	0	1	1	0	0	jordo	1.0	0.0	0.0	100.0	jo'o	jordo	1	100.0	jo'o	jordo	1 25 25	rafsi/cmavo	jordo	12.4	(Jordanian)	
jo'e	CAA	3	jorne	CACCA	13	0	65	78	0	0	jorne	308.0	16.7	0.0	83.3	jo'e	jorne	78	25.3	jo'e	jorne	1 2 5	rafsi/cmavo	jorne	3.1	(joined)	x1 is joined to/connects to/is united with x2 at common locus x3; x1 and x2 are a union.
jon	CAC	3	jorne	CACCA	40	6	0	46	0	0	jorne	308.0	16.7	0.0	83.3	jon	jorne	46	14.9	jon	jorne	1 2 4	rafsi	jorne	3.1	(joined)	x1 is joined to/connects to/is united with x2 at common locus x3; x1 and x2 are a union.
jorn	CACC	4	jorne	CACCA	0	0	0	0	0	0	jorne	308.0	16.7	0.0	83.3	jorn	jorne	0	0.0	jorn	jorne		?	jorne	3.1	(joined)	x1 is joined to/connects to/is united with x2 at common locus x3; x1 and x2 are a union.
jorne	CACCA	5	jorne	CACCA	0	0	0	0	184	0	jorne	308.0	16.7	0.0	83.3	jorne	jorne	184	59.7	jorne	jorne		?	jorne	3.1	(joined)	x1 is joined to/connects to/is united with x2 at common locus x3; x1 and x2 are a union.
jbu	CCA	3	jubme	CACCA	57	0	33	90	0	0	jubme	789.0	63.3	0.0	36.7	jbu	jubme	90	11.4	jbu	jubme	1 3 2	rafsi	jubme	13.6	(table)	x1 is a table/flat solid upper surface of material x2, supported by legs/base/pedestal x3.
jubme	CACCA	5	jubme	CACCA	0	0	0	0	699	0	jubme	789.0	63.3	0.0	36.7	jubme	jubme	699	88.6	jubme	jubme		?	jubme	13.6	(table)	x1 is a table/flat solid upper surface of material x2, supported by legs/base/pedestal x3.
judri	CACCA	5	judri	CACCA	0	0	63	63	125	0	judri	188.0	0.0	0.0	100.0	judri	judri	188	100.0	judri	judri		?	judri	1.6	(address)	x1 is an address of/are coordinates of x2 in system x3.
ju'a	CAA	3	jufra	CACCA	19	5	36	60	0	72	jufra	675.0	31.7	8.3	60.0	ju'a	jufra	132	19.6	ju'a	jufra	1 2 5	rafsi/cmavo	jufra	2.1	(sentence ‘phrase’)	x1 (text) is a sentence/statement about x2 [topic/subject/predicate/focus] in language x3.
juf	CAC	3	jufra	CACCA	40	0	0	40	0	0	jufra	675.0	31.7	8.3	60.0	juf	jufra	40	5.9	juf	jufra	1 2 3	rafsi	jufra	2.1	(sentence ‘phrase’)	x1 (text) is a sentence/statement about x2 [topic/subject/predicate/focus] in language x3.
jufr	CACC	4	jufra	CACCA	0	0	0	0	0	0	jufra	675.0	31.7	8.3	60.0	jufr	jufra	0	0.0	jufr	jufra		?	jufra	2.1	(sentence ‘phrase’)	x1 (text) is a sentence/statement about x2 [topic/subject/predicate/focus] in language x3.
jufra	CACCA	5	jufra	CACCA	0	0	0	0	503	0	jufra	675.0	31.7	8.3	60.0	jufra	jufra	503	74.5	jufra	jufra		?	jufra	2.1	(sentence ‘phrase’)	x1 (text) is a sentence/statement about x2 [topic/subject/predicate/focus] in language x3.
juk	CAC	3	jukni	CACCA	25	0	0	25	0	0	jukni	86.0	100.0	0.0	0.0	juk	jukni	25	29.1	juk	jukni	1 2 3	rafsi	jukni	9.2.2	(spider ‘arachnid’)	x1 is a spider/arachnid/crustacean/crab/lobster/non-insect arthropod of species/breed x2.
jukn	CACC	4	jukni	CACCA	0	0	0	0	0	0	jukni	86.0	100.0	0.0	0.0	jukn	jukni	0	0.0	jukn	jukni		?	jukni	9.2.2	(spider ‘arachnid’)	x1 is a spider/arachnid/crustacean/crab/lobster/non-insect arthropod of species/breed x2.
jukni	CACCA	5	jukni	CACCA	0	0	17	17	44	0	jukni	86.0	100.0	0.0	0.0	jukni	jukni	61	70.9	jukni	jukni		?	jukni	9.2.2	(spider ‘arachnid’)	x1 is a spider/arachnid/crustacean/crab/lobster/non-insect arthropod of species/breed x2.
jukpa	CACCA	5	jukpa	CACCA	0	0	50	50	152	0	jukpa	293.0	82.4	17.6	0.0	jukpa	jukpa	202	68.9	jukpa	jukpa		?	jukpa	13.1	(cook)	x1 cooks/prepares food-for-eating x2 by recipe/method x3 (process).
jup	CAC	3	jukpa	CACCA	75	16	0	91	0	0	jukpa	293.0	82.4	17.6	0.0	jup	jukpa	91	31.1	jup	jukpa	1 2 4	rafsi	jukpa	13.1	(cook)	x1 cooks/prepares food-for-eating x2 by recipe/method x3 (process).
ju'e	CAA	3	julne	CACCA	9	1	11	21	0	0	julne	59.0	42.9	4.8	52.4	ju'e	julne	21	35.6	ju'e	julne	1 2 5	rafsi/cmavo	julne	13.3.1	(net)	x1 is a net/filter allowing passage of x2, prohibiting passage of x3, netting properties x4.
juln	CACC	4	julne	CACCA	0	0	0	0	0	0	julne	59.0	42.9	4.8	52.4	juln	julne	0	0.0	juln	julne		?	julne	13.3.1	(net)	x1 is a net/filter allowing passage of x2, prohibiting passage of x3, netting properties x4.
julne	CACCA	5	julne	CACCA	0	0	0	0	38	0	julne	59.0	42.9	4.8	52.4	julne	julne	38	64.4	julne	julne		?	julne	13.3.1	(net)	x1 is a net/filter allowing passage of x2, prohibiting passage of x3, netting properties x4.
ju'i	CAA	3	jundi	CACCA	9	1	72	82	0	368	jundi	757.0	11.0	1.2	87.8	ju'i	jundi	450	59.4	ju'i	jundi	1 2 5	rafsi/cmavo	jundi	10.2	(attentive ‘attend’)	x1 is attentive towards/attends/tends/pays attention to object/affair x2.
jud	CAC	3	jundi	CACCA	35	0	0	35	0	0	jundi	757.0	11.0	1.2	87.8	jud	jundi	35	4.6	jud	jundi	1 2 4	rafsi	jundi	10.2	(attentive ‘attend’)	x1 is attentive towards/attends/tends/pays attention to object/affair x2.
jundi	CACCA	5	jundi	CACCA	0	0	0	0	272	0	jundi	757.0	11.0	1.2	87.8	jundi	jundi	272	35.9	jundi	jundi		?	jundi	10.2	(attentive ‘attend’)	x1 is attentive towards/attends/tends/pays attention to object/affair x2.
jug	CAC	3	jungo	CACCA	23	0	0	23	0	0	jungo	117.0	100.0	0.0	0.0	jug	jungo	23	19.7	jug	jungo	1 2 4	rafsi	jungo	12.4	(Chinese)	
jungo	CACCA	5	jungo	CACCA	0	0	1	1	93	0	jungo	117.0	100.0	0.0	0.0	jungo	jungo	94	80.3	jungo	jungo		?	jungo	12.4	(Chinese)	
jul	CAC	3	junla	CACCA	15	3	0	18	0	0	junla	46.0	83.3	16.7	0.0	jul	junla	18	39.1	jul	junla	1 2 4	rafsi	junla	4.3	(clock)	x1 is clock/watch/timer measuring time units x2 to precision x3 with timing mechanism/method x4.
junla	CACCA	5	junla	CACCA	0	0	3	3	25	0	junla	46.0	83.3	16.7	0.0	junla	junla	28	60.9	junla	junla		?	junla	4.3	(clock)	x1 is clock/watch/timer measuring time units x2 to precision x3 with timing mechanism/method x4.
junr	CACC	4	junri	CACCA	0	0	0	0	0	0	junri	68.0	100.0	0.0	0.0	junr	junri	0	0.0	junr	junri		?	junri	10.1	(serious)	x1 (person) is serious/earnest/has gravity about x2 (event/state/activity).
junri	CACCA	5	junri	CACCA	0	0	5	5	52	0	junri	68.0	100.0	0.0	0.0	junri	junri	57	83.8	junri	junri		?	junri	10.1	(serious)	x1 (person) is serious/earnest/has gravity about x2 (event/state/activity).
jur	CAC	3	junri	CACCA	11	0	0	11	0	0	junri	68.0	100.0	0.0	0.0	jur	junri	11	16.2	jur	junri	1 2 4	rafsi	junri	10.1	(serious)	x1 (person) is serious/earnest/has gravity about x2 (event/state/activity).
junt	CACC	4	junta	CACCA	9	0	0	9	0	0	junta	118.0	100.0	0.0	0.0	junt	junta	9	7.6	junt	junta		?	junta	7.3	(weight)	x1 is the weight of object x2 in [gravitational or other force] field x3.
junta	CACCA	5	junta	CACCA	0	0	2	2	107	0	junta	118.0	100.0	0.0	0.0	junta	junta	109	92.4	junta	junta		?	junta	7.3	(weight)	x1 is the weight of object x2 in [gravitational or other force] field x3.
jum	CAC	3	jurme	CACCA	3	0	0	3	0	0	jurme	17.0	100.0	0.0	0.0	jum	jurme	3	17.6	jum	jurme	1 2 4	rafsi	jurme	9	(germ)	x1 is a bacterium/germ/microbe/protozoan/amoeba [1-celled life] of species/defining property x2.
jurm	CACC	4	jurme	CACCA	0	0	0	0	0	0	jurme	17.0	100.0	0.0	0.0	jurm	jurme	0	0.0	jurm	jurme		?	jurme	9	(germ)	x1 is a bacterium/germ/microbe/protozoan/amoeba [1-celled life] of species/defining property x2.
jurme	CACCA	5	jurme	CACCA	0	0	1	1	13	0	jurme	17.0	100.0	0.0	0.0	jurme	jurme	14	82.4	jurme	jurme		?	jurme	9	(germ)	x1 is a bacterium/germ/microbe/protozoan/amoeba [1-celled life] of species/defining property x2.
jursa	CACCA	5	jursa	CACCA	0	0	4	4	19	0	jursa	23.0	0.0	0.0	100.0	jursa	jursa	23	100.0	jursa	jursa		?	jursa	10.3	(severe ‘harsh’)	x1 (event/action/state) is severe/harsh to x2 [victim/experiencer].
jut	CAC	3	jutsi	CACCA	3	0	0	3	0	0	jutsi	105.0	100.0	0.0	0.0	jut	jutsi	3	2.9	jut	jutsi	1 2 3	rafsi	jutsi	9	(species)	x1 is a species of genus x2, family x3, etc.; [open-ended tree-structure categorization].
jutsi	CACCA	5	jutsi	CACCA	0	0	2	2	100	0	jutsi	105.0	100.0	0.0	0.0	jutsi	jutsi	102	97.1	jutsi	jutsi		?	jutsi	9	(species)	x1 is a species of genus x2, family x3, etc.; [open-ended tree-structure categorization].
juxre	CACCA	5	juxre	CACCA	0	0	12	12	35	0	juxre	47.0	0.0	0.0	100.0	juxre	juxre	47	100.0	juxre	juxre		?	juxre	10.3	(clumsy ‘awkward’)	x1 (action) is clumsy/awkward by standard x2.
ji'u	CAA	3	jvinu	CCACA	0	0	11	11	0	0	jvinu	130.0	0.0	0.0	100.0	ji'u	jvinu	11	8.5	ji'u	jvinu	1 3 5	rafsi/cmavo	jvinu	9.4.2	(view)	x1 is the view/scene/panorama/sight/prospect of x2 (object/location) from point-of-view x3.
jvinu	CCACA	5	jvinu	CCACA	0	0	0	0	112	0	jvinu	130.0	0.0	0.0	100.0	jvinu	jvinu	112	86.2	jvinu	jvinu		?	jvinu	9.4.2	(view)	x1 is the view/scene/panorama/sight/prospect of x2 (object/location) from point-of-view x3.
vin	CAC	3	jvinu	CCACA	7	0	0	7	0	0	jvinu	130.0	0.0	0.0	100.0	vin	jvinu	7	5.4	vin	jvinu	2 3 4	rafsi	jvinu	9.4.2	(view)	x1 is the view/scene/panorama/sight/prospect of x2 (object/location) from point-of-view x3.
kabr	CACC	4	kabri	CACCA	35	0	0	35	0	0	kabri	210.0	100.0	0.0	0.0	kabr	kabri	35	16.7	kabr	kabri		?	kabri	13.3.2	(cup)	x1 is a cup/glass/tumbler/mug/vessel/[bowl] containing contents x2, and of material x3.
kabri	CACCA	5	kabri	CACCA	0	0	8	8	167	0	kabri	210.0	100.0	0.0	0.0	kabri	kabri	175	83.3	kabri	kabri		?	kabri	13.3.2	(cup)	x1 is a cup/glass/tumbler/mug/vessel/[bowl] containing contents x2, and of material x3.
kacm	CACC	4	kacma	CACCA	25	0	0	25	0	0	kacma	58.0	100.0	0.0	0.0	kacm	kacma	25	43.1	kacm	kacma		?	kacma	2.2	(camera)	x1 is a camera/photographic equipment recording illumination type x2 images to medium x3.
kacma	CACCA	5	kacma	CACCA	0	0	2	2	31	0	kacma	58.0	100.0	0.0	0.0	kacma	kacma	33	56.9	kacma	kacma		?	kacma	2.2	(camera)	x1 is a camera/photographic equipment recording illumination type x2 images to medium x3.
kadn	CACC	4	kadno	CACCA	5	0	0	5	0	0	kadno	17.0	100.0	0.0	0.0	kadn	kadno	5	29.4	kadn	kadno		?	kadno	12.4	(Canadian)	
kadno	CACCA	5	kadno	CACCA	0	0	2	2	10	0	kadno	17.0	100.0	0.0	0.0	kadno	kadno	12	70.6	kadno	kadno		?	kadno	12.4	(Canadian)	
kafk	CACC	4	kafke	CACCA	3	0	0	3	0	0	kafke	197.0	0.0	0.0	100.0	kafk	kafke	3	1.5	kafk	kafke		?	kafke	9.3	(cough)	x1 coughs/farts/burps up/out x2 [predominantly gaseous] from orifice x3.
kafke	CACCA	5	kafke	CACCA	0	0	33	33	161	0	kafke	197.0	0.0	0.0	100.0	kafke	kafke	194	98.5	kafke	kafke		?	kafke	9.3	(cough)	x1 coughs/farts/burps up/out x2 [predominantly gaseous] from orifice x3.
kag	CAC	3	kagni	CACCA	2	0	0	2	0	0	kagni	58.0	0.0	0.0	100.0	kag	kagni	2	3.4	kag	kagni	1 2 3	rafsi	kagni	11.3.4	(company)	x1 is a company/corporation/firm/partnership chartered by authority x2 for purpose x3.
kagni	CACCA	5	kagni	CACCA	0	0	7	7	49	0	kagni	58.0	0.0	0.0	100.0	kagni	kagni	56	96.6	kagni	kagni		?	kagni	11.3.4	(company)	x1 is a company/corporation/firm/partnership chartered by authority x2 for purpose x3.
jde	CCA	3	kajde	CACCA	34	0	22	56	0	0	kajde	176.0	60.7	0.0	39.3	jde	kajde	56	31.8	jde	kajde	3 4 5	rafsi	kajde	2.4	(warn ‘caution’)	x1 (event/experience) warns/cautions x2 (person) of/about danger x3 (event/state/property).
kajde	CACCA	5	kajde	CACCA	0	0	0	0	120	0	kajde	176.0	60.7	0.0	39.3	kajde	kajde	120	68.2	kajde	kajde		?	kajde	2.4	(warn ‘caution’)	x1 (event/experience) warns/cautions x2 (person) of/about danger x3 (event/state/property).
kajna	CACCA	5	kajna	CACCA	0	0	8	8	3	0	kajna	11.0	0.0	0.0	100.0	kajna	kajna	11	100.0	kajna	kajna		?	kajna	13.4	(shelf ‘counter’)	x1 is a shelf/counter/bar in/on/attached to supporting object x2, for purpose x3.
ka'e	CAA	3	kakne	CACCA	11	40	148	199	0	1836	kakne	2683.0	5.5	20.1	74.4	ka'e	kakne	2035	75.8	ka'e	kakne	13 2 5	rafsi/cmavo	kakne	5.2	(able ‘can’)	x1 is able to do/be/capable of doing/being x2 (event/state) under conditions x3 (event/state).
kakne	CACCA	5	kakne	CACCA	0	0	0	0	648	0	kakne	2683.0	5.5	20.1	74.4	kakne	kakne	648	24.2	kakne	kakne		?	kakne	5.2	(able ‘can’)	x1 is able to do/be/capable of doing/being x2 (event/state) under conditions x3 (event/state).
kakp	CACC	4	kakpa	CACCA	21	1	0	22	0	0	kakpa	158.0	0.0	0.0	100.0	kakp	kakpa	22	13.9	kakp	kakpa		?	kakpa	6.2.3	(dig)	x1 (agent) digs x2 [material] up/out of x3 [source/hole] with limbs/tool(s) x4.
kakpa	CACCA	5	kakpa	CACCA	0	0	40	40	96	0	kakpa	158.0	0.0	0.0	100.0	kakpa	kakpa	136	86.1	kakpa	kakpa		?	kakpa	6.2.3	(dig)	x1 (agent) digs x2 [material] up/out of x3 [source/hole] with limbs/tool(s) x4.
kalc	CACC	4	kalci	CACCA	2	0	0	2	0	0	kalci	61.0	0.0	0.0	100.0	kalc	kalci	2	3.3	kalc	kalci		?	kalci	9.3.1	(feces ‘shit’)	x1 is a/the feces/excrement/dung/shit of x2 (animal/person); (adjective:) x1 is fecal (matter).
kalci	CACCA	5	kalci	CACCA	0	0	6	6	53	0	kalci	61.0	0.0	0.0	100.0	kalci	kalci	59	96.7	kalci	kalci		?	kalci	9.3.1	(feces ‘shit’)	x1 is a/the feces/excrement/dung/shit of x2 (animal/person); (adjective:) x1 is fecal (matter).
kalr	CACC	4	kalri	CACCA	0	0	0	0	0	0	kalri	212.0	99.0	1.0	0.0	kalr	kalri	0	0.0	kalr	kalri		?	kalri	3.1	(open)	x1 (portal/passage/entrance-way) is open/ajar/not shut permitting passage/access to x2 by x3.
kalri	CACCA	5	kalri	CACCA	0	0	12	12	98	0	kalri	212.0	99.0	1.0	0.0	kalri	kalri	110	51.9	kalri	kalri		?	kalri	3.1	(open)	x1 (portal/passage/entrance-way) is open/ajar/not shut permitting passage/access to x2 by x3.
kar	CAC	3	kalri	CACCA	95	1	0	96	0	0	kalri	212.0	99.0	1.0	0.0	kar	kalri	96	45.3	kar	kalri	1 2 4	rafsi	kalri	3.1	(open)	x1 (portal/passage/entrance-way) is open/ajar/not shut permitting passage/access to x2 by x3.
ke'i	CAA	3	kalri	CACCA				0	0	6	kalri	212.0	99.0	1.0	0.0	ke'i	kalri	6	2.8	ke'i	kalri	1  5	cmavo	kalri	3.1	(open)	x1 (portal/passage/entrance-way) is open/ajar/not shut permitting passage/access to x2 by x3.
kals	CACC	4	kalsa	CACCA	0	0	0	0	0	0	kalsa	169.0	97.9	2.1	0.0	kals	kalsa	0	0.0	kals	kalsa		?	kalsa	1.2	(chaotic)	x1 is chaotic/disordered in property/aspect x2 (ka).
kalsa	CACCA	5	kalsa	CACCA	0	0	12	12	63	0	kalsa	169.0	97.9	2.1	0.0	kalsa	kalsa	75	44.4	kalsa	kalsa		?	kalsa	1.2	(chaotic)	x1 is chaotic/disordered in property/aspect x2 (ka).
kas	CAC	3	kalsa	CACCA	92	2	0	94	0	0	kalsa	169.0	97.9	2.1	0.0	kas	kalsa	94	55.6	kas	kalsa	1 25 4	rafsi	kalsa	1.2	(chaotic)	x1 is chaotic/disordered in property/aspect x2 (ka).
kalte	CACCA	5	kalte	CACCA	12	0	10	22	247	0	kalte	286.0	54.5	0.0	45.5	kalte	kalte	269	94.1	kalte	kalte		?	kalte	9.3.4	(hunt)	x1 hunts/stalks prey/quarry/game x2 for purpose x3.
kat	CAC	3	kalte	CACCA	17	0	0	17	0	0	kalte	286.0	54.5	0.0	45.5	kat	kalte	17	5.9	kat	kalte	1 2 4	rafsi	kalte	9.3.4	(hunt)	x1 hunts/stalks prey/quarry/game x2 for purpose x3.
kamj	CACC	4	kamju	CACCA	2	0	0	2	0	0	kamju	53.0	0.0	0.0	100.0	kamj	kamju	2	3.8	kamj	kamju		?	kamju	13.4	(column)	x1 is a column/pillar of material x2.
kamju	CACCA	5	kamju	CACCA	0	0	18	18	33	0	kamju	53.0	0.0	0.0	100.0	kamju	kamju	51	96.2	kamju	kamju		?	kamju	13.4	(column)	x1 is a column/pillar of material x2.
kamn	CACC	4	kamni	CACCA	1	0	0	1	0	0	kamni	39.0	0.0	0.0	100.0	kamn	kamni	1	2.6	kamn	kamni		?	kamni	11.2.1	(committee)	x1 (mass) is a committee with task/purpose x2 of body x3.
kamni	CACCA	5	kamni	CACCA	0	0	8	8	30	0	kamni	39.0	0.0	0.0	100.0	kamni	kamni	38	97.4	kamni	kamni		?	kamni	11.2.1	(committee)	x1 (mass) is a committee with task/purpose x2 of body x3.
kampu	CACCA	5	kampu	CACCA	0	0	0	0	89	0	kampu	113.0	41.7	0.0	58.3	kampu	kampu	89	78.8	kampu	kampu		?	kampu	1.1	(common)	x1 (property - ka) is common/general/universal among members of set x2 (complete set).
kau	CAA	3	kampu	CACCA	10	0	14	24	0	0	kampu	113.0	41.7	0.0	58.3	kau	kampu	24	21.2	kau	kampu	1 2 5	rafsi/cmavo	kampu	1.1	(common)	x1 (property - ka) is common/general/universal among members of set x2 (complete set).
kanba	CACCA	5	kanba	CACCA	0	0	6	6	33	0	kanba	39.0	0.0	0.0	100.0	kanba	kanba	39	100.0	kanba	kanba		?	kanba	9.2.2	(goat ‘kid, billy, baa’)	x1 is a goat/angora/[billy-goat/kid] of species/breed x2.
kac	CAC	3	kancu	CACCA	129	6	0	135	0	0	kancu	341.0	95.6	4.4	0.0	kac	kancu	135	39.6	kac	kancu	1 2 4	rafsi	kancu	1.6	(count)	x1 (agent) counts the number in set x2 to be x3 [number/count] counting [off] by units x4.
kancu	CACCA	5	kancu	CACCA	0	8	77	85	121	0	kancu	341.0	95.6	4.4	0.0	kancu	kancu	206	60.4	kancu	kancu		?	kancu	1.6	(count)	x1 (agent) counts the number in set x2 to be x3 [number/count] counting [off] by units x4.
kad	CAC	3	kandi	CACCA	4	0	0	4	0	0	kandi	117.0	100.0	0.0	0.0	kad	kandi	4	3.4	kad	kandi	1 2 4	rafsi	kandi	9.4	(dim)	x1 is dim/dull/pale/non-intense in property x2 (ka) as received/measured by observer x3.
kandi	CACCA	5	kandi	CACCA	0	0	4	4	109	0	kandi	117.0	100.0	0.0	0.0	kandi	kandi	113	96.6	kandi	kandi		?	kandi	9.4	(dim)	x1 is dim/dull/pale/non-intense in property x2 (ka) as received/measured by observer x3.
kaj	CAC	3	kanji	CACCA	3	0	0	3	0	0	kanji	170.0	0.0	0.0	100.0	kaj	kanji	3	1.8	kaj	kanji	1 2 4	rafsi	kanji	1.6	(calculate ‘reckon’)	x1 calculates/reckons/computes x2 [value (ni)/state] from data x3 by process x4.
kanji	CACCA	5	kanji	CACCA	0	0	8	8	159	0	kanji	170.0	0.0	0.0	100.0	kanji	kanji	167	98.2	kanji	kanji		?	kanji	1.6	(calculate ‘reckon’)	x1 calculates/reckons/computes x2 [value (ni)/state] from data x3 by process x4.
kal	CAC	3	kanla	CACCA	69	7	0	76	0	0	kanla	397.0	90.8	9.2	0.0	kal	kanla	76	19.1	kal	kanla	1 25 4	rafsi	kanla	9.2.3	(eye ‘ocular’)	x1 is a/the eye [body-part] of x2; [metaphor: sensory apparatus]; (adjective:) x1 is ocular.
kanla	CACCA	5	kanla	CACCA	0	0	12	12	309	0	kanla	397.0	90.8	9.2	0.0	kanla	kanla	321	80.9	kanla	kanla		?	kanla	9.2.3	(eye ‘ocular’)	x1 is a/the eye [body-part] of x2; [metaphor: sensory apparatus]; (adjective:) x1 is ocular.
ka'o	CAA	3	kanro	CACCA	25	0	15	40	0	0	kanro	199.0	62.5	0.0	37.5	ka'o	kanro	40	20.1	ka'o	kanro	1 2 5	rafsi/cmavo	kanro	9.3.3	(healthy)	x1 is healthy/fit/well/in good health by standard x2.
kanro	CACCA	5	kanro	CACCA	0	0	0	0	159	0	kanro	199.0	62.5	0.0	37.5	kanro	kanro	159	79.9	kanro	kanro		?	kanro	9.3.3	(healthy)	x1 is healthy/fit/well/in good health by standard x2.
kan	CAC	3	kansa	CACCA	84	21	0	105	0	0	kansa	696.0	0.9	0.0	99.1	kan	kansa	105	15.1	kan	kansa	1 25 3	rafsi	kansa	5	(with ‘accompany’)	x1 is with/accompanies/is a companion of x2, in state/condition/enterprise x3 (event/state).
kans	CACC	4	kansa	CACCA	0	0	0	0	0	0	kansa	696.0	0.9	0.0	99.1	kans	kansa	0	0.0	kans	kansa		?	kansa	5	(with ‘accompany’)	x1 is with/accompanies/is a companion of x2, in state/condition/enterprise x3 (event/state).
kansa	CACCA	5	kansa	CACCA	1	0	111	112	479	0	kansa	696.0	0.9	0.0	99.1	kansa	kansa	591	84.9	kansa	kansa		?	kansa	5	(with ‘accompany’)	x1 is with/accompanies/is a companion of x2, in state/condition/enterprise x3 (event/state).
ka'u	CAA	3	kantu	CACCA	49	5	50	104	0	0	kantu	173.0	47.1	4.8	48.1	ka'u	kantu	104	60.1	ka'u	kantu	1 2 5	rafsi/cmavo	kantu	7.2	(quantum)	x1 is a quantum/ray/elementary particle/smallest measurable increment of property/activity x2.
kant	CACC	4	kantu	CACCA	0	0	0	0	0	0	kantu	173.0	47.1	4.8	48.1	kant	kantu	0	0.0	kant	kantu		?	kantu	7.2	(quantum)	x1 is a quantum/ray/elementary particle/smallest measurable increment of property/activity x2.
kantu	CACCA	5	kantu	CACCA	0	0	0	0	69	0	kantu	173.0	47.1	4.8	48.1	kantu	kantu	69	39.9	kantu	kantu		?	kantu	7.2	(quantum)	x1 is a quantum/ray/elementary particle/smallest measurable increment of property/activity x2.
kanx	CACC	4	kanxe	CACCA	0	0	0	0	0	0	kanxe	46.0	0.0	0.0	100.0	kanx	kanxe	0	0.0	kanx	kanxe		?	kanxe	2.5	(conjunction)	x1 is a conjunction, stating that x2 (du'u) and x3 (du'u) are both true.
kanxe	CACCA	5	kanxe	CACCA	0	0	6	6	35	0	kanxe	46.0	0.0	0.0	100.0	kanxe	kanxe	41	89.1	kanxe	kanxe		?	kanxe	2.5	(conjunction)	x1 is a conjunction, stating that x2 (du'u) and x3 (du'u) are both true.
kax	CAC	3	kanxe	CACCA	5	0	0	5	0	0	kanxe	46.0	0.0	0.0	100.0	kax	kanxe	5	10.9	kax	kanxe	1 2 4	rafsi	kanxe	2.5	(conjunction)	x1 is a conjunction, stating that x2 (du'u) and x3 (du'u) are both true.
kab	CAC	3	karbi	CACCA	1	0	0	1	0	0	karbi	2060.0	0.0	0.0	100.0	kab	karbi	1	0.0	kab	karbi	1 2 4	rafsi	karbi	1.5	(compare)	x1 [observer] compares x2 with x3 in property x4 (ka), determining comparison x5 (state).
karbi	CACCA	5	karbi	CACCA	0	0	4	4	52	0	karbi	2060.0	0.0	0.0	100.0	karbi	karbi	56	2.7	karbi	karbi		?	karbi	1.5	(compare)	x1 [observer] compares x2 with x3 in property x4 (ka), determining comparison x5 (state).
ku'i	CAA	3	karbi	CACCA				0	0	2003	karbi	2060.0	0.0	0.0	100.0	ku'i	karbi	2003	97.2	ku'i	karbi	1  5	cmavo	karbi	1.5	(compare)	x1 [observer] compares x2 with x3 in property x4 (ka), determining comparison x5 (state).
karc	CACC	4	karce	CACCA	70	5	0	75	0	0	karce	625.0	93.3	6.7	0.0	karc	karce	75	12.0	karc	karce		?	karce	13.5	(car)	x1 is a car/automobile/truck/van [a wheeled motor vehicle] for carrying x2, propelled by x3
karce	CACCA	5	karce	CACCA	0	0	62	62	488	0	karce	625.0	93.3	6.7	0.0	karce	karce	550	88.0	karce	karce		?	karce	13.5	(car)	x1 is a car/automobile/truck/van [a wheeled motor vehicle] for carrying x2, propelled by x3
karda	CACCA	5	karda	CACCA	0	0	17	17	55	0	karda	72.0	0.0	0.0	100.0	karda	karda	72	100.0	karda	karda		?	karda	3.5.3	(card)	x1 is a card [small nearly-2-dimensional shape/form] of material x2, shape x3.
karg	CACC	4	kargu	CACCA	0	5	0	5	0	0	kargu	103.0	0.0	0.0	100.0	karg	kargu	5	4.9	karg	kargu		?	kargu	11.3.3	(costly)	x1 (object/commodity/property/event) is costly/expensive/dear to x2 by standard x3.
kargu	CACCA	5	kargu	CACCA	0	0	26	26	72	0	kargu	103.0	0.0	0.0	100.0	kargu	kargu	98	95.1	kargu	kargu		?	kargu	11.3.3	(costly)	x1 (object/commodity/property/event) is costly/expensive/dear to x2 by standard x3.
karl	CACC	4	karli	CACCA	0	13	0	13	0	0	karli	21.0	0.0	100.0	0.0	karl	karli	13	61.9	karl	karli		?	karli	3.5.5	(collar)	x1 is a collar/ring/belt/band around/surrounding x2 made of material x3.
karli	CACCA	5	karli	CACCA	0	0	3	3	5	0	karli	21.0	0.0	100.0	0.0	karli	karli	8	38.1	karli	karli		?	karli	3.5.5	(collar)	x1 is a collar/ring/belt/band around/surrounding x2 made of material x3.
karn	CACC	4	karni	CACCA	15	0	0	15	0	0	karni	174.0	0.0	0.0	100.0	karn	karni	15	8.6	karn	karni		?	karni	2.2	(journal)	x1 is a journal/periodical/magazine/[newspaper] with content x2 published by x3 for audience x4.
karni	CACCA	5	karni	CACCA	0	0	38	38	121	0	karni	174.0	0.0	0.0	100.0	karni	karni	159	91.4	karni	karni		?	karni	2.2	(journal)	x1 is a journal/periodical/magazine/[newspaper] with content x2 published by x3 for audience x4.
ka'a	CAA	3	katna	CACCA	51	19	57	127	0	0	katna	372.0	40.2	15.0	44.9	ka'a	katna	127	34.1	ka'a	katna	1 25 25	rafsi/cmavo	katna	6.2.3	(cut)	x1 (tool/blade/force) cuts [through]/splits/divides x2 (object) into pieces x3.
katn	CACC	4	katna	CACCA	0	0	0	0	0	0	katna	372.0	40.2	15.0	44.9	katn	katna	0	0.0	katn	katna		?	katna	6.2.3	(cut)	x1 (tool/blade/force) cuts [through]/splits/divides x2 (object) into pieces x3.
katna	CACCA	5	katna	CACCA	0	0	4	4	241	0	katna	372.0	40.2	15.0	44.9	katna	katna	245	65.9	katna	katna		?	katna	6.2.3	(cut)	x1 (tool/blade/force) cuts [through]/splits/divides x2 (object) into pieces x3.
kav	CAC	3	kavbu	CACCA	10	0	0	10	0	0	kavbu	229.0	0.0	0.0	100.0	kav	kavbu	10	4.4	kav	kavbu	1 2 3	rafsi	kavbu	6.2.1	(capture ‘catch’)	x1 captures/catches/apprehends/seizes/nabs x2 with trap/restraint x3.
kavbu	CACCA	5	kavbu	CACCA	0	0	25	25	194	0	kavbu	229.0	0.0	0.0	100.0	kavbu	kavbu	219	95.6	kavbu	kavbu		?	kavbu	6.2.1	(capture ‘catch’)	x1 captures/catches/apprehends/seizes/nabs x2 with trap/restraint x3.
ke'i	CAA	3	kecti	CACCA	4	0	22	26	0	0	kecti	51.0	15.4	0.0	84.6	ke'i	kecti	26	51.0	ke'i	kecti	1 2 5	rafsi/cmavo	kecti	10.1	(pity)	x1 (person) pities/feels sorry for x2 (person) about x3 (abstraction).
kec	CAC	3	kecti	CACCA	2	23	0	25	0	0	kecti	51.0	15.4	0.0	84.6	kec	kecti	25	49.0	kec	kecti	1 2 3	rafsi	kecti	10.1	(pity)	x1 (person) pities/feels sorry for x2 (person) about x3 (abstraction).
kect	CACC	4	kecti	CACCA	0	0	0	0	0	0	kecti	51.0	15.4	0.0	84.6	kect	kecti	0	0.0	kect	kecti		?	kecti	10.1	(pity)	x1 (person) pities/feels sorry for x2 (person) about x3 (abstraction).
kei	CAA	3	kelci	CACCA	70	25	224	319	0	0	kelci	850.0	21.9	7.8	70.2	kei	kelci	319	37.5	kei	kelci	1 2 5	rafsi/cmavo	kelci	9.3.4	(play)	x1 [agent] plays with plaything/toy x2.
kel	CAC	3	kelci	CACCA	70	0	0	70	0	0	kelci	850.0	21.9	7.8	70.2	kel	kelci	70	8.2	kel	kelci	1 2 3	rafsi	kelci	9.3.4	(play)	x1 [agent] plays with plaything/toy x2.
kelci	CACCA	5	kelci	CACCA	0	0	0	0	461	0	kelci	850.0	21.9	7.8	70.2	kelci	kelci	461	54.2	kelci	kelci		?	kelci	9.3.4	(play)	x1 [agent] plays with plaything/toy x2.
ke'o	CAA	3	kelvo	CACCA	0	0	16	16	0	0	kelvo	16.0	0.0	0.0	100.0	ke'o	kelvo	16	100.0	ke'o	kelvo	1 2 5	rafsi/cmavo	kelvo	7.4.1	(kelvin)	
ken	CAC	3	kenra	CACCA	13	4	0	17	0	0	kenra	22.0	76.5	23.5	0.0	ken	kenra	17	77.3	ken	kenra	1 2 3	rafsi	kenra	9.3.3	(cancer)	x1 is a cancer [malignant disease] in x2.
kenra	CACCA	5	kenra	CACCA	0	0	1	1	4	0	kenra	22.0	76.5	23.5	0.0	kenra	kenra	5	22.7	kenra	kenra		?	kenra	9.3.3	(cancer)	x1 is a cancer [malignant disease] in x2.
kensa	CACCA	5	kensa	CACCA	0	0	1	1	24	0	kensa	51.0	69.2	30.8	0.0	kensa	kensa	25	49.0	kensa	kensa		?	kensa	8.1	(outer space)	x1 is outer space near/associated with celestial body/region x2.
kes	CAC	3	kensa	CACCA	18	8	0	26	0	0	kensa	51.0	69.2	30.8	0.0	kes	kensa	26	51.0	kes	kensa	1 2 4	rafsi	kensa	8.1	(outer space)	x1 is outer space near/associated with celestial body/region x2.
kerfa	CACCA	5	kerfa	CACCA	0	0	0	0	298	0	kerfa	426.0	39.8	14.1	46.1	kerfa	kerfa	298	70.0	kerfa	kerfa		?	kerfa	9.2.4	(hair)	x1 is a/the hair/fur [body-part] of x2 at body location x3.
kre	CCA	3	kerfa	CACCA	51	18	59	128	0	0	kerfa	426.0	39.8	14.1	46.1	kre	kerfa	128	30.0	kre	kerfa	1 3 2	rafsi	kerfa	9.2.4	(hair)	x1 is a/the hair/fur [body-part] of x2 at body location x3.
ker	CAC	3	kerlo	CACCA	19	0	0	19	0	0	kerlo	81.0	100.0	0.0	0.0	ker	kerlo	19	23.5	ker	kerlo	1 2 3	rafsi	kerlo	9.2.3	(ear ‘aural, earlobe’)	x1 is a/the ear [body-part] of x2; [metaphor: sensory apparatus, information gathering].
kerlo	CACCA	5	kerlo	CACCA	0	0	1	1	61	0	kerlo	81.0	100.0	0.0	0.0	kerlo	kerlo	62	76.5	kerlo	kerlo		?	kerlo	9.2.3	(ear ‘aural, earlobe’)	x1 is a/the ear [body-part] of x2; [metaphor: sensory apparatus, information gathering].
tco	CCA	3	ketco	CACCA	6	0	4	10	0	0	ketco	10.0	60.0	0.0	40.0	tco	ketco	10	100.0	tco	ketco	3 4 5	rafsi	ketco	12.2	(South American ‘Quechua’)	
ke'a	CAA	3	kevna	CACCA	22	1	245	268	0	0	kevna	621.0	8.2	0.4	91.4	ke'a	kevna	268	43.2	ke'a	kevna	1 2 5	rafsi/cmavo	kevna	3.5.3	(cavity ‘cave’)	x1 is a cavity/hole/hollow/cavern in x2; x1 is concave within x2; x2 is hollow at locus x1.
kev	CAC	3	kevna	CACCA	14	3	0	17	0	0	kevna	621.0	8.2	0.4	91.4	kev	kevna	17	2.7	kev	kevna	1 2 3	rafsi	kevna	3.5.3	(cavity ‘cave’)	x1 is a cavity/hole/hollow/cavern in x2; x1 is concave within x2; x2 is hollow at locus x1.
kevna	CACCA	5	kevna	CACCA	0	0	0	0	336	0	kevna	621.0	8.2	0.4	91.4	kevna	kevna	336	54.1	kevna	kevna		?	kevna	3.5.3	(cavity ‘cave’)	x1 is a cavity/hole/hollow/cavern in x2; x1 is concave within x2; x2 is hollow at locus x1.
ki'e	CAA	3	kicne	CACCA	0	5	99	104	0	0	kicne	146.0	0.0	4.8	95.2	ki'e	kicne	104	71.2	ki'e	kicne	1 2 5	rafsi/cmavo	kicne	13.6	(cushion)	x1 cushions x2 with material x3; x1 is a cushion/pillow/pad [for x2] of padding material x3.
kic	CAC	3	kicne	CACCA	5	2	0	7	0	0	kicne	146.0	0.0	4.8	95.2	kic	kicne	7	4.8	kic	kicne	1 2 3	rafsi	kicne	13.6	(cushion)	x1 cushions x2 with material x3; x1 is a cushion/pillow/pad [for x2] of padding material x3.
kicne	CACCA	5	kicne	CACCA	0	0	0	0	35	0	kicne	146.0	0.0	4.8	95.2	kicne	kicne	35	24.0	kicne	kicne		?	kicne	13.6	(cushion)	x1 cushions x2 with material x3; x1 is a cushion/pillow/pad [for x2] of padding material x3.
kij	CAC	3	kijno	CACCA	21	0	0	21	0	0	kijno	21.0	100.0	0.0	0.0	kij	kijno	21	100.0	kij	kijno	1 2 3	rafsi	kijno	7.5.4	(oxygen)	x1 is a quantity of/contains/is made of oxygen (O); [metaphor: supporting life/combustion].
ki'o	CAA	3	kilto	CACCA	133	0	12	145	0	0	kilto	215.0	91.7	0.0	8.3	ki'o	kilto	145	67.4	ki'o	kilto	1 2 5	rafsi/cmavo	kilto	7.4.3	(1000 metric ‘kilo’)	
kilt	CACC	4	kilto	CACCA	0	0	0	0	0	0	kilto	215.0	91.7	0.0	8.3	kilt	kilto	0	0.0	kilt	kilto		?	kilto	7.4.3	(1000 metric ‘kilo’)	
kilto	CACCA	5	kilto	CACCA	0	0	0	0	70	0	kilto	215.0	91.7	0.0	8.3	kilto	kilto	70	32.6	kilto	kilto		?	kilto	7.4.3	(1000 metric ‘kilo’)	
kil	CAC	3	kinli	CACCA	102	0	0	102	0	0	kinli	182.0	100.0	0.0	0.0	kil	kinli	102	56.0	kil	kinli	1 25 4	rafsi	kinli	7.3	(sharp ‘keen’)	x1 is sharp/keen at locus x2.
kinli	CACCA	5	kinli	CACCA	0	0	2	2	78	0	kinli	182.0	100.0	0.0	0.0	kinli	kinli	80	44.0	kinli	kinli		?	kinli	7.3	(sharp ‘keen’)	x1 is sharp/keen at locus x2.
kisto	CACCA	5	kisto	CACCA	0	0	2	2	10	0	kisto	12.0	0.0	0.0	100.0	kisto	kisto	12	100.0	kisto	kisto		?	kisto	12.4	(Pakistani)	
klaji	CCACA	5	klaji	CCACA	0	0	11	11	152	0	klaji	191.0	82.1	17.9	0.0	klaji	klaji	163	85.3	klaji	klaji		?	klaji	13.5	(street ‘avenue’)	x1 is a street/avenue/lane/drive/cul-de-sac/way/alley/[road] at x2 accessing x3.
laj	CAC	3	klaji	CCACA	23	5	0	28	0	0	klaji	191.0	82.1	17.9	0.0	laj	klaji	28	14.7	laj	klaji	2 3 4	rafsi	klaji	13.5	(street ‘avenue’)	x1 is a street/avenue/lane/drive/cul-de-sac/way/alley/[road] at x2 accessing x3.
kak	CAC	3	klaku	CCACA	9	18	0	27	0	0	klaku	166.0	33.3	66.7	0.0	kak	klaku	27	16.3	kak	klaku	14 3 14	rafsi	klaku	10.1	(weep)	x1 weeps/cries tears x2 about/for reason x3 (event/state).
klak	CCAC	4	klaku	CCACA	0	0	0	0	0	0	klaku	166.0	33.3	66.7	0.0	klak	klaku	0	0.0	klak	klaku		?	klaku	10.1	(weep)	x1 weeps/cries tears x2 about/for reason x3 (event/state).
klaku	CCACA	5	klaku	CCACA	0	0	4	4	135	0	klaku	166.0	33.3	66.7	0.0	klaku	klaku	139	83.7	klaku	klaku		?	klaku	10.1	(weep)	x1 weeps/cries tears x2 about/for reason x3 (event/state).
ka'a	CAA	3	klama	CCACA				0	0	50	klama	6601.0	17.9	2.1	80.0	ka'a	klama	50	0.8	ka'a	klama	1 35 35	cmavo	klama	6.1.1	(come)	x1 comes/goes to destination x2 from origin x3 via route x4 using means/vehicle x5.
kla	CCA	3	klama	CCACA	222	26	992	1240	0	0	klama	6601.0	17.9	2.1	80.0	kla	klama	1240	18.8	kla	klama	1 2 35	rafsi	klama	6.1.1	(come)	x1 comes/goes to destination x2 from origin x3 via route x4 using means/vehicle x5.
klam	CCAC	4	klama	CCACA	0	0	0	0	0	0	klama	6601.0	17.9	2.1	80.0	klam	klama	0	0.0	klam	klama		?	klama	6.1.1	(come)	x1 comes/goes to destination x2 from origin x3 via route x4 using means/vehicle x5.
klama	CCACA	5	klama	CCACA	0	0	9	9	5302	0	klama	6601.0	17.9	2.1	80.0	klama	klama	5311	80.5	klama	klama		?	klama	6.1.1	(come)	x1 comes/goes to destination x2 from origin x3 via route x4 using means/vehicle x5.
klan	CCAC	4	klani	CCACA	0	0	0	0	0	0	klani	3890.0	14.1	8.5	77.5	klan	klani	0	0.0	klan	klani		?	klani	7.4	(quantity)	x1 is a quantity quantified/measured/enumerated by x2 (quantifier) on scale x3 (si'o).
klani	CCACA	5	klani	CCACA	0	0	0	0	618	0	klani	3890.0	14.1	8.5	77.5	klani	klani	618	15.9	klani	klani		?	klani	7.4	(quantity)	x1 is a quantity quantified/measured/enumerated by x2 (quantifier) on scale x3 (si'o).
la'u	CAA	3	klani	CCACA				0	0	126	klani	3890.0	14.1	8.5	77.5	la'u	klani	126	3.2	la'u	klani	2 3 	cmavo	klani	7.4	(quantity)	x1 is a quantity quantified/measured/enumerated by x2 (quantifier) on scale x3 (si'o).
lai	CAA	3	klani	CCACA	20	12	110	142	0	0	klani	3890.0	14.1	8.5	77.5	lai	klani	142	3.7	lai	klani	2 3 5	rafsi/cmavo	klani	7.4	(quantity)	x1 is a quantity quantified/measured/enumerated by x2 (quantifier) on scale x3 (si'o).
ni	CA	2	klani	CCACA				0	0	3004	klani	3890.0	14.1	8.5	77.5	ni	klani	3004	77.2	ni	klani		cmavo	klani	7.4	(quantity)	x1 is a quantity quantified/measured/enumerated by x2 (quantifier) on scale x3 (si'o).
kle	CCA	3	klesi	CCACA	13	0	43	56	0	0	klesi	593.0	4.9	0.0	95.1	kle	klesi	56	9.4	kle	klesi	1 2 3	rafsi	klesi	1.1	(class)	x1 (mass/si'o) is a class/category/subgroup/subset within x2 with defining property x3 (ka).
klesi	CCACA	5	klesi	CCACA	0	0	0	0	331	0	klesi	593.0	4.9	0.0	95.1	klesi	klesi	331	55.8	klesi	klesi		?	klesi	1.1	(class)	x1 (mass/si'o) is a class/category/subgroup/subset within x2 with defining property x3 (ka).
le'a	CAA	3	klesi	CCACA				0	0	42	klesi	593.0	4.9	0.0	95.1	le'a	klesi	42	7.1	le'a	klesi	2 3 	cmavo	klesi	1.1	(class)	x1 (mass/si'o) is a class/category/subgroup/subset within x2 with defining property x3 (ka).
lei	CAA	3	klesi	CCACA	8	0	156	164	0	0	klesi	593.0	4.9	0.0	95.1	lei	klesi	164	27.7	lei	klesi	2 3 5	rafsi/cmavo	klesi	1.1	(class)	x1 (mass/si'o) is a class/category/subgroup/subset within x2 with defining property x3 (ka).
kli	CCA	3	klina	CCACA	46	2	43	91	0	0	klina	351.0	50.5	2.2	47.3	kli	klina	91	25.9	kli	klina	1 2 3	rafsi	klina	7.3	(clear)	x1 (object/medium) is clear/transparent/without obstacle to in-the-clear x2 [transmission].
li'a	CAA	3	klina	CCACA				0	0	260	klina	351.0	50.5	2.2	47.3	li'a	klina	260	74.1	li'a	klina	2 3 5	cmavo	klina	7.3	(clear)	x1 (object/medium) is clear/transparent/without obstacle to in-the-clear x2 [transmission].
kliru	CCACA	5	kliru	CCACA	0	0	1	1	0	0	kliru	1.0	0.0	0.0	100.0	kliru	kliru	1	100.0	kliru	kliru		?	kliru	7.5.4	(chlorine)	x1 is a quantity of/contains/is made of halogen of type x2 [chlorine, fluorine, iodine, etc.].
kit	CAC	3	kliti	CCACA	47	2	0	49	0	0	kliti	61.0	95.9	4.1	0.0	kit	kliti	49	80.3	kit	kliti	1 35 4	rafsi	kliti	8.2.3	(clay)	x1 is a quantity of/contains/is made of clay [moist, clammy dirt] of composition including x2.
kliti	CCACA	5	kliti	CCACA	0	0	1	1	11	0	kliti	61.0	95.9	4.1	0.0	kliti	kliti	12	19.7	kliti	kliti		?	kliti	8.2.3	(clay)	x1 is a quantity of/contains/is made of clay [moist, clammy dirt] of composition including x2.
lu'e	CAA	3	klupe	CCACA	0	0	5	5	0	0	klupe	8.0	0.0	0.0	100.0	lu'e	klupe	5	62.5	lu'e	klupe	2 3 5	rafsi/cmavo	klupe	13.3.1	(screw)	x1 is a screw [fastener] for purpose x2, threads [pitch, material] x3, frame [size, material] x4.
lup	CAC	3	klupe	CCACA	3	0	0	3	0	0	klupe	8.0	0.0	0.0	100.0	lup	klupe	3	37.5	lup	klupe	2 3 4	rafsi	klupe	13.3.1	(screw)	x1 is a screw [fastener] for purpose x2, threads [pitch, material] x3, frame [size, material] x4.
kluza	CCACA	5	kluza	CCACA	0	0	3	3	9	0	kluza	29.0	100.0	0.0	0.0	kluza	kluza	12	41.4	kluza	kluza		?	kluza	3.5.5	(loose ‘blouse’)	x1 (obj.) is loose/bloused/not tight on x2 (obj.) at locus x3.
luz	CAC	3	kluza	CCACA	17	0	0	17	0	0	kluza	29.0	100.0	0.0	0.0	luz	kluza	17	58.6	luz	kluza	2 3 4	rafsi	kluza	3.5.5	(loose ‘blouse’)	x1 (obj.) is loose/bloused/not tight on x2 (obj.) at locus x3.
ko'i	CAA	3	kobli	CACCA	0	0	3	3	0	0	kobli	3.0	0.0	0.0	100.0	ko'i	kobli	3	100.0	ko'i	kobli	1 2 5	rafsi/cmavo	kobli	9.1.4	(cabbage ‘cole-’)	x1 is a quantity of cabbage/lettuce/leafy vegetable of species/strain x2.
ko'a	CAA	3	kojna	CACCA	6	0	16	22	0	0	kojna	30.0	27.3	0.0	72.7	ko'a	kojna	22	73.3	ko'a	kojna	1 2 5	rafsi/cmavo	kojna	3.5.1	(corner)	x1 is a corner/point/at-least-3-dimensional [solid] angle [shape/form] in/on x2, of material x3.
koj	CAC	3	kojna	CACCA	8	0	0	8	0	0	kojna	30.0	27.3	0.0	72.7	koj	kojna	8	26.7	koj	kojna	1 2 3	rafsi	kojna	3.5.1	(corner)	x1 is a corner/point/at-least-3-dimensional [solid] angle [shape/form] in/on x2, of material x3.
ko'e	CAA	3	kolme	CACCA	0	0	1	1	0	0	kolme	2.0	0.0	100.0	0.0	ko'e	kolme	1	50.0	ko'e	kolme	1 2 5	rafsi/cmavo	kolme	8.2.3	(coal)	x1 is a quantity of/contains/is made of coal/peat/anthracite/bitumen from source x2.
kol	CAC	3	kolme	CACCA	0	1	0	1	0	0	kolme	2.0	0.0	100.0	0.0	kol	kolme	1	50.0	kol	kolme	1 2 3	rafsi	kolme	8.2.3	(coal)	x1 is a quantity of/contains/is made of coal/peat/anthracite/bitumen from source x2.
kom	CAC	3	komcu	CACCA	16	0	0	16	0	0	komcu	30.0	100.0	0.0	0.0	kom	komcu	16	53.3	kom	komcu	1 2 3	rafsi	komcu	13.3.1	(comb)	x1 is a comb [many-needled shape] of material x2 with tines/needles x3.
komcu	CACCA	5	komcu	CACCA	0	0	4	4	10	0	komcu	30.0	100.0	0.0	0.0	komcu	komcu	14	46.7	komcu	komcu		?	komcu	13.3.1	(comb)	x1 is a comb [many-needled shape] of material x2 with tines/needles x3.
ko'u	CAA	3	konju	CACCA	0	0	2	2	0	0	konju	19.0	100.0	0.0	0.0	ko'u	konju	2	10.5	ko'u	konju	1 2 5	rafsi/cmavo	konju	3.5.4	(cone)	x1 is a cone [shape/form] of material x2 with vertex x3.
kon	CAC	3	konju	CACCA	17	0	0	17	0	0	konju	19.0	100.0	0.0	0.0	kon	konju	17	89.5	kon	konju	1 2 3	rafsi	konju	3.5.4	(cone)	x1 is a cone [shape/form] of material x2 with vertex x3.
koi	CAA	3	korbi	CACCA	6	1	89	96	0	123	korbi	223.0	6.3	1.0	92.7	koi	korbi	219	98.2	koi	korbi	1 2 5	rafsi/cmavo	korbi	1.4	(edge ‘border, curb’)	x1 is an edge/margin/border/curb/boundary of x2 next-to/bordering-on x3.
kor	CAC	3	korbi	CACCA	4	0	0	4	0	0	korbi	223.0	6.3	1.0	92.7	kor	korbi	4	1.8	kor	korbi	1 2 3	rafsi	korbi	1.4	(edge ‘border, curb’)	x1 is an edge/margin/border/curb/boundary of x2 next-to/bordering-on x3.
kro	CCA	3	korcu	CACCA	24	0	19	43	0	0	korcu	43.0	55.8	0.0	44.2	kro	korcu	43	100.0	kro	korcu	1 3 2	rafsi	korcu	3.5.5	(bent ‘crooked, corkscrew’)	(adjective:) x1 is bent/crooked/not straight or direct/[twisted]/folded.
kok	CAC	3	korka	CACCA	5	0	0	5	0	0	korka	6.0	100.0	0.0	0.0	kok	korka	5	83.3	kok	korka	14 2 14	rafsi	korka	13.2.1	(cork)	x1 is a quantity of/contains/is made of cork/bark from tree/species x2; [material].
korka	CACCA	5	korka	CACCA	0	0	1	1	0	0	korka	6.0	100.0	0.0	0.0	korka	korka	1	16.7	korka	korka		?	korka	13.2.1	(cork)	x1 is a quantity of/contains/is made of cork/bark from tree/species x2; [material].
kos	CAC	3	kosta	CACCA	14	0	0	14	0	0	kosta	43.0	100.0	0.0	0.0	kos	kosta	14	32.6	kos	kosta	1 2 3	rafsi	kosta	13.7	(coat)	x1 is a coat/jacket/sweater/cloak/[cape/shawl/pullover] [extra outer garment] of material x2.
kosta	CACCA	5	kosta	CACCA	0	0	11	11	18	0	kosta	43.0	100.0	0.0	0.0	kosta	kosta	29	67.4	kosta	kosta		?	kosta	13.7	(coat)	x1 is a coat/jacket/sweater/cloak/[cape/shawl/pullover] [extra outer garment] of material x2.
kramu	CCACA	5	kramu	CCACA	0	0	3	3	3	0	kramu	6.0	0.0	0.0	100.0	kramu	kramu	6	100.0	kramu	kramu		?	kramu	7.4.2	(acre)	x1 is x2 local area unit(s) [non-metric] (default 1) by standard x3, x4 subunits.
kra	CCA	3	krasi	CCACA	13	24	35	72	0	0	krasi	468.0	18.1	33.3	48.6	kra	krasi	72	15.4	kra	krasi	1 2 3	rafsi	krasi	5.1	(source ‘origin’)	x1 (site/event) is a source/start/beginning/origin of x2 (object/event/process).
krasi	CCACA	5	krasi	CCACA	0	0	0	0	262	0	krasi	468.0	18.1	33.3	48.6	krasi	krasi	262	56.0	krasi	krasi		?	krasi	5.1	(source ‘origin’)	x1 (site/event) is a source/start/beginning/origin of x2 (object/event/process).
ra'i	CAA	3	krasi	CCACA				0	0	134	krasi	468.0	18.1	33.3	48.6	ra'i	krasi	134	28.6	ra'i	krasi	2 3 5	cmavo	krasi	5.1	(source ‘origin’)	x1 (site/event) is a source/start/beginning/origin of x2 (object/event/process).
ka'i	CAA	3	krati	CCACA	15	3	11	29	0	54	krati	83.0	51.7	10.3	37.9	ka'i	krati	83	100.0	ka'i	krati	1 3 5	rafsi/cmavo	krati	1.2	(represent ‘proxy’)	x1 represents/is an agent/proxy/stands-in for [absent] x2 in matter(s)/function(s) x3.
krat	CCAC	4	krati	CCACA	0	0	0	0	0	0	krati	83.0	51.7	10.3	37.9	krat	krati	0	0.0	krat	krati		?	krati	1.2	(represent ‘proxy’)	x1 represents/is an agent/proxy/stands-in for [absent] x2 in matter(s)/function(s) x3.
ke'o	CAA	3	krefu	CCACA				0	0	43	krefu	890.0	3.9	20.8	75.3	ke'o	krefu	43	4.8	ke'o	krefu	1 3 	cmavo	krefu	5	(recur)	x1 (event) is the x3'rd recurrence/repetition of x2 (abstract); x2 happens again in [form] x1.
ke'u	CAA	3	krefu	CCACA	3	16	58	77	0	114	krefu	890.0	3.9	20.8	75.3	ke'u	krefu	191	21.5	ke'u	krefu	1 3 5	rafsi/cmavo	krefu	5	(recur)	x1 (event) is the x3'rd recurrence/repetition of x2 (abstract); x2 happens again in [form] x1.
kef	CAC	3	krefu	CCACA	4	6	0	10	0	0	krefu	890.0	3.9	20.8	75.3	kef	krefu	10	1.1	kef	krefu	1 3 4	?	krefu	5	(recur)	x1 (event) is the x3'rd recurrence/repetition of x2 (abstract); x2 happens again in [form] x1.
kref	CCAC	4	krefu	CCACA	0	0	0	0	0	0	krefu	890.0	3.9	20.8	75.3	kref	krefu	0	0.0	kref	krefu		?	krefu	5	(recur)	x1 (event) is the x3'rd recurrence/repetition of x2 (abstract); x2 happens again in [form] x1.
krefu	CCACA	5	krefu	CCACA	0	0	0	0	583	0	krefu	890.0	3.9	20.8	75.3	krefu	krefu	583	65.5	krefu	krefu		?	krefu	5	(recur)	x1 (event) is the x3'rd recurrence/repetition of x2 (abstract); x2 happens again in [form] x1.
ref	CAC	3	krefu	CCACA	50	13	0	63	0	0	krefu	890.0	3.9	20.8	75.3	ref	krefu	63	7.1	ref	krefu	2 3 4	rafsi	krefu	5	(recur)	x1 (event) is the x3'rd recurrence/repetition of x2 (abstract); x2 happens again in [form] x1.
kri	CCA	3	krici	CCACA	61	0	46	107	0	0	krici	926.0	57.0	0.0	43.0	kri	krici	107	11.6	kri	krici	1 2 35	rafsi	krici	2.5	(believe ‘creed’)	x1 believes [regardless of evidence/proof] belief/creed x2 (du'u) is true/assumed about subject x3.
kric	CCAC	4	krici	CCACA	0	0	0	0	0	0	krici	926.0	57.0	0.0	43.0	kric	krici	0	0.0	kric	krici		?	krici	2.5	(believe ‘creed’)	x1 believes [regardless of evidence/proof] belief/creed x2 (du'u) is true/assumed about subject x3.
krici	CCACA	5	krici	CCACA	0	0	0	0	819	0	krici	926.0	57.0	0.0	43.0	krici	krici	819	88.4	krici	krici		?	krici	2.5	(believe ‘creed’)	x1 believes [regardless of evidence/proof] belief/creed x2 (du'u) is true/assumed about subject x3.
krili	CCACA	5	krili	CCACA	0	0	2	2	9	0	krili	11.0	0.0	0.0	100.0	krili	krili	11	100.0	krili	krili		?	krili	8.2.3	(crystal)	x1 is a quantity of/contains/is made of crystal of composition x2 in form/arrangement x3.
ki'u	CAA	3	krinu	CCACA	0	0	23	23	0	959	krinu	1004.0	0.0	0.0	100.0	ki'u	krinu	982	97.8	ki'u	krinu	1 3 5	rafsi/cmavo	krinu	5.1	(reason)	x1 (event/state) is a reason/justification/explanation for/causing/permitting x2 (event/state).
rin	CAC	3	krinu	CCACA	19	3	0	22	0	0	krinu	1004.0	0.0	0.0	100.0	rin	krinu	22	2.2	rin	krinu	2 3 4	rafsi	krinu	5.1	(reason)	x1 (event/state) is a reason/justification/explanation for/causing/permitting x2 (event/state).
ki'a	CAA	3	krixa	CCACA	6	0	19	25	0	0	krixa	226.0	24.0	0.0	76.0	ki'a	krixa	25	11.1	ki'a	krixa	1 3 5	rafsi/cmavo	krixa	9.3.4	(cry out)	x1 cries out/yells/howls sound x2; x1 is a crier.
kix	CAC	3	krixa	CCACA	23	0	0	23	0	0	krixa	226.0	24.0	0.0	76.0	kix	krixa	23	10.2	kix	krixa	1 3 4	rafsi	krixa	9.3.4	(cry out)	x1 cries out/yells/howls sound x2; x1 is a crier.
krixa	CCACA	5	krixa	CCACA	0	0	2	2	176	0	krixa	226.0	24.0	0.0	76.0	krixa	krixa	178	78.8	krixa	krixa		?	krixa	9.3.4	(cry out)	x1 cries out/yells/howls sound x2; x1 is a crier.
kruca	CCACA	5	kruca	CCACA	0	2	22	24	41	0	kruca	87.0	0.0	8.3	91.7	kruca	kruca	65	74.7	kruca	kruca		?	kruca	3.1	(intersect ‘cross’)	x1 intersects/crosses/traverses x2 at locus x3.
kuc	CAC	3	kruca	CCACA	22	0	0	22	0	0	kruca	87.0	0.0	8.3	91.7	kuc	kruca	22	25.3	kuc	kruca	1 3 4	rafsi	kruca	3.1	(intersect ‘cross’)	x1 intersects/crosses/traverses x2 at locus x3.
kruji	CCACA	5	kruji	CCACA	0	0	8	8	12	0	kruji	20.0	0.0	0.0	100.0	kruji	kruji	20	100.0	kruji	kruji		?	kruji	13.2.3	(cream)	x1 is made of/contains/is a quantity of cream/emulsion/puree [consistency] of composition x2.
kru	CCA	3	kruvi	CCACA	6	0	28	34	0	0	kruvi	63.0	17.6	0.0	82.4	kru	kruvi	34	54.0	kru	kruvi	1 2 3	rafsi	kruvi	3.5.2	(curve)	x1 is a curve/turn/bend in x2, at locus x3, and defined by set of points/properties x4.
kruvi	CCACA	5	kruvi	CCACA	0	0	0	0	29	0	kruvi	63.0	17.6	0.0	82.4	kruvi	kruvi	29	46.0	kruvi	kruvi		?	kruvi	3.5.2	(curve)	x1 is a curve/turn/bend in x2, at locus x3, and defined by set of points/properties x4.
ruv	CAC	3	kruvi	CCACA	0	0	0	0	0	0	kruvi	63.0	17.6	0.0	82.4	ruv	kruvi	0	0.0	ruv	kruvi	2 3 4	rafsi	kruvi	3.5.2	(curve)	x1 is a curve/turn/bend in x2, at locus x3, and defined by set of points/properties x4.
kub	CAC	3	kubli	CACCA	15	0	0	15	0	0	kubli	76.0	100.0	0.0	0.0	kub	kubli	15	19.7	kub	kubli	1 2 3	rafsi	kubli	3.5.4	(cube)	x1 is a cube/regular polyhedron/polygon of dimensions x2 (def. 3), surfaces/sides x3 (def. 6).
kubli	CACCA	5	kubli	CACCA	0	0	11	11	50	0	kubli	76.0	100.0	0.0	0.0	kubli	kubli	61	80.3	kubli	kubli		?	kubli	3.5.4	(cube)	x1 is a cube/regular polyhedron/polygon of dimensions x2 (def. 3), surfaces/sides x3 (def. 6).
kucli	CACCA	5	kucli	CACCA	0	0	1	1	143	0	kucli	144.0	0.0	0.0	100.0	kucli	kucli	144	100.0	kucli	kucli		?	kucli	10.1	(curious)	x1 is curious/wonders about/is interested in/[inquisitive about] x2 (object/abstract).
kuf	CAC	3	kufra	CACCA	18	2	0	20	0	0	kufra	127.0	90.0	10.0	0.0	kuf	kufra	20	15.7	kuf	kufra	1 2 3	rafsi	kufra	10.1	(comfort)	x1 feels comfort/is comfortable with conditions/environmental property(ies) x2.
kufr	CACC	4	kufra	CACCA	0	0	0	0	0	0	kufra	127.0	90.0	10.0	0.0	kufr	kufra	0	0.0	kufr	kufra		?	kufra	10.1	(comfort)	x1 feels comfort/is comfortable with conditions/environmental property(ies) x2.
kufra	CACCA	5	kufra	CACCA	2	0	16	18	89	0	kufra	127.0	90.0	10.0	0.0	kufra	kufra	107	84.3	kufra	kufra		?	kufra	10.1	(comfort)	x1 feels comfort/is comfortable with conditions/environmental property(ies) x2.
kuk	CAC	3	kukte	CACCA	19	1	0	20	0	0	kukte	75.0	95.0	5.0	0.0	kuk	kukte	20	26.7	kuk	kukte	13 2 13	rafsi	kukte	9.4	(delicious ‘cooked, tasty’)	x1 is delicious/tasty/delightful to observer/sense x2 [person, or sensory activity].
kukte	CACCA	5	kukte	CACCA	4	0	1	5	50	0	kukte	75.0	95.0	5.0	0.0	kukte	kukte	55	73.3	kukte	kukte		?	kukte	9.4	(delicious ‘cooked, tasty’)	x1 is delicious/tasty/delightful to observer/sense x2 [person, or sensory activity].
ka'u	CAA	3	kulnu	CACCA				0	0	129	kulnu	708.0	24.9	6.4	68.7	ka'u	kulnu	129	18.2	ka'u	kulnu	1  25	cmavo	kulnu	12.1	(culture)	x1 [mass of ideas, customs, skills, arts] is culture of nation/ethnos x2 (mass); x1 is ethnic.
klu	CCA	3	kulnu	CACCA	62	16	171	249	0	0	kulnu	708.0	24.9	6.4	68.7	klu	kulnu	249	35.2	klu	kulnu	1 3 25	rafsi	kulnu	12.1	(culture)	x1 [mass of ideas, customs, skills, arts] is culture of nation/ethnos x2 (mass); x1 is ethnic.
ku'u	CAA	3	kulnu	CACCA				0	0	95	kulnu	708.0	24.9	6.4	68.7	ku'u	kulnu	95	13.4	ku'u	kulnu	1 25 25	cmavo	kulnu	12.1	(culture)	x1 [mass of ideas, customs, skills, arts] is culture of nation/ethnos x2 (mass); x1 is ethnic.
kulnu	CACCA	5	kulnu	CACCA	0	0	7	7	228	0	kulnu	708.0	24.9	6.4	68.7	kulnu	kulnu	235	33.2	kulnu	kulnu		?	kulnu	12.1	(culture)	x1 [mass of ideas, customs, skills, arts] is culture of nation/ethnos x2 (mass); x1 is ethnic.
ku'a	CAA	3	kumfa	CACCA	0	0	204	204	0	0	kumfa	1222.0	0.0	0.0	100.0	ku'a	kumfa	204	16.7	ku'a	kumfa	1 2 5	rafsi/cmavo	kumfa	13.6	(room)	x1 is a room of/in structure x2 surrounded by partitions/walls/ceiling/floor x3 (mass/jo'u).
kum	CAC	3	kumfa	CACCA	2	0	0	2	0	0	kumfa	1222.0	0.0	0.0	100.0	kum	kumfa	2	0.2	kum	kumfa	1 2 3	rafsi	kumfa	13.6	(room)	x1 is a room of/in structure x2 surrounded by partitions/walls/ceiling/floor x3 (mass/jo'u).
kumfa	CACCA	5	kumfa	CACCA	0	0	0	0	1016	0	kumfa	1222.0	0.0	0.0	100.0	kumfa	kumfa	1016	83.1	kumfa	kumfa		?	kumfa	13.6	(room)	x1 is a room of/in structure x2 surrounded by partitions/walls/ceiling/floor x3 (mass/jo'u).
kumte	CACCA	5	kumte	CACCA	0	0	11	11	36	0	kumte	47.0	0.0	0.0	100.0	kumte	kumte	47	100.0	kumte	kumte		?	kumte	9.2.2	(camel)	x1 is a camel/llama/alpaca/vicuna/dromedary of species/breed x2.
kun	CAC	3	kunra	CACCA	19	0	0	19	0	0	kunra	32.0	100.0	0.0	0.0	kun	kunra	19	59.4	kun	kunra	1 2 3	rafsi	kunra	8.2.3	(mineral ‘mined’)	x1 is/contains/is made from a mineral/ore of type/metal x2 mined from location/lode/mine x3.
kunra	CACCA	5	kunra	CACCA	0	0	3	3	10	0	kunra	32.0	100.0	0.0	0.0	kunra	kunra	13	40.6	kunra	kunra		?	kunra	8.2.3	(mineral ‘mined’)	x1 is/contains/is made from a mineral/ore of type/metal x2 mined from location/lode/mine x3.
kunti	CACCA	5	kunti	CACCA	2	0	7	9	100	0	kunti	125.0	100.0	0.0	0.0	kunti	kunti	109	87.2	kunti	kunti		?	kunti	3.5.5	(empty ‘vacant’)	x1 [container] is empty/vacant of x2 [material]; x1 is hollow.
kut	CAC	3	kunti	CACCA	16	0	0	16	0	0	kunti	125.0	100.0	0.0	0.0	kut	kunti	16	12.8	kut	kunti	1 2 4	rafsi	kunti	3.5.5	(empty ‘vacant’)	x1 [container] is empty/vacant of x2 [material]; x1 is hollow.
kur	CAC	3	kurfa	CACCA	11	0	0	11	0	0	kurfa	44.0	100.0	0.0	0.0	kur	kurfa	11	25.0	kur	kurfa	1 2 3	rafsi	kurfa	3.5.3	(square)	x1 is a right-angled shape/form defined by set of vertices x2, dimensions x3 (default 2).
kurfa	CACCA	5	kurfa	CACCA	0	0	10	10	23	0	kurfa	44.0	100.0	0.0	0.0	kurfa	kurfa	33	75.0	kurfa	kurfa		?	kurfa	3.5.3	(square)	x1 is a right-angled shape/form defined by set of vertices x2, dimensions x3 (default 2).
ku'i	CAA	3	kurji	CACCA	0	4	74	78	0	0	kurji	311.0	0.0	5.1	94.9	ku'i	kurji	78	25.1	ku'i	kurji	1 2 5	rafsi/cmavo	kurji	10.2	(take care of ‘care’)	x1 takes-care-of/looks after/attends to/provides for/is caretaker for x2 (object/event/person).
kuj	CAC	3	kurji	CACCA	9	6	0	15	0	0	kurji	311.0	0.0	5.1	94.9	kuj	kurji	15	4.8	kuj	kurji	1 2 4	rafsi	kurji	10.2	(take care of ‘care’)	x1 takes-care-of/looks after/attends to/provides for/is caretaker for x2 (object/event/person).
kurj	CACC	4	kurji	CACCA	0	0	0	0	0	0	kurji	311.0	0.0	5.1	94.9	kurj	kurji	0	0.0	kurj	kurji		?	kurji	10.2	(take care of ‘care’)	x1 takes-care-of/looks after/attends to/provides for/is caretaker for x2 (object/event/person).
kurji	CACCA	5	kurji	CACCA	0	0	0	0	218	0	kurji	311.0	0.0	5.1	94.9	kurji	kurji	218	70.1	kurji	kurji		?	kurji	10.2	(take care of ‘care’)	x1 takes-care-of/looks after/attends to/provides for/is caretaker for x2 (object/event/person).
kurk	CACC	4	kurki	CACCA	0	2	0	2	0	0	kurki	23.0	0.0	100.0	0.0	kurk	kurki	2	8.7	kurk	kurki		?	kurki	9.4.4	(bitter ‘acrid’)	x1 is bitter/acrid/sharply disagreeable to observer/sense x2.
kurki	CACCA	5	kurki	CACCA	0	0	1	1	20	0	kurki	23.0	0.0	100.0	0.0	kurki	kurki	21	91.3	kurki	kurki		?	kurki	9.4.4	(bitter ‘acrid’)	x1 is bitter/acrid/sharply disagreeable to observer/sense x2.
ku'e	CAA	3	kuspe	CACCA	39	0	32	71	0	0	kuspe	130.0	54.9	0.0	45.1	ku'e	kuspe	71	54.6	ku'e	kuspe	1 2 5	rafsi/cmavo	kuspe	3.3	(range ‘span’)	x1 ranges/extends/spans/persists/reaches across/over interval/gap/area/scope/extent/range x2.
kup	CAC	3	kuspe	CACCA	15	0	0	15	0	0	kuspe	130.0	54.9	0.0	45.1	kup	kuspe	15	11.5	kup	kuspe	1 2 4	rafsi	kuspe	3.3	(range ‘span’)	x1 ranges/extends/spans/persists/reaches across/over interval/gap/area/scope/extent/range x2.
kusp	CACC	4	kuspe	CACCA	0	0	0	0	0	0	kuspe	130.0	54.9	0.0	45.1	kusp	kuspe	0	0.0	kusp	kuspe		?	kuspe	3.3	(range ‘span’)	x1 ranges/extends/spans/persists/reaches across/over interval/gap/area/scope/extent/range x2.
kuspe	CACCA	5	kuspe	CACCA	0	0	0	0	44	0	kuspe	130.0	54.9	0.0	45.1	kuspe	kuspe	44	33.8	kuspe	kuspe		?	kuspe	3.3	(range ‘span’)	x1 ranges/extends/spans/persists/reaches across/over interval/gap/area/scope/extent/range x2.
kus	CAC	3	kusru	CACCA	4	0	0	4	0	0	kusru	82.0	100.0	0.0	0.0	kus	kusru	4	4.9	kus	kusru	1 25 3	rafsi	kusru	10.3	(cruel)	x1 (person) is cruel/mean/unkind to victim x2.
kusr	CACC	4	kusru	CACCA	0	0	0	0	0	0	kusru	82.0	100.0	0.0	0.0	kusr	kusru	0	0.0	kusr	kusru		?	kusru	10.3	(cruel)	x1 (person) is cruel/mean/unkind to victim x2.
kusru	CACCA	5	kusru	CACCA	0	0	4	4	74	0	kusru	82.0	100.0	0.0	0.0	kusru	kusru	78	95.1	kusru	kusru		?	kusru	10.3	(cruel)	x1 (person) is cruel/mean/unkind to victim x2.
labn	CACC	4	labno	CACCA	9	0	0	9	0	0	labno	30.0	100.0	0.0	0.0	labn	labno	9	30.0	labn	labno		?	labno	9.2.2	(wolf ‘lobo’)	x1 is a wolf/lupine of species/breed x2.
labno	CACCA	5	labno	CACCA	0	0	7	7	14	0	labno	30.0	100.0	0.0	0.0	labno	labno	21	70.0	labno	labno		?	labno	9.2.2	(wolf ‘lobo’)	x1 is a wolf/lupine of species/breed x2.
cpu	CCA	3	lacpu	CACCA	4	13	39	56	0	0	lacpu	112.0	7.1	23.2	69.6	cpu	lacpu	56	50.0	cpu	lacpu	3 4 5	rafsi	lacpu	6.2.1	(pull)	x1 pulls/tugs/draws/drags x2 by handle/at locus x3.
lacpu	CACCA	5	lacpu	CACCA	0	0	0	0	54	0	lacpu	112.0	7.1	23.2	69.6	lacpu	lacpu	54	48.2	lacpu	lacpu		?	lacpu	6.2.1	(pull)	x1 pulls/tugs/draws/drags x2 by handle/at locus x3.
lap	CAC	3	lacpu	CACCA	0	2	0	2	0	0	lacpu	112.0	7.1	23.2	69.6	lap	lacpu	2	1.8	lap	lacpu	1 2 4	rafsi	lacpu	6.2.1	(pull)	x1 pulls/tugs/draws/drags x2 by handle/at locus x3.
lac	CAC	3	lacri	CACCA	30	0	0	30	0	0	lacri	104.0	100.0	0.0	0.0	lac	lacri	30	28.8	lac	lacri	1 2 3	rafsi	lacri	5.3	(rely)	x1 relies/depends/counts on/trusts x2 to bring about/ensure/maintain x3 (event/state).
lacri	CACCA	5	lacri	CACCA	0	0	27	27	47	0	lacri	104.0	100.0	0.0	0.0	lacri	lacri	74	71.2	lacri	lacri		?	lacri	5.3	(rely)	x1 relies/depends/counts on/trusts x2 to bring about/ensure/maintain x3 (event/state).
lad	CAC	3	ladru	CACCA	17	6	0	23	0	0	ladru	85.0	73.9	26.1	0.0	lad	ladru	23	27.1	lad	ladru	1 2 3	rafsi	ladru	13.2.3	(milk ‘lactic’)	x1 is made of/contains/is a quantity of milk from source x2; (adjective:) x1 is lactic/dairy.
ladru	CACCA	5	ladru	CACCA	0	0	11	11	51	0	ladru	85.0	73.9	26.1	0.0	ladru	ladru	62	72.9	ladru	ladru		?	ladru	13.2.3	(milk ‘lactic’)	x1 is made of/contains/is a quantity of milk from source x2; (adjective:) x1 is lactic/dairy.
laf	CAC	3	lafti	CACCA	25	0	0	25	0	0	lafti	121.0	100.0	0.0	0.0	laf	lafti	25	20.7	laf	lafti	1 2 3	rafsi	lafti	6.2.1	(lift)	x1 (force) lifts/applies raising/supporting force to x2 at locus x3 in gravity well x4.
laft	CACC	4	lafti	CACCA	0	0	0	0	0	0	lafti	121.0	100.0	0.0	0.0	laft	lafti	0	0.0	laft	lafti		?	lafti	6.2.1	(lift)	x1 (force) lifts/applies raising/supporting force to x2 at locus x3 in gravity well x4.
lafti	CACCA	5	lafti	CACCA	0	0	4	4	92	0	lafti	121.0	100.0	0.0	0.0	lafti	lafti	96	79.3	lafti	lafti		?	lafti	6.2.1	(lift)	x1 (force) lifts/applies raising/supporting force to x2 at locus x3 in gravity well x4.
la'a	CAA	3	lakne	CACCA				0	0	231	lakne	257.0	76.9	7.7	15.4	la'a	lakne	231	89.9	la'a	lakne	1 2 2	cmavo	lakne	5	(probable ‘likely’)	x1 (event/state/property) is probable/likely under conditions x2.
la'e	CAA	3	lakne	CACCA	20	2	4	26	0	0	lakne	257.0	76.9	7.7	15.4	la'e	lakne	26	10.1	la'e	lakne	1 2 5	rafsi/cmavo	lakne	5	(probable ‘likely’)	x1 (event/state/property) is probable/likely under conditions x2.
lak	CAC	3	lakse	CACCA	17	0	0	17	0	0	lakse	37.0	100.0	0.0	0.0	lak	lakse	17	45.9	lak	lakse	1 2 3	rafsi	lakse	7.5.1	(wax)	x1 is quantity of wax [substance especially soft/moldable when warm] from source x2.
lakse	CACCA	5	lakse	CACCA	0	0	1	1	19	0	lakse	37.0	100.0	0.0	0.0	lakse	lakse	20	54.1	lakse	lakse		?	lakse	7.5.1	(wax)	x1 is quantity of wax [substance especially soft/moldable when warm] from source x2.
la'u	CAA	3	lalxu	CACCA	0	0	20	20	0	0	lalxu	169.0	0.0	0.0	100.0	la'u	lalxu	20	11.8	la'u	lalxu	13 2 5	rafsi/cmavo	lalxu	8.2.1	(lake ‘lagoon’)	x1 is a lake/lagoon/pool at site/within land mass x2.
lalxu	CACCA	5	lalxu	CACCA	0	0	0	0	149	0	lalxu	169.0	0.0	0.0	100.0	lalxu	lalxu	149	88.2	lalxu	lalxu		?	lalxu	8.2.1	(lake ‘lagoon’)	x1 is a lake/lagoon/pool at site/within land mass x2.
la'i	CAA	3	lamji	CACCA	0	1	141	142	0	0	lamji	746.0	12.4	86.5	1.1	la'i	lamji	142	19.0	la'i	lamji	1 2 5	rafsi/cmavo	lamji	3.1	(adjacent)	x1 is adjacent/beside/next to/in contact with x2 in property/sequence x3 in direction x4.
lam	CAC	3	lamji	CACCA	55	385	5	445	0	0	lamji	746.0	12.4	86.5	1.1	lam	lamji	445	59.7	lam	lamji	1 2 3	rafsi	lamji	3.1	(adjacent)	x1 is adjacent/beside/next to/in contact with x2 in property/sequence x3 in direction x4.
lamj	CACC	4	lamji	CACCA	0	0	0	0	0	0	lamji	746.0	12.4	86.5	1.1	lamj	lamji	0	0.0	lamj	lamji		?	lamji	3.1	(adjacent)	x1 is adjacent/beside/next to/in contact with x2 in property/sequence x3 in direction x4.
lamji	CACCA	5	lamji	CACCA	0	0	0	0	159	0	lamji	746.0	12.4	86.5	1.1	lamji	lamji	159	21.3	lamji	lamji		?	lamji	3.1	(adjacent)	x1 is adjacent/beside/next to/in contact with x2 in property/sequence x3 in direction x4.
lanbi	CACCA	5	lanbi	CACCA	0	0	1	1	7	0	lanbi	8.0	0.0	0.0	100.0	lanbi	lanbi	8	100.0	lanbi	lanbi		?	lanbi	9	(protein ‘albumin’)	x1 is a quantity of protein/albumin of type x2 composed of amino acids (sequence/jo'u) x3 .
lanc	CACC	4	lanci	CACCA	0	2	0	2	0	0	lanci	122.0	0.0	0.0	100.0	lanc	lanci	2	1.6	lanc	lanci		?	lanci	13.3.1	(flag ‘banner’)	x1 is a flag/banner/standard of/symbolizing x2 with pattern(s) x3 on material x4.
lanci	CACCA	5	lanci	CACCA	0	0	10	10	110	0	lanci	122.0	0.0	0.0	100.0	lanci	lanci	120	98.4	lanci	lanci		?	lanci	13.3.1	(flag ‘banner’)	x1 is a flag/banner/standard of/symbolizing x2 with pattern(s) x3 on material x4.
lanka	CACCA	5	lanka	CACCA	0	0	2	2	34	0	lanka	36.0	0.0	0.0	100.0	lanka	lanka	36	100.0	lanka	lanka		?	lanka	13.3.2	(basket)	x1 is a basket with contents x2, woven from material x3.
lal	CAC	3	lanli	CACCA	4	26	0	30	0	0	lanli	122.0	0.0	0.0	100.0	lal	lanli	30	24.6	lal	lanli	14 2 14	rafsi	lanli	2.5	(analyze)	x1 analyzes/examines-in-detail x2 by method/technique/system x3 [process/activity].
lanl	CACC	4	lanli	CACCA	0	0	0	0	0	0	lanli	122.0	0.0	0.0	100.0	lanl	lanli	0	0.0	lanl	lanli		?	lanli	2.5	(analyze)	x1 analyzes/examines-in-detail x2 by method/technique/system x3 [process/activity].
lanli	CACCA	5	lanli	CACCA	0	0	36	36	56	0	lanli	122.0	0.0	0.0	100.0	lanli	lanli	92	75.4	lanli	lanli		?	lanli	2.5	(analyze)	x1 analyzes/examines-in-detail x2 by method/technique/system x3 [process/activity].
lan	CAC	3	lanme	CACCA	24	0	0	24	0	0	lanme	58.0	100.0	0.0	0.0	lan	lanme	24	41.4	lan	lanme	1 2 3	rafsi	lanme	9.2.2	(sheep ‘lanolin, lamb’)	x1 is a sheep/[lamb/ewe/ram] of species/breed x2 of flock x3.
lanme	CACCA	5	lanme	CACCA	0	0	4	4	30	0	lanme	58.0	100.0	0.0	0.0	lanme	lanme	34	58.6	lanme	lanme		?	lanme	9.2.2	(sheep ‘lanolin, lamb’)	x1 is a sheep/[lamb/ewe/ram] of species/breed x2 of flock x3.
lante	CACCA	5	lante	CACCA	0	0	6	6	32	0	lante	38.0	0.0	0.0	100.0	lante	lante	38	100.0	lante	lante		?	lante	13.3.2	(can)	x1 is a can/tightly sealed/pre-sealed container for perishable contents x2, made of x3.
lanxe	CACCA	5	lanxe	CACCA	0	0	9	9	25	0	lanxe	35.0	0.0	0.0	100.0	lanxe	lanxe	34	97.1	lanxe	lanxe		?	lanxe	6.1.3	(balance)	x1 is in balance/equilibrium under forces x2 (mass).
lax	CAC	3	lanxe	CACCA	1	0	0	1	0	0	lanxe	35.0	0.0	0.0	100.0	lax	lanxe	1	2.9	lax	lanxe	1 2 4	rafsi	lanxe	6.1.3	(balance)	x1 is in balance/equilibrium under forces x2 (mass).
lanzu	CACCA	5	lanzu	CACCA	0	0	42	42	241	0	lanzu	335.0	90.4	9.6	0.0	lanzu	lanzu	283	84.5	lanzu	lanzu		?	lanzu	11.1	(family ‘clan’)	x1 (mass) is a family with members including x2 bonded/tied/joined according to standard x3.
laz	CAC	3	lanzu	CACCA	47	5	0	52	0	0	lanzu	335.0	90.4	9.6	0.0	laz	lanzu	52	15.5	laz	lanzu	1 2 4	rafsi	lanzu	11.1	(family ‘clan’)	x1 (mass) is a family with members including x2 bonded/tied/joined according to standard x3.
lar	CAC	3	larcu	CACCA	94	9	0	103	0	0	larcu	212.0	91.3	8.7	0.0	lar	larcu	103	48.6	lar	larcu	1 2 3	rafsi	larcu	12.6	(art)	x1 (process) is an art [creative application] of craft/skill x2 (idea/activity).
larc	CACC	4	larcu	CACCA	0	0	0	0	0	0	larcu	212.0	91.3	8.7	0.0	larc	larcu	0	0.0	larc	larcu		?	larcu	12.6	(art)	x1 (process) is an art [creative application] of craft/skill x2 (idea/activity).
larcu	CACCA	5	larcu	CACCA	2	0	25	27	82	0	larcu	212.0	91.3	8.7	0.0	larcu	larcu	109	51.4	larcu	larcu		?	larcu	12.6	(art)	x1 (process) is an art [creative application] of craft/skill x2 (idea/activity).
la'a	CAA	3	lasna	CACCA	17	0	56	73	0	0	lasna	155.0	23.3	0.0	76.7	la'a	lasna	73	47.1	la'a	lasna	1 25 25	rafsi/cmavo	lasna	13.1	(fasten ‘lash’)	x1 (agent) fastens/connects/attaches/binds/lashes x2 to x3 with fastener x4.
lasn	CACC	4	lasna	CACCA	0	0	0	0	0	0	lasna	155.0	23.3	0.0	76.7	lasn	lasna	0	0.0	lasn	lasna		?	lasna	13.1	(fasten ‘lash’)	x1 (agent) fastens/connects/attaches/binds/lashes x2 to x3 with fastener x4.
lasna	CACCA	5	lasna	CACCA	0	0	1	1	81	0	lasna	155.0	23.3	0.0	76.7	lasna	lasna	82	52.9	lasna	lasna		?	lasna	13.1	(fasten ‘lash’)	x1 (agent) fastens/connects/attaches/binds/lashes x2 to x3 with fastener x4.
lastu	CACCA	5	lastu	CACCA	0	0	1	1	12	0	lastu	13.0	0.0	0.0	100.0	lastu	lastu	13	100.0	lastu	lastu		?	lastu	13.2.1	(brass)	x1 is a quantity of/contains/is made of brass [copper/zinc alloy] of composition including x2.
la'o	CAA	3	latmo	CACCA	21	0	10	31	0	0	latmo	31.0	67.7	0.0	32.3	la'o	latmo	31	100.0	la'o	latmo	1 2 5	rafsi/cmavo	latmo	12.3	(Latin)	
latna	CACCA	5	latna	CACCA	0	0	3	3	20	0	latna	23.0	0.0	0.0	100.0	latna	latna	23	100.0	latna	latna		?	latna	9.1.2	(lotus)	x1 is a lotus, plant/flower/herb of species/strain x2 symbolizing x3 to culture/religion x4.
lazni	CACCA	5	lazni	CACCA	0	0	2	2	59	0	lazni	61.0	0.0	0.0	100.0	lazni	lazni	61	100.0	lazni	lazni		?	lazni	10.3	(lazy)	x1 (person) is lazy/avoiding work/effort concerning action x2.
le'a	CAA	3	lebna	CACCA	8	0	124	132	0	0	lebna	851.0	92.7	7.3	0.0	le'a	lebna	132	15.5	le'a	lebna	1 2 5	rafsi/cmavo	lebna	11.3.1	(take)	x1 takes/gets/gains/obtains/seizes/[removes] x2 (object/property) from x3 (possessor).
leb	CAC	3	lebna	CACCA	391	31	0	422	0	0	lebna	851.0	92.7	7.3	0.0	leb	lebna	422	49.6	leb	lebna	1 2 3	rafsi	lebna	11.3.1	(take)	x1 takes/gets/gains/obtains/seizes/[removes] x2 (object/property) from x3 (possessor).
lebn	CACC	4	lebna	CACCA	0	0	0	0	0	0	lebna	851.0	92.7	7.3	0.0	lebn	lebna	0	0.0	lebn	lebna		?	lebna	11.3.1	(take)	x1 takes/gets/gains/obtains/seizes/[removes] x2 (object/property) from x3 (possessor).
lebna	CACCA	5	lebna	CACCA	0	0	0	0	297	0	lebna	851.0	92.7	7.3	0.0	lebna	lebna	297	34.9	lebna	lebna		?	lebna	11.3.1	(take)	x1 takes/gets/gains/obtains/seizes/[removes] x2 (object/property) from x3 (possessor).
le'o	CAA	3	lenjo	CACCA	1	0	4	5	0	0	lenjo	13.0	100.0	0.0	0.0	le'o	lenjo	5	38.5	le'o	lenjo	1 2 5	rafsi/cmavo	lenjo	3.5.4	(lens)	x1 is a lens/glass [focussing shape/form] focussing x2 to focus/foci x3 by means/material x4.
len	CAC	3	lenjo	CACCA	8	0	0	8	0	0	lenjo	13.0	100.0	0.0	0.0	len	lenjo	8	61.5	len	lenjo	1 2 3	rafsi	lenjo	3.5.4	(lens)	x1 is a lens/glass [focussing shape/form] focussing x2 to focus/foci x3 by means/material x4.
lek	CAC	3	lenku	CACCA	47	0	0	47	0	0	lenku	276.0	100.0	0.0	0.0	lek	lenku	47	17.0	lek	lenku	1 2 4	rafsi	lenku	7.3	(cold ‘cool’)	x1 is cold/cool by standard x2.
lenku	CACCA	5	lenku	CACCA	2	0	24	26	203	0	lenku	276.0	100.0	0.0	0.0	lenku	lenku	229	83.0	lenku	lenku		?	lenku	7.3	(cold ‘cool’)	x1 is cold/cool by standard x2.
lec	CAC	3	lerci	CACCA	22	1	0	23	0	0	lerci	121.0	95.7	4.3	0.0	lec	lerci	23	19.0	lec	lerci	1 2 4	rafsi	lerci	4	(late)	x1 (event) is late by standard x2.
lerci	CACCA	5	lerci	CACCA	0	0	1	1	97	0	lerci	121.0	95.7	4.3	0.0	lerci	lerci	98	81.0	lerci	lerci		?	lerci	4	(late)	x1 (event) is late by standard x2.
le'u	CAA	3	lerfu	CACCA	1	0	40	41	0	0	lerfu	496.0	2.4	0.0	97.6	le'u	lerfu	41	8.3	le'u	lerfu	1 2 5	rafsi/cmavo	lerfu	2.1	(letteral)	x1 (la'e zo BY/word-bu) is a letter/digit/symbol in alphabet/character-set x2 representing x3.
ler	CAC	3	lerfu	CACCA	29	0	0	29	0	0	lerfu	496.0	2.4	0.0	97.6	ler	lerfu	29	5.8	ler	lerfu	1 2 3	rafsi	lerfu	2.1	(letteral)	x1 (la'e zo BY/word-bu) is a letter/digit/symbol in alphabet/character-set x2 representing x3.
lerf	CACC	4	lerfu	CACCA	0	0	0	0	0	0	lerfu	496.0	2.4	0.0	97.6	lerf	lerfu	0	0.0	lerf	lerfu		?	lerfu	2.1	(letteral)	x1 (la'e zo BY/word-bu) is a letter/digit/symbol in alphabet/character-set x2 representing x3.
lerfu	CACCA	5	lerfu	CACCA	1	0	0	1	425	0	lerfu	496.0	2.4	0.0	97.6	lerfu	lerfu	426	85.9	lerfu	lerfu		?	lerfu	2.1	(letteral)	x1 (la'e zo BY/word-bu) is a letter/digit/symbol in alphabet/character-set x2 representing x3.
libjo	CACCA	5	libjo	CACCA	0	0	1	1	0	0	libjo	1.0	0.0	0.0	100.0	libjo	libjo	1	100.0	libjo	libjo		?	libjo	12.4	(Libyan)	
li'e	CAA	3	lidne	CACCA	32	0	30	62	0	48	lidne	214.0	51.6	0.0	48.4	li'e	lidne	110	51.4	li'e	lidne	1 2 5	rafsi/cmavo	lidne	1.3	(precede ‘leader’)	x1 precedes/leads x2 in sequence x3; x1 is former/preceding/previous; x2 is latter/following.
lidn	CACC	4	lidne	CACCA	0	0	0	0	0	0	lidne	214.0	51.6	0.0	48.4	lidn	lidne	0	0.0	lidn	lidne		?	lidne	1.3	(precede ‘leader’)	x1 precedes/leads x2 in sequence x3; x1 is former/preceding/previous; x2 is latter/following.
lidne	CACCA	5	lidne	CACCA	0	0	0	0	104	0	lidne	214.0	51.6	0.0	48.4	lidne	lidne	104	48.6	lidne	lidne		?	lidne	1.3	(precede ‘leader’)	x1 precedes/leads x2 in sequence x3; x1 is former/preceding/previous; x2 is latter/following.
fri	CCA	3	lifri	CACCA	27	6	210	243	0	0	lifri	655.0	11.1	2.5	86.4	fri	lifri	243	37.1	fri	lifri	3 4 25	rafsi	lifri	5	(experience ‘life’)	x1 [person/passive/state] undergoes/experiences x2 (event/experience); x2 happens to x1.
lif	CAC	3	lifri	CACCA	0	0	0	0	0	0	lifri	655.0	11.1	2.5	86.4	lif	lifri	0	0.0	lif	lifri	1 25 3	rafsi	lifri	5	(experience ‘life’)	x1 [person/passive/state] undergoes/experiences x2 (event/experience); x2 happens to x1.
lifri	CACCA	5	lifri	CACCA	0	0	0	0	363	0	lifri	655.0	11.1	2.5	86.4	lifri	lifri	363	55.4	lifri	lifri		?	lifri	5	(experience ‘life’)	x1 [person/passive/state] undergoes/experiences x2 (event/experience); x2 happens to x1.
ri'i	CAA	3	lifri	CACCA				0	0	49	lifri	655.0	11.1	2.5	86.4	ri'i	lifri	49	7.5	ri'i	lifri	4 25 25	cmavo	lifri	5	(experience ‘life’)	x1 [person/passive/state] undergoes/experiences x2 (event/experience); x2 happens to x1.
jda	CCA	3	lijda	CACCA	283	28	68	379	0	0	lijda	550.0	74.7	7.4	17.9	jda	lijda	379	68.9	jda	lijda	3 4 5	rafsi	lijda	12.5	(religion)	x1 is a religion of believers including x2 sharing common beliefs/practices/tenets including x3.
lijda	CACCA	5	lijda	CACCA	0	0	4	4	167	0	lijda	550.0	74.7	7.4	17.9	lijda	lijda	171	31.1	lijda	lijda		?	lijda	12.5	(religion)	x1 is a religion of believers including x2 sharing common beliefs/practices/tenets including x3.
lim	CAC	3	limna	CACCA	7	1	0	8	0	0	limna	100.0	87.5	12.5	0.0	lim	limna	8	8.0	lim	limna	1 2 3	rafsi	limna	6.1.2	(swim)	x1 (agent) swims in fluid x2.
limna	CACCA	5	limna	CACCA	0	0	4	4	88	0	limna	100.0	87.5	12.5	0.0	limna	limna	92	92.0	limna	limna		?	limna	6.1.2	(swim)	x1 (agent) swims in fluid x2.
lid	CAC	3	lindi	CACCA	20	0	0	20	0	0	lindi	45.0	100.0	0.0	0.0	lid	lindi	20	44.4	lid	lindi	1 25 4	rafsi	lindi	7.5	(lightning)	x1 is lightning/electrical arc/thunderbolt striking at/extending to x2 from x3.
lindi	CACCA	5	lindi	CACCA	0	0	2	2	23	0	lindi	45.0	100.0	0.0	0.0	lindi	lindi	25	55.6	lindi	lindi		?	lindi	7.5	(lightning)	x1 is lightning/electrical arc/thunderbolt striking at/extending to x2 from x3.
li'i	CAA	3	linji	CACCA	0	2	46	48	0	0	linji	207.0	0.0	4.2	95.8	li'i	linji	48	23.2	li'i	linji	1 25 25	rafsi/cmavo	linji	3.5.2	(line)	x1 is a line/among lines [1-dimensional shape/form] defined by set of points x2.
lij	CAC	3	linji	CACCA	16	0	0	16	0	0	linji	207.0	0.0	4.2	95.8	lij	linji	16	7.7	lij	linji	1 25 4	rafsi	linji	3.5.2	(line)	x1 is a line/among lines [1-dimensional shape/form] defined by set of points x2.
linji	CACCA	5	linji	CACCA	0	0	0	0	143	0	linji	207.0	0.0	4.2	95.8	linji	linji	143	69.1	linji	linji		?	linji	3.5.2	(line)	x1 is a line/among lines [1-dimensional shape/form] defined by set of points x2.
lin	CAC	3	linsi	CACCA	21	28	0	49	0	0	linsi	81.0	42.9	57.1	0.0	lin	linsi	49	60.5	lin	linsi	1 25 3	rafsi	linsi	13.4	(chain ‘links’)	x1 is a length of chain/links of material x2 with link properties x3.
linsi	CACCA	5	linsi	CACCA	0	0	2	2	30	0	linsi	81.0	42.9	57.1	0.0	linsi	linsi	32	39.5	linsi	linsi		?	linsi	13.4	(chain ‘links’)	x1 is a length of chain/links of material x2 with link properties x3.
li'o	CAA	3	linto	CACCA	0	0	1	1	0	0	linto	1.0	0.0	0.0	100.0	li'o	linto	1	100.0	li'o	linto	1 2 5	rafsi/cmavo	linto	7.3	(lightweight)	x1 is light in mass/weight by standard x2.
lis	CAC	3	lisri	CACCA	90	0	0	90	0	0	lisri	826.0	0.0	0.0	100.0	lis	lisri	90	10.9	lis	lisri	1 25 3	rafsi	lisri	2.3	(story)	x1 is a story/tale/yarn/narrative about plot/subject/moral x2 by storyteller x3 to audience x4.
lisri	CACCA	5	lisri	CACCA	0	0	157	157	579	0	lisri	826.0	0.0	0.0	100.0	lisri	lisri	736	89.1	lisri	lisri		?	lisri	2.3	(story)	x1 is a story/tale/yarn/narrative about plot/subject/moral x2 by storyteller x3 to audience x4.
list	CACC	4	liste	CACCA	0	0	0	0	0	0	liste	1316.0	1.4	0.3	98.4	list	liste	0	0.0	list	liste		?	liste	1.3	(list)	x1 (physical object) is a list/catalog/register of sequence/set x2 in order x3 in medium x4.
liste	CACCA	5	liste	CACCA	0	0	0	0	220	0	liste	1316.0	1.4	0.3	98.4	liste	liste	220	16.7	liste	liste		?	liste	1.3	(list)	x1 (physical object) is a list/catalog/register of sequence/set x2 in order x3 in medium x4.
ste	CCA	3	liste	CACCA	15	3	1078	1096	0	0	liste	1316.0	1.4	0.3	98.4	ste	liste	1096	83.3	ste	liste	3 4 5	rafsi	liste	1.3	(list)	x1 (physical object) is a list/catalog/register of sequence/set x2 in order x3 in medium x4.
litce	CACCA	5	litce	CACCA	0	0	3	3	37	0	litce	40.0	0.0	0.0	100.0	litce	litce	40	100.0	litce	litce		?	litce	7.4.1	(liter)	x1 is x2 liter(s) [metric unit] in volume (default is 1) by standard x3.
lik	CAC	3	litki	CACCA	10	0	0	10	0	0	litki	78.0	100.0	0.0	0.0	lik	litki	10	12.8	lik	litki	1 25 4	rafsi	litki	7.5.1	(liquid)	x1 is liquid/fluid, of composition/material including x2, under conditions x3.
litki	CACCA	5	litki	CACCA	0	0	7	7	61	0	litki	78.0	100.0	0.0	0.0	litki	litki	68	87.2	litki	litki		?	litki	7.5.1	(liquid)	x1 is liquid/fluid, of composition/material including x2, under conditions x3.
li'u	CAA	3	litru	CACCA	19	1	56	76	0	0	litru	551.0	25.0	1.3	73.7	li'u	litru	76	13.8	li'u	litru	1 2 5	rafsi/cmavo	litru	6.1.1	(travel)	x1 travels/journeys/goes/moves via route x2 using means/vehicle x3; x1 is a traveller.
litru	CACCA	5	litru	CACCA	0	0	0	0	475	0	litru	551.0	25.0	1.3	73.7	litru	litru	475	86.2	litru	litru		?	litru	6.1.1	(travel)	x1 travels/journeys/goes/moves via route x2 using means/vehicle x3; x1 is a traveller.
livg	CACC	4	livga	CACCA	9	0	0	9	0	0	livga	16.0	100.0	0.0	0.0	livg	livga	9	56.3	livg	livga		?	livga	9.2.5	(liver)	x1 is a/the liver [body-part] of x2.
livga	CACCA	5	livga	CACCA	0	0	1	1	6	0	livga	16.0	100.0	0.0	0.0	livga	livga	7	43.8	livga	livga		?	livga	9.2.5	(liver)	x1 is a/the liver [body-part] of x2.
lil	CAC	3	livla	CACCA	0	1	0	1	0	0	livla	40.0	0.0	0.0	100.0	lil	livla	1	2.5	lil	livla	14 2 14	rafsi	livla	13.3.3	(fuel)	x1 is a fuel/energy-source for powering x2.
livla	CACCA	5	livla	CACCA	0	0	19	19	20	0	livla	40.0	0.0	0.0	100.0	livla	livla	39	97.5	livla	livla		?	livla	13.3.3	(fuel)	x1 is a fuel/energy-source for powering x2.
logj	CACC	4	logji	CACCA	0	0	0	0	0	0	logji	538.0	94.8	5.2	0.0	logj	logji	0	0.0	logj	logji		?	logji	2.5	(logic)	x1 [rules/methods] is a logic for deducing/concluding/inferring/reasoning to/about x2 (du'u).
logji	CACCA	5	logji	CACCA	0	0	54	54	368	0	logji	538.0	94.8	5.2	0.0	logji	logji	422	78.4	logji	logji		?	logji	2.5	(logic)	x1 [rules/methods] is a logic for deducing/concluding/inferring/reasoning to/about x2 (du'u).
loj	CAC	3	logji	CACCA	110	6	0	116	0	0	logji	538.0	94.8	5.2	0.0	loj	logji	116	21.6	loj	logji	1 2 4	rafsi	logji	2.5	(logic)	x1 [rules/methods] is a logic for deducing/concluding/inferring/reasoning to/about x2 (du'u).
jbo	CCA	3	lojbo	CACCA	1843	9	98	1950	0	0	lojbo	3187.0	94.5	0.5	5.0	jbo	lojbo	1950	61.2	jbo	lojbo	3 4 25	rafsi	lojbo	12.3	(Lojbanic)	
lob	CAC	3	lojbo	CACCA	7	0	0	7	0	0	lojbo	3187.0	94.5	0.5	5.0	lob	lojbo	7	0.2	lob	lojbo	1 25 4	rafsi	lojbo	12.3	(Lojbanic)	
lojb	CACC	4	lojbo	CACCA	0	0	0	0	0	0	lojbo	3187.0	94.5	0.5	5.0	lojb	lojbo	0	0.0	lojb	lojbo		?	lojbo	12.3	(Lojbanic)	
lojbo	CACCA	5	lojbo	CACCA	0	0	0	0	1230	0	lojbo	3187.0	94.5	0.5	5.0	lojbo	lojbo	1230	38.6	lojbo	lojbo		?	lojbo	12.3	(Lojbanic)	
loi	CAA	3	loldi	CACCA	5	0	15	20	0	0	loldi	61.0	100.0	0.0	0.0	loi	loldi	20	32.8	loi	loldi	13 2 5	rafsi/cmavo	loldi	3.3	(floor)	x1 is a floor/bottom/ground of x2.
lol	CAC	3	loldi	CACCA	41	0	0	41	0	0	loldi	61.0	100.0	0.0	0.0	lol	loldi	41	67.2	lol	loldi	13 2 13	rafsi	loldi	3.3	(floor)	x1 is a floor/bottom/ground of x2.
lo'u	CAA	3	lorxu	CACCA	8	0	36	44	0	0	lorxu	709.0	100.0	0.0	0.0	lo'u	lorxu	44	6.2	lo'u	lorxu	1 2 5	rafsi/cmavo	lorxu	9.2.2	(fox)	x1 is a fox [bushy-tailed wild dog/canine] of species/breed x2.
lor	CAC	3	lorxu	CACCA	204	0	0	204	0	0	lorxu	709.0	100.0	0.0	0.0	lor	lorxu	204	28.8	lor	lorxu	1 2 3	rafsi	lorxu	9.2.2	(fox)	x1 is a fox [bushy-tailed wild dog/canine] of species/breed x2.
lorxu	CACCA	5	lorxu	CACCA	0	0	0	0	461	0	lorxu	709.0	100.0	0.0	0.0	lorxu	lorxu	461	65.0	lorxu	lorxu		?	lorxu	9.2.2	(fox)	x1 is a fox [bushy-tailed wild dog/canine] of species/breed x2.
lu'o	CAA	3	lubno	CACCA	0	0	1	1	0	0	lubno	1.0	0.0	0.0	100.0	lu'o	lubno	1	100.0	lu'o	lubno	1 2 5	rafsi/cmavo	lubno	12.4	(Lebanese)	
jvo	CCA	3	lujvo	CACCA	191	6	1004	1201	0	0	lujvo	7051.0	15.9	0.5	83.6	jvo	lujvo	1201	17.0	jvo	lujvo	3 4 5	rafsi	lujvo	2.1	(affix compound)	
lujv	CACC	4	lujvo	CACCA	0	0	0	0	0	0	lujvo	7051.0	15.9	0.5	83.6	lujv	lujvo	0	0.0	lujv	lujvo		?	lujvo	2.1	(affix compound)	
lujvo	CACCA	5	lujvo	CACCA	0	0	53	53	5797	0	lujvo	7051.0	15.9	0.5	83.6	lujvo	lujvo	5850	83.0	lujvo	lujvo		?	lujvo	2.1	(affix compound)	
lu'i	CAA	3	lumci	CACCA	0	0	127	127	0	0	lumci	290.0	0.0	0.0	100.0	lu'i	lumci	127	43.8	lu'i	lumci	1 2 5	rafsi/cmavo	lumci	13.1	(wash)	x1 (agent) washes/cleanses x2 of soil/contaminant x3 in/with cleaning material(s) x4.
lum	CAC	3	lumci	CACCA	24	28	0	52	0	0	lumci	290.0	0.0	0.0	100.0	lum	lumci	52	17.9	lum	lumci	1 2 3	rafsi	lumci	13.1	(wash)	x1 (agent) washes/cleanses x2 of soil/contaminant x3 in/with cleaning material(s) x4.
lumci	CACCA	5	lumci	CACCA	0	0	0	0	111	0	lumci	290.0	0.0	0.0	100.0	lumci	lumci	111	38.3	lumci	lumci		?	lumci	13.1	(wash)	x1 (agent) washes/cleanses x2 of soil/contaminant x3 in/with cleaning material(s) x4.
lub	CAC	3	lunbe	CACCA	5	0	0	5	0	0	lunbe	5.0	100.0	0.0	0.0	lub	lunbe	5	100.0	lub	lunbe	1 2 4	rafsi	lunbe	3.5.5	(bare)	x1 is bare/naked/nude; x1 is without cover/clothes/[protection].
lunb	CACC	4	lunbe	CACCA	0	0	0	0	0	0	lunbe	5.0	100.0	0.0	0.0	lunb	lunbe	0	0.0	lunb	lunbe		?	lunbe	3.5.5	(bare)	x1 is bare/naked/nude; x1 is without cover/clothes/[protection].
lunr	CACC	4	lunra	CACCA	0	0	0	0	0	0	lunra	299.0	100.0	0.0	0.0	lunr	lunra	0	0.0	lunr	lunra		?	lunra	8.1	(lunar)	x1 is Earth's moon (default); x1 is a major natural satellite/moon of planet x2.
lunra	CACCA	5	lunra	CACCA	0	0	17	17	240	0	lunra	299.0	100.0	0.0	0.0	lunra	lunra	257	86.0	lunra	lunra		?	lunra	8.1	(lunar)	x1 is Earth's moon (default); x1 is a major natural satellite/moon of planet x2.
lur	CAC	3	lunra	CACCA	42	0	0	42	0	0	lunra	299.0	100.0	0.0	0.0	lur	lunra	42	14.0	lur	lunra	1 2 4	rafsi	lunra	8.1	(lunar)	x1 is Earth's moon (default); x1 is a major natural satellite/moon of planet x2.
lunsa	CACCA	5	lunsa	CACCA	0	0	7	7	5	0	lunsa	12.0	0.0	0.0	100.0	lunsa	lunsa	12	100.0	lunsa	lunsa		?	lunsa	7.5.2	(condense)	x1 condenses/liquefies on/into x2 at temperature x3, pressure x4; x1 is dew/condensate on x2.
mabla	CACCA	5	mabla	CACCA	0	0	10	10	289	0	mabla	1313.0	98.1	1.9	0.0	mabla	mabla	299	22.8	mabla	mabla		?	mabla	10.3	(derogative)	x1 is execrable/deplorable/wretched/shitty/awful/rotten/miserable/contemptible/crappy/inferior/low-quality in property x2 by standard x3; x1 stinks/sucks in aspect x2 according to x3.
mal	CAC	3	mabla	CACCA	995	19	0	1014	0	0	mabla	1313.0	98.1	1.9	0.0	mal	mabla	1014	77.2	mal	mabla	1 25 4	rafsi	mabla	10.3	(derogative)	x1 is execrable/deplorable/wretched/shitty/awful/rotten/miserable/contemptible/crappy/inferior/low-quality in property x2 by standard x3; x1 stinks/sucks in aspect x2 according to x3.
mabru	CACCA	5	mabru	CACCA	0	0	45	45	94	0	mabru	139.0	0.0	0.0	100.0	mabru	mabru	139	100.0	mabru	mabru		?	mabru	9.2.1	(mammal)	x1 is a mammal/'animal'/beast of species x2.
cnu	CCA	3	macnu	CACCA	0	0	2	2	0	0	macnu	2.0	0.0	0.0	100.0	cnu	macnu	2	100.0	cnu	macnu	3 4 5	rafsi	macnu	13.1	(manual)	x1 (event/action/process) is manual [not automatic] in function x2 under conditions x3.
ma'u	CAA	3	makcu	CACCA	16	7	22	45	0	0	makcu	104.0	35.6	15.6	48.9	ma'u	makcu	45	43.3	ma'u	makcu	1 2 5	rafsi/cmavo	makcu	9	(mature)	x1 is mature/ripe/fully-grown/adult in development-quality x2 (ka).
makc	CACC	4	makcu	CACCA	0	0	0	0	0	0	makcu	104.0	35.6	15.6	48.9	makc	makcu	0	0.0	makc	makcu		?	makcu	9	(mature)	x1 is mature/ripe/fully-grown/adult in development-quality x2 (ka).
makcu	CACCA	5	makcu	CACCA	0	0	0	0	59	0	makcu	104.0	35.6	15.6	48.9	makcu	makcu	59	56.7	makcu	makcu		?	makcu	9	(mature)	x1 is mature/ripe/fully-grown/adult in development-quality x2 (ka).
maf	CAC	3	makfa	CACCA	41	6	0	47	0	0	makfa	236.0	87.2	12.8	0.0	maf	makfa	47	19.9	maf	makfa	1 25 4	rafsi	makfa	12.5	(magic)	x1 is magic/supernatural/sorcery/witchcraft/wizardry to x2, performed by person/force/deity x3.
makfa	CACCA	5	makfa	CACCA	2	0	42	44	145	0	makfa	236.0	87.2	12.8	0.0	makfa	makfa	189	80.1	makfa	makfa		?	makfa	12.5	(magic)	x1 is magic/supernatural/sorcery/witchcraft/wizardry to x2, performed by person/force/deity x3.
mak	CAC	3	maksi	CACCA	6	2	0	8	0	0	maksi	21.0	75.0	25.0	0.0	mak	maksi	8	38.1	mak	maksi	1 2 3	rafsi	maksi	7.2	(magnet)	x1 is magnetic [adjective] producing magnetic field x2.
maksi	CACCA	5	maksi	CACCA	4	0	1	5	8	0	maksi	21.0	75.0	25.0	0.0	maksi	maksi	13	61.9	maksi	maksi		?	maksi	7.2	(magnet)	x1 is magnetic [adjective] producing magnetic field x2.
malsi	CACCA	5	malsi	CACCA	0	0	11	11	75	0	malsi	91.0	0.0	0.0	100.0	malsi	malsi	86	94.5	malsi	malsi		?	malsi	12.5	(temple)	x1 is a temple/church/sanctuary/synagogue/shrine of religion x2 at location/serving area x3.
mas	CAC	3	malsi	CACCA	1	4	0	5	0	0	malsi	91.0	0.0	0.0	100.0	mas	malsi	5	5.5	mas	malsi	1 2 4	rafsi	malsi	12.5	(temple)	x1 is a temple/church/sanctuary/synagogue/shrine of religion x2 at location/serving area x3.
mam	CAC	3	mamta	CACCA	20	2	0	22	0	0	mamta	811.0	0.0	0.0	100.0	mam	mamta	22	2.7	mam	mamta	13 25 13	rafsi	mamta	11.1	(mother ‘mom’)	x1 is a mother of x2; x1 bears/mothers/acts maternally toward x2; [not necessarily biological].
mamt	CACC	4	mamta	CACCA	0	0	0	0	0	0	mamta	811.0	0.0	0.0	100.0	mamt	mamta	0	0.0	mamt	mamta		?	mamta	11.1	(mother ‘mom’)	x1 is a mother of x2; x1 bears/mothers/acts maternally toward x2; [not necessarily biological].
mamta	CACCA	5	mamta	CACCA	0	0	33	33	756	0	mamta	811.0	0.0	0.0	100.0	mamta	mamta	789	97.3	mamta	mamta		?	mamta	11.1	(mother ‘mom’)	x1 is a mother of x2; x1 bears/mothers/acts maternally toward x2; [not necessarily biological].
mac	CAC	3	manci	CACCA	10	0	0	10	0	0	manci	110.0	37.0	0.0	63.0	mac	manci	10	9.1	mac	manci	1 2 4	rafsi	manci	10.1	(wonder)	x1 feels wonder/awe/marvels about x2.
manci	CACCA	5	manci	CACCA	10	0	17	27	73	0	manci	110.0	37.0	0.0	63.0	manci	manci	100	90.9	manci	manci		?	manci	10.1	(wonder)	x1 feels wonder/awe/marvels about x2.
manfo	CACCA	5	manfo	CACCA	0	0	4	4	13	0	manfo	17.0	0.0	0.0	100.0	manfo	manfo	17	100.0	manfo	manfo		?	manfo	1.1	(uniform)	x1 (object/event) is uniform/homogeneous in property x2 (ka).
man	CAC	3	manku	CACCA	117	4	0	121	0	0	manku	304.0	96.7	3.3	0.0	man	manku	121	39.8	man	manku	1 2 3	rafsi	manku	9.4.2	(dark)	x1 is dark/lacking in illumination.
mank	CACC	4	manku	CACCA	0	0	0	0	0	0	manku	304.0	96.7	3.3	0.0	mank	manku	0	0.0	mank	manku		?	manku	9.4.2	(dark)	x1 is dark/lacking in illumination.
manku	CACCA	5	manku	CACCA	0	0	12	12	171	0	manku	304.0	96.7	3.3	0.0	manku	manku	183	60.2	manku	manku		?	manku	9.4.2	(dark)	x1 is dark/lacking in illumination.
ma'i	CAA	3	manri	CACCA				0	0	87	manri	166.0	60.0	40.0	0.0	ma'i	manri	87	52.4	ma'i	manri	1 2 5	cmavo	manri	2.5	(reference)	x1 is a frame of reference/standard for observing/measuring/determining x2, with/by rules x3.
manri	CACCA	5	manri	CACCA	0	0	7	7	62	0	manri	166.0	60.0	40.0	0.0	manri	manri	69	41.6	manri	manri		?	manri	2.5	(reference)	x1 is a frame of reference/standard for observing/measuring/determining x2, with/by rules x3.
mar	CAC	3	manri	CACCA	6	4	0	10	0	0	manri	166.0	60.0	40.0	0.0	mar	manri	10	6.0	mar	manri	1 2 4	rafsi	manri	2.5	(reference)	x1 is a frame of reference/standard for observing/measuring/determining x2, with/by rules x3.
mans	CACC	4	mansa	CACCA	2	0	0	2	0	0	mansa	122.0	0.0	0.0	100.0	mans	mansa	2	1.6	mans	mansa		?	mansa	2.5	(satisfy)	x1 satisfies evaluator x2 in property (ka)/state x3.
mansa	CACCA	5	mansa	CACCA	0	0	12	12	108	0	mansa	122.0	0.0	0.0	100.0	mansa	mansa	120	98.4	mansa	mansa		?	mansa	2.5	(satisfy)	x1 satisfies evaluator x2 in property (ka)/state x3.
mant	CACC	4	manti	CACCA	11	0	0	11	0	0	manti	65.0	100.0	0.0	0.0	mant	manti	11	16.9	mant	manti		?	manti	9.2.2	(ant)	x1 is an ant of species/breed x2.
manti	CACCA	5	manti	CACCA	0	0	1	1	53	0	manti	65.0	100.0	0.0	0.0	manti	manti	54	83.1	manti	manti		?	manti	9.2.2	(ant)	x1 is an ant of species/breed x2.
map	CAC	3	mapku	CACCA	2	0	0	2	0	0	mapku	93.0	0.0	0.0	100.0	map	mapku	2	2.2	map	mapku	1 2 3	rafsi	mapku	13.7	(cap)	x1 is a cap/hat/crown/helmet/piece of headgear [head-top garment] of material x2.
mapku	CACCA	5	mapku	CACCA	0	0	9	9	82	0	mapku	93.0	0.0	0.0	100.0	mapku	mapku	91	97.8	mapku	mapku		?	mapku	13.7	(cap)	x1 is a cap/hat/crown/helmet/piece of headgear [head-top garment] of material x2.
mapni	CACCA	5	mapni	CACCA				0	18	0	mapni	18.0				mapni	mapni	18	100.0	mapni	mapni		?	mapni	13.2.1	(cotton)	x1 is a quantity of/contains/is made of cotton [type of fabric/material].
mapt	CACC	4	mapti	CACCA	0	0	0	0	0	0	mapti	394.0	88.5	11.5	0.0	mapt	mapti	0	0.0	mapt	mapti		?	mapti	1.5	(fit ‘match’)	x1 fits/matches/suits/is compatible/appropriate/corresponds to/with x2 in property/aspect x3.
mapti	CACCA	5	mapti	CACCA	0	0	30	30	303	0	mapti	394.0	88.5	11.5	0.0	mapti	mapti	333	84.5	mapti	mapti		?	mapti	1.5	(fit ‘match’)	x1 fits/matches/suits/is compatible/appropriate/corresponds to/with x2 in property/aspect x3.
mat	CAC	3	mapti	CACCA	54	7	0	61	0	0	mapti	394.0	88.5	11.5	0.0	mat	mapti	61	15.5	mat	mapti	1 2 4	rafsi	mapti	1.5	(fit ‘match’)	x1 fits/matches/suits/is compatible/appropriate/corresponds to/with x2 in property/aspect x3.
mra	CCA	3	marbi	CACCA	15	1	8	24	0	0	marbi	24.0	62.5	4.2	33.3	mra	marbi	24	100.0	mra	marbi	1 3 2	rafsi	marbi	10.3	(shelter ‘harbor’)	x1 is a shelter/haven/refuge/retreat/harbor for/protecting x2 from danger/threat x3.
ma'e	CAA	3	marce	CACCA	2	23	46	71	0	0	marce	124.0	2.8	32.4	64.8	ma'e	marce	71	57.3	ma'e	marce	1 2 5	rafsi/cmavo	marce	13.5	(vehicle)	x1 is a vehicle/mode of transport carrying x2 in/on surface/medium x3, propelled by x4.
marce	CACCA	5	marce	CACCA	0	0	0	0	53	0	marce	124.0	2.8	32.4	64.8	marce	marce	53	42.7	marce	marce		?	marce	13.5	(vehicle)	x1 is a vehicle/mode of transport carrying x2 in/on surface/medium x3, propelled by x4.
mad	CAC	3	marde	CACCA	4	9	0	13	0	0	marde	53.0	30.8	69.2	0.0	mad	marde	13	24.5	mad	marde	1 2 4	rafsi	marde	10.3	(morals)	x1 are the ethics/morals/moral standards/ethical standards of x2 (ind./mass) about situation x3.
mard	CACC	4	marde	CACCA	0	0	0	0	0	0	marde	53.0	30.8	69.2	0.0	mard	marde	0	0.0	mard	marde		?	marde	10.3	(morals)	x1 are the ethics/morals/moral standards/ethical standards of x2 (ind./mass) about situation x3.
marde	CACCA	5	marde	CACCA	3	0	4	7	33	0	marde	53.0	30.8	69.2	0.0	marde	marde	40	75.5	marde	marde		?	marde	10.3	(morals)	x1 are the ethics/morals/moral standards/ethical standards of x2 (ind./mass) about situation x3.
mag	CAC	3	margu	CACCA	2	0	0	2	0	0	margu	2.0	100.0	0.0	0.0	mag	margu	2	100.0	mag	margu	1 2 4	rafsi	margu	7.5.4	(mercury)	x1 is a quantity of/contains/made of mercury/quicksilver; [metaphor: fluid metal; temperature].
ma'e	CAA	3	marji	CACCA				0	0	13	marji	250.0	27.6	0.0	72.4	ma'e	marji	13	5.2	ma'e	marji	1 2 	cmavo	marji	7.5	(material ‘matter’)	x1 is material/stuff/matter of type/composition including x2 in shape/form x3.
mai	CAA	3	marji	CACCA	24	0	63	87	0	0	marji	250.0	27.6	0.0	72.4	mai	marji	87	34.8	mai	marji	1 2 5	rafsi/cmavo	marji	7.5	(material ‘matter’)	x1 is material/stuff/matter of type/composition including x2 in shape/form x3.
maj	CAC	3	marji	CACCA	13	0	0	13	0	0	marji	250.0	27.6	0.0	72.4	maj	marji	13	5.2	maj	marji	1 2 4	rafsi	marji	7.5	(material ‘matter’)	x1 is material/stuff/matter of type/composition including x2 in shape/form x3.
marji	CACCA	5	marji	CACCA	0	0	0	0	137	0	marji	250.0	27.6	0.0	72.4	marji	marji	137	54.8	marji	marji		?	marji	7.5	(material ‘matter’)	x1 is material/stuff/matter of type/composition including x2 in shape/form x3.
marn	CACC	4	marna	CACCA	3	0	0	3	0	0	marna	64.0	100.0	0.0	0.0	marn	marna	3	4.7	marn	marna		?	marna	9.1.6	(hemp ‘marijuana’)	x1 is a quantity of hemp/marijuana/jute of species/strain x2.
marna	CACCA	5	marna	CACCA	0	0	1	1	60	0	marna	64.0	100.0	0.0	0.0	marna	marna	61	95.3	marna	marna		?	marna	9.1.6	(hemp ‘marijuana’)	x1 is a quantity of hemp/marijuana/jute of species/strain x2.
marxa	CACCA	5	marxa	CACCA	0	0	2	2	12	0	marxa	16.0	100.0	0.0	0.0	marxa	marxa	14	87.5	marxa	marxa		?	marxa	6.2.3	(mash)	x1 [force] mashes/crushes/squashes/smashes x2 into pulp/mash/crumbs/deformed mass x3.
max	CAC	3	marxa	CACCA	2	0	0	2	0	0	marxa	16.0	100.0	0.0	0.0	max	marxa	2	12.5	max	marxa	1 25 4	rafsi	marxa	6.2.3	(mash)	x1 [force] mashes/crushes/squashes/smashes x2 into pulp/mash/crumbs/deformed mass x3.
masn	CACC	4	masno	CACCA	0	0	0	0	0	0	masno	222.0	57.6	16.7	25.8	masn	masno	0	0.0	masn	masno		?	masno	5.2	(slow)	x1 is slow/sluggish at doing/being/bringing about x2 (event/state).
masno	CACCA	5	masno	CACCA	0	0	1	1	155	0	masno	222.0	57.6	16.7	25.8	masno	masno	156	70.3	masno	masno		?	masno	5.2	(slow)	x1 is slow/sluggish at doing/being/bringing about x2 (event/state).
sno	CCA	3	masno	CACCA	38	11	17	66	0	0	masno	222.0	57.6	16.7	25.8	sno	masno	66	29.7	sno	masno	3 4 5	rafsi	masno	5.2	(slow)	x1 is slow/sluggish at doing/being/bringing about x2 (event/state).
ma'i	CAA	3	masti	CACCA	8	0	30	38	0	0	masti	231.0	21.1	0.0	78.9	ma'i	masti	38	16.5	ma'i	masti	1 2 5	rafsi/cmavo	masti	4.2	(month)	x1 is x2 months in duration (default is 1 month) by month standard x3.
mast	CACC	4	masti	CACCA	0	0	0	0	0	0	masti	231.0	21.1	0.0	78.9	mast	masti	0	0.0	mast	masti		?	masti	4.2	(month)	x1 is x2 months in duration (default is 1 month) by month standard x3.
masti	CACCA	5	masti	CACCA	0	0	18	18	175	0	masti	231.0	21.1	0.0	78.9	masti	masti	193	83.5	masti	masti		?	masti	4.2	(month)	x1 is x2 months in duration (default is 1 month) by month standard x3.
matci	CACCA	5	matci	CACCA	0	0	2	2	35	0	matci	37.0	0.0	0.0	100.0	matci	matci	37	100.0	matci	matci		?	matci	13.3.1	(mat)	x1 is a mat/pad/mattress/pallet [flat, soft, dense form] of material x2.
matl	CACC	4	matli	CACCA	17	0	0	17	0	0	matli	17.0	100.0	0.0	0.0	matl	matli	17	100.0	matl	matli		?	matli	13.2.1	(linen)	x1 is a quantity of/contains/is made of linen/flax [type of fabric/material].
matne	CACCA	5	matne	CACCA	0	0	4	4	20	0	matne	24.0	0.0	0.0	100.0	matne	matne	24	100.0	matne	matne		?	matne	13.2.3	(butter)	x1 is a quantity of/contains butter/oleo/margarine/shortening from source x2.
matr	CACC	4	matra	CACCA	0	2	0	2	0	0	matra	30.0	0.0	100.0	0.0	matr	matra	2	6.7	matr	matra		?	matra	13.3.3	(motor)	x1 is a motor/engine, driving/propelling/providing power to x2.
matra	CACCA	5	matra	CACCA	0	0	1	1	27	0	matra	30.0	0.0	100.0	0.0	matra	matra	28	93.3	matra	matra		?	matra	13.3.3	(motor)	x1 is a motor/engine, driving/propelling/providing power to x2.
mav	CAC	3	mavji	CACCA	11	0	0	11	0	0	mavji	51.0	100.0	0.0	0.0	mav	mavji	11	21.6	mav	mavji	1 2 3	rafsi	mavji	9.1.5	(oats)	x1 is a quantity of oats [grain] of species/strain x2.
mavji	CACCA	5	mavji	CACCA	0	0	1	1	39	0	mavji	51.0	100.0	0.0	0.0	mavji	mavji	40	78.4	mavji	mavji		?	mavji	9.1.5	(oats)	x1 is a quantity of oats [grain] of species/strain x2.
xri	CCA	3	maxri	CACCA	4	0	2	6	0	0	maxri	6.0	66.7	0.0	33.3	xri	maxri	6	100.0	xri	maxri	3 4 5	rafsi	maxri	9.1.5	(wheat)	x1 is a quantity of wheat [grain] of species/strain x2.
meb	CAC	3	mebri	CACCA	30	4	0	34	0	0	mebri	133.0	88.2	11.8	0.0	meb	mebri	34	25.6	meb	mebri	1 2 3	rafsi	mebri	9.2.3	(brow)	x1 is a/the brow/forehead [projecting flat/smooth head/body-part] of x2.
mebri	CACCA	5	mebri	CACCA	0	0	23	23	76	0	mebri	133.0	88.2	11.8	0.0	mebri	mebri	99	74.4	mebri	mebri		?	mebri	9.2.3	(brow)	x1 is a/the brow/forehead [projecting flat/smooth head/body-part] of x2.
meg	CAC	3	megdo	CACCA	32	0	0	32	0	0	megdo	42.0	100.0	0.0	0.0	meg	megdo	32	76.2	meg	megdo	1 2 3	rafsi	megdo	7.4.3	(1E6 metric ‘mega’)	
megdo	CACCA	5	megdo	CACCA	0	0	4	4	6	0	megdo	42.0	100.0	0.0	0.0	megdo	megdo	10	23.8	megdo	megdo		?	megdo	7.4.3	(1E6 metric ‘mega’)	
me'o	CAA	3	mekso	CACCA	0	0	1	1	0	0	mekso	5.0	50.0	50.0	0.0	me'o	mekso	1	20.0	me'o	mekso	1 2 5	rafsi/cmavo	mekso	1.6	(MEX)	
mek	CAC	3	mekso	CACCA	2	2	0	4	0	0	mekso	5.0	50.0	50.0	0.0	mek	mekso	4	80.0	mek	mekso	1 2 3	rafsi	mekso	1.6	(MEX)	
meks	CACC	4	mekso	CACCA	0	0	0	0	0	0	mekso	5.0	50.0	50.0	0.0	meks	mekso	0	0.0	meks	mekso		?	mekso	1.6	(MEX)	
mel	CAC	3	melbi	CACCA	0	0	0	0	0	0	melbi	1182.0	54.6	4.9	40.5	mel	melbi	0	0.0	mel	melbi	1 2 3	rafsi	melbi	10.3	(beautiful)	x1 is beautiful/pleasant to x2 in aspect x3 (ka) by aesthetic standard x4.
melbi	CACCA	5	melbi	CACCA	0	0	0	0	997	0	melbi	1182.0	54.6	4.9	40.5	melbi	melbi	997	84.3	melbi	melbi		?	melbi	10.3	(beautiful)	x1 is beautiful/pleasant to x2 in aspect x3 (ka) by aesthetic standard x4.
mle	CCA	3	melbi	CACCA	101	9	75	185	0	0	melbi	1182.0	54.6	4.9	40.5	mle	melbi	185	15.7	mle	melbi	1 3 2	rafsi	melbi	10.3	(beautiful)	x1 is beautiful/pleasant to x2 in aspect x3 (ka) by aesthetic standard x4.
meljo	CACCA	5	meljo	CACCA	0	0	1	1	2	0	meljo	3.0	0.0	0.0	100.0	meljo	meljo	3	100.0	meljo	meljo		?	meljo	12.4	(Malaysian)	
men	CAC	3	menli	CACCA	157	1	0	158	0	0	menli	451.0	99.4	0.6	0.0	men	menli	158	35.0	men	menli	1 2 3	rafsi	menli	2.5	(mind ‘mental’)	x1 is a mind/intellect/psyche/mentality/[consciousness] of body x2.
menl	CACC	4	menli	CACCA	0	0	0	0	0	0	menli	451.0	99.4	0.6	0.0	menl	menli	0	0.0	menl	menli		?	menli	2.5	(mind ‘mental’)	x1 is a mind/intellect/psyche/mentality/[consciousness] of body x2.
menli	CACCA	5	menli	CACCA	0	0	3	3	290	0	menli	451.0	99.4	0.6	0.0	menli	menli	293	65.0	menli	menli		?	menli	2.5	(mind ‘mental’)	x1 is a mind/intellect/psyche/mentality/[consciousness] of body x2.
me'i	CAA	3	mensi	CACCA	2	1	57	60	0	0	mensi	266.0	3.3	1.7	95.0	me'i	mensi	60	22.6	me'i	mensi	1 2 5	rafsi/cmavo	mensi	11.1	(sister)	x1 is a sister of/sororal to x2 by bond/tie/standard/parent(s) x3; [not necessarily biological].
mensi	CACCA	5	mensi	CACCA	0	0	0	0	206	0	mensi	266.0	3.3	1.7	95.0	mensi	mensi	206	77.4	mensi	mensi		?	mensi	11.1	(sister)	x1 is a sister of/sororal to x2 by bond/tie/standard/parent(s) x3; [not necessarily biological].
me'u	CAA	3	mentu	CACCA	0	0	5	5	0	0	mentu	105.0	0.0	0.0	100.0	me'u	mentu	5	4.8	me'u	mentu	1 2 5	rafsi/cmavo	mentu	4.3	(minute)	x1 is x2 minutes in duration (default is 1 minute) by standard x3.
mentu	CACCA	5	mentu	CACCA	0	0	0	0	100	0	mentu	105.0	0.0	0.0	100.0	mentu	mentu	100	95.2	mentu	mentu		?	mentu	4.3	(minute)	x1 is x2 minutes in duration (default is 1 minute) by standard x3.
mer	CAC	3	merko	CACCA	60	1	0	61	0	0	merko	376.0	98.4	1.6	0.0	mer	merko	61	16.2	mer	merko	1 2 3	rafsi	merko	12.4	(American)	
merk	CACC	4	merko	CACCA	0	0	0	0	0	0	merko	376.0	98.4	1.6	0.0	merk	merko	0	0.0	merk	merko		?	merko	12.4	(American)	
merko	CACCA	5	merko	CACCA	0	0	9	9	306	0	merko	376.0	98.4	1.6	0.0	merko	merko	315	83.8	merko	merko		?	merko	12.4	(American)	
merli	CACCA	5	merli	CACCA	0	0	0	0	117	0	merli	140.0	39.1	0.0	60.9	merli	merli	117	83.6	merli	merli		?	merli	7.4	(measure)	x1 (agent) measures/evaluates x2 [quantity] as x3 units on scale x4 (si'o), with accuracy x5.
mre	CCA	3	merli	CACCA	9	0	14	23	0	0	merli	140.0	39.1	0.0	60.9	mre	merli	23	16.4	mre	merli	1 3 2	rafsi	merli	7.4	(measure)	x1 (agent) measures/evaluates x2 [quantity] as x3 units on scale x4 (si'o), with accuracy x5.
mexno	CACCA	5	mexno	CACCA	0	0	1	1	18	0	mexno	19.0	0.0	0.0	100.0	mexno	mexno	19	100.0	mexno	mexno		?	mexno	12.4	(Mexican)	
midj	CACC	4	midju	CACCA	4	4	0	8	0	0	midju	230.0	84.3	15.7	0.0	midj	midju	8	3.5	midj	midju		?	midju	3.1	(middle)	x1 is in/at the middle/center/midpoint/[is a focus] of x2; (adjective:) x1 is central.
midju	CACCA	5	midju	CACCA	1	0	51	52	87	0	midju	230.0	84.3	15.7	0.0	midju	midju	139	60.4	midju	midju		?	midju	3.1	(middle)	x1 is in/at the middle/center/midpoint/[is a focus] of x2; (adjective:) x1 is central.
mij	CAC	3	midju	CACCA	70	13	0	83	0	0	midju	230.0	84.3	15.7	0.0	mij	midju	83	36.1	mij	midju	1 2 4	rafsi	midju	3.1	(middle)	x1 is in/at the middle/center/midpoint/[is a focus] of x2; (adjective:) x1 is central.
mif	CAC	3	mifra	CACCA	0	11	0	11	0	0	mifra	38.0	0.0	100.0	0.0	mif	mifra	11	28.9	mif	mifra	1 2 3	rafsi	mifra	2.3	(code ‘cipher’)	x1 is encoded/cipher text of plain-text x2 by code/coding system x3; x1 is in code; x3 is a code.
mifr	CACC	4	mifra	CACCA	0	0	0	0	0	0	mifra	38.0	0.0	100.0	0.0	mifr	mifra	0	0.0	mifr	mifra		?	mifra	2.3	(code ‘cipher’)	x1 is encoded/cipher text of plain-text x2 by code/coding system x3; x1 is in code; x3 is a code.
mifra	CACCA	5	mifra	CACCA	0	0	5	5	22	0	mifra	38.0	0.0	100.0	0.0	mifra	mifra	27	71.1	mifra	mifra		?	mifra	2.3	(code ‘cipher’)	x1 is encoded/cipher text of plain-text x2 by code/coding system x3; x1 is in code; x3 is a code.
mic	CAC	3	mikce	CACCA	40	6	0	46	0	0	mikce	294.0	0.0	0.0	100.0	mic	mikce	46	15.6	mic	mikce	1 2 4	rafsi	mikce	11.2	(doctor ‘medic’)	x1 doctors/treats/nurses/[cures]/is physician/midwife to x2 for ailment x3 by treatment/cure x4.
mikce	CACCA	5	mikce	CACCA	0	0	77	77	171	0	mikce	294.0	0.0	0.0	100.0	mikce	mikce	248	84.4	mikce	mikce		?	mikce	11.2	(doctor ‘medic’)	x1 doctors/treats/nurses/[cures]/is physician/midwife to x2 for ailment x3 by treatment/cure x4.
mik	CAC	3	mikri	CACCA	13	0	0	13	0	0	mikri	19.0	100.0	0.0	0.0	mik	mikri	13	68.4	mik	mikri	1 25 3	rafsi	mikri	7.4.3	(1E-6 metric ‘micro’)	
mikr	CACC	4	mikri	CACCA	0	0	0	0	0	0	mikri	19.0	100.0	0.0	0.0	mikr	mikri	0	0.0	mikr	mikri		?	mikri	7.4.3	(1E-6 metric ‘micro’)	
mikri	CACCA	5	mikri	CACCA	0	0	2	2	4	0	mikri	19.0	100.0	0.0	0.0	mikri	mikri	6	31.6	mikri	mikri		?	mikri	7.4.3	(1E-6 metric ‘micro’)	
mil	CAC	3	milti	CACCA	8	0	0	8	0	0	milti	17.0	100.0	0.0	0.0	mil	milti	8	47.1	mil	milti	1 25 3	rafsi	milti	7.4.3	(.001 metric ‘milli’)	
milti	CACCA	5	milti	CACCA	0	0	2	2	7	0	milti	17.0	100.0	0.0	0.0	milti	milti	9	52.9	milti	milti		?	milti	7.4.3	(.001 metric ‘milli’)	
milx	CACC	4	milxe	CACCA	0	8	0	8	0	0	milxe	698.0	75.1	5.7	19.2	milx	milxe	8	1.1	milx	milxe		?	milxe	1.4	(mild)	x1 is mild/non-extreme/gentle/middling/somewhat in property x2 (ka); x1 is not very x2.
milxe	CACCA	5	milxe	CACCA	0	0	0	0	461	0	milxe	698.0	75.1	5.7	19.2	milxe	milxe	461	66.0	milxe	milxe		?	milxe	1.4	(mild)	x1 is mild/non-extreme/gentle/middling/somewhat in property x2 (ka); x1 is not very x2.
mli	CCA	3	milxe	CACCA	172	13	44	229	0	0	milxe	698.0	75.1	5.7	19.2	mli	milxe	229	32.8	mli	milxe	1 3 2	rafsi	milxe	1.4	(mild)	x1 is mild/non-extreme/gentle/middling/somewhat in property x2 (ka); x1 is not very x2.
mi'e	CAA	3	minde	CACCA	21	3	68	92	0	0	minde	409.0	22.8	3.3	73.9	mi'e	minde	92	22.5	mi'e	minde	1 2 5	rafsi/cmavo	minde	5.3.1	(command)	x1 issues commands/orders to x2 for result x3 (event/state) to happen; x3 is commanded to occur.
mid	CAC	3	minde	CACCA	51	6	0	57	0	0	minde	409.0	22.8	3.3	73.9	mid	minde	57	13.9	mid	minde	1 2 4	rafsi	minde	5.3.1	(command)	x1 issues commands/orders to x2 for result x3 (event/state) to happen; x3 is commanded to occur.
mind	CACC	4	minde	CACCA	0	0	0	0	0	0	minde	409.0	22.8	3.3	73.9	mind	minde	0	0.0	mind	minde		?	minde	5.3.1	(command)	x1 issues commands/orders to x2 for result x3 (event/state) to happen; x3 is commanded to occur.
minde	CACCA	5	minde	CACCA	0	0	0	0	260	0	minde	409.0	22.8	3.3	73.9	minde	minde	260	63.6	minde	minde		?	minde	5.3.1	(command)	x1 issues commands/orders to x2 for result x3 (event/state) to happen; x3 is commanded to occur.
mi'i	CAA	3	minji	CACCA	6	44	88	138	0	0	minji	277.0	4.3	31.9	63.8	mi'i	minji	138	49.8	mi'i	minji	1 25 25	rafsi/cmavo	minji	13.3.3	(machine)	x1 is a machine for use/function x2; [automated apparatus, without direct function control].
minj	CACC	4	minji	CACCA	0	0	0	0	0	0	minji	277.0	4.3	31.9	63.8	minj	minji	0	0.0	minj	minji		?	minji	13.3.3	(machine)	x1 is a machine for use/function x2; [automated apparatus, without direct function control].
minji	CACCA	5	minji	CACCA	0	0	0	0	139	0	minji	277.0	4.3	31.9	63.8	minji	minji	139	50.2	minji	minji		?	minji	13.3.3	(machine)	x1 is a machine for use/function x2; [automated apparatus, without direct function control].
minli	CACCA	5	minli	CACCA	0	0	14	14	29	0	minli	43.0	0.0	0.0	100.0	minli	minli	43	100.0	minli	minli		?	minli	7.4.2	(mile)	x1 is x2 (default 1) long local distance unit(s) [non-metric], x3 subunits, standard x4.
minr	CACC	4	minra	CACCA	0	0	0	0	0	0	minra	179.0	57.9	42.1	0.0	minr	minra	0	0.0	minr	minra		?	minra	7.3	(reflect ‘mirror’)	x1 reflects/mirrors/echoes x2 [object/radiation] to observer/point x3 as x4; x2 bounces on x1.
minra	CACCA	5	minra	CACCA	0	0	26	26	115	0	minra	179.0	57.9	42.1	0.0	minra	minra	141	78.8	minra	minra		?	minra	7.3	(reflect ‘mirror’)	x1 reflects/mirrors/echoes x2 [object/radiation] to observer/point x3 as x4; x2 bounces on x1.
mir	CAC	3	minra	CACCA	22	16	0	38	0	0	minra	179.0	57.9	42.1	0.0	mir	minra	38	21.2	mir	minra	1 2 4	rafsi	minra	7.3	(reflect ‘mirror’)	x1 reflects/mirrors/echoes x2 [object/radiation] to observer/point x3 as x4; x2 bounces on x1.
mi'u	CAA	3	mintu	CACCA	1	1	99	101	0	17	mintu	217.0	1.0	1.0	98.0	mi'u	mintu	118	54.4	mi'u	mintu	1 2 5	rafsi/cmavo	mintu	1.5	(same ‘identical’)	x1 is the same/identical thing as x2 by standard x3; (x1 and x2 interchangeable).
mit	CAC	3	mintu	CACCA	85	14	0	99	0	0	mintu	217.0	1.0	1.0	98.0	mit	mintu	99	45.6	mit	mintu	1 2 4	rafsi	mintu	1.5	(same ‘identical’)	x1 is the same/identical thing as x2 by standard x3; (x1 and x2 interchangeable).
mip	CAC	3	mipri	CACCA	114	6	0	120	0	0	mipri	349.0	95.0	5.0	0.0	mip	mipri	120	34.4	mip	mipri	1 25 3	rafsi	mipri	2.3	(secret)	x1 keeps x2 secret/hidden from x3 by method x4; x2 is a secret; x1 hides/conceals x2.
mipr	CACC	4	mipri	CACCA	0	0	0	0	0	0	mipri	349.0	95.0	5.0	0.0	mipr	mipri	0	0.0	mipr	mipri		?	mipri	2.3	(secret)	x1 keeps x2 secret/hidden from x3 by method x4; x2 is a secret; x1 hides/conceals x2.
mipri	CACCA	5	mipri	CACCA	0	0	40	40	189	0	mipri	349.0	95.0	5.0	0.0	mipri	mipri	229	65.6	mipri	mipri		?	mipri	2.3	(secret)	x1 keeps x2 secret/hidden from x3 by method x4; x2 is a secret; x1 hides/conceals x2.
mirli	CACCA	5	mirli	CACCA	0	0	7	7	17	0	mirli	24.0	0.0	0.0	100.0	mirli	mirli	24	100.0	mirli	mirli		?	mirli	9.2.2	(deer)	x1 is a deer/elk/moose/[hart/stag/doe] of species/breed x2.
mi'o	CAA	3	misno	CACCA	2	0	18	20	0	0	misno	174.0	10.0	0.0	90.0	mi'o	misno	20	11.5	mi'o	misno	1 2 5	rafsi/cmavo	misno	10.3	(famous)	x1 (person/object/event) is famous/renowned/is a celebrity among community of persons x2 (mass).
mis	CAC	3	misno	CACCA	16	0	0	16	0	0	misno	174.0	10.0	0.0	90.0	mis	misno	16	9.2	mis	misno	1 2 3	rafsi	misno	10.3	(famous)	x1 (person/object/event) is famous/renowned/is a celebrity among community of persons x2 (mass).
misno	CACCA	5	misno	CACCA	0	0	0	0	138	0	misno	174.0	10.0	0.0	90.0	misno	misno	138	79.3	misno	misno		?	misno	10.3	(famous)	x1 (person/object/event) is famous/renowned/is a celebrity among community of persons x2 (mass).
misro	CACCA	5	misro	CACCA	0	0	1	1	10	0	misro	11.0	0.0	0.0	100.0	misro	misro	11	100.0	misro	misro		?	misro	12.4	(Egyptian ‘Mizraim’)	
mitr	CACC	4	mitre	CACCA	0	0	0	0	0	0	mitre	850.0	43.0	2.7	54.4	mitr	mitre	0	0.0	mitr	mitre		?	mitre	7.4.1	(meter)	x1 is x2 meter(s) [metric unit] in length (default 1) measured in direction x3 by standard x4.
mitre	CACCA	5	mitre	CACCA	0	0	3	3	698	0	mitre	850.0	43.0	2.7	54.4	mitre	mitre	701	82.5	mitre	mitre		?	mitre	7.4.1	(meter)	x1 is x2 meter(s) [metric unit] in length (default 1) measured in direction x3 by standard x4.
tre	CCA	3	mitre	CACCA	64	4	81	149	0	0	mitre	850.0	43.0	2.7	54.4	tre	mitre	149	17.5	tre	mitre	3 4 5	rafsi	mitre	7.4.1	(meter)	x1 is x2 meter(s) [metric unit] in length (default 1) measured in direction x3 by standard x4.
mix	CAC	3	mixre	CACCA	0	0	0	0	0	0	mixre	48.0	12.5	0.0	87.5	mix	mixre	0	0.0	mix	mixre	1 2 3	rafsi	mixre	7.5.3	(mixture)	x1 (mass) is a mixture/blend/colloid/commingling with ingredients including x2.
mixre	CACCA	5	mixre	CACCA	0	0	0	0	32	0	mixre	48.0	12.5	0.0	87.5	mixre	mixre	32	66.7	mixre	mixre		?	mixre	7.5.3	(mixture)	x1 (mass) is a mixture/blend/colloid/commingling with ingredients including x2.
xre	CCA	3	mixre	CACCA	2	0	14	16	0	0	mixre	48.0	12.5	0.0	87.5	xre	mixre	16	33.3	xre	mixre	3 4 5	rafsi	mixre	7.5.3	(mixture)	x1 (mass) is a mixture/blend/colloid/commingling with ingredients including x2.
mla	CCA	3	mlana	CCACA	23	3	42	68	0	0	mlana	68.0	33.8	4.4	61.8	mla	mlana	68	100.0	mla	mlana	1 2 35	rafsi	mlana	3.1	(side ‘lateral’)	x1 is to the side of/lateral to x2 and facing x3 from point of view/in-frame-of-reference x4.
lat	CAC	3	mlatu	CCACA	13	2	0	15	0	0	mlatu	1944.0	86.7	13.3	0.0	lat	mlatu	15	0.8	lat	mlatu	2 3 4	rafsi	mlatu	9.2.2	(cat)	x1 is a cat/[puss/pussy/kitten] [feline animal] of species/breed x2; (adjective:) x1 is feline.
mlat	CCAC	4	mlatu	CCACA	0	0	0	0	0	0	mlatu	1944.0	86.7	13.3	0.0	mlat	mlatu	0	0.0	mlat	mlatu		?	mlatu	9.2.2	(cat)	x1 is a cat/[puss/pussy/kitten] [feline animal] of species/breed x2; (adjective:) x1 is feline.
mlatu	CCACA	5	mlatu	CCACA	0	0	1	1	1928	0	mlatu	1944.0	86.7	13.3	0.0	mlatu	mlatu	1929	99.2	mlatu	mlatu		?	mlatu	9.2.2	(cat)	x1 is a cat/[puss/pussy/kitten] [feline animal] of species/breed x2; (adjective:) x1 is feline.
me'a	CAA	3	mleca	CCACA	0	0	30	30	0	33	mleca	274.0	0.0	0.0	100.0	me'a	mleca	63	23.0	me'a	mleca	1 3 5	rafsi/cmavo	mleca	1.5	(less)	x1 is less than x2 in property/quantity x3 (ka/ni) by amount x4.
mec	CAC	3	mleca	CCACA	26	1	0	27	0	0	mleca	274.0	0.0	0.0	100.0	mec	mleca	27	9.9	mec	mleca	1 3 4	rafsi	mleca	1.5	(less)	x1 is less than x2 in property/quantity x3 (ka/ni) by amount x4.
mleca	CCACA	5	mleca	CCACA	0	0	0	0	184	0	mleca	274.0	0.0	0.0	100.0	mleca	mleca	184	67.2	mleca	mleca		?	mleca	1.5	(less)	x1 is less than x2 in property/quantity x3 (ka/ni) by amount x4.
led	CAC	3	mledi	CCACA	6	0	0	6	0	0	mledi	44.0	100.0	0.0	0.0	led	mledi	6	13.6	led	mledi	2 3 4	rafsi	mledi	9.1	(mold)	x1 is a mold/fungus/mushrooms/truffles of species/strain x2 parasitic/growing on x3.
mledi	CCACA	5	mledi	CCACA	0	0	6	6	32	0	mledi	44.0	100.0	0.0	0.0	mledi	mledi	38	86.4	mledi	mledi		?	mledi	9.1	(mold)	x1 is a mold/fungus/mushrooms/truffles of species/strain x2 parasitic/growing on x3.
lun	CAC	3	mluni	CCACA	3	0	0	3	0	0	mluni	262.0	0.0	0.0	100.0	lun	mluni	3	1.1	lun	mluni	2 3 4	rafsi	mluni	8.1	(satellite ‘moon’)	x1 is a satellite/moon orbiting x2 with characteristics x3, orbital parameters x4.
mluni	CCACA	5	mluni	CCACA	0	0	11	11	248	0	mluni	262.0	0.0	0.0	100.0	mluni	mluni	259	98.9	mluni	mluni		?	mluni	8.1	(satellite ‘moon’)	x1 is a satellite/moon orbiting x2 with characteristics x3, orbital parameters x4.
moc	CAC	3	mokca	CACCA	16	0	0	16	0	0	mokca	98.0	100.0	0.0	0.0	moc	mokca	16	16.3	moc	mokca	1 2 4	rafsi	mokca	3.5.1	(point ‘moment’)	x1 is a point/instant/moment [0-dimensional shape/form] in/on/at time/place x2.
mokca	CACCA	5	mokca	CACCA	0	0	11	11	71	0	mokca	98.0	100.0	0.0	0.0	mokca	mokca	82	83.7	mokca	mokca		?	mokca	3.5.1	(point ‘moment’)	x1 is a point/instant/moment [0-dimensional shape/form] in/on/at time/place x2.
mo'u	CAA	3	moklu	CACCA	0	0	4	4	0	0	moklu	127.0	61.8	38.2	0.0	mo'u	moklu	4	3.1	mo'u	moklu	1 2 5	rafsi/cmavo	moklu	9.2.3	(mouth ‘oral’)	x1 is a/the mouth/oral cavity [body-part] of x2; (metaphor: entrance/intake for consumption).
mol	CAC	3	moklu	CACCA	76	47	0	123	0	0	moklu	127.0	61.8	38.2	0.0	mol	moklu	123	96.9	mol	moklu	1 2 4	rafsi	moklu	9.2.3	(mouth ‘oral’)	x1 is a/the mouth/oral cavity [body-part] of x2; (metaphor: entrance/intake for consumption).
mlo	CCA	3	molki	CACCA	0	0	75	75	0	0	molki	75.0	0.0	0.0	100.0	mlo	molki	75	100.0	mlo	molki	1 3 2	rafsi	molki	13.1	(mill)	x1 is a mill/foundry/industrial plant/[assembly line] performing process x2.
mo'o	CAA	3	molro	CACCA	0	0	2	2	0	0	molro	2.0	0.0	0.0	100.0	mo'o	molro	2	100.0	mo'o	molro	1 25 25	rafsi/cmavo	molro	7.4.1	(mole)	
mo'i	CAA	3	morji	CACCA	31	7	143	181	0	0	morji	730.0	17.1	3.9	79.0	mo'i	morji	181	24.8	mo'i	morji	1 2 5	rafsi/cmavo	morji	2.5	(remember ‘memory’)	x1 remembers/recalls/recollects fact(s)/memory x2 (du'u) about subject x3.
moj	CAC	3	morji	CACCA	66	0	0	66	0	0	morji	730.0	17.1	3.9	79.0	moj	morji	66	9.0	moj	morji	1 2 4	rafsi	morji	2.5	(remember ‘memory’)	x1 remembers/recalls/recollects fact(s)/memory x2 (du'u) about subject x3.
morj	CACC	4	morji	CACCA	0	0	0	0	0	0	morji	730.0	17.1	3.9	79.0	morj	morji	0	0.0	morj	morji		?	morji	2.5	(remember ‘memory’)	x1 remembers/recalls/recollects fact(s)/memory x2 (du'u) about subject x3.
morji	CACCA	5	morji	CACCA	0	0	0	0	483	0	morji	730.0	17.1	3.9	79.0	morji	morji	483	66.2	morji	morji		?	morji	2.5	(remember ‘memory’)	x1 remembers/recalls/recollects fact(s)/memory x2 (du'u) about subject x3.
mor	CAC	3	morko	CACCA	26	1	0	27	0	0	morko	28.0	96.3	3.7	0.0	mor	morko	27	96.4	mor	morko	1 25 3	rafsi	morko	12.4	(Moroccan)	
morko	CACCA	5	morko	CACCA	0	0	1	1	0	0	morko	28.0	96.3	3.7	0.0	morko	morko	1	3.6	morko	morko		?	morko	12.4	(Moroccan)	
mo'a	CAA	3	morna	CACCA	0	0	45	45	0	0	morna	159.0	0.0	0.0	100.0	mo'a	morna	45	28.3	mo'a	morna	1 2 5	rafsi/cmavo	morna	1.2	(pattern ‘form’)	x1 is/reflects/represents a pattern of forms/events x2 arranged according to structure x3.
mon	CAC	3	morna	CACCA	32	4	0	36	0	0	morna	159.0	0.0	0.0	100.0	mon	morna	36	22.6	mon	morna	1 2 4	rafsi	morna	1.2	(pattern ‘form’)	x1 is/reflects/represents a pattern of forms/events x2 arranged according to structure x3.
morna	CACCA	5	morna	CACCA	0	0	0	0	78	0	morna	159.0	0.0	0.0	100.0	morna	morna	78	49.1	morna	morna		?	morna	1.2	(pattern ‘form’)	x1 is/reflects/represents a pattern of forms/events x2 arranged according to structure x3.
mors	CACC	4	morsi	CACCA	0	0	0	0	0	0	morsi	717.0	91.3	3.9	4.8	mors	morsi	0	0.0	mors	morsi		?	morsi	9	(dead ‘mort-’)	x1 is dead/has ceased to be alive.
morsi	CACCA	5	morsi	CACCA	0	0	0	0	383	0	morsi	717.0	91.3	3.9	4.8	morsi	morsi	383	53.4	morsi	morsi		?	morsi	9	(dead ‘mort-’)	x1 is dead/has ceased to be alive.
mro	CCA	3	morsi	CACCA	305	13	16	334	0	0	morsi	717.0	91.3	3.9	4.8	mro	morsi	334	46.6	mro	morsi	1 3 2	rafsi	morsi	9	(dead ‘mort-’)	x1 is dead/has ceased to be alive.
mos	CAC	3	mosra	CACCA	9	0	0	9	0	0	mosra	28.0	100.0	0.0	0.0	mos	mosra	9	32.1	mos	mosra	1 2 3	rafsi	mosra	6.2.2	(friction ‘rub’)	x1 is friction [force opposing motion] due to contact/rubbing between x2 and x3; (fe) x2 rubs x3.
mosr	CACC	4	mosra	CACCA	0	0	0	0	0	0	mosra	28.0	100.0	0.0	0.0	mosr	mosra	0	0.0	mosr	mosra		?	mosra	6.2.2	(friction ‘rub’)	x1 is friction [force opposing motion] due to contact/rubbing between x2 and x3; (fe) x2 rubs x3.
mosra	CACCA	5	mosra	CACCA	0	0	6	6	13	0	mosra	28.0	100.0	0.0	0.0	mosra	mosra	19	67.9	mosra	mosra		?	mosra	6.2.2	(friction ‘rub’)	x1 is friction [force opposing motion] due to contact/rubbing between x2 and x3; (fe) x2 rubs x3.
mraj	CCAC	4	mraji	CCACA	4	0	0	4	0	0	mraji	13.0	100.0	0.0	0.0	mraj	mraji	4	30.8	mraj	mraji		?	mraji	9.1.5	(rye)	x1 is a quantity of rye [grain] of species/strain x2.
mraji	CCACA	5	mraji	CCACA	0	0	1	1	8	0	mraji	13.0	100.0	0.0	0.0	mraji	mraji	9	69.2	mraji	mraji		?	mraji	9.1.5	(rye)	x1 is a quantity of rye [grain] of species/strain x2.
mri	CCA	3	mrilu	CCACA	100	37	414	551	0	0	mrilu	785.0	18.1	6.7	75.1	mri	mrilu	551	70.2	mri	mrilu	1 2 3	rafsi	mrilu	2.3	(mail)	x1 mails/posts [transfer via intermediary service] x2 to recipient address x3 from mailbox/post office/sender address x4 by carrier/network/system x5.
mril	CCAC	4	mrilu	CCACA	0	0	0	0	0	0	mrilu	785.0	18.1	6.7	75.1	mril	mrilu	0	0.0	mril	mrilu		?	mrilu	2.3	(mail)	x1 mails/posts [transfer via intermediary service] x2 to recipient address x3 from mailbox/post office/sender address x4 by carrier/network/system x5.
mrilu	CCACA	5	mrilu	CCACA	0	0	3	3	231	0	mrilu	785.0	18.1	6.7	75.1	mrilu	mrilu	234	29.8	mrilu	mrilu		?	mrilu	2.3	(mail)	x1 mails/posts [transfer via intermediary service] x2 to recipient address x3 from mailbox/post office/sender address x4 by carrier/network/system x5.
mru	CCA	3	mruli	CCACA	0	0	27	27	0	0	mruli	27.0	0.0	0.0	100.0	mru	mruli	27	100.0	mru	mruli	1 2 3	rafsi	mruli	13.3.1	(hammer)	x1 [tool] is a hammer for/hammers x2 [target] consisting of weight/head x3 propelled by x4.
mut	CAC	3	mucti	CACCA	117	3	0	120	0	0	mucti	120.0	97.5	2.5	0.0	mut	mucti	120	100.0	mut	mucti	1 2 4	rafsi	mucti	2.5	(immaterial)	x1 is immaterial/not physical/without material form.
mud	CAC	3	mudri	CACCA	45	3	0	48	0	0	mudri	188.0	93.8	6.3	0.0	mud	mudri	48	25.5	mud	mudri	1 2 3	rafsi	mudri	13.2.1	(wood ‘lumber’)	x1 is a quantity of/is made of/contains wood/lumber from tree(s) of type/species x2.
mudr	CACC	4	mudri	CACCA	0	0	0	0	0	0	mudri	188.0	93.8	6.3	0.0	mudr	mudri	0	0.0	mudr	mudri		?	mudri	13.2.1	(wood ‘lumber’)	x1 is a quantity of/is made of/contains wood/lumber from tree(s) of type/species x2.
mudri	CACCA	5	mudri	CACCA	0	0	24	24	116	0	mudri	188.0	93.8	6.3	0.0	mudri	mudri	140	74.5	mudri	mudri		?	mudri	13.2.1	(wood ‘lumber’)	x1 is a quantity of/is made of/contains wood/lumber from tree(s) of type/species x2.
mu'i	CAA	3	mukti	CACCA	0	0	68	68	0	913	mukti	1368.0	0.0	0.0	100.0	mu'i	mukti	981	71.7	mu'i	mukti	1 2 5	rafsi/cmavo	mukti	5.1	(motive)	x1 (action/event/state) motivates/is a motive/incentive for action/event x2, per volition of x3.
muk	CAC	3	mukti	CACCA	4	0	0	4	0	0	mukti	1368.0	0.0	0.0	100.0	muk	mukti	4	0.3	muk	mukti	1 2 3	rafsi	mukti	5.1	(motive)	x1 (action/event/state) motivates/is a motive/incentive for action/event x2, per volition of x3.
mukti	CACCA	5	mukti	CACCA	0	0	0	0	383	0	mukti	1368.0	0.0	0.0	100.0	mukti	mukti	383	28.0	mukti	mukti		?	mukti	5.1	(motive)	x1 (action/event/state) motivates/is a motive/incentive for action/event x2, per volition of x3.
mu'o	CAA	3	mulno	CACCA	4	0	29	33	0	397	mulno	1056.0	100.0	0.0	0.0	mu'o	mulno	430	40.7	mu'o	mulno	1 2 5	rafsi/cmavo	mulno	10.3	(complete)	x1 (event) is complete/done/finished; x1 (object) has become whole in property x2 by standard x3.
mul	CAC	3	mulno	CACCA	114	0	0	114	0	0	mulno	1056.0	100.0	0.0	0.0	mul	mulno	114	10.8	mul	mulno	1 2 3	rafsi	mulno	10.3	(complete)	x1 (event) is complete/done/finished; x1 (object) has become whole in property x2 by standard x3.
mulno	CACCA	5	mulno	CACCA	0	0	0	0	512	0	mulno	1056.0	100.0	0.0	0.0	mulno	mulno	512	48.5	mulno	mulno		?	mulno	10.3	(complete)	x1 (event) is complete/done/finished; x1 (object) has become whole in property x2 by standard x3.
mu'e	CAA	3	munje	CACCA	16	36	63	115	0	0	munje	570.0	13.9	31.3	54.8	mu'e	munje	115	20.2	mu'e	munje	1 2 5	rafsi/cmavo	munje	8.1	(universe)	x1 is a universe/cosmos [complete and ordered entirety] of domain/sphere x2 defined by rules x3.
muj	CAC	3	munje	CACCA	32	6	0	38	0	0	munje	570.0	13.9	31.3	54.8	muj	munje	38	6.7	muj	munje	1 2 4	rafsi	munje	8.1	(universe)	x1 is a universe/cosmos [complete and ordered entirety] of domain/sphere x2 defined by rules x3.
munj	CACC	4	munje	CACCA	0	0	0	0	0	0	munje	570.0	13.9	31.3	54.8	munj	munje	0	0.0	munj	munje		?	munje	8.1	(universe)	x1 is a universe/cosmos [complete and ordered entirety] of domain/sphere x2 defined by rules x3.
munje	CACCA	5	munje	CACCA	0	0	0	0	417	0	munje	570.0	13.9	31.3	54.8	munje	munje	417	73.2	munje	munje		?	munje	8.1	(universe)	x1 is a universe/cosmos [complete and ordered entirety] of domain/sphere x2 defined by rules x3.
mu'a	CAA	3	mupli	CACCA				0	0	301	mupli	649.0	0.0	0.0	100.0	mu'a	mupli	301	46.4	mu'a	mupli	1 2 	cmavo	mupli	1.1	(example)	x1 is an example/sample/specimen/instance/case/illustration of common property(s) x2 of set x3.
mu'u	CAA	3	mupli	CACCA				0	0	117	mupli	649.0	0.0	0.0	100.0	mu'u	mupli	117	18.0	mu'u	mupli	1 2 2	cmavo	mupli	1.1	(example)	x1 is an example/sample/specimen/instance/case/illustration of common property(s) x2 of set x3.
mup	CAC	3	mupli	CACCA	4	4	0	8	0	0	mupli	649.0	0.0	0.0	100.0	mup	mupli	8	1.2	mup	mupli	1 2 3	rafsi	mupli	1.1	(example)	x1 is an example/sample/specimen/instance/case/illustration of common property(s) x2 of set x3.
mupli	CACCA	5	mupli	CACCA	0	0	15	15	208	0	mupli	649.0	0.0	0.0	100.0	mupli	mupli	223	34.4	mupli	mupli		?	mupli	1.1	(example)	x1 is an example/sample/specimen/instance/case/illustration of common property(s) x2 of set x3.
murs	CACC	4	murse	CACCA	3	0	0	3	0	0	murse	79.0	0.0	0.0	100.0	murs	murse	3	3.8	murs	murse		?	murse	4.1	(glimmering)	x1 is the [astronomical] twilight/dawn/dusk/half-light/glimmering of day x2 at location x3.
murse	CACCA	5	murse	CACCA	0	0	27	27	49	0	murse	79.0	0.0	0.0	100.0	murse	murse	76	96.2	murse	murse		?	murse	4.1	(glimmering)	x1 is the [astronomical] twilight/dawn/dusk/half-light/glimmering of day x2 at location x3.
mu'a	CAA	3	murta	CACCA	0	0	5	5	0	0	murta	16.0	0.0	0.0	100.0	mu'a	murta	5	31.3	mu'a	murta	1 2 5	rafsi/cmavo	murta	13.3.1	(curtain)	x1 is a curtain/blinds/drapes for covering/obscuring aperture x2, and made of material x3.
mur	CAC	3	murta	CACCA	2	0	0	2	0	0	murta	16.0	0.0	0.0	100.0	mur	murta	2	12.5	mur	murta	1 2 3	rafsi	murta	13.3.1	(curtain)	x1 is a curtain/blinds/drapes for covering/obscuring aperture x2, and made of material x3.
murta	CACCA	5	murta	CACCA	0	0	0	0	9	0	murta	16.0	0.0	0.0	100.0	murta	murta	9	56.3	murta	murta		?	murta	13.3.1	(curtain)	x1 is a curtain/blinds/drapes for covering/obscuring aperture x2, and made of material x3.
mus	CAC	3	muslo	CACCA	5	0	0	5	0	0	muslo	29.0	100.0	0.0	0.0	mus	muslo	5	17.2	mus	muslo	1 2 3	rafsi	muslo	12.5.1	(Islamic)	
muslo	CACCA	5	muslo	CACCA	0	0	1	1	23	0	muslo	29.0	100.0	0.0	0.0	muslo	muslo	24	82.8	muslo	muslo		?	muslo	12.5.1	(Islamic)	
mutc	CACC	4	mutce	CACCA	0	0	0	0	0	0	mutce	2449.0	62.6	2.9	34.5	mutc	mutce	0	0.0	mutc	mutce		?	mutce	1.5	(much)	x1 is much/extreme in property x2 (ka), towards x3 extreme/direction; x1 is, in x2, very x3.
mutce	CACCA	5	mutce	CACCA	6	0	0	6	1587	0	mutce	2449.0	62.6	2.9	34.5	mutce	mutce	1593	65.0	mutce	mutce		?	mutce	1.5	(much)	x1 is much/extreme in property x2 (ka), towards x3 extreme/direction; x1 is, in x2, very x3.
tce	CCA	3	mutce	CACCA	536	25	295	856	0	0	mutce	2449.0	62.6	2.9	34.5	tce	mutce	856	35.0	tce	mutce	3 4 5	rafsi	mutce	1.5	(much)	x1 is much/extreme in property x2 (ka), towards x3 extreme/direction; x1 is, in x2, very x3.
mu'u	CAA	3	muvdu	CACCA	25	2	153	180	0	0	muvdu	720.0	13.9	1.1	85.0	mu'u	muvdu	180	25.0	mu'u	muvdu	1 25 25	rafsi/cmavo	muvdu	6.2.1	(move)	x1 (object) moves to destination/receiver x2 [away] from origin x3 over path/route x4.
muv	CAC	3	muvdu	CACCA	68	29	0	97	0	0	muvdu	720.0	13.9	1.1	85.0	muv	muvdu	97	13.5	muv	muvdu	1 25 3	rafsi	muvdu	6.2.1	(move)	x1 (object) moves to destination/receiver x2 [away] from origin x3 over path/route x4.
muvd	CACC	4	muvdu	CACCA	0	0	0	0	0	0	muvdu	720.0	13.9	1.1	85.0	muvd	muvdu	0	0.0	muvd	muvdu		?	muvdu	6.2.1	(move)	x1 (object) moves to destination/receiver x2 [away] from origin x3 over path/route x4.
muvdu	CACCA	5	muvdu	CACCA	0	0	4	4	439	0	muvdu	720.0	13.9	1.1	85.0	muvdu	muvdu	443	61.5	muvdu	muvdu		?	muvdu	6.2.1	(move)	x1 (object) moves to destination/receiver x2 [away] from origin x3 over path/route x4.
muz	CAC	3	muzga	CACCA	2	0	0	2	0	0	muzga	25.0	0.0	0.0	100.0	muz	muzga	2	8.0	muz	muzga	1 2 3	rafsi	muzga	12.6	(museum)	x1 is a museum for preserving [and possibly exhibiting] x2 at location x3.
muzga	CACCA	5	muzga	CACCA	0	0	4	4	19	0	muzga	25.0	0.0	0.0	100.0	muzga	muzga	23	92.0	muzga	muzga		?	muzga	12.6	(museum)	x1 is a museum for preserving [and possibly exhibiting] x2 at location x3.
nabmi	CACCA	5	nabmi	CACCA	0	0	9	9	223	0	nabmi	240.0	0.0	0.0	100.0	nabmi	nabmi	232	96.7	nabmi	nabmi		?	nabmi	2.5	(problem)	x1 (event/state) is a problem to/encountered by x2 in situation/task/inquiry x3.
nam	CAC	3	nabmi	CACCA	8	0	0	8	0	0	nabmi	240.0	0.0	0.0	100.0	nam	nabmi	8	3.3	nam	nabmi	1 2 4	rafsi	nabmi	2.5	(problem)	x1 (event/state) is a problem to/encountered by x2 in situation/task/inquiry x3.
nak	CAC	3	nakni	CACCA	38	0	0	38	0	0	nakni	123.0	100.0	0.0	0.0	nak	nakni	38	30.9	nak	nakni	14 2 3	rafsi	nakni	9.3.2	(male ‘masculine’)	x1 is a male/buck of species x2 evidencing masculine trait(s) x3 (ka); x1 is masculine.
nakn	CACC	4	nakni	CACCA	0	0	0	0	0	0	nakni	123.0	100.0	0.0	0.0	nakn	nakni	0	0.0	nakn	nakni		?	nakni	9.3.2	(male ‘masculine’)	x1 is a male/buck of species x2 evidencing masculine trait(s) x3 (ka); x1 is masculine.
nakni	CACCA	5	nakni	CACCA	0	0	4	4	81	0	nakni	123.0	100.0	0.0	0.0	nakni	nakni	85	69.1	nakni	nakni		?	nakni	9.3.2	(male ‘masculine’)	x1 is a male/buck of species x2 evidencing masculine trait(s) x3 (ka); x1 is masculine.
na'i	CAA	3	nalci	CACCA	4	1	19	24	0	0	nalci	132.0	16.7	4.2	79.2	na'i	nalci	24	18.2	na'i	nalci	1 2 5	rafsi/cmavo	nalci	9.2.3	(wing)	x1 is a/the wing [body-part] of x2; [metaphor: lateral supporting surface].
nalci	CACCA	5	nalci	CACCA	0	0	0	0	108	0	nalci	132.0	16.7	4.2	79.2	nalci	nalci	108	81.8	nalci	nalci		?	nalci	9.2.3	(wing)	x1 is a/the wing [body-part] of x2; [metaphor: lateral supporting surface].
na'u	CAA	3	namcu	CACCA	8	0	36	44	0	0	namcu	425.0	93.3	6.7	0.0	na'u	namcu	44	10.4	na'u	namcu	1 2 5	rafsi/cmavo	namcu	1.6	(number)	x1 (li) is a number/quantifier/digit/value/figure (noun); refers to the value and not the symbol.
nac	CAC	3	namcu	CACCA	70	5	0	75	0	0	namcu	425.0	93.3	6.7	0.0	nac	namcu	75	17.6	nac	namcu	1 2 4	rafsi	namcu	1.6	(number)	x1 (li) is a number/quantifier/digit/value/figure (noun); refers to the value and not the symbol.
namcu	CACCA	5	namcu	CACCA	0	0	0	0	306	0	namcu	425.0	93.3	6.7	0.0	namcu	namcu	306	72.0	namcu	namcu		?	namcu	1.6	(number)	x1 (li) is a number/quantifier/digit/value/figure (noun); refers to the value and not the symbol.
nab	CAC	3	nanba	CACCA	13	0	0	13	0	0	nanba	153.0	0.0	0.0	100.0	nab	nanba	13	8.5	nab	nanba	13 25 4	rafsi	nanba	13.2.3	(bread)	x1 is a quantity of/contains bread [leavened or unleavened] made from grains x2.
nanba	CACCA	5	nanba	CACCA	0	0	64	64	76	0	nanba	153.0	0.0	0.0	100.0	nanba	nanba	140	91.5	nanba	nanba		?	nanba	13.2.3	(bread)	x1 is a quantity of/contains bread [leavened or unleavened] made from grains x2.
na'a	CAA	3	nanca	CACCA	20	16	190	226	0	0	nanca	908.0	8.8	7.1	84.1	na'a	nanca	226	24.9	na'a	nanca	13 25 25	rafsi/cmavo	nanca	4.2	(year)	x1 is x2 years in duration (default is 1 year) by standard x3; (adjective:) x1 is annual.
nanca	CACCA	5	nanca	CACCA	0	0	0	0	682	0	nanca	908.0	8.8	7.1	84.1	nanca	nanca	682	75.1	nanca	nanca		?	nanca	4.2	(year)	x1 is x2 years in duration (default is 1 year) by standard x3; (adjective:) x1 is annual.
nad	CAC	3	nandu	CACCA	44	0	0	44	0	0	nandu	582.0	100.0	0.0	0.0	nad	nandu	44	7.6	nad	nandu	13 2 4	rafsi	nandu	5.2	(difficult ‘hard’)	x1 is difficult/hard/challenging for x2 under conditions x3; x1 challenges (non-agentive) x2.
nandu	CACCA	5	nandu	CACCA	0	0	22	22	516	0	nandu	582.0	100.0	0.0	0.0	nandu	nandu	538	92.4	nandu	nandu		?	nandu	5.2	(difficult ‘hard’)	x1 is difficult/hard/challenging for x2 under conditions x3; x1 challenges (non-agentive) x2.
nanla	CACCA	5	nanla	CACCA	0	0	53	53	216	0	nanla	269.0	0.0	0.0	100.0	nanla	nanla	269	100.0	nanla	nanla		?	nanla	11.1	(boy ‘lad’)	x1 is a boy/lad [young male person] of age x2 immature by standard x3.
nanmu	CACCA	5	nanmu	CACCA	0	0	0	0	3587	0	nanmu	3757.0	10.0	0.6	89.4	nanmu	nanmu	3587	95.5	nanmu	nanmu		?	nanmu	11.1	(man)	x1 is a man/men; x1 is a male humanoid person [not necessarily adult].
nau	CAA	3	nanmu	CACCA	17	1	152	170	0	0	nanmu	3757.0	10.0	0.6	89.4	nau	nanmu	170	4.5	nau	nanmu	13 2 5	rafsi/cmavo	nanmu	11.1	(man)	x1 is a man/men; x1 is a male humanoid person [not necessarily adult].
nanvi	CACCA	5	nanvi	CACCA	0	0	2	2	5	0	nanvi	7.0	0.0	0.0	100.0	nanvi	nanvi	7	100.0	nanvi	nanvi		?	nanvi	7.4.3	(1E-9 metric ‘nano’)	
nag	CAC	3	narge	CACCA	3	0	0	3	0	0	narge	92.0	0.0	0.0	100.0	nag	narge	3	3.3	nag	narge	1 2 4	rafsi	narge	9.1.1	(nut)	x1 is a nut [body-part: hard-shelled fruit] from plant/species x2 with shell x3 and kernel x4.
narge	CACCA	5	narge	CACCA	0	0	18	18	71	0	narge	92.0	0.0	0.0	100.0	narge	narge	89	96.7	narge	narge		?	narge	9.1.1	(nut)	x1 is a nut [body-part: hard-shelled fruit] from plant/species x2 with shell x3 and kernel x4.
naj	CAC	3	narju	CACCA	2	0	0	2	0	0	narju	2.0	100.0	0.0	0.0	naj	narju	2	100.0	naj	narju	1 2 4	rafsi	narju	9.4.2	(orange)	x1 is orange [color adjective].
na'e	CAA	3	natfe	CACCA	0	3	19	22	0	0	natfe	104.0	0.0	13.6	86.4	na'e	natfe	22	21.2	na'e	natfe	1 2 5	rafsi/cmavo	natfe	2.5	(deny)	x1 (du'u) contradicts/denies/refutes/negates x2 (du'u) under rules/logic x3.
naf	CAC	3	natfe	CACCA	10	4	0	14	0	0	natfe	104.0	0.0	13.6	86.4	naf	natfe	14	13.5	naf	natfe	1 2 4	rafsi	natfe	2.5	(deny)	x1 (du'u) contradicts/denies/refutes/negates x2 (du'u) under rules/logic x3.
natfe	CACCA	5	natfe	CACCA	0	0	0	0	68	0	natfe	104.0	0.0	13.6	86.4	natfe	natfe	68	65.4	natfe	natfe		?	natfe	2.5	(deny)	x1 (du'u) contradicts/denies/refutes/negates x2 (du'u) under rules/logic x3.
nai	CAA	3	natmi	CACCA	69	4	38	111	0	0	natmi	216.0	62.2	3.6	34.2	nai	natmi	111	51.4	nai	natmi	1 2 5	rafsi/cmavo	natmi	12.1	(nation)	x1 is a nation/ethnic group of peoples x2; [people sharing a history/culture].
nat	CAC	3	natmi	CACCA	2	0	0	2	0	0	natmi	216.0	62.2	3.6	34.2	nat	natmi	2	0.9	nat	natmi	1 2 3	rafsi	natmi	12.1	(nation)	x1 is a nation/ethnic group of peoples x2; [people sharing a history/culture].
natm	CACC	4	natmi	CACCA	0	0	0	0	0	0	natmi	216.0	62.2	3.6	34.2	natm	natmi	0	0.0	natm	natmi		?	natmi	12.1	(nation)	x1 is a nation/ethnic group of peoples x2; [people sharing a history/culture].
natmi	CACCA	5	natmi	CACCA	0	0	0	0	103	0	natmi	216.0	62.2	3.6	34.2	natmi	natmi	103	47.7	natmi	natmi		?	natmi	12.1	(nation)	x1 is a nation/ethnic group of peoples x2; [people sharing a history/culture].
navni	CACCA	5	navni	CACCA	0	0	1	1	11	0	navni	12.0	0.0	0.0	100.0	navni	navni	12	100.0	navni	navni		?	navni	7.5.4	(neon)	x1 is a quantity of/contains/is made of inert gas of type x2 [neon/argon/radon/xenon/krypton].
xle	CCA	3	naxle	CACCA	7	0	3	10	0	0	naxle	10.0	70.0	0.0	30.0	xle	naxle	10	100.0	xle	naxle	3 4 5	rafsi	naxle	13.5	(canal)	x1 is a canal/channel to x2 from x3 with route x4.
naz	CAC	3	nazbi	CACCA	1	0	0	1	0	0	nazbi	129.0	17.5	0.0	82.5	naz	nazbi	1	0.8	naz	nazbi	1 2 3	rafsi	nazbi	9.2.3	(nose ‘nasal’)	x1 is the nose [body-part] of x2 with nostril(s)/nasal passage(s) x3; [metaphor: protrusion].
nazb	CACC	4	nazbi	CACCA	0	0	0	0	0	0	nazbi	129.0	17.5	0.0	82.5	nazb	nazbi	0	0.0	nazb	nazbi		?	nazbi	9.2.3	(nose ‘nasal’)	x1 is the nose [body-part] of x2 with nostril(s)/nasal passage(s) x3; [metaphor: protrusion].
nazbi	CACCA	5	nazbi	CACCA	0	0	0	0	71	0	nazbi	129.0	17.5	0.0	82.5	nazbi	nazbi	71	55.0	nazbi	nazbi		?	nazbi	9.2.3	(nose ‘nasal’)	x1 is the nose [body-part] of x2 with nostril(s)/nasal passage(s) x3; [metaphor: protrusion].
zbi	CCA	3	nazbi	CACCA	10	0	47	57	0	0	nazbi	129.0	17.5	0.0	82.5	zbi	nazbi	57	44.2	zbi	nazbi	3 4 5	rafsi	nazbi	9.2.3	(nose ‘nasal’)	x1 is the nose [body-part] of x2 with nostril(s)/nasal passage(s) x3; [metaphor: protrusion].
nejni	CACCA	5	nejni	CACCA	0	0	8	8	26	0	nejni	57.0	47.8	52.2	0.0	nejni	nejni	34	59.6	nejni	nejni		?	nejni	7.2	(energy)	x1 is energy of type x2 in form x3.
nen	CAC	3	nejni	CACCA	11	12	0	23	0	0	nejni	57.0	47.8	52.2	0.0	nen	nejni	23	40.4	nen	nejni	14 2 14	rafsi	nejni	7.2	(energy)	x1 is energy of type x2 in form x3.
nei	CAA	3	nelci	CACCA	56	20	365	441	0	0	nelci	1856.0	12.7	4.5	82.8	nei	nelci	441	23.8	nei	nelci	1 2 5	rafsi/cmavo	nelci	10.2	(fond ‘likes’)	x1 is fond of/likes/has a taste for x2 (object/state).
nel	CAC	3	nelci	CACCA	17	0	0	17	0	0	nelci	1856.0	12.7	4.5	82.8	nel	nelci	17	0.9	nel	nelci	1 2 3	rafsi	nelci	10.2	(fond ‘likes’)	x1 is fond of/likes/has a taste for x2 (object/state).
nelc	CACC	4	nelci	CACCA	0	0	0	0	0	0	nelci	1856.0	12.7	4.5	82.8	nelc	nelci	0	0.0	nelc	nelci		?	nelci	10.2	(fond ‘likes’)	x1 is fond of/likes/has a taste for x2 (object/state).
nelci	CACCA	5	nelci	CACCA	0	0	12	12	1386	0	nelci	1856.0	12.7	4.5	82.8	nelci	nelci	1398	75.3	nelci	nelci		?	nelci	10.2	(fond ‘likes’)	x1 is fond of/likes/has a taste for x2 (object/state).
ne'i	CAA	3	nenri	CACCA	3	0	48	51	0	675	nenri	2057.0	96.2	3.8	0.0	ne'i	nenri	726	35.3	ne'i	nenri	13 2 5	rafsi/cmavo	nenri	3.1	(in ‘inner’)	x1 is in/inside/within x2; x1 is on the inside/interior of x2 [totally within the bounds of x2].
nenr	CACC	4	nenri	CACCA	0	0	0	0	0	0	nenri	2057.0	96.2	3.8	0.0	nenr	nenri	0	0.0	nenr	nenri		?	nenri	3.1	(in ‘inner’)	x1 is in/inside/within x2; x1 is on the inside/interior of x2 [totally within the bounds of x2].
nenri	CACCA	5	nenri	CACCA	0	0	0	0	958	0	nenri	2057.0	96.2	3.8	0.0	nenri	nenri	958	46.6	nenri	nenri		?	nenri	3.1	(in ‘inner’)	x1 is in/inside/within x2; x1 is on the inside/interior of x2 [totally within the bounds of x2].
ner	CAC	3	nenri	CACCA	359	14	0	373	0	0	nenri	2057.0	96.2	3.8	0.0	ner	nenri	373	18.1	ner	nenri	13 2 4	rafsi	nenri	3.1	(in ‘inner’)	x1 is in/inside/within x2; x1 is on the inside/interior of x2 [totally within the bounds of x2].
ni'i	CAA	3	nibli	CACCA	4	0	27	31	0	149	nibli	527.0	12.9	0.0	87.1	ni'i	nibli	180	34.2	ni'i	nibli	1 25 25	rafsi/cmavo	nibli	5.1	(necessitate)	x1 logically necessitates/entails/implies action/event/state x2 under rules/logic system x3.
nib	CAC	3	nibli	CACCA	8	0	0	8	0	0	nibli	527.0	12.9	0.0	87.1	nib	nibli	8	1.5	nib	nibli	1 25 3	rafsi	nibli	5.1	(necessitate)	x1 logically necessitates/entails/implies action/event/state x2 under rules/logic system x3.
nibli	CACCA	5	nibli	CACCA	2	0	0	2	337	0	nibli	527.0	12.9	0.0	87.1	nibli	nibli	339	64.3	nibli	nibli		?	nibli	5.1	(necessitate)	x1 logically necessitates/entails/implies action/event/state x2 under rules/logic system x3.
cte	CCA	3	nicte	CACCA	37	0	97	134	0	0	nicte	350.0	27.6	0.0	72.4	cte	nicte	134	38.3	cte	nicte	3 4 5	rafsi	nicte	4.1	(night)	x1 is a nighttime of day x2 at location x3; (adjective:) x1 is at night/nocturnal.
nicte	CACCA	5	nicte	CACCA	0	0	0	0	216	0	nicte	350.0	27.6	0.0	72.4	nicte	nicte	216	61.7	nicte	nicte		?	nicte	4.1	(night)	x1 is a nighttime of day x2 at location x3; (adjective:) x1 is at night/nocturnal.
nikle	CACCA	5	nikle	CACCA				0	5	0	nikle	5.0				nikle	nikle	5	100.0	nikle	nikle		?	nikle	7.5.4	(nickel)	x1 is made of/contains/is a quantity of nickel/other metal resistant to oxidation.
ni'e	CAA	3	nilce	CACCA	0	0	4	4	0	0	nilce	4.0	0.0	0.0	100.0	ni'e	nilce	4	100.0	ni'e	nilce	1 2 5	rafsi/cmavo	nilce	13.6	(furniture)	x1 [furniture items] furnishes x2 [location] serving purpose/function x3.
nimre	CACCA	5	nimre	CACCA	0	0	7	7	15	0	nimre	22.0	0.0	0.0	100.0	nimre	nimre	22	100.0	nimre	nimre		?	nimre	9.1.3	(citrus ‘lime’)	x1 is a quantity of citrus [fruit/tree, etc.] of species/strain x2.
ni'u	CAA	3	ninmu	CACCA	0	0	37	37	0	0	ninmu	108.0	90.1	9.9	0.0	ni'u	ninmu	37	34.3	ni'u	ninmu	13 2 5	rafsi/cmavo	ninmu	11.1	(woman ‘women’)	x1 is a woman/women; x1 is a female humanoid person [not necessarily adult].
nim	CAC	3	ninmu	CACCA	64	7	0	71	0	0	ninmu	108.0	90.1	9.9	0.0	nim	ninmu	71	65.7	nim	ninmu	13 2 4	rafsi	ninmu	11.1	(woman ‘women’)	x1 is a woman/women; x1 is a female humanoid person [not necessarily adult].
nir	CAC	3	nirna	CACCA	13	1	0	14	0	0	nirna	76.0	0.0	0.0	100.0	nir	nirna	14	18.4	nir	nirna	14 2 3	rafsi	nirna	9.2.5	(nerve)	x1 is a nerve/neuron [body-part] of x2; [metaphor: information/control network connection].
nirna	CACCA	5	nirna	CACCA	0	0	16	16	46	0	nirna	76.0	0.0	0.0	100.0	nirna	nirna	62	81.6	nirna	nirna		?	nirna	9.2.5	(nerve)	x1 is a nerve/neuron [body-part] of x2; [metaphor: information/control network connection].
nitc	CACC	4	nitcu	CACCA	0	0	0	0	0	0	nitcu	1652.0	32.3	0.0	67.7	nitc	nitcu	0	0.0	nitc	nitcu		?	nitcu	5.1	(need)	x1 needs/requires/is dependent on/[wants] necessity x2 for purpose/action/stage of process x3.
nitcu	CACCA	5	nitcu	CACCA	0	0	0	0	1590	0	nitcu	1652.0	32.3	0.0	67.7	nitcu	nitcu	1590	96.2	nitcu	nitcu		?	nitcu	5.1	(need)	x1 needs/requires/is dependent on/[wants] necessity x2 for purpose/action/stage of process x3.
tcu	CCA	3	nitcu	CACCA	20	0	42	62	0	0	nitcu	1652.0	32.3	0.0	67.7	tcu	nitcu	62	3.8	tcu	nitcu	3 4 5	rafsi	nitcu	5.1	(need)	x1 needs/requires/is dependent on/[wants] necessity x2 for purpose/action/stage of process x3.
nivji	CACCA	5	nivji	CACCA	0	0	2	2	17	0	nivji	19.0	0.0	0.0	100.0	nivji	nivji	19	100.0	nivji	nivji		?	nivji	13.1	(knit)	x1 (agent) knits x2 [cloth/object] from yarn/thread x3.
nixli	CACCA	5	nixli	CACCA	0	0	0	0	204	0	nixli	476.0	5.1	0.0	94.9	nixli	nixli	204	42.9	nixli	nixli		?	nixli	11.1	(girl)	x1 is a girl [young female person] of age x2 immature by standard x3.
xli	CCA	3	nixli	CACCA	14	0	258	272	0	0	nixli	476.0	5.1	0.0	94.9	xli	nixli	272	57.1	xli	nixli	3 4 25	rafsi	nixli	11.1	(girl)	x1 is a girl [young female person] of age x2 immature by standard x3.
no'i	CAA	3	nobli	CACCA	0	0	52	52	0	0	nobli	755.0	96.3	3.7	0.0	no'i	nobli	52	6.9	no'i	nobli	1 2 5	rafsi/cmavo	nobli	11.2	(noble)	x1 is noble/aristocratic/elite/high-born/titled in/under culture/society/standard x2.
nobli	CACCA	5	nobli	CACCA	0	0	0	0	129	0	nobli	755.0	96.3	3.7	0.0	nobli	nobli	129	17.1	nobli	nobli		?	nobli	11.2	(noble)	x1 is noble/aristocratic/elite/high-born/titled in/under culture/society/standard x2.
nol	CAC	3	nobli	CACCA	553	21	0	574	0	0	nobli	755.0	96.3	3.7	0.0	nol	nobli	574	76.0	nol	nobli	1 2 4	rafsi	nobli	11.2	(noble)	x1 is noble/aristocratic/elite/high-born/titled in/under culture/society/standard x2.
noi	CAA	3	notci	CACCA	26	3	77	106	0	0	notci	586.0	24.5	2.8	72.6	noi	notci	106	18.1	noi	notci	1 2 5	rafsi/cmavo	notci	2.3	(message ‘note’)	x1 is a message/notice/memorandum about subject x2 from author x3 to intended audience x4.
not	CAC	3	notci	CACCA	79	0	0	79	0	0	notci	586.0	24.5	2.8	72.6	not	notci	79	13.5	not	notci	1 2 3	rafsi	notci	2.3	(message ‘note’)	x1 is a message/notice/memorandum about subject x2 from author x3 to intended audience x4.
notci	CACCA	5	notci	CACCA	0	0	0	0	401	0	notci	586.0	24.5	2.8	72.6	notci	notci	401	68.4	notci	notci		?	notci	2.3	(message ‘note’)	x1 is a message/notice/memorandum about subject x2 from author x3 to intended audience x4.
nukni	CACCA	5	nukni	CACCA				0	55	0	nukni	55.0				nukni	nukni	55	100.0	nukni	nukni		?	nukni	9.4.2	(magenta ‘fuchsin’)	x1 is magenta/fuchsia/purplish-red [color adjective].
nu'e	CAA	3	nupre	CACCA	0	0	9	9	0	19	nupre	125.0	100.0	0.0	0.0	nu'e	nupre	28	22.4	nu'e	nupre	1 2 5	rafsi/cmavo	nupre	2.4	(promise)	x1 (agent) promises/commits/assures/threatens x2 (event/state) to x3 [beneficiary/victim].
nup	CAC	3	nupre	CACCA	24	0	0	24	0	0	nupre	125.0	100.0	0.0	0.0	nup	nupre	24	19.2	nup	nupre	1 2 3	rafsi	nupre	2.4	(promise)	x1 (agent) promises/commits/assures/threatens x2 (event/state) to x3 [beneficiary/victim].
nupr	CACC	4	nupre	CACCA	0	0	0	0	0	0	nupre	125.0	100.0	0.0	0.0	nupr	nupre	0	0.0	nupr	nupre		?	nupre	2.4	(promise)	x1 (agent) promises/commits/assures/threatens x2 (event/state) to x3 [beneficiary/victim].
nupre	CACCA	5	nupre	CACCA	0	0	0	0	73	0	nupre	125.0	100.0	0.0	0.0	nupre	nupre	73	58.4	nupre	nupre		?	nupre	2.4	(promise)	x1 (agent) promises/commits/assures/threatens x2 (event/state) to x3 [beneficiary/victim].
num	CAC	3	nurma	CACCA	3	0	0	3	0	0	nurma	42.0	100.0	0.0	0.0	num	nurma	3	7.1	num	nurma	1 2 4	rafsi	nurma	12.2	(rural)	x1 is a rural/rustic/pastoral area of x2; x1 is in the country.
nurma	CACCA	5	nurma	CACCA	0	0	1	1	38	0	nurma	42.0	100.0	0.0	0.0	nurma	nurma	39	92.9	nurma	nurma		?	nurma	12.2	(rural)	x1 is a rural/rustic/pastoral area of x2; x1 is in the country.
nu'i	CAA	3	nutli	CACCA	0	0	23	23	0	0	nutli	61.0	0.0	0.0	100.0	nu'i	nutli	23	37.7	nu'i	nutli	1 2 5	rafsi/cmavo	nutli	5.3.2	(neutral)	x1 is neutral/not taking sides/medial/not towards any extreme on scale/in dissension x2.
nul	CAC	3	nutli	CACCA	0	5	0	5	0	0	nutli	61.0	0.0	0.0	100.0	nul	nutli	5	8.2	nul	nutli	1 2 4	rafsi	nutli	5.3.2	(neutral)	x1 is neutral/not taking sides/medial/not towards any extreme on scale/in dissension x2.
nutli	CACCA	5	nutli	CACCA	0	0	0	0	33	0	nutli	61.0	0.0	0.0	100.0	nutli	nutli	33	54.1	nutli	nutli		?	nutli	5.3.2	(neutral)	x1 is neutral/not taking sides/medial/not towards any extreme on scale/in dissension x2.
nuz	CAC	3	nuzba	CACCA	15	0	0	15	0	0	nuzba	271.0	0.0	0.0	100.0	nuz	nuzba	15	5.5	nuz	nuzba	1 2 3	rafsi	nuzba	2.5	(news)	x1 (du'u) is news/tidings/new information about subject x2 from source x3, to observer x4.
nuzba	CACCA	5	nuzba	CACCA	0	0	21	21	235	0	nuzba	271.0	0.0	0.0	100.0	nuzba	nuzba	256	94.5	nuzba	nuzba		?	nuzba	2.5	(news)	x1 (du'u) is news/tidings/new information about subject x2 from source x3, to observer x4.
pa'a	CAA	3	pacna	CACCA	27	0	22	49	0	0	pacna	348.0	55.1	0.0	44.9	pa'a	pacna	49	14.1	pa'a	pacna	1 25 25	rafsi/cmavo	pacna	10.2	(hope)	x1 hopes/wishes for/desires x2 (event), expected likelihood x3 (0-1); x1 hopes that x2 happens.
pacn	CACC	4	pacna	CACCA	0	0	0	0	0	0	pacna	348.0	55.1	0.0	44.9	pacn	pacna	0	0.0	pacn	pacna		?	pacna	10.2	(hope)	x1 hopes/wishes for/desires x2 (event), expected likelihood x3 (0-1); x1 hopes that x2 happens.
pacna	CACCA	5	pacna	CACCA	2	0	2	4	295	0	pacna	348.0	55.1	0.0	44.9	pacna	pacna	299	85.9	pacna	pacna		?	pacna	10.2	(hope)	x1 hopes/wishes for/desires x2 (event), expected likelihood x3 (0-1); x1 hopes that x2 happens.
pa'u	CAA	3	pagbu	CACCA				0	0	15	pagbu	532.0	12.5	3.9	83.6	pa'u	pagbu	15	2.8	pa'u	pagbu	1 2 5	cmavo	pagbu	1.1	(part)	x1 is a part/component/piece/portion/segment of x2 [where x2 is a whole/mass]; x2 is partly x1.
pag	CAC	3	pagbu	CACCA	2	0	0	2	0	0	pagbu	532.0	12.5	3.9	83.6	pag	pagbu	2	0.4	pag	pagbu	1 2 3	rafsi	pagbu	1.1	(part)	x1 is a part/component/piece/portion/segment of x2 [where x2 is a whole/mass]; x2 is partly x1.
pagb	CACC	4	pagbu	CACCA	0	0	0	0	0	0	pagbu	532.0	12.5	3.9	83.6	pagb	pagbu	0	0.0	pagb	pagbu		?	pagbu	1.1	(part)	x1 is a part/component/piece/portion/segment of x2 [where x2 is a whole/mass]; x2 is partly x1.
pagbu	CACCA	5	pagbu	CACCA	0	0	0	0	387	0	pagbu	532.0	12.5	3.9	83.6	pagbu	pagbu	387	72.7	pagbu	pagbu		?	pagbu	1.1	(part)	x1 is a part/component/piece/portion/segment of x2 [where x2 is a whole/mass]; x2 is partly x1.
pau	CAA	3	pagbu	CACCA	16	5	107	128	0	0	pagbu	532.0	12.5	3.9	83.6	pau	pagbu	128	24.1	pau	pagbu	1 2 5	rafsi/cmavo	pagbu	1.1	(part)	x1 is a part/component/piece/portion/segment of x2 [where x2 is a whole/mass]; x2 is partly x1.
gre	CCA	3	pagre	CACCA	65	5	51	121	0	0	pagre	452.0	53.7	4.1	42.1	gre	pagre	121	26.8	gre	pagre	3 4 5	rafsi	pagre	6.1.2	(pass through)	x1 passes through/penetrates barrier/medium/portal x2 to destination side x3 from origin side x4.
pa'o	CAA	3	pagre	CACCA				0	0	101	pagre	452.0	53.7	4.1	42.1	pa'o	pagre	101	22.3	pa'o	pagre	1 2 	cmavo	pagre	6.1.2	(pass through)	x1 passes through/penetrates barrier/medium/portal x2 to destination side x3 from origin side x4.
pagr	CACC	4	pagre	CACCA	0	0	0	0	0	0	pagre	452.0	53.7	4.1	42.1	pagr	pagre	0	0.0	pagr	pagre		?	pagre	6.1.2	(pass through)	x1 passes through/penetrates barrier/medium/portal x2 to destination side x3 from origin side x4.
pagre	CACCA	5	pagre	CACCA	0	0	0	0	230	0	pagre	452.0	53.7	4.1	42.1	pagre	pagre	230	50.9	pagre	pagre		?	pagre	6.1.2	(pass through)	x1 passes through/penetrates barrier/medium/portal x2 to destination side x3 from origin side x4.
pa'e	CAA	3	pajni	CACCA				0	0	23	pajni	130.0	25.2	1.9	72.9	pa'e	pajni	23	17.7	pa'e	pajni	1 2 	cmavo	pajni	11.2.2	(judge)	x1 judges/referees/arbitrates/is a judge determining/deciding matter x2 (abstract).
pai	CAA	3	pajni	CACCA	27	2	78	107	0	0	pajni	130.0	25.2	1.9	72.9	pai	pajni	107	82.3	pai	pajni	1 2 5	rafsi/cmavo	pajni	11.2.2	(judge)	x1 judges/referees/arbitrates/is a judge determining/deciding matter x2 (abstract).
pac	CAC	3	palci	CACCA	38	0	0	38	0	0	palci	215.0	100.0	0.0	0.0	pac	palci	38	17.7	pac	palci	1 2 4	rafsi	palci	10.3	(evil)	x1 is evil/depraved/wicked [morally bad] by standard x2.
palci	CACCA	5	palci	CACCA	2	0	3	5	172	0	palci	215.0	100.0	0.0	0.0	palci	palci	177	82.3	palci	palci		?	palci	10.3	(evil)	x1 is evil/depraved/wicked [morally bad] by standard x2.
pak	CAC	3	palku	CACCA	2	0	0	2	0	0	palku	30.0	100.0	0.0	0.0	pak	palku	2	6.7	pak	palku	1 2 4	rafsi	palku	13.7	(pants)	x1 are pants/trousers/slacks/leggings [legged garment] of material x2.
palku	CACCA	5	palku	CACCA	0	0	2	2	26	0	palku	30.0	100.0	0.0	0.0	palku	palku	28	93.3	palku	palku		?	palku	13.7	(pants)	x1 are pants/trousers/slacks/leggings [legged garment] of material x2.
palne	CACCA	5	palne	CACCA	0	0	2	2	0	0	palne	2.0	0.0	0.0	100.0	palne	palne	2	100.0	palne	palne		?	palne	13.3.2	(tray ‘pan, platter’)	x1 is a tray/platter/flat container [pan/sheet/griddle] of contents x2, and made of material x3.
palt	CACC	4	palta	CACCA	17	0	0	17	0	0	palta	44.0	100.0	0.0	0.0	palt	palta	17	38.6	palt	palta		?	palta	13.3.2	(plate ‘platter’)	x1 is a plate/dish/platter/saucer [flat/mildly concave food service bed] made of material x2.
palta	CACCA	5	palta	CACCA	0	0	7	7	20	0	palta	44.0	100.0	0.0	0.0	palta	palta	27	61.4	palta	palta		?	palta	13.3.2	(plate ‘platter’)	x1 is a plate/dish/platter/saucer [flat/mildly concave food service bed] made of material x2.
pamb	CACC	4	pambe	CACCA	2	0	0	2	0	0	pambe	25.0	0.0	0.0	100.0	pamb	pambe	2	8.0	pamb	pambe		?	pambe	13.3.3	(pump)	x1 is a pump/injector [tool/apparatus] pumping/inserting fluid x2 to x3 from x4 by means x5.
pambe	CACCA	5	pambe	CACCA	0	0	8	8	15	0	pambe	25.0	0.0	0.0	100.0	pambe	pambe	23	92.0	pambe	pambe		?	pambe	13.3.3	(pump)	x1 is a pump/injector [tool/apparatus] pumping/inserting fluid x2 to x3 from x4 by means x5.
pan	CAC	3	panci	CACCA	41	0	0	41	0	0	panci	181.0	3.3	0.0	96.7	pan	panci	41	22.7	pan	panci	1 2 3	rafsi	panci	9.4.3	(odor ‘fragrance’)	x1 is an odor/fragrance/scent/smell emitted by x2 and detected by observer/sensor x3.
panci	CACCA	5	panci	CACCA	2	0	58	60	80	0	panci	181.0	3.3	0.0	96.7	panci	panci	140	77.3	panci	panci		?	panci	9.4.3	(odor ‘fragrance’)	x1 is an odor/fragrance/scent/smell emitted by x2 and detected by observer/sensor x3.
pandi	CACCA	5	pandi	CACCA	0	0	3	3	8	0	pandi	11.0	0.0	0.0	100.0	pandi	pandi	11	100.0	pandi	pandi		?	pandi	2.1	(punctuate)	x1 (agent) punctuates x2 (expression) with symbol/word x3 with syntactic/semantic effect x4.
panje	CACCA	5	panje	CACCA				0	2	0	panje	2.0				panje	panje	2	100.0	panje	panje		?	panje	7.5.1	(sponge)	x1 is a quantity of/contains/is made of sponge/porous material.
pank	CACC	4	panka	CACCA	3	0	0	3	0	0	panka	78.0	0.0	0.0	100.0	pank	panka	3	3.8	pank	panka		?	panka	12.2	(park)	x1 is a park/land reserve managed by community/polity/company x2 for purpose x3.
panka	CACCA	5	panka	CACCA	0	0	10	10	65	0	panka	78.0	0.0	0.0	100.0	panka	panka	75	96.2	panka	panka		?	panka	12.2	(park)	x1 is a park/land reserve managed by community/polity/company x2 for purpose x3.
pa'o	CAA	3	panlo	CACCA	0	0	5	5	0	0	panlo	5.0	0.0	0.0	100.0	pa'o	panlo	5	100.0	pa'o	panlo	1 2 5	rafsi/cmavo	panlo	3.5.5	(slice)	x1 is a slice [thin flat portion] of x2 (mass).
panpi	CACCA	5	panpi	CACCA	8	0	9	17	100	0	panpi	152.0	100.0	0.0	0.0	panpi	panpi	117	77.0	panpi	panpi		?	panpi	5.3.2	(peace)	x1 is at peace with x2.
pap	CAC	3	panpi	CACCA	35	0	0	35	0	0	panpi	152.0	100.0	0.0	0.0	pap	panpi	35	23.0	pap	panpi	14 2 14	rafsi	panpi	5.3.2	(peace)	x1 is at peace with x2.
pa'a	CAA	3	panra	CACCA				0	0	142	panra	244.0	0.0	0.0	100.0	pa'a	panra	142	58.2	pa'a	panra	1 25 25	cmavo	panra	7.1	(parallel)	x1 parallels x2 differing only in property x3 (ka; jo'u/fa'u term) by standard/geometry x4.
panr	CACC	4	panra	CACCA	2	0	0	2	0	0	panra	244.0	0.0	0.0	100.0	panr	panra	2	0.8	panr	panra		?	panra	7.1	(parallel)	x1 parallels x2 differing only in property x3 (ka; jo'u/fa'u term) by standard/geometry x4.
panra	CACCA	5	panra	CACCA	0	0	9	9	91	0	panra	244.0	0.0	0.0	100.0	panra	panra	100	41.0	panra	panra		?	panra	7.1	(parallel)	x1 parallels x2 differing only in property x3 (ka; jo'u/fa'u term) by standard/geometry x4.
pant	CACC	4	pante	CACCA	0	0	0	0	0	0	pante	117.0	34.5	0.0	65.5	pant	pante	0	0.0	pant	pante		?	pante	2.4	(protest)	x1 protests/objects to/complains about x2 (event/state) to audience x3 with action x4.
pante	CACCA	5	pante	CACCA	10	0	19	29	72	0	pante	117.0	34.5	0.0	65.5	pante	pante	101	86.3	pante	pante		?	pante	2.4	(protest)	x1 protests/objects to/complains about x2 (event/state) to audience x3 with action x4.
pat	CAC	3	pante	CACCA	16	0	0	16	0	0	pante	117.0	34.5	0.0	65.5	pat	pante	16	13.7	pat	pante	1 2 4	rafsi	pante	2.4	(protest)	x1 protests/objects to/complains about x2 (event/state) to audience x3 with action x4.
panz	CACC	4	panzi	CACCA	0	0	0	0	0	0	panzi	483.0	0.0	0.0	100.0	panz	panzi	0	0.0	panz	panzi		?	panzi	9	(offspring)	x1 is a [biological] offspring/child/kid/hybrid of parent(s) x2; (adjective:) x1 is filial.
panzi	CACCA	5	panzi	CACCA	0	0	204	204	257	0	panzi	483.0	0.0	0.0	100.0	panzi	panzi	461	95.4	panzi	panzi		?	panzi	9	(offspring)	x1 is a [biological] offspring/child/kid/hybrid of parent(s) x2; (adjective:) x1 is filial.
paz	CAC	3	panzi	CACCA	22	0	0	22	0	0	panzi	483.0	0.0	0.0	100.0	paz	panzi	22	4.6	paz	panzi	1 2 4	rafsi	panzi	9	(offspring)	x1 is a [biological] offspring/child/kid/hybrid of parent(s) x2; (adjective:) x1 is filial.
papr	CACC	4	papri	CACCA	13	0	0	13	0	0	papri	114.0	0.0	0.0	100.0	papr	papri	13	11.4	papr	papri		?	papri	3.5.5	(page ‘paper’)	x1 is a [physical] page/leaf of book/document/bound mass of pages x2.
papri	CACCA	5	papri	CACCA	0	0	35	35	66	0	papri	114.0	0.0	0.0	100.0	papri	papri	101	88.6	papri	papri		?	papri	3.5.5	(page ‘paper’)	x1 is a [physical] page/leaf of book/document/bound mass of pages x2.
pab	CAC	3	parbi	CACCA	1	0	0	1	0	0	parbi	24.0	16.7	0.0	83.3	pab	parbi	1	4.2	pab	parbi	1 2 4	rafsi	parbi	7.4	(ratio ‘rate’)	x1 (me'o, fraction) is a ratio/rate of x2 (quantity) with respect to x3 (quantity), [x2:x3].
parbi	CACCA	5	parbi	CACCA	1	0	5	6	17	0	parbi	24.0	16.7	0.0	83.3	parbi	parbi	23	95.8	parbi	parbi		?	parbi	7.4	(ratio ‘rate’)	x1 (me'o, fraction) is a ratio/rate of x2 (quantity) with respect to x3 (quantity), [x2:x3].
pas	CAC	3	pastu	CACCA	8	0	0	8	0	0	pastu	20.0	100.0	0.0	0.0	pas	pastu	8	40.0	pas	pastu	1 2 3	rafsi	pastu	13.7	(robe ‘tunic’)	x1 is a robe/tunic/gown/cloak/dress/[coveralls] [a long/full body garment] of material x2.
pastu	CACCA	5	pastu	CACCA	0	0	1	1	11	0	pastu	20.0	100.0	0.0	0.0	pastu	pastu	12	60.0	pastu	pastu		?	pastu	13.7	(robe ‘tunic’)	x1 is a robe/tunic/gown/cloak/dress/[coveralls] [a long/full body garment] of material x2.
pa'u	CAA	3	patfu	CACCA	7	7	66	80	0	0	patfu	492.0	8.8	8.8	82.5	pa'u	patfu	80	16.3	pa'u	patfu	1 2 5	rafsi/cmavo	patfu	11.1	(father ‘pop, padre’)	x1 is a father of x2; x1 begets/sires/acts paternal towards x2; [not necessarily biological].
paf	CAC	3	patfu	CACCA	32	12	0	44	0	0	patfu	492.0	8.8	8.8	82.5	paf	patfu	44	8.9	paf	patfu	1 2 4	rafsi	patfu	11.1	(father ‘pop, padre’)	x1 is a father of x2; x1 begets/sires/acts paternal towards x2; [not necessarily biological].
patf	CACC	4	patfu	CACCA	0	0	0	0	0	0	patfu	492.0	8.8	8.8	82.5	patf	patfu	0	0.0	patf	patfu		?	patfu	11.1	(father ‘pop, padre’)	x1 is a father of x2; x1 begets/sires/acts paternal towards x2; [not necessarily biological].
patfu	CACCA	5	patfu	CACCA	0	0	0	0	368	0	patfu	492.0	8.8	8.8	82.5	patfu	patfu	368	74.8	patfu	patfu		?	patfu	11.1	(father ‘pop, padre’)	x1 is a father of x2; x1 begets/sires/acts paternal towards x2; [not necessarily biological].
patlu	CACCA	5	patlu	CACCA	0	0	1	1	7	0	patlu	8.0	0.0	0.0	100.0	patlu	patlu	8	100.0	patlu	patlu		?	patlu	9.1.4	(potato)	x1 is a potato [an edible tuber] of variety/cultivar x2.
patxu	CACCA	5	patxu	CACCA	0	0	7	7	29	0	patxu	36.0	0.0	0.0	100.0	patxu	patxu	36	100.0	patxu	patxu		?	patxu	13.3.2	(pot)	x1 is a pot/kettle/urn/tub/sink, a deep container for contents x2, of material/properties x3.
pelj	CACC	4	pelji	CACCA	0	0	0	0	0	0	pelji	162.0	12.5	6.3	81.3	pelj	pelji	0	0.0	pelj	pelji		?	pelji	13.3.1	(paper ‘page’)	x1 is paper from source x2.
pelji	CACCA	5	pelji	CACCA	0	0	0	0	66	0	pelji	162.0	12.5	6.3	81.3	pelji	pelji	66	40.7	pelji	pelji		?	pelji	13.3.1	(paper ‘page’)	x1 is paper from source x2.
ple	CCA	3	pelji	CACCA	12	6	78	96	0	0	pelji	162.0	12.5	6.3	81.3	ple	pelji	96	59.3	ple	pelji	1 3 2	rafsi	pelji	13.3.1	(paper ‘page’)	x1 is paper from source x2.
pel	CAC	3	pelxu	CACCA	20	0	0	20	0	0	pelxu	145.0	100.0	0.0	0.0	pel	pelxu	20	13.8	pel	pelxu	1 2 3	rafsi	pelxu	9.4.2	(yellow)	x1 is yellow/golden [color adjective].
pelx	CACC	4	pelxu	CACCA	0	0	0	0	0	0	pelxu	145.0	100.0	0.0	0.0	pelx	pelxu	0	0.0	pelx	pelxu		?	pelxu	9.4.2	(yellow)	x1 is yellow/golden [color adjective].
pelxu	CACCA	5	pelxu	CACCA	3	0	10	13	112	0	pelxu	145.0	100.0	0.0	0.0	pelxu	pelxu	125	86.2	pelxu	pelxu		?	pelxu	9.4.2	(yellow)	x1 is yellow/golden [color adjective].
pem	CAC	3	pemci	CACCA	94	12	0	106	0	0	pemci	599.0	0.0	0.0	100.0	pem	pemci	106	17.7	pem	pemci	1 2 3	rafsi	pemci	12.6	(poem)	x1 is a poem/verse about plot/theme/subject/pattern x2 by author x3 for intended audience x4.
pemc	CACC	4	pemci	CACCA	0	0	0	0	0	0	pemci	599.0	0.0	0.0	100.0	pemc	pemci	0	0.0	pemc	pemci		?	pemci	12.6	(poem)	x1 is a poem/verse about plot/theme/subject/pattern x2 by author x3 for intended audience x4.
pemci	CACCA	5	pemci	CACCA	0	0	127	127	366	0	pemci	599.0	0.0	0.0	100.0	pemci	pemci	493	82.3	pemci	pemci		?	pemci	12.6	(poem)	x1 is a poem/verse about plot/theme/subject/pattern x2 by author x3 for intended audience x4.
penbi	CACCA	5	penbi	CACCA	0	0	2	2	9	0	penbi	11.0	0.0	0.0	100.0	penbi	penbi	11	100.0	penbi	penbi		?	penbi	13.3.1	(pen)	x1 is a pen using ink x2 applied by process x3.
pe'u	CAA	3	pencu	CACCA	0	0	40	40	0	0	pencu	1066.0	0.0	0.0	100.0	pe'u	pencu	40	3.8	pe'u	pencu	1 2 5	rafsi/cmavo	pencu	6.2.2	(touch)	x1 (agent) touches x2 with x3 [a locus on x1 or an instrument] at x4 [a locus on x2].
pec	CAC	3	pencu	CACCA	10	5	0	15	0	0	pencu	1066.0	0.0	0.0	100.0	pec	pencu	15	1.4	pec	pencu	1 2 4	rafsi	pencu	6.2.2	(touch)	x1 (agent) touches x2 with x3 [a locus on x1 or an instrument] at x4 [a locus on x2].
pencu	CACCA	5	pencu	CACCA	0	0	0	0	1011	0	pencu	1066.0	0.0	0.0	100.0	pencu	pencu	1011	94.8	pencu	pencu		?	pencu	6.2.2	(touch)	x1 (agent) touches x2 with x3 [a locus on x1 or an instrument] at x4 [a locus on x2].
pe'o	CAA	3	pendo	CACCA	3	0	103	106	0	0	pendo	799.0	2.8	0.0	97.2	pe'o	pendo	106	13.3	pe'o	pendo	1 2 5	rafsi/cmavo	pendo	10.2	(friend)	x1 is/acts as a friend of/to x2 (experiencer); x2 befriends x1.
ped	CAC	3	pendo	CACCA	40	0	0	40	0	0	pendo	799.0	2.8	0.0	97.2	ped	pendo	40	5.0	ped	pendo	1 2 4	rafsi	pendo	10.2	(friend)	x1 is/acts as a friend of/to x2 (experiencer); x2 befriends x1.
pend	CACC	4	pendo	CACCA	0	0	0	0	0	0	pendo	799.0	2.8	0.0	97.2	pend	pendo	0	0.0	pend	pendo		?	pendo	10.2	(friend)	x1 is/acts as a friend of/to x2 (experiencer); x2 befriends x1.
pendo	CACCA	5	pendo	CACCA	0	0	26	26	627	0	pendo	799.0	2.8	0.0	97.2	pendo	pendo	653	81.7	pendo	pendo		?	pendo	10.2	(friend)	x1 is/acts as a friend of/to x2 (experiencer); x2 befriends x1.
pe'i	CAA	3	penmi	CACCA	116	18	81	215	0	0	penmi	774.0	54.0	8.4	37.7	pe'i	penmi	215	27.8	pe'i	penmi	1 2 5	rafsi/cmavo	penmi	6	(meet)	x1 meets/encounters x2 at/in location x3.
pen	CAC	3	penmi	CACCA	73	5	0	78	0	0	penmi	774.0	54.0	8.4	37.7	pen	penmi	78	10.1	pen	penmi	1 2 3	rafsi	penmi	6	(meet)	x1 meets/encounters x2 at/in location x3.
penm	CACC	4	penmi	CACCA	0	0	0	0	0	0	penmi	774.0	54.0	8.4	37.7	penm	penmi	0	0.0	penm	penmi		?	penmi	6	(meet)	x1 meets/encounters x2 at/in location x3.
penmi	CACCA	5	penmi	CACCA	0	0	0	0	481	0	penmi	774.0	54.0	8.4	37.7	penmi	penmi	481	62.1	penmi	penmi		?	penmi	6	(meet)	x1 meets/encounters x2 at/in location x3.
pe'i	CAA	3	pensi	CACCA				0	0	2016	pensi	2983.0	25.5	13.0	61.5	pe'i	pensi	2016	67.6	pe'i	pensi	1 2 5	cmavo	pensi	2.5	(think ‘pensive’)	x1 thinks/considers/cogitates/reasons/is pensive about/reflects upon subject/concept x2.
pei	CAA	3	pensi	CACCA	51	26	123	200	0	0	pensi	2983.0	25.5	13.0	61.5	pei	pensi	200	6.7	pei	pensi	1 2 5	rafsi/cmavo	pensi	2.5	(think ‘pensive’)	x1 thinks/considers/cogitates/reasons/is pensive about/reflects upon subject/concept x2.
pens	CACC	4	pensi	CACCA	1	0	0	1	0	0	pensi	2983.0	25.5	13.0	61.5	pens	pensi	1	0.0	pens	pensi		?	pensi	2.5	(think ‘pensive’)	x1 thinks/considers/cogitates/reasons/is pensive about/reflects upon subject/concept x2.
pensi	CACCA	5	pensi	CACCA	0	0	8	8	738	0	pensi	2983.0	25.5	13.0	61.5	pensi	pensi	746	25.0	pensi	pensi		?	pensi	2.5	(think ‘pensive’)	x1 thinks/considers/cogitates/reasons/is pensive about/reflects upon subject/concept x2.
pes	CAC	3	pensi	CACCA	20	0	0	20	0	0	pensi	2983.0	25.5	13.0	61.5	pes	pensi	20	0.7	pes	pensi	1 2 4	rafsi	pensi	2.5	(think ‘pensive’)	x1 thinks/considers/cogitates/reasons/is pensive about/reflects upon subject/concept x2.
per	CAC	3	perli	CACCA	12	0	0	12	0	0	perli	41.0	100.0	0.0	0.0	per	perli	12	29.3	per	perli	1 2 3	rafsi	perli	9.1.3	(pear)	x1 is a pear [fruit] of species/strain x2.
perli	CACCA	5	perli	CACCA	0	0	1	1	28	0	perli	41.0	100.0	0.0	0.0	perli	perli	29	70.7	perli	perli		?	perli	9.1.3	(pear)	x1 is a pear [fruit] of species/strain x2.
pesxu	CACCA	5	pesxu	CACCA	0	0	2	2	5	0	pesxu	18.0	54.5	45.5	0.0	pesxu	pesxu	7	38.9	pesxu	pesxu		?	pesxu	7.5.1	(paste)	x1 is paste/pulp/dough/mash/mud/slurry [soft, smooth-textured, moist solid] of composition x2.
pex	CAC	3	pesxu	CACCA	6	5	0	11	0	0	pesxu	18.0	54.5	45.5	0.0	pex	pesxu	11	61.1	pex	pesxu	1 2 4	rafsi	pesxu	7.5.1	(paste)	x1 is paste/pulp/dough/mash/mud/slurry [soft, smooth-textured, moist solid] of composition x2.
pet	CAC	3	petso	CACCA	1	0	0	1	0	0	petso	3.0	0.0	0.0	100.0	pet	petso	1	33.3	pet	petso	1 2 3	rafsi	petso	7.4.3	(1E15 metric ‘peta’)	
petso	CACCA	5	petso	CACCA	0	0	2	2	0	0	petso	3.0	0.0	0.0	100.0	petso	petso	2	66.7	petso	petso		?	petso	7.4.3	(1E15 metric ‘peta’)	
pez	CAC	3	pezli	CACCA	38	0	0	38	0	0	pezli	219.0	0.0	0.0	100.0	pez	pezli	38	17.4	pez	pezli	1 2 3	rafsi	pezli	9.1.1	(leaf)	x1 is a leaf of plant x2; x1 is foliage of x2.
pezli	CACCA	5	pezli	CACCA	0	0	72	72	109	0	pezli	219.0	0.0	0.0	100.0	pezli	pezli	181	82.6	pezli	pezli		?	pezli	9.1.1	(leaf)	x1 is a leaf of plant x2; x1 is foliage of x2.
pic	CAC	3	picti	CACCA	1	1	0	2	0	0	picti	4.0	50.0	50.0	0.0	pic	picti	2	50.0	pic	picti	1 25 3	rafsi	picti	7.4.3	(1E-12 metric ‘pico’)	
picti	CACCA	5	picti	CACCA	0	0	2	2	0	0	picti	4.0	50.0	50.0	0.0	picti	picti	2	50.0	picti	picti		?	picti	7.4.3	(1E-12 metric ‘pico’)	
pijn	CACC	4	pijne	CACCA	0	3	0	3	0	0	pijne	38.0	0.0	0.0	100.0	pijn	pijne	3	7.9	pijn	pijne		?	pijne	13.3.1	(pin)	x1 is a pin/peg (needle-shaped tool) for fastening to/piercing x2, of material/properties x3.
pijne	CACCA	5	pijne	CACCA	0	0	6	6	29	0	pijne	38.0	0.0	0.0	100.0	pijne	pijne	35	92.1	pijne	pijne		?	pijne	13.3.1	(pin)	x1 is a pin/peg (needle-shaped tool) for fastening to/piercing x2, of material/properties x3.
pikci	CACCA	5	pikci	CACCA	0	0	4	4	24	0	pikci	28.0	0.0	0.0	100.0	pikci	pikci	28	100.0	pikci	pikci		?	pikci	2.4	(beg ‘supplicate’)	x1 begs/pleads/supplicates/entreats/implores/beseeches/prays [asks with humility] x2 for x3.
pikta	CACCA	5	pikta	CACCA	0	0	9	9	51	0	pikta	60.0	0.0	0.0	100.0	pikta	pikta	60	100.0	pikta	pikta		?	pikta	11.2.1	(ticket)	x1 is a ticket entitling x2 to entitlement/privilege x3 (event/state) under conditions x4.
pi'i	CAA	3	pilji	CACCA	0	0	75	75	0	0	pilji	75.0	0.0	0.0	100.0	pi'i	pilji	75	100.0	pi'i	pilji	1 25 25	rafsi/cmavo	pilji	1.6	(multiply ‘multiply’)	x1 is the product/total/result of factors/multiplicands (x2 and x3) x2 multiplied by x3.
pi'a	CAA	3	pilka	CACCA	0	0	34	34	0	0	pilka	76.0	0.0	0.0	100.0	pi'a	pilka	34	44.7	pi'a	pilka	1 2 5	rafsi/cmavo	pilka	3.5.5	(crust ‘peel’)	x1 is a crust/rind/peel/skin/hide/outer cover of x2.
pil	CAC	3	pilka	CACCA	10	2	0	12	0	0	pilka	76.0	0.0	0.0	100.0	pil	pilka	12	15.8	pil	pilka	1 2 3	rafsi	pilka	3.5.5	(crust ‘peel’)	x1 is a crust/rind/peel/skin/hide/outer cover of x2.
pilka	CACCA	5	pilka	CACCA	0	0	0	0	30	0	pilka	76.0	0.0	0.0	100.0	pilka	pilka	30	39.5	pilka	pilka		?	pilka	3.5.5	(crust ‘peel’)	x1 is a crust/rind/peel/skin/hide/outer cover of x2.
pi'o	CAA	3	pilno	CACCA				0	0	83	pilno	2774.0	14.7	6.1	79.2	pi'o	pilno	83	3.0	pi'o	pilno	1 2 5	cmavo	pilno	13.1	(use ‘employ’)	x1 uses/employs x2 [tool, apparatus, machine, agent, acting entity, material] for purpose x3.
pilno	CACCA	5	pilno	CACCA	0	0	2	2	1848	0	pilno	2774.0	14.7	6.1	79.2	pilno	pilno	1850	66.7	pilno	pilno		?	pilno	13.1	(use ‘employ’)	x1 uses/employs x2 [tool, apparatus, machine, agent, acting entity, material] for purpose x3.
pli	CCA	3	pilno	CACCA	124	51	666	841	0	0	pilno	2774.0	14.7	6.1	79.2	pli	pilno	841	30.3	pli	pilno	1 3 2	rafsi	pilno	13.1	(use ‘employ’)	x1 uses/employs x2 [tool, apparatus, machine, agent, acting entity, material] for purpose x3.
pi'u	CAA	3	pimlu	CACCA	0	0	21	21	0	0	pimlu	26.0	0.0	0.0	100.0	pi'u	pimlu	21	80.8	pi'u	pimlu	1 2 5	rafsi/cmavo	pimlu	9.2.4	(feather ‘plume’)	x1 is a/the feather/plume(s)/plumage [body-part] of animal/species x2.
pim	CAC	3	pimlu	CACCA	5	0	0	5	0	0	pimlu	26.0	0.0	0.0	100.0	pim	pimlu	5	19.2	pim	pimlu	1 2 3	rafsi	pimlu	9.2.4	(feather ‘plume’)	x1 is a/the feather/plume(s)/plumage [body-part] of animal/species x2.
pinc	CACC	4	pinca	CACCA	5	0	0	5	0	0	pinca	25.0	100.0	0.0	0.0	pinc	pinca	5	20.0	pinc	pinca		?	pinca	9.3.1	(urine ‘piss’)	x1 is a/the urine/piss/pee of x2.
pinca	CACCA	5	pinca	CACCA	0	0	1	1	19	0	pinca	25.0	100.0	0.0	0.0	pinca	pinca	20	80.0	pinca	pinca		?	pinca	9.3.1	(urine ‘piss’)	x1 is a/the urine/piss/pee of x2.
pid	CAC	3	pindi	CACCA	24	0	0	24	0	0	pindi	82.0	100.0	0.0	0.0	pid	pindi	24	29.3	pid	pindi	1 25 4	rafsi	pindi	11.3.1	(poor ‘indigent’)	x1 is poor/indigent/impoverished/lacking in goods/possessions/property x2.
pindi	CACCA	5	pindi	CACCA	0	0	5	5	53	0	pindi	82.0	100.0	0.0	0.0	pindi	pindi	58	70.7	pindi	pindi		?	pindi	11.3.1	(poor ‘indigent’)	x1 is poor/indigent/impoverished/lacking in goods/possessions/property x2.
pif	CAC	3	pinfu	CACCA	32	0	0	32	0	0	pinfu	94.0	100.0	0.0	0.0	pif	pinfu	32	34.0	pif	pinfu	1 2 4	rafsi	pinfu	11.2.2	(prisoner ‘captive’)	x1 is a prisoner/captive of x2, restrained/held/confined by means/force x3.
pinfu	CACCA	5	pinfu	CACCA	0	0	2	2	60	0	pinfu	94.0	100.0	0.0	0.0	pinfu	pinfu	62	66.0	pinfu	pinfu		?	pinfu	11.2.2	(prisoner ‘captive’)	x1 is a prisoner/captive of x2, restrained/held/confined by means/force x3.
pinj	CACC	4	pinji	CACCA	3	0	0	3	0	0	pinji	76.0	0.0	0.0	100.0	pinj	pinji	3	3.9	pinj	pinji		?	pinji	9.2.3	(penis)	x1 is a/the clitoris/penis [projecting reproductive organ; body-part] of x2.
pinji	CACCA	5	pinji	CACCA	0	0	7	7	66	0	pinji	76.0	0.0	0.0	100.0	pinji	pinji	73	96.1	pinji	pinji		?	pinji	9.2.3	(penis)	x1 is a/the clitoris/penis [projecting reproductive organ; body-part] of x2.
pik	CAC	3	pinka	CACCA	4	0	0	4	0	0	pinka	368.0	0.0	0.0	100.0	pik	pinka	4	1.1	pik	pinka	1 2 4	rafsi	pinka	2.3	(comment)	x1 (text) is a comment/remark/observation about subject x2 expressed by x3 to audience x4.
pink	CACC	4	pinka	CACCA	0	0	0	0	0	0	pinka	368.0	0.0	0.0	100.0	pink	pinka	0	0.0	pink	pinka		?	pinka	2.3	(comment)	x1 (text) is a comment/remark/observation about subject x2 expressed by x3 to audience x4.
pinka	CACCA	5	pinka	CACCA	0	0	24	24	340	0	pinka	368.0	0.0	0.0	100.0	pinka	pinka	364	98.9	pinka	pinka		?	pinka	2.3	(comment)	x1 (text) is a comment/remark/observation about subject x2 expressed by x3 to audience x4.
pinsi	CACCA	5	pinsi	CACCA	0	0	4	4	38	0	pinsi	42.0	0.0	0.0	100.0	pinsi	pinsi	42	100.0	pinsi	pinsi		?	pinsi	13.3.1	(pencil)	x1 is a pencil/crayon/stylus applying lead/marking material x2, frame/support [of material] x3.
pin	CAC	3	pinta	CACCA	15	1	0	16	0	0	pinta	37.0	93.8	6.3	0.0	pin	pinta	16	43.2	pin	pinta	1 2 3	rafsi	pinta	3.2	(level ‘horizontal’)	x1 is flat/level/horizontal in gravity/frame of reference x2.
pinta	CACCA	5	pinta	CACCA	0	0	1	1	20	0	pinta	37.0	93.8	6.3	0.0	pinta	pinta	21	56.8	pinta	pinta		?	pinta	3.2	(level ‘horizontal’)	x1 is flat/level/horizontal in gravity/frame of reference x2.
pinxe	CACCA	5	pinxe	CACCA	0	0	129	129	645	0	pinxe	791.0	0.0	0.0	100.0	pinxe	pinxe	774	97.9	pinxe	pinxe		?	pinxe	9.3.1	(drink)	x1 (agent) drinks/imbibes beverage/drink/liquid refreshment x2 from/out-of container/source x3.
pix	CAC	3	pinxe	CACCA	16	1	0	17	0	0	pinxe	791.0	0.0	0.0	100.0	pix	pinxe	17	2.1	pix	pinxe	1 2 4	rafsi	pinxe	9.3.1	(drink)	x1 (agent) drinks/imbibes beverage/drink/liquid refreshment x2 from/out-of container/source x3.
pi'o	CAA	3	pipno	CACCA	17	2	30	49	0	0	pipno	49.0	34.7	4.1	61.2	pi'o	pipno	49	100.0	pi'o	pipno	13 2 5	rafsi/cmavo	pipno	12.6	(piano)	x1 is a piano/harpsichord/synthesizer/organ; a keyboard musical instrument.
pir	CAC	3	pixra	CACCA	0	3	0	3	0	0	pixra	454.0	29.9	14.6	55.5	pir	pixra	3	0.7	pir	pixra	1 2 4	rafsi	pixra	12.6	(picture)	x1 is a picture/illustration representing/showing x2, made by artist x3 in medium x4.
pixr	CACC	4	pixra	CACCA	0	0	0	0	0	0	pixra	454.0	29.9	14.6	55.5	pixr	pixra	0	0.0	pixr	pixra		?	pixra	12.6	(picture)	x1 is a picture/illustration representing/showing x2, made by artist x3 in medium x4.
pixra	CACCA	5	pixra	CACCA	0	0	0	0	314	0	pixra	454.0	29.9	14.6	55.5	pixra	pixra	314	69.2	pixra	pixra		?	pixra	12.6	(picture)	x1 is a picture/illustration representing/showing x2, made by artist x3 in medium x4.
xra	CCA	3	pixra	CACCA	41	20	76	137	0	0	pixra	454.0	29.9	14.6	55.5	xra	pixra	137	30.2	xra	pixra	3 4 5	rafsi	pixra	12.6	(picture)	x1 is a picture/illustration representing/showing x2, made by artist x3 in medium x4.
plan	CCAC	4	plana	CCACA	4	0	0	4	0	0	plana	198.0	0.0	0.0	100.0	plan	plana	4	2.0	plan	plana		?	plana	3.4	(plump)	x1 is plump/fat/obese [excessively thick/bulbous/swollen] by standard x2.
plana	CCACA	5	plana	CCACA	0	0	16	16	178	0	plana	198.0	0.0	0.0	100.0	plana	plana	194	98.0	plana	plana		?	plana	3.4	(plump)	x1 is plump/fat/obese [excessively thick/bulbous/swollen] by standard x2.
pla	CCA	3	platu	CCACA	20	12	225	257	0	0	platu	350.0	7.8	4.7	87.5	pla	platu	257	73.4	pla	platu	1 2 3	rafsi	platu	5.2	(plan ‘plot’)	x1 (agent) plans/designs/plots plan/arrangement/plot/[schematic] x2 for state/process x3.
platu	CCACA	5	platu	CCACA	0	0	0	0	93	0	platu	350.0	7.8	4.7	87.5	platu	platu	93	26.6	platu	platu		?	platu	5.2	(plan ‘plot’)	x1 (agent) plans/designs/plots plan/arrangement/plot/[schematic] x2 for state/process x3.
le'i	CAA	3	pleji	CCACA	4	0	43	47	0	0	pleji	283.0	98.1	1.9	0.0	le'i	pleji	47	16.6	le'i	pleji	2 3 5	rafsi/cmavo	pleji	5.3	(pay)	x1 pays/compensates/remunerates/[rewards] payment x2 to recipient/payee x3 for goods/services x4.
lej	CAC	3	pleji	CCACA	51	1	0	52	0	0	pleji	283.0	98.1	1.9	0.0	lej	pleji	52	18.4	lej	pleji	2 3 4	rafsi	pleji	5.3	(pay)	x1 pays/compensates/remunerates/[rewards] payment x2 to recipient/payee x3 for goods/services x4.
plej	CCAC	4	pleji	CCACA	0	0	0	0	0	0	pleji	283.0	98.1	1.9	0.0	plej	pleji	0	0.0	plej	pleji		?	pleji	5.3	(pay)	x1 pays/compensates/remunerates/[rewards] payment x2 to recipient/payee x3 for goods/services x4.
pleji	CCACA	5	pleji	CCACA	0	0	0	0	184	0	pleji	283.0	98.1	1.9	0.0	pleji	pleji	184	65.0	pleji	pleji		?	pleji	5.3	(pay)	x1 pays/compensates/remunerates/[rewards] payment x2 to recipient/payee x3 for goods/services x4.
pib	CAC	3	plibu	CCACA	2	0	0	2	0	0	plibu	22.0	100.0	0.0	0.0	pib	plibu	2	9.1	pib	plibu	1 3 4	rafsi	plibu	9.2.3	(pubic)	x1 is a/the pubic area/external genitalia [body-part] of x2.
plibu	CCACA	5	plibu	CCACA	0	0	1	1	19	0	plibu	22.0	100.0	0.0	0.0	plibu	plibu	20	90.9	plibu	plibu		?	plibu	9.2.3	(pubic)	x1 is a/the pubic area/external genitalia [body-part] of x2.
plin	CCAC	4	plini	CCACA	2	2	0	4	0	0	plini	344.0	0.0	0.0	100.0	plin	plini	4	1.2	plin	plini		?	plini	8.1	(planet)	x1 is a planet revolving around x2 with planetary characteristics x3, orbital parameters x4.
plini	CCACA	5	plini	CCACA	0	0	66	66	274	0	plini	344.0	0.0	0.0	100.0	plini	plini	340	98.8	plini	plini		?	plini	8.1	(planet)	x1 is a planet revolving around x2 with planetary characteristics x3, orbital parameters x4.
pi'e	CAA	3	plipe	CCACA	12	14	26	52	0	0	plipe	96.0	23.1	26.9	50.0	pi'e	plipe	52	54.2	pi'e	plipe	14 3 5	rafsi/cmavo	plipe	6.1.2	(leap)	x1 (agent/object) leaps/jumps/springs/bounds to x2 from x3 reaching height x4 propelled by x5.
pip	CAC	3	plipe	CCACA	40	4	0	44	0	0	plipe	96.0	23.1	26.9	50.0	pip	plipe	44	45.8	pip	plipe	14 3 14	rafsi	plipe	6.1.2	(leap)	x1 (agent/object) leaps/jumps/springs/bounds to x2 from x3 reaching height x4 propelled by x5.
plis	CCAC	4	plise	CCACA	5	0	0	5	0	0	plise	1132.0	100.0	0.0	0.0	plis	plise	5	0.4	plis	plise		?	plise	9.1.3	(apple)	x1 is an apple [fruit] of species/strain x2.
plise	CCACA	5	plise	CCACA	0	0	1	1	1126	0	plise	1132.0	100.0	0.0	0.0	plise	plise	1127	99.6	plise	plise		?	plise	9.1.3	(apple)	x1 is an apple [fruit] of species/strain x2.
pit	CAC	3	plita	CCACA	19	1	0	20	0	0	plita	60.0	95.0	5.0	0.0	pit	plita	20	33.3	pit	plita	1 3 4	rafsi	plita	3.5.3	(plane)	x1 is a plane [2-dimensional shape/form] defined by points x2 (set); x1 is flat/[smooth].
plita	CCACA	5	plita	CCACA	0	0	10	10	30	0	plita	60.0	95.0	5.0	0.0	plita	plita	40	66.7	plita	plita		?	plita	3.5.3	(plane)	x1 is a plane [2-dimensional shape/form] defined by points x2 (set); x1 is flat/[smooth].
plixa	CCACA	5	plixa	CCACA	0	0	36	36	24	0	plixa	60.0	0.0	0.0	100.0	plixa	plixa	60	100.0	plixa	plixa		?	plixa	6.2.3	(plow)	x1 (agent) plows/furrows/tills [cuts into and turns up] x2 with tool x3 propelled by x4.
luj	CAC	3	pluja	CCACA	87	0	0	87	0	0	pluja	244.0	100.0	0.0	0.0	luj	pluja	87	35.7	luj	pluja	2 3 4	rafsi	pluja	1.2	(complicated ‘complex’)	x1 is complex/complicated/involved in aspect/property x2 (ka) by standard x3.
pluj	CCAC	4	pluja	CCACA	0	0	0	0	0	0	pluja	244.0	100.0	0.0	0.0	pluj	pluja	0	0.0	pluj	pluja		?	pluja	1.2	(complicated ‘complex’)	x1 is complex/complicated/involved in aspect/property x2 (ka) by standard x3.
pluja	CCACA	5	pluja	CCACA	0	0	13	13	144	0	pluja	244.0	100.0	0.0	0.0	pluja	pluja	157	64.3	pluja	pluja		?	pluja	1.2	(complicated ‘complex’)	x1 is complex/complicated/involved in aspect/property x2 (ka) by standard x3.
pluk	CCAC	4	pluka	CCACA	0	0	0	0	0	0	pluka	455.0	3.2	0.0	96.8	pluk	pluka	0	0.0	pluk	pluka		?	pluka	10.1	(pleasant)	x1 (event/state) seems pleasant to/pleases x2 under conditions x3.
pluka	CCACA	5	pluka	CCACA	0	0	0	0	368	0	pluka	455.0	3.2	0.0	96.8	pluka	pluka	368	80.9	pluka	pluka		?	pluka	10.1	(pleasant)	x1 (event/state) seems pleasant to/pleases x2 under conditions x3.
pu'a	CAA	3	pluka	CCACA	2	0	61	63	0	16	pluka	455.0	3.2	0.0	96.8	pu'a	pluka	79	17.4	pu'a	pluka	1 3 5	rafsi/cmavo	pluka	10.1	(pleasant)	x1 (event/state) seems pleasant to/pleases x2 under conditions x3.
puk	CAC	3	pluka	CCACA	6	2	0	8	0	0	pluka	455.0	3.2	0.0	96.8	puk	pluka	8	1.8	puk	pluka	1 3 4	rafsi	pluka	10.1	(pleasant)	x1 (event/state) seems pleasant to/pleases x2 under conditions x3.
lu'a	CAA	3	pluta	CCACA	0	32	25	57	0	0	pluta	345.0	0.0	56.1	43.9	lu'a	pluta	57	16.5	lu'a	pluta	2 3 5	rafsi/cmavo	pluta	6.1.1	(route)	x1 is a route/path/way/course/track to x2 from x3 via/defined by points including x4 (set).
lut	CAC	3	pluta	CCACA	5	0	0	5	0	0	pluta	345.0	0.0	56.1	43.9	lut	pluta	5	1.4	lut	pluta	2 3 4	rafsi	pluta	6.1.1	(route)	x1 is a route/path/way/course/track to x2 from x3 via/defined by points including x4 (set).
plut	CCAC	4	pluta	CCACA	0	0	0	0	0	0	pluta	345.0	0.0	56.1	43.9	plut	pluta	0	0.0	plut	pluta		?	pluta	6.1.1	(route)	x1 is a route/path/way/course/track to x2 from x3 via/defined by points including x4 (set).
pluta	CCACA	5	pluta	CCACA	0	0	0	0	283	0	pluta	345.0	0.0	56.1	43.9	pluta	pluta	283	82.0	pluta	pluta		?	pluta	6.1.1	(route)	x1 is a route/path/way/course/track to x2 from x3 via/defined by points including x4 (set).
plo	CCA	3	polje	CACCA	18	1	8	27	0	0	polje	27.0	66.7	3.7	29.6	plo	polje	27	100.0	plo	polje	1 3 2	rafsi	polje	6.2.2	(fold)	x1 (force) folds/creases x2 at locus/loci/forming crease(s)/bend(s) x3.
pol	CAC	3	polno	CACCA	2	0	0	2	0	0	polno	3.0	100.0	0.0	0.0	pol	polno	2	66.7	pol	polno	1 25 3	rafsi	polno	12.3	(Polynesian)	
polno	CACCA	5	polno	CACCA	0	0	1	1	0	0	polno	3.0	100.0	0.0	0.0	polno	polno	1	33.3	polno	polno		?	polno	12.3	(Polynesian)	
po'o	CAA	3	ponjo	CACCA	0	0	1	1	0	0	ponjo	24.0	100.0	0.0	0.0	po'o	ponjo	1	4.2	po'o	ponjo	1 25 25	rafsi/cmavo	ponjo	12.4	(Japanese ‘Nippon’)	
pon	CAC	3	ponjo	CACCA	23	0	0	23	0	0	ponjo	24.0	100.0	0.0	0.0	pon	ponjo	23	95.8	pon	ponjo	1 25 3	rafsi	ponjo	12.4	(Japanese ‘Nippon’)	
po'e	CAA	3	ponse	CACCA	29	12	184	225	0	0	ponse	1087.0	12.9	5.3	81.8	po'e	ponse	225	20.7	po'e	ponse	1 2 5	rafsi/cmavo	ponse	11.3.1	(possess)	x1 possesses/owns/has x2 under law/custom x3; x1 is owner/proprietor of x2 under x3.
pons	CACC	4	ponse	CACCA	0	0	0	0	0	0	ponse	1087.0	12.9	5.3	81.8	pons	ponse	0	0.0	pons	ponse		?	ponse	11.3.1	(possess)	x1 possesses/owns/has x2 under law/custom x3; x1 is owner/proprietor of x2 under x3.
ponse	CACCA	5	ponse	CACCA	0	0	0	0	831	0	ponse	1087.0	12.9	5.3	81.8	ponse	ponse	831	76.4	ponse	ponse		?	ponse	11.3.1	(possess)	x1 possesses/owns/has x2 under law/custom x3; x1 is owner/proprietor of x2 under x3.
pos	CAC	3	ponse	CACCA	25	6	0	31	0	0	ponse	1087.0	12.9	5.3	81.8	pos	ponse	31	2.9	pos	ponse	1 2 4	rafsi	ponse	11.3.1	(possess)	x1 possesses/owns/has x2 under law/custom x3; x1 is owner/proprietor of x2 under x3.
po'i	CAA	3	porpi	CACCA	1	0	11	12	0	0	porpi	293.0	74.2	25.8	0.0	po'i	porpi	12	4.1	po'i	porpi	14 2 5	rafsi/cmavo	porpi	6.1.2	(break)	x1 breaks/fractures/shatters/[splits/splinters/cracks] into pieces x2.
pop	CAC	3	porpi	CACCA	72	25	0	97	0	0	porpi	293.0	74.2	25.8	0.0	pop	porpi	97	33.1	pop	porpi	14 2 14	rafsi	porpi	6.1.2	(break)	x1 breaks/fractures/shatters/[splits/splinters/cracks] into pieces x2.
porp	CACC	4	porpi	CACCA	0	0	0	0	0	0	porpi	293.0	74.2	25.8	0.0	porp	porpi	0	0.0	porp	porpi		?	porpi	6.1.2	(break)	x1 breaks/fractures/shatters/[splits/splinters/cracks] into pieces x2.
porpi	CACCA	5	porpi	CACCA	0	0	0	0	184	0	porpi	293.0	74.2	25.8	0.0	porpi	porpi	184	62.8	porpi	porpi		?	porpi	6.1.2	(break)	x1 breaks/fractures/shatters/[splits/splinters/cracks] into pieces x2.
po'i	CAA	3	porsi	CACCA				0	0	34	porsi	469.0	4.4	32.9	62.7	po'i	porsi	34	7.2	po'i	porsi	1 2 5	cmavo	porsi	1.3	(sequence)	x1 [ordered set] is sequenced/ordered/listed by comparison/rules x2 on unordered set x3.
poi	CAA	3	porsi	CACCA	11	83	158	252	0	0	porsi	469.0	4.4	32.9	62.7	poi	porsi	252	53.7	poi	porsi	1 2 5	rafsi/cmavo	porsi	1.3	(sequence)	x1 [ordered set] is sequenced/ordered/listed by comparison/rules x2 on unordered set x3.
por	CAC	3	porsi	CACCA	52	1	0	53	0	0	porsi	469.0	4.4	32.9	62.7	por	porsi	53	11.3	por	porsi	1 2 3	rafsi	porsi	1.3	(sequence)	x1 [ordered set] is sequenced/ordered/listed by comparison/rules x2 on unordered set x3.
porsi	CACCA	5	porsi	CACCA	0	0	0	0	130	0	porsi	469.0	4.4	32.9	62.7	porsi	porsi	130	27.7	porsi	porsi		?	porsi	1.3	(sequence)	x1 [ordered set] is sequenced/ordered/listed by comparison/rules x2 on unordered set x3.
porto	CACCA	5	porto	CACCA	0	0	1	1	32	0	porto	34.0	100.0	0.0	0.0	porto	porto	33	97.1	porto	porto		?	porto	12.4	(Portuguese)	
pot	CAC	3	porto	CACCA	1	0	0	1	0	0	porto	34.0	100.0	0.0	0.0	pot	porto	1	2.9	pot	porto	1 25 4	rafsi	porto	12.4	(Portuguese)	
pal	CAC	3	prali	CCACA	16	0	0	16	0	0	prali	64.0	100.0	0.0	0.0	pal	prali	16	25.0	pal	prali	1 3 4	rafsi	prali	5.2	(profit)	x1 is a profit/gain/benefit/advantage to x2 accruing/resulting from activity/process x3.
prali	CCACA	5	prali	CCACA	0	0	12	12	36	0	prali	64.0	100.0	0.0	0.0	prali	prali	48	75.0	prali	prali		?	prali	5.2	(profit)	x1 is a profit/gain/benefit/advantage to x2 accruing/resulting from activity/process x3.
pa'i	CAA	3	prami	CCACA	12	0	66	78	0	0	prami	1224.0	87.8	10.1	2.2	pa'i	prami	78	6.4	pa'i	prami	1 3 5	rafsi/cmavo	prami	10.1	(love)	x1 loves/feels strong affectionate devotion towards x2 (object/state).
pam	CAC	3	prami	CCACA	122	14	3	139	0	0	prami	1224.0	87.8	10.1	2.2	pam	prami	139	11.4	pam	prami	1 3 4	rafsi	prami	10.1	(love)	x1 loves/feels strong affectionate devotion towards x2 (object/state).
prami	CCACA	5	prami	CCACA	0	0	4	4	1003	0	prami	1224.0	87.8	10.1	2.2	prami	prami	1007	82.3	prami	prami		?	prami	10.1	(love)	x1 loves/feels strong affectionate devotion towards x2 (object/state).
pa'e	CAA	3	prane	CCACA	10	0	9	19	0	0	prane	149.0	52.6	0.0	47.4	pa'e	prane	19	12.8	pa'e	prane	1 3 5	rafsi/cmavo	prane	10.3	(perfect)	x1 is perfect/ideal/archetypical/faultless/flawless/un-improvable in property/aspect x2 (ka).
pran	CCAC	4	prane	CCACA	0	0	0	0	0	0	prane	149.0	52.6	0.0	47.4	pran	prane	0	0.0	pran	prane		?	prane	10.3	(perfect)	x1 is perfect/ideal/archetypical/faultless/flawless/un-improvable in property/aspect x2 (ka).
prane	CCACA	5	prane	CCACA	0	0	0	0	130	0	prane	149.0	52.6	0.0	47.4	prane	prane	130	87.2	prane	prane		?	prane	10.3	(perfect)	x1 is perfect/ideal/archetypical/faultless/flawless/un-improvable in property/aspect x2 (ka).
pe'a	CAA	3	preja	CCACA	0	0	10	10	0	0	preja	60.0	94.1	5.9	0.0	pe'a	preja	10	16.7	pe'a	preja	1 3 5	rafsi/cmavo	preja	6.1.2	(spread)	x1 spreads/expands over/into x2 from initial state x3.
pej	CAC	3	preja	CCACA	16	1	0	17	0	0	preja	60.0	94.1	5.9	0.0	pej	preja	17	28.3	pej	preja	1 3 4	rafsi	preja	6.1.2	(spread)	x1 spreads/expands over/into x2 from initial state x3.
prej	CCAC	4	preja	CCACA	0	0	0	0	0	0	preja	60.0	94.1	5.9	0.0	prej	preja	0	0.0	prej	preja		?	preja	6.1.2	(spread)	x1 spreads/expands over/into x2 from initial state x3.
preja	CCACA	5	preja	CCACA	0	0	0	0	33	0	preja	60.0	94.1	5.9	0.0	preja	preja	33	55.0	preja	preja		?	preja	6.1.2	(spread)	x1 spreads/expands over/into x2 from initial state x3.
pre	CCA	3	prenu	CCACA	103	23	838	964	0	0	prenu	4820.0	10.7	2.4	86.9	pre	prenu	964	20.0	pre	prenu	1 2 3	rafsi	prenu	2.5	(person)	x1 is a person/people (noun) [not necessarily human]; x1 displays personality/a persona.
pren	CCAC	4	prenu	CCACA	0	0	0	0	0	0	prenu	4820.0	10.7	2.4	86.9	pren	prenu	0	0.0	pren	prenu		?	prenu	2.5	(person)	x1 is a person/people (noun) [not necessarily human]; x1 displays personality/a persona.
prenu	CCACA	5	prenu	CCACA	0	0	0	0	3856	0	prenu	4820.0	10.7	2.4	86.9	prenu	prenu	3856	80.0	prenu	prenu		?	prenu	2.5	(person)	x1 is a person/people (noun) [not necessarily human]; x1 displays personality/a persona.
pret	CCAC	4	preti	CCACA	0	0	0	0	0	0	preti	628.0	31.6	0.0	68.4	pret	preti	0	0.0	pret	preti		?	preti	2.4	(question ‘query’)	x1 (quoted text) is a question/query about subject x2 by questioner x3 to audience x4.
preti	CCACA	5	preti	CCACA	0	0	0	0	544	0	preti	628.0	31.6	0.0	68.4	preti	preti	544	86.6	preti	preti		?	preti	2.4	(question ‘query’)	x1 (quoted text) is a question/query about subject x2 by questioner x3 to audience x4.
rei	CAA	3	preti	CCACA	25	0	54	79	0	0	preti	628.0	31.6	0.0	68.4	rei	preti	79	12.6	rei	preti	2 3 5	rafsi/cmavo	preti	2.4	(question ‘query’)	x1 (quoted text) is a question/query about subject x2 by questioner x3 to audience x4.
ret	CAC	3	preti	CCACA	5	0	0	5	0	0	preti	628.0	31.6	0.0	68.4	ret	preti	5	0.8	ret	preti	2 3 4	rafsi	preti	2.4	(question ‘query’)	x1 (quoted text) is a question/query about subject x2 by questioner x3 to audience x4.
pij	CAC	3	prije	CCACA	83	4	0	87	0	0	prije	236.0	95.4	4.6	0.0	pij	prije	87	36.9	pij	prije	1 3 4	rafsi	prije	10.3	(wise ‘sage’)	x1 is wise/sage about matter x2 (abstraction) to observer x3.
prij	CCAC	4	prije	CCACA	0	0	0	0	0	0	prije	236.0	95.4	4.6	0.0	prij	prije	0	0.0	prij	prije		?	prije	10.3	(wise ‘sage’)	x1 is wise/sage about matter x2 (abstraction) to observer x3.
prije	CCACA	5	prije	CCACA	8	0	4	12	137	0	prije	236.0	95.4	4.6	0.0	prije	prije	149	63.1	prije	prije		?	prije	10.3	(wise ‘sage’)	x1 is wise/sage about matter x2 (abstraction) to observer x3.
pri	CCA	3	prina	CCACA	20	0	6	26	0	0	prina	99.0	76.9	0.0	23.1	pri	prina	26	26.3	pri	prina	1 2 3	rafsi	prina	6.2.2	(print)	x1 is a print/impression/image on/in surface x2 of/made by/using tool/press/implement/object x3.
prin	CCAC	4	prina	CCACA	0	0	0	0	0	0	prina	99.0	76.9	0.0	23.1	prin	prina	0	0.0	prin	prina		?	prina	6.2.2	(print)	x1 is a print/impression/image on/in surface x2 of/made by/using tool/press/implement/object x3.
prina	CCACA	5	prina	CCACA	0	0	0	0	73	0	prina	99.0	76.9	0.0	23.1	prina	prina	73	73.7	prina	prina		?	prina	6.2.2	(print)	x1 is a print/impression/image on/in surface x2 of/made by/using tool/press/implement/object x3.
prit	CCAC	4	pritu	CCACA	10	0	0	10	0	0	pritu	157.0	100.0	0.0	0.0	prit	pritu	10	6.4	prit	pritu		?	pritu	3.1	(right)	x1 is to the right/right-hand side of x2 which faces/in-frame-of-reference x3.
pritu	CCACA	5	pritu	CCACA	0	0	4	4	119	0	pritu	157.0	100.0	0.0	0.0	pritu	pritu	123	78.3	pritu	pritu		?	pritu	3.1	(right)	x1 is to the right/right-hand side of x2 which faces/in-frame-of-reference x3.
ri'u	CAA	3	pritu	CCACA				0	0	24	pritu	157.0	100.0	0.0	0.0	ri'u	pritu	24	15.3	ri'u	pritu	2 3 5	cmavo	pritu	3.1	(right)	x1 is to the right/right-hand side of x2 which faces/in-frame-of-reference x3.
pros	CCAC	4	prosa	CCACA	0	0	0	0	0	0	prosa	166.0	0.0	0.0	100.0	pros	prosa	0	0.0	pros	prosa		?	prosa	12.6	(prose)	x1 is prose about plot/theme/subject x2 by author x3 for intended audience x4.
prosa	CCACA	5	prosa	CCACA	0	0	0	0	98	0	prosa	166.0	0.0	0.0	100.0	prosa	prosa	98	59.0	prosa	prosa		?	prosa	12.6	(prose)	x1 is prose about plot/theme/subject x2 by author x3 for intended audience x4.
ro'a	CAA	3	prosa	CCACA	0	0	64	64	0	0	prosa	166.0	0.0	0.0	100.0	ro'a	prosa	64	38.6	ro'a	prosa	2 3 5	rafsi/cmavo	prosa	12.6	(prose)	x1 is prose about plot/theme/subject x2 by author x3 for intended audience x4.
ros	CAC	3	prosa	CCACA	4	0	0	4	0	0	prosa	166.0	0.0	0.0	100.0	ros	prosa	4	2.4	ros	prosa	2 3 4	rafsi	prosa	12.6	(prose)	x1 is prose about plot/theme/subject x2 by author x3 for intended audience x4.
pruc	CCAC	4	pruce	CCACA	0	0	0	0	0	0	pruce	211.0	14.8	3.7	81.5	pruc	pruce	0	0.0	pruc	pruce		?	pruce	5	(process)	x1 is a process with inputs x2, outputs/results x3, passing through steps/stages x4.
pruce	CCACA	5	pruce	CCACA	0	0	0	0	131	0	pruce	211.0	14.8	3.7	81.5	pruce	pruce	131	62.1	pruce	pruce		?	pruce	5	(process)	x1 is a process with inputs x2, outputs/results x3, passing through steps/stages x4.
pu'e	CAA	3	pruce	CCACA				0	0	53	pruce	211.0	14.8	3.7	81.5	pu'e	pruce	53	25.1	pu'e	pruce	1 3 5	cmavo	pruce	5	(process)	x1 is a process with inputs x2, outputs/results x3, passing through steps/stages x4.
ru'e	CAA	3	pruce	CCACA	4	1	22	27	0	0	pruce	211.0	14.8	3.7	81.5	ru'e	pruce	27	12.8	ru'e	pruce	2 3 5	rafsi/cmavo	pruce	5	(process)	x1 is a process with inputs x2, outputs/results x3, passing through steps/stages x4.
pun	CAC	3	pruni	CCACA	2	9	0	11	0	0	pruni	11.0	18.2	81.8	0.0	pun	pruni	11	100.0	pun	pruni	1 3 4	rafsi	pruni	7.3	(elastic ‘springy’)	(adjective:) x1 is elastic/springy.
prux	CCAC	4	pruxi	CCACA	0	0	0	0	0	0	pruxi	294.0	79.2	20.8	0.0	prux	pruxi	0	0.0	prux	pruxi		?	pruxi	2.5	(spirit)	x1 is spiritual/pertains to the soul in nature [either energy or being]; x1 is ghostly/ethereal.
pruxi	CCACA	5	pruxi	CCACA	0	0	0	0	128	0	pruxi	294.0	79.2	20.8	0.0	pruxi	pruxi	128	43.5	pruxi	pruxi		?	pruxi	2.5	(spirit)	x1 is spiritual/pertains to the soul in nature [either energy or being]; x1 is ghostly/ethereal.
ru'i	CAA	3	pruxi	CCACA	4	0	66	70	0	0	pruxi	294.0	79.2	20.8	0.0	ru'i	pruxi	70	23.8	ru'i	pruxi	2 3 5	rafsi/cmavo	pruxi	2.5	(spirit)	x1 is spiritual/pertains to the soul in nature [either energy or being]; x1 is ghostly/ethereal.
rux	CAC	3	pruxi	CCACA	76	20	0	96	0	0	pruxi	294.0	79.2	20.8	0.0	rux	pruxi	96	32.7	rux	pruxi	2 3 4	rafsi	pruxi	2.5	(spirit)	x1 is spiritual/pertains to the soul in nature [either energy or being]; x1 is ghostly/ethereal.
pu'e	CAA	3	pulce	CACCA	5	0	4	9	0	0	pulce	9.0	55.6	0.0	44.4	pu'e	pulce	9	100.0	pu'e	pulce	1 2 5	rafsi/cmavo	pulce	7.5.1	(dust ‘pulverized’)	x1 is dust/precipitate [suspensible solid] from x2 in medium/on surface x3.
puc	CAC	3	pulce	CACCA	0	0	0	0	0	0	pulce	9.0	55.6	0.0	44.4	puc	pulce	0	0.0	puc	pulce	1 2 4	rafsi	pulce	7.5.1	(dust ‘pulverized’)	x1 is dust/precipitate [suspensible solid] from x2 in medium/on surface x3.
pulj	CACC	4	pulji	CACCA	10	0	0	10	0	0	pulji	100.0	100.0	0.0	0.0	pulj	pulji	10	10.0	pulj	pulji		?	pulji	11.2.2	(police)	x1 is a police officer/[enforcer/vigilante] enforcing law(s)/rule(s)/order x2.
pulji	CACCA	5	pulji	CACCA	0	0	9	9	81	0	pulji	100.0	100.0	0.0	0.0	pulji	pulji	90	90.0	pulji	pulji		?	pulji	11.2.2	(police)	x1 is a police officer/[enforcer/vigilante] enforcing law(s)/rule(s)/order x2.
pulni	CACCA	5	pulni	CACCA	0	0	2	2	0	0	pulni	2.0	0.0	0.0	100.0	pulni	pulni	2	100.0	pulni	pulni		?	pulni	13.4	(pulley)	x1 is a pulley [tool] for performing action/function x2 rotating on axle x3.
pu'i	CAA	3	punji	CACCA	0	0	123	123	0	0	punji	330.0	0.0	0.0	100.0	pu'i	punji	123	37.3	pu'i	punji	1 2 5	rafsi/cmavo	punji	6.2.1	(put)	x1 (agent) puts/places/sets x2 on/at surface/locus x3.
punji	CACCA	5	punji	CACCA	0	0	0	0	207	0	punji	330.0	0.0	0.0	100.0	punji	punji	207	62.7	punji	punji		?	punji	6.2.1	(put)	x1 (agent) puts/places/sets x2 on/at surface/locus x3.
pul	CAC	3	punli	CACCA	5	0	0	5	0	0	punli	20.0	100.0	0.0	0.0	pul	punli	5	25.0	pul	punli	1 2 4	rafsi	punli	3.5.3	(swelling)	x1 is a swelling/protrusion/convexity [shape/form] at/in/on x2, of material x3.
punli	CACCA	5	punli	CACCA	0	0	5	5	10	0	punli	20.0	100.0	0.0	0.0	punli	punli	15	75.0	punli	punli		?	punli	3.5.3	(swelling)	x1 is a swelling/protrusion/convexity [shape/form] at/in/on x2, of material x3.
pru	CCA	3	purci	CACCA	358	10	30	398	0	0	purci	5024.0	89.9	2.5	7.5	pru	purci	398	7.9	pru	purci	1 3 2	rafsi	purci	4	(past ‘earlier’)	x1 is in the past of/earlier than/before x2 in time sequence; x1 is former; x2 is latter.
pu	CA	2	purci	CACCA				0	0	4350	purci	5024.0	89.9	2.5	7.5	pu	purci	4350	86.6	pu	purci		cmavo	purci	4	(past ‘earlier’)	x1 is in the past of/earlier than/before x2 in time sequence; x1 is former; x2 is latter.
pur	CAC	3	purci	CACCA	8	0	0	8	0	0	purci	5024.0	89.9	2.5	7.5	pur	purci	8	0.2	pur	purci	1 2 3	rafsi	purci	4	(past ‘earlier’)	x1 is in the past of/earlier than/before x2 in time sequence; x1 is former; x2 is latter.
purci	CACCA	5	purci	CACCA	3	0	0	3	265	0	purci	5024.0	89.9	2.5	7.5	purci	purci	268	5.3	purci	purci		?	purci	4	(past ‘earlier’)	x1 is in the past of/earlier than/before x2 in time sequence; x1 is former; x2 is latter.
pud	CAC	3	purdi	CACCA	15	0	0	15	0	0	purdi	104.0	0.0	0.0	100.0	pud	purdi	15	14.4	pud	purdi	1 2 4	rafsi	purdi	13.1	(garden)	x1 is a garden/tended/cultivated field of family/community/farmer x2 growing plants/crop x3.
purdi	CACCA	5	purdi	CACCA	0	0	29	29	60	0	purdi	104.0	0.0	0.0	100.0	purdi	purdi	89	85.6	purdi	purdi		?	purdi	13.1	(garden)	x1 is a garden/tended/cultivated field of family/community/farmer x2 growing plants/crop x3.
pu'o	CAA	3	purmo	CACCA	0	0	42	42	0	0	purmo	42.0	0.0	0.0	100.0	pu'o	purmo	42	100.0	pu'o	purmo	1 2 5	rafsi/cmavo	purmo	7.5.1	(powder)	x1 is a powder of material x2.
racl	CACC	4	racli	CACCA	0	1	0	1	0	0	racli	161.0	8.3	0.0	91.7	racl	racli	1	0.6	racl	racli		?	racli	10.3	(sane ‘rational’)	x1 (action/activity/behavior) is sane/rational by standard x2.
racli	CACCA	5	racli	CACCA	2	0	22	24	136	0	racli	161.0	8.3	0.0	91.7	racli	racli	160	99.4	racli	racli		?	racli	10.3	(sane ‘rational’)	x1 (action/activity/behavior) is sane/rational by standard x2.
ractu	CACCA	5	ractu	CACCA	0	0	36	36	90	0	ractu	126.0	0.0	0.0	100.0	ractu	ractu	126	100.0	ractu	ractu		?	ractu	9.2.2	(rabbit)	x1 is a rabbit/hare/[doe] of species/breed x2.
ra'o	CAA	3	radno	CACCA	0	0	10	10	0	0	radno	10.0	0.0	0.0	100.0	ra'o	radno	10	100.0	ra'o	radno	1 2 5	rafsi/cmavo	radno	7.4.1	(radian)	
raf	CAC	3	rafsi	CACCA	44	8	0	52	0	0	rafsi	2486.0	84.6	15.4	0.0	raf	rafsi	52	2.1	raf	rafsi	1 2 3	rafsi	rafsi	2.1	(affix)	x1 is an affix/suffix/prefix/combining-form for word/concept x2, form/properties x3, language x4.
rafs	CACC	4	rafsi	CACCA	0	0	0	0	0	0	rafsi	2486.0	84.6	15.4	0.0	rafs	rafsi	0	0.0	rafs	rafsi		?	rafsi	2.1	(affix)	x1 is an affix/suffix/prefix/combining-form for word/concept x2, form/properties x3, language x4.
rafsi	CACCA	5	rafsi	CACCA	0	0	36	36	2398	0	rafsi	2486.0	84.6	15.4	0.0	rafsi	rafsi	2434	97.9	rafsi	rafsi		?	rafsi	2.1	(affix)	x1 is an affix/suffix/prefix/combining-form for word/concept x2, form/properties x3, language x4.
ragve	CACCA	5	ragve	CACCA	2	0	6	8	56	0	ragve	74.0	100.0	0.0	0.0	ragve	ragve	64	86.5	ragve	ragve		?	ragve	3.1	(across)	x1 is located across/on the other side of gap/boundary x2 from x3; x1 is opposite (fi) x3.
rav	CAC	3	ragve	CACCA	10	0	0	10	0	0	ragve	74.0	100.0	0.0	0.0	rav	ragve	10	13.5	rav	ragve	1 2 4	rafsi	ragve	3.1	(across)	x1 is located across/on the other side of gap/boundary x2 from x3; x1 is opposite (fi) x3.
raks	CACC	4	rakso	CACCA	6	0	0	6	0	0	rakso	13.0	100.0	0.0	0.0	raks	rakso	6	46.2	raks	rakso		?	rakso	12.4	(Iraqi)	
rakso	CACCA	5	rakso	CACCA	0	0	1	1	6	0	rakso	13.0	100.0	0.0	0.0	rakso	rakso	7	53.8	rakso	rakso		?	rakso	12.4	(Iraqi)	
ra'u	CAA	3	raktu	CACCA	3	1	37	41	0	0	raktu	134.0	7.3	2.4	90.2	ra'u	raktu	41	30.6	ra'u	raktu	1 2 5	rafsi/cmavo	raktu	10.1	(trouble)	x1 (object/person/event/situation) troubles/disturbs x2 (person) causing problem(s) x3.
raktu	CACCA	5	raktu	CACCA	0	0	0	0	93	0	raktu	134.0	7.3	2.4	90.2	raktu	raktu	93	69.4	raktu	raktu		?	raktu	10.1	(trouble)	x1 (object/person/event/situation) troubles/disturbs x2 (person) causing problem(s) x3.
rac	CAC	3	ralci	CACCA	2	2	0	4	0	0	ralci	39.0	50.0	50.0	0.0	rac	ralci	4	10.3	rac	ralci	1 2 4	rafsi	ralci	7.3	(delicate ‘fragile’)	x1 is delicate/fragile/subtle/refined in property x2 (ka).
ralci	CACCA	5	ralci	CACCA	0	0	1	1	34	0	ralci	39.0	50.0	50.0	0.0	ralci	ralci	35	89.7	ralci	ralci		?	ralci	7.3	(delicate ‘fragile’)	x1 is delicate/fragile/subtle/refined in property x2 (ka).
ra'u	CAA	3	ralju	CACCA				0	0	36	ralju	495.0	93.0	7.0	0.0	ra'u	ralju	36	7.3	ra'u	ralju	1 2 5	cmavo	ralju	1.1	(principal)	x1 is principal/chief/leader/main/[staple], most significant among x2 (set) in property x3 (ka).
ral	CAC	3	ralju	CACCA	53	4	0	57	0	0	ralju	495.0	93.0	7.0	0.0	ral	ralju	57	11.5	ral	ralju	1 2 3	rafsi	ralju	1.1	(principal)	x1 is principal/chief/leader/main/[staple], most significant among x2 (set) in property x3 (ka).
ralju	CACCA	5	ralju	CACCA	0	0	15	15	387	0	ralju	495.0	93.0	7.0	0.0	ralju	ralju	402	81.2	ralju	ralju		?	ralju	1.1	(principal)	x1 is principal/chief/leader/main/[staple], most significant among x2 (set) in property x3 (ka).
ra'e	CAA	3	ralte	CACCA	1	0	18	19	0	0	ralte	68.0	5.3	0.0	94.7	ra'e	ralte	19	27.9	ra'e	ralte	1 2 5	rafsi/cmavo	ralte	6.2.1	(retain)	x1 retains/keeps/holds x2 in its possession.
ralte	CACCA	5	ralte	CACCA	0	0	0	0	49	0	ralte	68.0	5.3	0.0	94.7	ralte	ralte	49	72.1	ralte	ralte		?	ralte	6.2.1	(retain)	x1 retains/keeps/holds x2 in its possession.
rad	CAC	3	randa	CACCA	11	0	0	11	0	0	randa	46.0	100.0	0.0	0.0	rad	randa	11	23.9	rad	randa	1 25 4	rafsi	randa	5.2	(yield ‘surrender’)	x1 yields/gives way/surrenders to x2 (force/agent) under conditions x3.
randa	CACCA	5	randa	CACCA	0	0	3	3	32	0	randa	46.0	100.0	0.0	0.0	randa	randa	35	76.1	randa	randa		?	randa	5.2	(yield ‘surrender’)	x1 yields/gives way/surrenders to x2 (force/agent) under conditions x3.
rag	CAC	3	rango	CACCA	3	5	0	8	0	0	rango	50.0	0.0	0.0	100.0	rag	rango	8	16.0	rag	rango	1 2 4	rafsi	rango	9.2.3	(organ)	x1 is a/the body organ [body-part] of body/species x2 performing function x3.
rang	CACC	4	rango	CACCA	0	0	0	0	0	0	rango	50.0	0.0	0.0	100.0	rang	rango	0	0.0	rang	rango		?	rango	9.2.3	(organ)	x1 is a/the body organ [body-part] of body/species x2 performing function x3.
rango	CACCA	5	rango	CACCA	0	0	18	18	24	0	rango	50.0	0.0	0.0	100.0	rango	rango	42	84.0	rango	rango		?	rango	9.2.3	(organ)	x1 is a/the body organ [body-part] of body/species x2 performing function x3.
ra'i	CAA	3	ranji	CACCA	29	2	30	61	0	0	ranji	282.0	47.5	3.3	49.2	ra'i	ranji	61	21.6	ra'i	ranji	1 2 5	rafsi/cmavo	ranji	5	(continue)	x1 (event/state) continues/persists over interval x2; x1 (property - ka) is continuous over x2.
ranj	CACC	4	ranji	CACCA	0	0	0	0	0	0	ranji	282.0	47.5	3.3	49.2	ranj	ranji	0	0.0	ranj	ranji		?	ranji	5	(continue)	x1 (event/state) continues/persists over interval x2; x1 (property - ka) is continuous over x2.
ranji	CACCA	5	ranji	CACCA	0	0	0	0	221	0	ranji	282.0	47.5	3.3	49.2	ranji	ranji	221	78.4	ranji	ranji		?	ranji	5	(continue)	x1 (event/state) continues/persists over interval x2; x1 (property - ka) is continuous over x2.
ram	CAC	3	ranmi	CACCA	31	11	0	42	0	0	ranmi	104.0	73.8	26.2	0.0	ram	ranmi	42	40.4	ram	ranmi	1 2 4	rafsi	ranmi	12.5	(myth)	x1 is a myth/legend, a culturally significant story about x2 in mythos x3 of culture x4.
ranmi	CACCA	5	ranmi	CACCA	0	0	11	11	51	0	ranmi	104.0	73.8	26.2	0.0	ranmi	ranmi	62	59.6	ranmi	ranmi		?	ranmi	12.5	(myth)	x1 is a myth/legend, a culturally significant story about x2 in mythos x3 of culture x4.
ransu	CACCA	5	ransu	CACCA	0	0	1	1	4	0	ransu	5.0	0.0	0.0	100.0	ransu	ransu	5	100.0	ransu	ransu		?	ransu	13.2.1	(bronze)	x1 is a quantity of/contains/is made of bronze of composition including x2.
ran	CAC	3	ranti	CACCA	54	0	0	54	0	0	ranti	108.0	100.0	0.0	0.0	ran	ranti	54	50.0	ran	ranti	1 2 3	rafsi	ranti	7.3	(soft)	x1 is soft/malleable/moldable/yielding to force x2 in conditions x3.
ranti	CACCA	5	ranti	CACCA	0	0	5	5	49	0	ranti	108.0	100.0	0.0	0.0	ranti	ranti	54	50.0	ranti	ranti		?	ranti	7.3	(soft)	x1 is soft/malleable/moldable/yielding to force x2 in conditions x3.
ranxi	CACCA	5	ranxi	CACCA	0	0	2	2	57	0	ranxi	67.0	100.0	0.0	0.0	ranxi	ranxi	59	88.1	ranxi	ranxi		?	ranxi	10.2	(irony)	x1 is ironic(al)/contrary to expectation x2 in state/property/aspect x3.
rax	CAC	3	ranxi	CACCA	8	0	0	8	0	0	ranxi	67.0	100.0	0.0	0.0	rax	ranxi	8	11.9	rax	ranxi	1 2 4	rafsi	ranxi	10.2	(irony)	x1 is ironic(al)/contrary to expectation x2 in state/property/aspect x3.
rap	CAC	3	rapli	CACCA	129	3	0	132	0	0	rapli	254.0	97.7	2.3	0.0	rap	rapli	132	52.0	rap	rapli	1 2 3	rafsi	rapli	5	(repeat)	x1 [action] repeats/is repeated for a total of x2 (quantity) occurrences.
rapl	CACC	4	rapli	CACCA	0	0	0	0	0	0	rapli	254.0	97.7	2.3	0.0	rapl	rapli	0	0.0	rapl	rapli		?	rapli	5	(repeat)	x1 [action] repeats/is repeated for a total of x2 (quantity) occurrences.
rapli	CACCA	5	rapli	CACCA	0	0	8	8	114	0	rapli	254.0	97.7	2.3	0.0	rapli	rapli	122	48.0	rapli	rapli		?	rapli	5	(repeat)	x1 [action] repeats/is repeated for a total of x2 (quantity) occurrences.
rar	CAC	3	rarna	CACCA	103	5	0	108	0	0	rarna	243.0	95.4	4.6	0.0	rar	rarna	108	44.4	rar	rarna	13 25 13	rafsi	rarna	5	(natural)	x1 is natural/spontaneous/instinctive, not [consciously] caused by person(s).
rarn	CACC	4	rarna	CACCA	0	0	0	0	0	0	rarna	243.0	95.4	4.6	0.0	rarn	rarna	0	0.0	rarn	rarna		?	rarna	5	(natural)	x1 is natural/spontaneous/instinctive, not [consciously] caused by person(s).
rarna	CACCA	5	rarna	CACCA	0	0	31	31	104	0	rarna	243.0	95.4	4.6	0.0	rarna	rarna	135	55.6	rarna	rarna		?	rarna	5	(natural)	x1 is natural/spontaneous/instinctive, not [consciously] caused by person(s).
ratcu	CACCA	5	ratcu	CACCA	0	0	34	34	114	0	ratcu	148.0	0.0	0.0	100.0	ratcu	ratcu	148	100.0	ratcu	ratcu		?	ratcu	9.2.2	(rat)	x1 is a rat of species/breed x2.
rat	CAC	3	ratni	CACCA	25	5	0	30	0	0	ratni	78.0	83.3	16.7	0.0	rat	ratni	30	38.5	rat	ratni	1 2 3	rafsi	ratni	7.2	(atom)	x1 is an atom of element/atomic number x2 of isotope number/atomic weight x3.
ratni	CACCA	5	ratni	CACCA	0	0	2	2	46	0	ratni	78.0	83.3	16.7	0.0	ratni	ratni	48	61.5	ratni	ratni		?	ratni	7.2	(atom)	x1 is an atom of element/atomic number x2 of isotope number/atomic weight x3.
rebla	CACCA	5	rebla	CACCA	0	0	2	2	78	0	rebla	80.0	0.0	0.0	100.0	rebla	rebla	80	100.0	rebla	rebla		?	rebla	9.2.3	(tail)	x1 is a/the tail/appendix [body-part] of x2; [metaphor: trailing, following portion/appendage].
re'u	CAA	3	rectu	CACCA	0	4	18	22	0	0	rectu	38.0	0.0	18.2	81.8	re'u	rectu	22	57.9	re'u	rectu	1 2 5	rafsi/cmavo	rectu	13.2.3	(meat ‘flesh’)	x1 is a quantity of/contains meat/flesh from source/animal x2.
rec	CAC	3	rectu	CACCA	12	4	0	16	0	0	rectu	38.0	0.0	18.2	81.8	rec	rectu	16	42.1	rec	rectu	1 2 3	rafsi	rectu	13.2.3	(meat ‘flesh’)	x1 is a quantity of/contains meat/flesh from source/animal x2.
re'a	CAA	3	remna	CACCA	27	1	32	60	0	0	remna	3437.0	89.7	10.3	0.0	re'a	remna	60	1.7	re'a	remna	1 2 5	rafsi/cmavo	remna	9.2.2	(human)	x1 is a human/human being/man (non-specific gender-free sense); (adjective:) x1 is human.
rem	CAC	3	remna	CACCA	113	13	0	126	0	0	remna	3437.0	89.7	10.3	0.0	rem	remna	126	3.7	rem	remna	1 2 3	rafsi	remna	9.2.2	(human)	x1 is a human/human being/man (non-specific gender-free sense); (adjective:) x1 is human.
remn	CACC	4	remna	CACCA	0	0	0	0	0	0	remna	3437.0	89.7	10.3	0.0	remn	remna	0	0.0	remn	remna		?	remna	9.2.2	(human)	x1 is a human/human being/man (non-specific gender-free sense); (adjective:) x1 is human.
remna	CACCA	5	remna	CACCA	0	0	0	0	3251	0	remna	3437.0	89.7	10.3	0.0	remna	remna	3251	94.6	remna	remna		?	remna	9.2.2	(human)	x1 is a human/human being/man (non-specific gender-free sense); (adjective:) x1 is human.
re'o	CAA	3	renro	CACCA	0	0	18	18	0	0	renro	233.0	0.0	0.0	100.0	re'o	renro	18	7.7	re'o	renro	14 2 5	rafsi/cmavo	renro	6.2.1	(throw)	x1 throws/launches/casts/hurls x2 to/at/in direction x3 (propulsion derives internally to x1).
renro	CACCA	5	renro	CACCA	0	0	2	2	202	0	renro	233.0	0.0	0.0	100.0	renro	renro	204	87.6	renro	renro		?	renro	6.2.1	(throw)	x1 throws/launches/casts/hurls x2 to/at/in direction x3 (propulsion derives internally to x1).
rer	CAC	3	renro	CACCA	9	1	1	11	0	0	renro	233.0	0.0	0.0	100.0	rer	renro	11	4.7	rer	renro	14 2 14	rafsi	renro	6.2.1	(throw)	x1 throws/launches/casts/hurls x2 to/at/in direction x3 (propulsion derives internally to x1).
re'i	CAA	3	renvi	CACCA	7	0	10	17	0	0	renvi	87.0	41.2	0.0	58.8	re'i	renvi	17	19.5	re'i	renvi	1 2 5	rafsi/cmavo	renvi	5	(survive)	x1 survives/endures/undergoes/abides/lasts/persists through x2 for interval/duration x3.
renvi	CACCA	5	renvi	CACCA	0	0	0	0	70	0	renvi	87.0	41.2	0.0	58.8	renvi	renvi	70	80.5	renvi	renvi		?	renvi	5	(survive)	x1 survives/endures/undergoes/abides/lasts/persists through x2 for interval/duration x3.
rev	CAC	3	renvi	CACCA	0	0	0	0	0	0	renvi	87.0	41.2	0.0	58.8	rev	renvi	0	0.0	rev	renvi	1 2 4	rafsi	renvi	5	(survive)	x1 survives/endures/undergoes/abides/lasts/persists through x2 for interval/duration x3.
res	CAC	3	respa	CACCA	131	1	0	132	0	0	respa	296.0	99.2	0.8	0.0	res	respa	132	44.6	res	respa	1 2 3	rafsi	respa	9.2.1	(reptile)	x1 is a reptile of species/breed x2.
resp	CACC	4	respa	CACCA	0	0	0	0	0	0	respa	296.0	99.2	0.8	0.0	resp	respa	0	0.0	resp	respa		?	respa	9.2.1	(reptile)	x1 is a reptile of species/breed x2.
respa	CACCA	5	respa	CACCA	0	0	86	86	78	0	respa	296.0	99.2	0.8	0.0	respa	respa	164	55.4	respa	respa		?	respa	9.2.1	(reptile)	x1 is a reptile of species/breed x2.
cfu	CCA	3	ricfu	CACCA	15	0	30	45	0	0	ricfu	143.0	33.3	0.0	66.7	cfu	ricfu	45	31.5	cfu	ricfu	3 4 5	rafsi	ricfu	11.3.1	(rich)	x1 is rich/wealthy in goods/possessions/property/aspect x2.
ricfu	CACCA	5	ricfu	CACCA	0	0	12	12	86	0	ricfu	143.0	33.3	0.0	66.7	ricfu	ricfu	98	68.5	ricfu	ricfu		?	ricfu	11.3.1	(rich)	x1 is rich/wealthy in goods/possessions/property/aspect x2.
rif	CAC	3	ricfu	CACCA	0	0	0	0	0	0	ricfu	143.0	33.3	0.0	66.7	rif	ricfu	0	0.0	rif	ricfu	1 2 4	rafsi	ricfu	11.3.1	(rich)	x1 is rich/wealthy in goods/possessions/property/aspect x2.
rig	CAC	3	rigni	CACCA	27	1	0	28	0	0	rigni	82.0	96.4	3.6	0.0	rig	rigni	28	34.1	rig	rigni	1 25 3	rafsi	rigni	10.1	(disgusting ‘repugnant’)	x1 is repugnant to/causes disgust to x2 under conditions x3.
rigni	CACCA	5	rigni	CACCA	0	0	10	10	44	0	rigni	82.0	96.4	3.6	0.0	rigni	rigni	54	65.9	rigni	rigni		?	rigni	10.1	(disgusting ‘repugnant’)	x1 is repugnant to/causes disgust to x2 under conditions x3.
rij	CAC	3	rijno	CACCA	4	0	0	4	0	0	rijno	31.0	100.0	0.0	0.0	rij	rijno	4	12.9	rij	rijno	1 2 3	rafsi	rijno	7.5.4	(silver ‘argent’)	x1 is made of/contains/is a quantity of silver/argentum (Ag); [metaphor: valuable, tarnishing].
rijn	CACC	4	rijno	CACCA	0	0	0	0	0	0	rijno	31.0	100.0	0.0	0.0	rijn	rijno	0	0.0	rijn	rijno		?	rijno	7.5.4	(silver ‘argent’)	x1 is made of/contains/is a quantity of silver/argentum (Ag); [metaphor: valuable, tarnishing].
rijno	CACCA	5	rijno	CACCA	0	0	3	3	24	0	rijno	31.0	100.0	0.0	0.0	rijno	rijno	27	87.1	rijno	rijno		?	rijno	7.5.4	(silver ‘argent’)	x1 is made of/contains/is a quantity of silver/argentum (Ag); [metaphor: valuable, tarnishing].
ril	CAC	3	rilti	CACCA	1	0	0	1	0	0	rilti	16.0	100.0	0.0	0.0	ril	rilti	1	6.3	ril	rilti	1 25 3	rafsi	rilti	5	(rhythm)	x1 (sequence/non-text quote) is a rhythm/beat of music/expressive form x2.
rilt	CACC	4	rilti	CACCA	0	0	0	0	0	0	rilti	16.0	100.0	0.0	0.0	rilt	rilti	0	0.0	rilt	rilti		?	rilti	5	(rhythm)	x1 (sequence/non-text quote) is a rhythm/beat of music/expressive form x2.
rilti	CACCA	5	rilti	CACCA	0	0	1	1	14	0	rilti	16.0	100.0	0.0	0.0	rilti	rilti	15	93.8	rilti	rilti		?	rilti	5	(rhythm)	x1 (sequence/non-text quote) is a rhythm/beat of music/expressive form x2.
rim	CAC	3	rimni	CACCA	4	0	0	4	0	0	rimni	115.0	0.0	0.0	100.0	rim	rimni	4	3.5	rim	rimni	1 25 3	rafsi	rimni	2.1	(rhyme)	x1 rhymes/alliterates with x2 in language/phonetics x3, matching sound correspondence x4 (ka).
rimn	CACC	4	rimni	CACCA	0	0	0	0	0	0	rimni	115.0	0.0	0.0	100.0	rimn	rimni	0	0.0	rimn	rimni		?	rimni	2.1	(rhyme)	x1 rhymes/alliterates with x2 in language/phonetics x3, matching sound correspondence x4 (ka).
rimni	CACCA	5	rimni	CACCA	0	0	45	45	66	0	rimni	115.0	0.0	0.0	100.0	rimni	rimni	111	96.5	rimni	rimni		?	rimni	2.1	(rhyme)	x1 rhymes/alliterates with x2 in language/phonetics x3, matching sound correspondence x4 (ka).
rinci	CACCA	5	rinci	CACCA	0	0	5	5	6	0	rinci	11.0	0.0	0.0	100.0	rinci	rinci	11	100.0	rinci	rinci		?	rinci	6.2.4	(drain)	x1 liquid/fluid drains/strains/flushes from source x2 through drain/strainer x3 by force x4.
ri'u	CAA	3	rinju	CACCA	15	0	25	40	0	0	rinju	90.0	37.5	0.0	62.5	ri'u	rinju	40	44.4	ri'u	rinju	1 2 5	rafsi/cmavo	rinju	6.2.1	(restrain)	x1 is restrained/held [back]/constrained/kept by restraint x2 against x3 (event).
rinju	CACCA	5	rinju	CACCA	0	0	0	0	50	0	rinju	90.0	37.5	0.0	62.5	rinju	rinju	50	55.6	rinju	rinju		?	rinju	6.2.1	(restrain)	x1 is restrained/held [back]/constrained/kept by restraint x2 against x3 (event).
ri'a	CAA	3	rinka	CACCA	0	8	847	855	0	301	rinka	1835.0	0.0	0.9	99.1	ri'a	rinka	1156	63.0	ri'a	rinka	1 2 5	rafsi/cmavo	rinka	5.1	(cause)	x1 (event/state) effects/physically causes effect x2 (event/state) under conditions x3.
rik	CAC	3	rinka	CACCA	8	12	0	20	0	0	rinka	1835.0	0.0	0.9	99.1	rik	rinka	20	1.1	rik	rinka	1 2 4	rafsi	rinka	5.1	(cause)	x1 (event/state) effects/physically causes effect x2 (event/state) under conditions x3.
rink	CACC	4	rinka	CACCA	0	0	0	0	0	0	rinka	1835.0	0.0	0.9	99.1	rink	rinka	0	0.0	rink	rinka		?	rinka	5.1	(cause)	x1 (event/state) effects/physically causes effect x2 (event/state) under conditions x3.
rinka	CACCA	5	rinka	CACCA	0	0	0	0	659	0	rinka	1835.0	0.0	0.9	99.1	rinka	rinka	659	35.9	rinka	rinka		?	rinka	5.1	(cause)	x1 (event/state) effects/physically causes effect x2 (event/state) under conditions x3.
rins	CACC	4	rinsa	CACCA	4	0	0	4	0	0	rinsa	199.0	100.0	0.0	0.0	rins	rinsa	4	2.0	rins	rinsa		?	rinsa	2.4	(greet)	x1 (agent) greets/hails/[welcomes/says hello to]/responds to arrival of x2 in manner x3 (action).
rinsa	CACCA	5	rinsa	CACCA	0	0	4	4	191	0	rinsa	199.0	100.0	0.0	0.0	rinsa	rinsa	195	98.0	rinsa	rinsa		?	rinsa	2.4	(greet)	x1 (agent) greets/hails/[welcomes/says hello to]/responds to arrival of x2 in manner x3 (action).
rirc	CACC	4	rirci	CACCA	2	0	0	2	0	0	rirci	53.0	100.0	0.0	0.0	rirc	rirci	2	3.8	rirc	rirci		?	rirci	1.1	(rare)	x1 [member] is rare/unusual/uncommon/atypical in property x2 (ka) among members of x3 (set).
rirci	CACCA	5	rirci	CACCA	0	0	2	2	49	0	rirci	53.0	100.0	0.0	0.0	rirci	rirci	51	96.2	rirci	rirci		?	rirci	1.1	(rare)	x1 [member] is rare/unusual/uncommon/atypical in property x2 (ka) among members of x3 (set).
rir	CAC	3	rirni	CACCA	57	8	0	65	0	0	rirni	293.0	0.0	0.0	100.0	rir	rirni	65	22.2	rir	rirni	13 25 13	rafsi	rirni	11.1	(parent ‘rear’)	x1 is a parent of/raises/rears x2; x1 mentors/acts parental toward child/protege x2.
rirn	CACC	4	rirni	CACCA	0	0	0	0	0	0	rirni	293.0	0.0	0.0	100.0	rirn	rirni	0	0.0	rirn	rirni		?	rirni	11.1	(parent ‘rear’)	x1 is a parent of/raises/rears x2; x1 mentors/acts parental toward child/protege x2.
rirni	CACCA	5	rirni	CACCA	0	0	71	71	157	0	rirni	293.0	0.0	0.0	100.0	rirni	rirni	228	77.8	rirni	rirni		?	rirni	11.1	(parent ‘rear’)	x1 is a parent of/raises/rears x2; x1 mentors/acts parental toward child/protege x2.
ri'e	CAA	3	rirxe	CACCA	18	0	32	50	0	0	rirxe	50.0	36.0	0.0	64.0	ri'e	rirxe	50	100.0	ri'e	rirxe	13 2 5	rafsi/cmavo	rirxe	8.2.1	(river)	x1 is a river of land mass x2, draining watershed x3 into x4/terminating at x4.
rirx	CACC	4	rirxe	CACCA	0	0	0	0	0	0	rirxe	50.0	36.0	0.0	64.0	rirx	rirxe	0	0.0	rirx	rirxe		?	rirxe	8.2.1	(river)	x1 is a river of land mass x2, draining watershed x3 into x4/terminating at x4.
ris	CAC	3	rismi	CACCA	22	4	0	26	0	0	rismi	147.0	84.6	15.4	0.0	ris	rismi	26	17.7	ris	rismi	1 25 3	rafsi	rismi	9.1.5	(rice)	x1 is a quantity of rice [a type of grain] of strain/cultivar x2.
rism	CACC	4	rismi	CACCA	0	4	0	4	0	0	rismi	147.0	84.6	15.4	0.0	rism	rismi	4	2.7	rism	rismi		?	rismi	9.1.5	(rice)	x1 is a quantity of rice [a type of grain] of strain/cultivar x2.
rismi	CACCA	5	rismi	CACCA	0	0	1	1	116	0	rismi	147.0	84.6	15.4	0.0	rismi	rismi	117	79.6	rismi	rismi		?	rismi	9.1.5	(rice)	x1 is a quantity of rice [a type of grain] of strain/cultivar x2.
risn	CACC	4	risna	CACCA	2	3	0	5	0	0	risna	82.0	40.0	60.0	0.0	risn	risna	5	6.1	risn	risna		?	risna	9.2.5	(heart ‘cardiac’)	x1 is a/the heart [body-part] of x2; [emotional/shape metaphors are NOT culturally neutral].
risna	CACCA	5	risna	CACCA	0	0	1	1	76	0	risna	82.0	40.0	60.0	0.0	risna	risna	77	93.9	risna	risna		?	risna	9.2.5	(heart ‘cardiac’)	x1 is a/the heart [body-part] of x2; [emotional/shape metaphors are NOT culturally neutral].
ri'i	CAA	3	ritli	CACCA	11	11	73	95	0	0	ritli	186.0	11.6	11.6	76.8	ri'i	ritli	95	51.1	ri'i	ritli	1 25 25	rafsi/cmavo	ritli	11.2	(rite)	x1 is a rite/ceremony/ritual for purpose/goal x2, by custom/in community x3, with form/rules x4.
ritl	CACC	4	ritli	CACCA	0	0	0	0	0	0	ritli	186.0	11.6	11.6	76.8	ritl	ritli	0	0.0	ritl	ritli		?	ritli	11.2	(rite)	x1 is a rite/ceremony/ritual for purpose/goal x2, by custom/in community x3, with form/rules x4.
ritli	CACCA	5	ritli	CACCA	0	0	0	0	91	0	ritli	186.0	11.6	11.6	76.8	ritli	ritli	91	48.9	ritli	ritli		?	ritli	11.2	(rite)	x1 is a rite/ceremony/ritual for purpose/goal x2, by custom/in community x3, with form/rules x4.
riv	CAC	3	rivbi	CACCA	4	5	4	13	0	0	rivbi	140.0	30.8	38.5	30.8	riv	rivbi	13	9.3	riv	rivbi	1 25 3	rafsi	rivbi	6.1.2	(avoid ‘evade’)	x1 avoids/evades/shuns/escapes/skirts [fate] x2 (event) through action/state x3 (event).
rivbi	CACCA	5	rivbi	CACCA	0	0	7	7	120	0	rivbi	140.0	30.8	38.5	30.8	rivbi	rivbi	127	90.7	rivbi	rivbi		?	rivbi	6.1.2	(avoid ‘evade’)	x1 avoids/evades/shuns/escapes/skirts [fate] x2 (event) through action/state x3 (event).
ro'i	CAA	3	rokci	CACCA	8	1	98	107	0	0	rokci	542.0	7.5	0.9	91.6	ro'i	rokci	107	19.7	ro'i	rokci	1 2 5	rafsi/cmavo	rokci	8.2.3	(rock)	x1 is a quantity of/is made of/contains rock/stone of type/composition x2 from location x3.
rok	CAC	3	rokci	CACCA	53	4	0	57	0	0	rokci	542.0	7.5	0.9	91.6	rok	rokci	57	10.5	rok	rokci	1 2 3	rafsi	rokci	8.2.3	(rock)	x1 is a quantity of/is made of/contains rock/stone of type/composition x2 from location x3.
rokc	CACC	4	rokci	CACCA	0	0	0	0	0	0	rokci	542.0	7.5	0.9	91.6	rokc	rokci	0	0.0	rokc	rokci		?	rokci	8.2.3	(rock)	x1 is a quantity of/is made of/contains rock/stone of type/composition x2 from location x3.
rokci	CACCA	5	rokci	CACCA	0	0	0	0	378	0	rokci	542.0	7.5	0.9	91.6	rokci	rokci	378	69.7	rokci	rokci		?	rokci	8.2.3	(rock)	x1 is a quantity of/is made of/contains rock/stone of type/composition x2 from location x3.
romge	CACCA	5	romge	CACCA	0	0	1	1	4	0	romge	5.0	0.0	0.0	100.0	romge	romge	5	100.0	romge	romge		?	romge	7.5.4	(chrome)	x1 is a highly reflective/polished non-tarnishing metallic surface, of metal x2 [often chromium].
ro'o	CAA	3	ropno	CACCA	0	0	31	31	0	0	ropno	119.0	0.0	0.0	100.0	ro'o	ropno	31	26.1	ro'o	ropno	1 25 25	rafsi/cmavo	ropno	12.2	(European)	
ron	CAC	3	ropno	CACCA	8	0	0	8	0	0	ropno	119.0	0.0	0.0	100.0	ron	ropno	8	6.7	ron	ropno	1 25 4	rafsi	ropno	12.2	(European)	
ropn	CACC	4	ropno	CACCA	0	0	0	0	0	0	ropno	119.0	0.0	0.0	100.0	ropn	ropno	0	0.0	ropn	ropno		?	ropno	12.2	(European)	
ropno	CACCA	5	ropno	CACCA	0	0	0	0	80	0	ropno	119.0	0.0	0.0	100.0	ropno	ropno	80	67.2	ropno	ropno		?	ropno	12.2	(European)	
ror	CAC	3	rorci	CACCA	14	24	0	38	0	0	rorci	641.0	36.8	63.2	0.0	ror	rorci	38	5.9	ror	rorci	13 2 13	rafsi	rorci	9.3.2	(procreate)	x1 engenders/procreates/begets x2 with coparent x3.
rorci	CACCA	5	rorci	CACCA	0	0	8	8	595	0	rorci	641.0	36.8	63.2	0.0	rorci	rorci	603	94.1	rorci	rorci		?	rorci	9.3.2	(procreate)	x1 engenders/procreates/begets x2 with coparent x3.
ro'u	CAA	3	rotsu	CACCA	0	0	12	12	0	0	rotsu	38.0	69.2	7.7	23.1	ro'u	rotsu	12	31.6	ro'u	rotsu	1 2 5	rafsi/cmavo	rotsu	3.4	(thick ‘stout’)	x1 is thick in dimension/direction x2 by standard x3; [relatively long in smallest dimension].
rot	CAC	3	rotsu	CACCA	0	0	0	0	0	0	rotsu	38.0	69.2	7.7	23.1	rot	rotsu	0	0.0	rot	rotsu	1 2 3	rafsi	rotsu	3.4	(thick ‘stout’)	x1 is thick in dimension/direction x2 by standard x3; [relatively long in smallest dimension].
tsu	CCA	3	rotsu	CACCA	18	2	6	26	0	0	rotsu	38.0	69.2	7.7	23.1	tsu	rotsu	26	68.4	tsu	rotsu	3 4 5	rafsi	rotsu	3.4	(thick ‘stout’)	x1 is thick in dimension/direction x2 by standard x3; [relatively long in smallest dimension].
roz	CAC	3	rozgu	CACCA	0	0	0	0	0	0	rozgu	12.0	58.3	0.0	41.7	roz	rozgu	0	0.0	roz	rozgu	1 2 3	rafsi	rozgu	9.1.2	(rose)	x1 is a rose [flower - characterized by prickly stem/fragrance] of species/strain x2.
rozg	CACC	4	rozgu	CACCA	0	0	0	0	0	0	rozgu	12.0	58.3	0.0	41.7	rozg	rozgu	0	0.0	rozg	rozgu		?	rozgu	9.1.2	(rose)	x1 is a rose [flower - characterized by prickly stem/fragrance] of species/strain x2.
zgu	CCA	3	rozgu	CACCA	7	0	5	12	0	0	rozgu	12.0	58.3	0.0	41.7	zgu	rozgu	12	100.0	zgu	rozgu	3 4 5	rafsi	rozgu	9.1.2	(rose)	x1 is a rose [flower - characterized by prickly stem/fragrance] of species/strain x2.
ble	CCA	3	ruble	CACCA	52	19	79	150	0	0	ruble	150.0	34.7	12.7	52.7	ble	ruble	150	100.0	ble	ruble	3 4 5	rafsi	ruble	7.3	(weak ‘feeble’)	x1 is weak/feeble/frail in property/quality/aspect x2 (ka) by standard x3.
ru'e	CAA	3	ruble	CACCA				0	0	0	ruble	150.0	34.7	12.7	52.7	ru'e	ruble	0	0.0	ru'e	ruble	1 2 5	cmavo	ruble	7.3	(weak ‘feeble’)	x1 is weak/feeble/frail in property/quality/aspect x2 (ka) by standard x3.
rub	CAC	3	ruble	CACCA	0	0	0	0	0	0	ruble	150.0	34.7	12.7	52.7	rub	ruble	0	0.0	rub	ruble	1 2 3	rafsi	ruble	7.3	(weak ‘feeble’)	x1 is weak/feeble/frail in property/quality/aspect x2 (ka) by standard x3.
ruf	CAC	3	rufsu	CACCA	2	0	0	2	0	0	rufsu	48.0	0.0	0.0	100.0	ruf	rufsu	2	4.2	ruf	rufsu	1 25 3	rafsi	rufsu	7.3	(rough)	x1 is rough/coarse/uneven/[grainy/scabrous/rugged] in texture/regularity.
rufsu	CACCA	5	rufsu	CACCA	0	0	4	4	42	0	rufsu	48.0	0.0	0.0	100.0	rufsu	rufsu	46	95.8	rufsu	rufsu		?	rufsu	7.3	(rough)	x1 is rough/coarse/uneven/[grainy/scabrous/rugged] in texture/regularity.
rum	CAC	3	runme	CACCA	27	0	0	27	0	0	runme	48.0	100.0	0.0	0.0	rum	runme	27	56.3	rum	runme	1 2 4	rafsi	runme	7.5.2	(melt ‘runny’)	x1 melts [becomes liquid from solid state] at temperature x2 and pressure x3.
runme	CACCA	5	runme	CACCA	0	0	2	2	19	0	runme	48.0	100.0	0.0	0.0	runme	runme	21	43.8	runme	runme		?	runme	7.5.2	(melt ‘runny’)	x1 melts [becomes liquid from solid state] at temperature x2 and pressure x3.
runt	CACC	4	runta	CACCA	3	6	0	9	0	0	runta	54.0	0.0	0.0	100.0	runt	runta	9	16.7	runt	runta		?	runta	7.5.2	(dissolve)	x1 dissolves in solvent x2 forming solution/[suspension] x3 under conditions x4.
runta	CACCA	5	runta	CACCA	0	0	11	11	34	0	runta	54.0	0.0	0.0	100.0	runta	runta	45	83.3	runta	runta		?	runta	7.5.2	(dissolve)	x1 dissolves in solvent x2 forming solution/[suspension] x3 under conditions x4.
ru'u	CAA	3	rupnu	CACCA	0	0	112	112	0	0	rupnu	225.0	0.0	0.0	100.0	ru'u	rupnu	112	49.8	ru'u	rupnu	1 25 25	rafsi/cmavo	rupnu	11.3.2	(dollar ‘ruble’)	x1 is measured in major-money-units (dollar/yuan/ruble) as x2 (quantity), monetary system x3.
rupnu	CACCA	5	rupnu	CACCA	0	0	0	0	113	0	rupnu	225.0	0.0	0.0	100.0	rupnu	rupnu	113	50.2	rupnu	rupnu		?	rupnu	11.3.2	(dollar ‘ruble’)	x1 is measured in major-money-units (dollar/yuan/ruble) as x2 (quantity), monetary system x3.
ru'o	CAA	3	rusko	CACCA	0	0	1	1	0	0	rusko	22.0	100.0	0.0	0.0	ru'o	rusko	1	4.5	ru'o	rusko	1 2 5	rafsi/cmavo	rusko	12.4	(Russian)	
ruk	CAC	3	rusko	CACCA	21	0	0	21	0	0	rusko	22.0	100.0	0.0	0.0	ruk	rusko	21	95.5	ruk	rusko	1 2 4	rafsi	rusko	12.4	(Russian)	
run	CAC	3	rutni	CACCA	51	0	0	51	0	0	rutni	106.0	100.0	0.0	0.0	run	rutni	51	48.1	run	rutni	1 2 4	rafsi	rutni	13.3	(artifact)	x1 is an artifact; x1 is artificial; x1 is made/caused by people/se kulnu x2; x1 is man-made.
rutni	CACCA	5	rutni	CACCA	0	0	1	1	54	0	rutni	106.0	100.0	0.0	0.0	rutni	rutni	55	51.9	rutni	rutni		?	rutni	13.3	(artifact)	x1 is an artifact; x1 is artificial; x1 is made/caused by people/se kulnu x2; x1 is man-made.
sab	CAC	3	sabji	CACCA	1	6	1	8	0	0	sabji	63.0	12.5	75.0	12.5	sab	sabji	8	12.7	sab	sabji	1 2 3	rafsi	sabji	6.2	(provide ‘supply’)	x1 [source] provides/supplies/furnishes x2 [supply/commodity] to x3 [recipient].
sabji	CACCA	5	sabji	CACCA	0	0	4	4	51	0	sabji	63.0	12.5	75.0	12.5	sabji	sabji	55	87.3	sabji	sabji		?	sabji	6.2	(provide ‘supply’)	x1 [source] provides/supplies/furnishes x2 [supply/commodity] to x3 [recipient].
sabnu	CACCA	5	sabnu	CACCA	0	0	1	1	1	0	sabnu	2.0	0.0	0.0	100.0	sabnu	sabnu	2	100.0	sabnu	sabnu		?	sabnu	13.5	(cabin)	x1 is a cabin of vehicle x2.
sacki	CACCA	5	sacki	CACCA	0	0	7	7	6	0	sacki	13.0	0.0	0.0	100.0	sacki	sacki	13	100.0	sacki	sacki		?	sacki	13.3.1	(match)	x1 is a match [incendiary device] made of x2.
saclu	CACCA	5	saclu	CACCA	0	0	2	2	2	0	saclu	4.0	0.0	0.0	100.0	saclu	saclu	4	100.0	saclu	saclu		?	saclu	1.6	(decimal)	x1 (me'o) is the [decimal/binary] equivalent of fractional x2 (me'o) in base x3 (quantity).
djo	CCA	3	sadjo	CACCA	0	0	22	22	0	0	sadjo	22.0	0.0	0.0	100.0	djo	sadjo	22	100.0	djo	sadjo	3 4 5	rafsi	sadjo	12.4	(Saudi)	
sak	CAC	3	sakci	CACCA	33	1	0	34	0	0	sakci	67.0	97.1	2.9	0.0	sak	sakci	34	50.7	sak	sakci	1 2 3	rafsi	sakci	6.2.4	(suck)	x1 sucks/is suction/vacuum/relatively low pressure of fluid/gas x2 relative to high pressure x3.
sakc	CACC	4	sakci	CACCA	0	0	0	0	0	0	sakci	67.0	97.1	2.9	0.0	sakc	sakci	0	0.0	sakc	sakci		?	sakci	6.2.4	(suck)	x1 sucks/is suction/vacuum/relatively low pressure of fluid/gas x2 relative to high pressure x3.
sakci	CACCA	5	sakci	CACCA	0	0	5	5	28	0	sakci	67.0	97.1	2.9	0.0	sakci	sakci	33	49.3	sakci	sakci		?	sakci	6.2.4	(suck)	x1 sucks/is suction/vacuum/relatively low pressure of fluid/gas x2 relative to high pressure x3.
sakl	CACC	4	sakli	CACCA	0	0	0	0	0	0	sakli	118.0	86.7	13.3	0.0	sakl	sakli	0	0.0	sakl	sakli		?	sakli	6.1.2	(slide ‘slip’)	x1 slides/slips/glides on x2.
sakli	CACCA	5	sakli	CACCA	0	0	9	9	64	0	sakli	118.0	86.7	13.3	0.0	sakli	sakli	73	61.9	sakli	sakli		?	sakli	6.1.2	(slide ‘slip’)	x1 slides/slips/glides on x2.
sal	CAC	3	sakli	CACCA	39	6	0	45	0	0	sakli	118.0	86.7	13.3	0.0	sal	sakli	45	38.1	sal	sakli	1 2 4	rafsi	sakli	6.1.2	(slide ‘slip’)	x1 slides/slips/glides on x2.
sakt	CACC	4	sakta	CACCA	0	0	0	0	0	0	sakta	93.0	100.0	0.0	0.0	sakt	sakta	0	0.0	sakt	sakta		?	sakta	13.2.3	(sugar ‘sucrose’)	x1 is made of/contains/is a quantity of sugar [sweet edible] from source x2 of composition x3.
sakta	CACCA	5	sakta	CACCA	0	0	18	18	57	0	sakta	93.0	100.0	0.0	0.0	sakta	sakta	75	80.6	sakta	sakta		?	sakta	13.2.3	(sugar ‘sucrose’)	x1 is made of/contains/is a quantity of sugar [sweet edible] from source x2 of composition x3.
sat	CAC	3	sakta	CACCA	18	0	0	18	0	0	sakta	93.0	100.0	0.0	0.0	sat	sakta	18	19.4	sat	sakta	1 25 4	rafsi	sakta	13.2.3	(sugar ‘sucrose’)	x1 is made of/contains/is a quantity of sugar [sweet edible] from source x2 of composition x3.
salc	CACC	4	salci	CACCA	0	0	0	0	0	0	salci	361.0	59.1	16.1	24.8	salc	salci	0	0.0	salc	salci		?	salci	11.2	(celebrate)	x1 celebrates/recognizes/honors x2 (event/abstract) with activity/[party] x3.
salci	CACCA	5	salci	CACCA	0	0	0	0	107	0	salci	361.0	59.1	16.1	24.8	salci	salci	107	29.6	salci	salci		?	salci	11.2	(celebrate)	x1 celebrates/recognizes/honors x2 (event/abstract) with activity/[party] x3.
sla	CCA	3	salci	CACCA	150	41	63	254	0	0	salci	361.0	59.1	16.1	24.8	sla	salci	254	70.4	sla	salci	1 3 2	rafsi	salci	11.2	(celebrate)	x1 celebrates/recognizes/honors x2 (event/abstract) with activity/[party] x3.
sa'o	CAA	3	salpo	CACCA	9	0	9	18	0	0	salpo	66.0	50.0	0.0	50.0	sa'o	salpo	18	27.3	sa'o	salpo	1 2 5	rafsi/cmavo	salpo	3.2	(slope)	x1 is sloped/inclined/slanted/aslant with angle x2 to horizon/frame x3.
salp	CACC	4	salpo	CACCA	0	0	0	0	0	0	salpo	66.0	50.0	0.0	50.0	salp	salpo	0	0.0	salp	salpo		?	salpo	3.2	(slope)	x1 is sloped/inclined/slanted/aslant with angle x2 to horizon/frame x3.
salpo	CACCA	5	salpo	CACCA	0	0	0	0	48	0	salpo	66.0	50.0	0.0	50.0	salpo	salpo	48	72.7	salpo	salpo		?	salpo	3.2	(slope)	x1 is sloped/inclined/slanted/aslant with angle x2 to horizon/frame x3.
salta	CACCA	5	salta	CACCA	0	0	1	1	15	0	salta	16.0	0.0	0.0	100.0	salta	salta	16	100.0	salta	salta		?	salta	13.2.3	(salad)	x1 (mass) is a quantity of salad [food] with ingredients/components including x2.
samcu	CACCA	5	samcu	CACCA	0	0	1	1	8	0	samcu	9.0	0.0	0.0	100.0	samcu	samcu	9	100.0	samcu	samcu		?	samcu	9.1.4	(cassava ‘yam’)	x1 is a quantity of cassava/taro/manioc/tapioca/yam [edible starchy root] of species/strain x2.
sa'u	CAA	3	sampu	CACCA				0	0	31	sampu	216.0	96.8	3.2	0.0	sa'u	sampu	31	14.4	sa'u	sampu	1 2 5	cmavo	sampu	1.2	(simple)	x1 is simple/unmixed/uncomplicated in property x2 (ka).
samp	CACC	4	sampu	CACCA	0	0	0	0	0	0	sampu	216.0	96.8	3.2	0.0	samp	sampu	0	0.0	samp	sampu		?	sampu	1.2	(simple)	x1 is simple/unmixed/uncomplicated in property x2 (ka).
sampu	CACCA	5	sampu	CACCA	0	0	6	6	117	0	sampu	216.0	96.8	3.2	0.0	sampu	sampu	123	56.9	sampu	sampu		?	sampu	1.2	(simple)	x1 is simple/unmixed/uncomplicated in property x2 (ka).
sap	CAC	3	sampu	CACCA	60	2	0	62	0	0	sampu	216.0	96.8	3.2	0.0	sap	sampu	62	28.7	sap	sampu	1 2 4	rafsi	sampu	1.2	(simple)	x1 is simple/unmixed/uncomplicated in property x2 (ka).
sanc	CACC	4	sance	CACCA	0	0	0	0	0	0	sance	551.0	37.6	12.5	49.8	sanc	sance	0	0.0	sanc	sance		?	sance	9.4.1	(sound)	x1 is sound produced/emitted by x2.
sance	CACCA	5	sance	CACCA	0	0	0	0	280	0	sance	551.0	37.6	12.5	49.8	sance	sance	280	50.8	sance	sance		?	sance	9.4.1	(sound)	x1 is sound produced/emitted by x2.
sna	CCA	3	sance	CACCA	102	34	135	271	0	0	sance	551.0	37.6	12.5	49.8	sna	sance	271	49.2	sna	sance	1 3 2	rafsi	sance	9.4.1	(sound)	x1 is sound produced/emitted by x2.
sa'a	CAA	3	sanga	CACCA	20	6	111	137	0	0	sanga	375.0	14.6	4.4	81.0	sa'a	sanga	137	36.5	sa'a	sanga	1 25 25	rafsi/cmavo	sanga	12.6	(sing)	x1 sings/chants x2 [song/hymn/melody/melodic sounds] to audience x3.
sag	CAC	3	sanga	CACCA	6	2	0	8	0	0	sanga	375.0	14.6	4.4	81.0	sag	sanga	8	2.1	sag	sanga	1 25 4	rafsi	sanga	12.6	(sing)	x1 sings/chants x2 [song/hymn/melody/melodic sounds] to audience x3.
sang	CACC	4	sanga	CACCA	0	0	0	0	0	0	sanga	375.0	14.6	4.4	81.0	sang	sanga	0	0.0	sang	sanga		?	sanga	12.6	(sing)	x1 sings/chants x2 [song/hymn/melody/melodic sounds] to audience x3.
sanga	CACCA	5	sanga	CACCA	0	0	5	5	225	0	sanga	375.0	14.6	4.4	81.0	sanga	sanga	230	61.3	sanga	sanga		?	sanga	12.6	(sing)	x1 sings/chants x2 [song/hymn/melody/melodic sounds] to audience x3.
saj	CAC	3	sanji	CACCA	15	7	0	22	0	0	sanji	236.0	68.2	31.8	0.0	saj	sanji	22	9.3	saj	sanji	1 2 4	rafsi	sanji	2.5	(conscious)	x1 is conscious/aware of x2 (object/abstract); x1 discerns/recognizes x2 (object/abstract).
sanj	CACC	4	sanji	CACCA	0	0	0	0	0	0	sanji	236.0	68.2	31.8	0.0	sanj	sanji	0	0.0	sanj	sanji		?	sanji	2.5	(conscious)	x1 is conscious/aware of x2 (object/abstract); x1 discerns/recognizes x2 (object/abstract).
sanji	CACCA	5	sanji	CACCA	0	0	21	21	193	0	sanji	236.0	68.2	31.8	0.0	sanji	sanji	214	90.7	sanji	sanji		?	sanji	2.5	(conscious)	x1 is conscious/aware of x2 (object/abstract); x1 discerns/recognizes x2 (object/abstract).
sa'i	CAA	3	sanli	CACCA	6	4	7	17	0	0	sanli	17.0	35.3	23.5	41.2	sa'i	sanli	17	100.0	sa'i	sanli	1 2 5	rafsi/cmavo	sanli	6.1.3	(stand)	x1 stands [is vertically oriented] on surface x2 supported by limbs/support/pedestal x3.
sanl	CACC	4	sanli	CACCA	0	0	0	0	0	0	sanli	17.0	35.3	23.5	41.2	sanl	sanli	0	0.0	sanl	sanli		?	sanli	6.1.3	(stand)	x1 stands [is vertically oriented] on surface x2 supported by limbs/support/pedestal x3.
sai	CAA	3	sanmi	CACCA	24	24	55	103	0	0	sanmi	179.0	23.3	23.3	53.4	sai	sanmi	103	57.5	sai	sanmi	1 2 5	rafsi/cmavo	sanmi	13.2.3	(meal)	x1 (mass) is a meal composed of dishes including x2.
sanmi	CACCA	5	sanmi	CACCA	0	0	4	4	72	0	sanmi	179.0	23.3	23.3	53.4	sanmi	sanmi	76	42.5	sanmi	sanmi		?	sanmi	13.2.3	(meal)	x1 (mass) is a meal composed of dishes including x2.
sanso	CACCA	5	sanso	CACCA	0	0	2	2	6	0	sanso	8.0	0.0	0.0	100.0	sanso	sanso	8	100.0	sanso	sanso		?	sanso	13.2.3	(sauce)	x1 is a sauce/topping/gravy/frosting for use with x2, containing ingredient(s) including x3.
sant	CACC	4	santa	CACCA	14	8	0	22	0	0	santa	317.0	63.6	36.4	0.0	sant	santa	22	6.9	sant	santa		?	santa	13.7	(umbrella)	x1 is an umbrella/parasol shielding x2 from x3, made of material x4, supported by x5.
santa	CACCA	5	santa	CACCA	0	0	12	12	283	0	santa	317.0	63.6	36.4	0.0	santa	santa	295	93.1	santa	santa		?	santa	13.7	(umbrella)	x1 is an umbrella/parasol shielding x2 from x3, made of material x4, supported by x5.
sa'u	CAA	3	sarcu	CACCA	25	0	51	76	0	0	sarcu	1043.0	32.9	0.0	67.1	sa'u	sarcu	76	7.3	sa'u	sarcu	1 2 5	rafsi/cmavo	sarcu	5.1	(necessary)	x1 (abstract) is necessary/required for continuing state/process x2 under conditions x3.
sarc	CACC	4	sarcu	CACCA	0	0	0	0	0	0	sarcu	1043.0	32.9	0.0	67.1	sarc	sarcu	0	0.0	sarc	sarcu		?	sarcu	5.1	(necessary)	x1 (abstract) is necessary/required for continuing state/process x2 under conditions x3.
sarcu	CACCA	5	sarcu	CACCA	0	0	3	3	427	0	sarcu	1043.0	32.9	0.0	67.1	sarcu	sarcu	430	41.2	sarcu	sarcu		?	sarcu	5.1	(necessary)	x1 (abstract) is necessary/required for continuing state/process x2 under conditions x3.
sau	CAA	3	sarcu	CACCA				0	0	537	sarcu	1043.0	32.9	0.0	67.1	sau	sarcu	537	51.5	sau	sarcu	1 2 5	cmavo	sarcu	5.1	(necessary)	x1 (abstract) is necessary/required for continuing state/process x2 under conditions x3.
sarji	CACCA	5	sarji	CACCA	0	0	0	0	2469	0	sarji	2639.0	87.6	2.9	9.4	sarji	sarji	2469	93.6	sarji	sarji		?	sarji	6.1.3	(support)	x1 supports/holds up/is underpinning of/[helps] x2 against force/opposition x3 with/by means x4.
sra	CCA	3	sarji	CACCA	149	5	16	170	0	0	sarji	2639.0	87.6	2.9	9.4	sra	sarji	170	6.4	sra	sarji	1 3 2	rafsi	sarji	6.1.3	(support)	x1 supports/holds up/is underpinning of/[helps] x2 against force/opposition x3 with/by means x4.
sarl	CACC	4	sarlu	CACCA	1	0	0	1	0	0	sarlu	35.0	0.0	0.0	100.0	sarl	sarlu	1	2.9	sarl	sarlu		?	sarlu	3.5.2	(spiral)	x1 is a spiral/helix/whorl/[vortex] [shape/form] with limits x2, of dimensionality x3.
sarlu	CACCA	5	sarlu	CACCA	0	0	2	2	32	0	sarlu	35.0	0.0	0.0	100.0	sarlu	sarlu	34	97.1	sarlu	sarlu		?	sarlu	3.5.2	(spiral)	x1 is a spiral/helix/whorl/[vortex] [shape/form] with limits x2, of dimensionality x3.
sarxe	CACCA	5	sarxe	CACCA	0	0	27	27	51	0	sarxe	85.0	0.0	0.0	100.0	sarxe	sarxe	78	91.8	sarxe	sarxe		?	sarxe	1.2	(harmonious)	x1 is harmonious/concordant/in agreement/concord with x2 in property x3 (ka).
sax	CAC	3	sarxe	CACCA	3	4	0	7	0	0	sarxe	85.0	0.0	0.0	100.0	sax	sarxe	7	8.2	sax	sarxe	1 2 4	rafsi	sarxe	1.2	(harmonious)	x1 is harmonious/concordant/in agreement/concord with x2 in property x3 (ka).
saske	CACCA	5	saske	CACCA	0	0	0	0	155	0	saske	710.0	10.3	1.3	88.5	saske	saske	155	21.8	saske	saske		?	saske	2.5	(science)	x1 (mass of facts) is science of/about subject matter x2 based on methodology x3.
ske	CCA	3	saske	CACCA	57	7	491	555	0	0	saske	710.0	10.3	1.3	88.5	ske	saske	555	78.2	ske	saske	13 4 5	rafsi	saske	2.5	(science)	x1 (mass of facts) is science of/about subject matter x2 based on methodology x3.
sa'e	CAA	3	satci	CACCA				0	0	125	satci	399.0	0.0	0.0	100.0	sa'e	satci	125	31.3	sa'e	satci	1 2 	cmavo	satci	7.4	(exact ‘precise’)	x1 [measurement/match] is exact/precise to precision x2 in property/quantity x3 (ka/ni).
satc	CACC	4	satci	CACCA	20	2	0	22	0	0	satci	399.0	0.0	0.0	100.0	satc	satci	22	5.5	satc	satci		?	satci	7.4	(exact ‘precise’)	x1 [measurement/match] is exact/precise to precision x2 in property/quantity x3 (ka/ni).
satci	CACCA	5	satci	CACCA	0	0	52	52	200	0	satci	399.0	0.0	0.0	100.0	satci	satci	252	63.2	satci	satci		?	satci	7.4	(exact ‘precise’)	x1 [measurement/match] is exact/precise to precision x2 in property/quantity x3 (ka/ni).
sa'e	CAA	3	satre	CACCA	3	10	43	56	0	0	satre	101.0	5.4	17.9	76.8	sa'e	satre	56	55.4	sa'e	satre	1 2 5	rafsi/cmavo	satre	6.2.3	(stroke)	x1 (agent) strokes/rubs/pets x2 with x3.
satre	CACCA	5	satre	CACCA	0	0	5	5	40	0	satre	101.0	5.4	17.9	76.8	satre	satre	45	44.6	satre	satre		?	satre	6.2.3	(stroke)	x1 (agent) strokes/rubs/pets x2 with x3.
sav	CAC	3	savru	CACCA	0	2	0	2	0	0	savru	218.0	56.6	1.2	42.2	sav	savru	2	0.9	sav	savru	1 2 3	rafsi	savru	9.4	(noise ‘clamor’)	x1 is a noise/din/clamor [sensory input without useful information] to x2 via sensory channel x3.
savru	CACCA	5	savru	CACCA	0	0	0	0	133	0	savru	218.0	56.6	1.2	42.2	savru	savru	133	61.0	savru	savru		?	savru	9.4	(noise ‘clamor’)	x1 is a noise/din/clamor [sensory input without useful information] to x2 via sensory channel x3.
vru	CCA	3	savru	CACCA	47	1	35	83	0	0	savru	218.0	56.6	1.2	42.2	vru	savru	83	38.1	vru	savru	3 4 5	rafsi	savru	9.4	(noise ‘clamor’)	x1 is a noise/din/clamor [sensory input without useful information] to x2 via sensory channel x3.
saz	CAC	3	sazri	CACCA	10	0	0	10	0	0	sazri	152.0	0.0	0.0	100.0	saz	sazri	10	6.6	saz	sazri	1 2 3	rafsi	sazri	13.1	(operate)	x1 operates/drives/runs x2 [apparatus/machine] with goal/objective/use/end/function x3.
sazr	CACC	4	sazri	CACCA	0	0	0	0	0	0	sazri	152.0	0.0	0.0	100.0	sazr	sazri	0	0.0	sazr	sazri		?	sazri	13.1	(operate)	x1 operates/drives/runs x2 [apparatus/machine] with goal/objective/use/end/function x3.
sazri	CACCA	5	sazri	CACCA	0	0	53	53	89	0	sazri	152.0	0.0	0.0	100.0	sazri	sazri	142	93.4	sazri	sazri		?	sazri	13.1	(operate)	x1 operates/drives/runs x2 [apparatus/machine] with goal/objective/use/end/function x3.
sfe	CCA	3	sefta	CACCA	16	6	70	92	0	0	sefta	92.0	17.4	6.5	76.1	sfe	sefta	92	100.0	sfe	sefta	1 3 2	rafsi	sefta	3.5.3	(surface)	x1 is surface/face [bounded shape/form] of [higher-dimension] object x2, on side x3, edges x4.
selci	CACCA	5	selci	CACCA	0	0	0	0	226	0	selci	405.0	7.3	22.3	70.4	selci	selci	226	55.8	selci	selci		?	selci	7.2	(cell)	x1 is a cell/atom/unit/molecule of x2; x1 is an indivisible, most basic subunit of x2.
sle	CCA	3	selci	CACCA	13	40	126	179	0	0	selci	405.0	7.3	22.3	70.4	sle	selci	179	44.2	sle	selci	1 3 2	rafsi	selci	7.2	(cell)	x1 is a cell/atom/unit/molecule of x2; x1 is an indivisible, most basic subunit of x2.
se'u	CAA	3	selfu	CACCA	2	0	128	130	0	0	selfu	232.0	1.5	0.0	98.5	se'u	selfu	130	56.0	se'u	selfu	1 2 5	rafsi/cmavo	selfu	5.3	(serve)	x1 (agent) serves x2 with service x3 (activity); x1 is a servant (noun) of x2 performing x3.
sef	CAC	3	selfu	CACCA	3	0	0	3	0	0	selfu	232.0	1.5	0.0	98.5	sef	selfu	3	1.3	sef	selfu	1 2 4	rafsi	selfu	5.3	(serve)	x1 (agent) serves x2 with service x3 (activity); x1 is a servant (noun) of x2 performing x3.
selfu	CACCA	5	selfu	CACCA	0	0	0	0	99	0	selfu	232.0	1.5	0.0	98.5	selfu	selfu	99	42.7	selfu	selfu		?	selfu	5.3	(serve)	x1 (agent) serves x2 with service x3 (activity); x1 is a servant (noun) of x2 performing x3.
sme	CCA	3	semto	CACCA	0	0	1	1	0	0	semto	1.0	0.0	0.0	100.0	sme	semto	1	100.0	sme	semto	1 3 2	rafsi	semto	12.3	(Semitic)	
senci	CACCA	5	senci	CACCA	0	0	11	11	30	0	senci	41.0	0.0	0.0	100.0	senci	senci	41	100.0	senci	senci		?	senci	9.3	(sneeze)	x1 sneezes (intransitive verb).
sen	CAC	3	senpi	CACCA	50	0	0	50	0	0	senpi	249.0	100.0	0.0	0.0	sen	senpi	50	20.1	sen	senpi	1 2 3	rafsi	senpi	2.5	(doubt ‘skeptic’)	x1 doubts/is dubious/doubtful/skeptical/questions that x2 (du'u) is true.
senpi	CACCA	5	senpi	CACCA	0	0	28	28	171	0	senpi	249.0	100.0	0.0	0.0	senpi	senpi	199	79.9	senpi	senpi		?	senpi	2.5	(doubt ‘skeptic’)	x1 doubts/is dubious/doubtful/skeptical/questions that x2 (du'u) is true.
sent	CACC	4	senta	CACCA	0	0	0	0	0	0	senta	119.0	4.4	92.6	2.9	sent	senta	0	0.0	sent	senta		?	senta	3.5.5	(layer ‘stratum’)	x1 is a layer/stratum [shape/form] of x2 [material] within structure/continuum/composite x3.
senta	CACCA	5	senta	CACCA	0	0	35	35	16	0	senta	119.0	4.4	92.6	2.9	senta	senta	51	42.9	senta	senta		?	senta	3.5.5	(layer ‘stratum’)	x1 is a layer/stratum [shape/form] of x2 [material] within structure/continuum/composite x3.
set	CAC	3	senta	CACCA	3	63	2	68	0	0	senta	119.0	4.4	92.6	2.9	set	senta	68	57.1	set	senta	1 2 4	rafsi	senta	3.5.5	(layer ‘stratum’)	x1 is a layer/stratum [shape/form] of x2 [material] within structure/continuum/composite x3.
se'o	CAA	3	senva	CACCA				0	0	112	senva	518.0	61.9	3.7	34.4	se'o	senva	112	21.6	se'o	senva	1 2 	cmavo	senva	10.2	(dream ‘reverie’)	x1 dreams about/that x2 (fact/idea/event/state); x2 is a dream/reverie of x1.
senva	CACCA	5	senva	CACCA	0	0	0	0	217	0	senva	518.0	61.9	3.7	34.4	senva	senva	217	41.9	senva	senva		?	senva	10.2	(dream ‘reverie’)	x1 dreams about/that x2 (fact/idea/event/state); x2 is a dream/reverie of x1.
sev	CAC	3	senva	CACCA	0	0	0	0	0	0	senva	518.0	61.9	3.7	34.4	sev	senva	0	0.0	sev	senva	1 2 4	rafsi	senva	10.2	(dream ‘reverie’)	x1 dreams about/that x2 (fact/idea/event/state); x2 is a dream/reverie of x1.
sne	CCA	3	senva	CACCA	117	7	65	189	0	0	senva	518.0	61.9	3.7	34.4	sne	senva	189	36.5	sne	senva	1 3 2	rafsi	senva	10.2	(dream ‘reverie’)	x1 dreams about/that x2 (fact/idea/event/state); x2 is a dream/reverie of x1.
sei	CAA	3	sepli	CACCA	66	0	71	137	0	0	sepli	318.0	48.2	0.0	51.8	sei	sepli	137	43.1	sei	sepli	1 2 5	rafsi/cmavo	sepli	3.1	(apart ‘separate’)	x1 is apart/separate from x2, separated by partition/wall/gap/interval/separating medium x3.
sep	CAC	3	sepli	CACCA	42	0	0	42	0	0	sepli	318.0	48.2	0.0	51.8	sep	sepli	42	13.2	sep	sepli	1 2 3	rafsi	sepli	3.1	(apart ‘separate’)	x1 is apart/separate from x2, separated by partition/wall/gap/interval/separating medium x3.
sepl	CACC	4	sepli	CACCA	0	0	0	0	0	0	sepli	318.0	48.2	0.0	51.8	sepl	sepli	0	0.0	sepl	sepli		?	sepli	3.1	(apart ‘separate’)	x1 is apart/separate from x2, separated by partition/wall/gap/interval/separating medium x3.
sepli	CACCA	5	sepli	CACCA	0	0	0	0	139	0	sepli	318.0	48.2	0.0	51.8	sepli	sepli	139	43.7	sepli	sepli		?	sepli	3.1	(apart ‘separate’)	x1 is apart/separate from x2, separated by partition/wall/gap/interval/separating medium x3.
ser	CAC	3	serti	CACCA	96	0	0	96	0	0	serti	300.0	100.0	0.0	0.0	ser	serti	96	32.0	ser	serti	1 2 3	rafsi	serti	13.6	(stairs)	x1 are stairs/stairway/steps for climbing structure x2 with steps x3.
serti	CACCA	5	serti	CACCA	0	0	9	9	195	0	serti	300.0	100.0	0.0	0.0	serti	serti	204	68.0	serti	serti		?	serti	13.6	(stairs)	x1 are stairs/stairway/steps for climbing structure x2 with steps x3.
se'a	CAA	3	setca	CACCA	2	0	33	35	0	0	setca	178.0	5.7	0.0	94.3	se'a	setca	35	19.7	se'a	setca	1 2 5	rafsi/cmavo	setca	6.2.1	(insert)	x1 (agent) inserts/interposes/puts/deposits x2 into interior x3/into among/between members of x3.
setca	CACCA	5	setca	CACCA	0	0	0	0	143	0	setca	178.0	5.7	0.0	94.3	setca	setca	143	80.3	setca	setca		?	setca	6.2.1	(insert)	x1 (agent) inserts/interposes/puts/deposits x2 into interior x3/into among/between members of x3.
se'a	CAA	3	sevzi	CACCA				0	0	28	sevzi	545.0	94.9	5.1	0.0	se'a	sevzi	28	5.1	se'a	sevzi	1 2 	cmavo	sevzi	2.5	(self)	x1 is a self/ego/id/identity-image of x2.
se'i	CAA	3	sevzi	CACCA	93	2	42	137	0	68	sevzi	545.0	94.9	5.1	0.0	se'i	sevzi	205	37.6	se'i	sevzi	1 2 5	rafsi/cmavo	sevzi	2.5	(self)	x1 is a self/ego/id/identity-image of x2.
sevz	CACC	4	sevzi	CACCA	0	0	0	0	0	0	sevzi	545.0	94.9	5.1	0.0	sevz	sevzi	0	0.0	sevz	sevzi		?	sevzi	2.5	(self)	x1 is a self/ego/id/identity-image of x2.
sevzi	CACCA	5	sevzi	CACCA	0	0	0	0	76	0	sevzi	545.0	94.9	5.1	0.0	sevzi	sevzi	76	13.9	sevzi	sevzi		?	sevzi	2.5	(self)	x1 is a self/ego/id/identity-image of x2.
sez	CAC	3	sevzi	CACCA	224	12	0	236	0	0	sevzi	545.0	94.9	5.1	0.0	sez	sevzi	236	43.3	sez	sevzi	1 2 4	rafsi	sevzi	2.5	(self)	x1 is a self/ego/id/identity-image of x2.
sfani	CCACA	5	sfani	CCACA	0	0	3	3	67	0	sfani	70.0	0.0	0.0	100.0	sfani	sfani	70	100.0	sfani	sfani		?	sfani	9.2.2	(fly)	x1 is a fly [a small non-stinging flying insect] of species/breed x2.
sfa	CCA	3	sfasa	CCACA	33	2	61	96	0	0	sfasa	143.0	34.4	2.1	63.5	sfa	sfasa	96	67.1	sfa	sfasa	14 2 35	rafsi	sfasa	5.3.1	(punish ‘spank, castigate’)	x1 (agent) punishes x2 for infraction x3 (event/state/action) with punishment x4 (event/state).
sfasa	CCACA	5	sfasa	CCACA	0	0	0	0	47	0	sfasa	143.0	34.4	2.1	63.5	sfasa	sfasa	47	32.9	sfasa	sfasa		?	sfasa	5.3.1	(punish ‘spank, castigate’)	x1 (agent) punishes x2 for infraction x3 (event/state/action) with punishment x4 (event/state).
sfofa	CCACA	5	sfofa	CCACA				0	49	0	sfofa	49.0				sfofa	sfofa	49	100.0	sfofa	sfofa		?	sfofa	13.6	(sofa)	x1 is a sofa/couch (noun).
su'u	CAA	3	sfubu	CCACA	2	0	2	4	0	0	sfubu	4.0	50.0	0.0	50.0	su'u	sfubu	4	100.0	su'u	sfubu	1 35 35	rafsi/cmavo	sfubu	6.1.2	(dive ‘swoop’)	x1 dives/swoops [manner of controlled falling] to x2 from x3.
sub	CAC	3	sfubu	CCACA	0	0	0	0	0	0	sfubu	4.0	50.0	0.0	50.0	sub	sfubu	0	0.0	sub	sfubu	1 35 4	rafsi	sfubu	6.1.2	(dive ‘swoop’)	x1 dives/swoops [manner of controlled falling] to x2 from x3.
sicl	CACC	4	siclu	CACCA	0	0	0	0	0	0	siclu	53.0	75.0	25.0	0.0	sicl	siclu	0	0.0	sicl	siclu		?	siclu	9.4.1	(whistle)	x1 [sound source] whistles/makes whistling sound/note/tone/melody x2.
siclu	CACCA	5	siclu	CACCA	0	0	7	7	34	0	siclu	53.0	75.0	25.0	0.0	siclu	siclu	41	77.4	siclu	siclu		?	siclu	9.4.1	(whistle)	x1 [sound source] whistles/makes whistling sound/note/tone/melody x2.
sil	CAC	3	siclu	CACCA	9	3	0	12	0	0	siclu	53.0	75.0	25.0	0.0	sil	siclu	12	22.6	sil	siclu	1 2 4	rafsi	siclu	9.4.1	(whistle)	x1 [sound source] whistles/makes whistling sound/note/tone/melody x2.
si'i	CAA	3	sicni	CACCA	0	0	21	21	0	0	sicni	136.0	0.0	0.0	100.0	si'i	sicni	21	15.4	si'i	sicni	1 25 25	rafsi/cmavo	sicni	11.3.2	(coin ‘specie’)	x1 is a coin/token/is specie issued by x2 having value x3 of composition including x4.
sicni	CACCA	5	sicni	CACCA	0	0	0	0	115	0	sicni	136.0	0.0	0.0	100.0	sicni	sicni	115	84.6	sicni	sicni		?	sicni	11.3.2	(coin ‘specie’)	x1 is a coin/token/is specie issued by x2 having value x3 of composition including x4.
si'o	CAA	3	sidbo	CACCA	0	9	23	32	0	475	sidbo	534.0	0.0	28.1	71.9	si'o	sidbo	507	94.9	si'o	sidbo	1 2 5	rafsi/cmavo	sidbo	2.5	(idea)	x1 (idea abstract) is an idea/concept/thought about x2 (object/abstract) by thinker x3.
sib	CAC	3	sidbo	CACCA	25	2	0	27	0	0	sidbo	534.0	0.0	28.1	71.9	sib	sidbo	27	5.1	sib	sidbo	1 2 4	rafsi	sidbo	2.5	(idea)	x1 (idea abstract) is an idea/concept/thought about x2 (object/abstract) by thinker x3.
sidb	CACC	4	sidbo	CACCA	0	0	0	0	0	0	sidbo	534.0	0.0	28.1	71.9	sidb	sidbo	0	0.0	sidb	sidbo		?	sidbo	2.5	(idea)	x1 (idea abstract) is an idea/concept/thought about x2 (object/abstract) by thinker x3.
dju	CCA	3	sidju	CACCA	54	65	28	147	0	0	sidju	512.0	36.7	44.2	19.0	dju	sidju	147	28.7	dju	sidju	3 4 5	rafsi	sidju	5.3	(help ‘aid’)	x1 helps/assists/aids object/person x2 do/achieve/maintain event/activity x3.
si'u	CAA	3	sidju	CACCA				0	0	49	sidju	512.0	36.7	44.2	19.0	si'u	sidju	49	9.6	si'u	sidju	1 2 5	cmavo	sidju	5.3	(help ‘aid’)	x1 helps/assists/aids object/person x2 do/achieve/maintain event/activity x3.
sidju	CACCA	5	sidju	CACCA	0	0	0	0	316	0	sidju	512.0	36.7	44.2	19.0	sidju	sidju	316	61.7	sidju	sidju		?	sidju	5.3	(help ‘aid’)	x1 helps/assists/aids object/person x2 do/achieve/maintain event/activity x3.
sig	CAC	3	sigja	CACCA	40	0	0	40	0	0	sigja	78.0	100.0	0.0	0.0	sig	sigja	40	51.3	sig	sigja	1 2 3	rafsi	sigja	13.2.3	(cigar)	x1 is a cigar/cigarette/cigarillo made from tobacco/smokable substance x2 by x3.
sigja	CACCA	5	sigja	CACCA	0	0	10	10	28	0	sigja	78.0	100.0	0.0	0.0	sigja	sigja	38	48.7	sigja	sigja		?	sigja	13.2.3	(cigar)	x1 is a cigar/cigarette/cigarillo made from tobacco/smokable substance x2 by x3.
sik	CAC	3	silka	CACCA	2	0	0	2	0	0	silka	28.0	0.0	0.0	100.0	sik	silka	2	7.1	sik	silka	1 2 4	rafsi	silka	13.2.1	(silk)	x1 is a quantity of/contains/is made of silk produced by x2.
silka	CACCA	5	silka	CACCA	0	0	5	5	21	0	silka	28.0	0.0	0.0	100.0	silka	silka	26	92.9	silka	silka		?	silka	13.2.1	(silk)	x1 is a quantity of/contains/is made of silk produced by x2.
siln	CACC	4	silna	CACCA	8	0	0	8	0	0	silna	43.0	100.0	0.0	0.0	siln	silna	8	18.6	siln	silna		?	silna	8.2.3	(salt)	x1 is a portion/quantity of salt from source x2, of composition including x3.
silna	CACCA	5	silna	CACCA	0	0	2	2	33	0	silna	43.0	100.0	0.0	0.0	silna	silna	35	81.4	silna	silna		?	silna	8.2.3	(salt)	x1 is a portion/quantity of salt from source x2, of composition including x3.
mlu	CCA	3	simlu	CACCA	18	4	62	84	0	0	simlu	84.0	21.4	4.8	73.8	mlu	simlu	84	100.0	mlu	simlu	3 4 5	rafsi	simlu	2.5	(seem)	x1 seems/appears to have property(ies) x2 to observer x3 under conditions x4.
si'a	CAA	3	simsa	CACCA				0	0	92	simsa	1066.0	30.6	3.3	66.1	si'a	simsa	92	8.6	si'a	simsa	14 2 5	cmavo	simsa	1.5	(similar)	x1 is similar/parallel to x2 in property/quantity x3 (ka/ni); x1 looks/appears like x2.
simsa	CACCA	5	simsa	CACCA	0	0	0	0	853	0	simsa	1066.0	30.6	3.3	66.1	simsa	simsa	853	80.0	simsa	simsa		?	simsa	1.5	(similar)	x1 is similar/parallel to x2 in property/quantity x3 (ka/ni); x1 looks/appears like x2.
smi	CCA	3	simsa	CACCA	37	4	80	121	0	0	simsa	1066.0	30.6	3.3	66.1	smi	simsa	121	11.4	smi	simsa	14 3 2	rafsi	simsa	1.5	(similar)	x1 is similar/parallel to x2 in property/quantity x3 (ka/ni); x1 looks/appears like x2.
si'u	CAA	3	simxu	CACCA	14	0	122	136	0	0	simxu	860.0	97.4	2.6	0.0	si'u	simxu	136	15.8	si'u	simxu	1 2 5	rafsi/cmavo	simxu	6.2.1	(mutual)	x1 (set) has members who mutually/reciprocally x2 (event [x1 should be reflexive in 1+ sumti]).
sim	CAC	3	simxu	CACCA	369	10	0	379	0	0	simxu	860.0	97.4	2.6	0.0	sim	simxu	379	44.1	sim	simxu	1 2 3	rafsi	simxu	6.2.1	(mutual)	x1 (set) has members who mutually/reciprocally x2 (event [x1 should be reflexive in 1+ sumti]).
simxu	CACCA	5	simxu	CACCA	0	0	0	0	345	0	simxu	860.0	97.4	2.6	0.0	simxu	simxu	345	40.1	simxu	simxu		?	simxu	6.2.1	(mutual)	x1 (set) has members who mutually/reciprocally x2 (event [x1 should be reflexive in 1+ sumti]).
sinc	CACC	4	since	CACCA	5	0	0	5	0	0	since	1969.0	100.0	0.0	0.0	sinc	since	5	0.3	sinc	since		?	since	9.2.2	(snake)	x1 is a snake/serpent of species/breed x2.
since	CACCA	5	since	CACCA	0	0	4	4	1960	0	since	1969.0	100.0	0.0	0.0	since	since	1964	99.7	since	since		?	since	9.2.2	(snake)	x1 is a snake/serpent of species/breed x2.
si'a	CAA	3	sinma	CACCA	67	7	58	132	0	0	sinma	215.0	50.8	5.3	43.9	si'a	sinma	132	61.4	si'a	sinma	1 2 5	rafsi/cmavo	sinma	10.3	(esteem)	x1 esteems/respects/venerates/highly regards x2 [object of respect].
sinm	CACC	4	sinma	CACCA	0	0	0	0	0	0	sinma	215.0	50.8	5.3	43.9	sinm	sinma	0	0.0	sinm	sinma		?	sinma	10.3	(esteem)	x1 esteems/respects/venerates/highly regards x2 [object of respect].
sinma	CACCA	5	sinma	CACCA	0	0	0	0	83	0	sinma	215.0	50.8	5.3	43.9	sinma	sinma	83	38.6	sinma	sinma		?	sinma	10.3	(esteem)	x1 esteems/respects/venerates/highly regards x2 [object of respect].
sinso	CACCA	5	sinso	CACCA	0	0	2	2	15	0	sinso	17.0	0.0	0.0	100.0	sinso	sinso	17	100.0	sinso	sinso		?	sinso	1.6	(sine)	
sinx	CACC	4	sinxa	CACCA	0	0	0	0	0	0	sinxa	666.0	24.7	9.3	66.0	sinx	sinxa	0	0.0	sinx	sinxa		?	sinxa	2.1	(sign)	x1 is a sign/symbol/signal representing/referring/signifying/meaning x2 to observer x3.
sinxa	CACCA	5	sinxa	CACCA	0	0	0	0	504	0	sinxa	666.0	24.7	9.3	66.0	sinxa	sinxa	504	75.7	sinxa	sinxa		?	sinxa	2.1	(sign)	x1 is a sign/symbol/signal representing/referring/signifying/meaning x2 to observer x3.
sni	CCA	3	sinxa	CACCA	40	15	107	162	0	0	sinxa	666.0	24.7	9.3	66.0	sni	sinxa	162	24.3	sni	sinxa	1 3 2	rafsi	sinxa	2.1	(sign)	x1 is a sign/symbol/signal representing/referring/signifying/meaning x2 to observer x3.
sip	CAC	3	sipna	CACCA	61	0	0	61	0	0	sipna	620.0	100.0	0.0	0.0	sip	sipna	61	9.8	sip	sipna	1 2 3	rafsi	sipna	9.3.4	(sleep)	x1 is asleep (adjective); x1 sleeps/is sleeping.
sipn	CACC	4	sipna	CACCA	0	0	0	0	0	0	sipna	620.0	100.0	0.0	0.0	sipn	sipna	0	0.0	sipn	sipna		?	sipna	9.3.4	(sleep)	x1 is asleep (adjective); x1 sleeps/is sleeping.
sipna	CACCA	5	sipna	CACCA	0	0	22	22	537	0	sipna	620.0	100.0	0.0	0.0	sipna	sipna	559	90.2	sipna	sipna		?	sipna	9.3.4	(sleep)	x1 is asleep (adjective); x1 sleeps/is sleeping.
sir	CAC	3	sirji	CACCA	7	14	0	21	0	0	sirji	132.0	33.3	66.7	0.0	sir	sirji	21	15.9	sir	sirji	1 25 3	rafsi	sirji	3.5.2	(straight)	x1 is straight/direct/line segment/interval between x2 and x3; (adjective:)  x1 is linear.
sirji	CACCA	5	sirji	CACCA	0	0	13	13	98	0	sirji	132.0	33.3	66.7	0.0	sirji	sirji	111	84.1	sirji	sirji		?	sirji	3.5.2	(straight)	x1 is straight/direct/line segment/interval between x2 and x3; (adjective:)  x1 is linear.
sirxo	CACCA	5	sirxo	CACCA	0	0	1	1	4	0	sirxo	5.0	0.0	0.0	100.0	sirxo	sirxo	5	100.0	sirxo	sirxo		?	sirxo	12.4	(Syrian)	
sis	CAC	3	sisku	CACCA	48	7	0	55	0	0	sisku	663.0	87.3	12.7	0.0	sis	sisku	55	8.3	sis	sisku	13 2 13	rafsi	sisku	6.2	(seek)	x1 seeks/searches/looks for property x2 among set x3 (complete specification of set).
sisk	CACC	4	sisku	CACCA	0	0	0	0	0	0	sisku	663.0	87.3	12.7	0.0	sisk	sisku	0	0.0	sisk	sisku		?	sisku	6.2	(seek)	x1 seeks/searches/looks for property x2 among set x3 (complete specification of set).
sisku	CACCA	5	sisku	CACCA	1	0	17	18	590	0	sisku	663.0	87.3	12.7	0.0	sisku	sisku	608	91.7	sisku	sisku		?	sisku	6.2	(seek)	x1 seeks/searches/looks for property x2 among set x3 (complete specification of set).
sisti	CACCA	5	sisti	CACCA	0	0	0	0	209	0	sisti	379.0	34.7	5.9	59.4	sisti	sisti	209	55.1	sisti	sisti		?	sisti	5.2	(cease)	x1 [agent] ceases/stops/halts/ends activity/process/state x2 [not necessarily completing it].
sti	CCA	3	sisti	CACCA	59	10	101	170	0	0	sisti	379.0	34.7	5.9	59.4	sti	sisti	170	44.9	sti	sisti	13 4 25	rafsi	sisti	5.2	(cease)	x1 [agent] ceases/stops/halts/ends activity/process/state x2 [not necessarily completing it].
sit	CAC	3	sitna	CACCA	3	0	0	3	0	0	sitna	88.0	24.1	0.0	75.9	sit	sitna	3	3.4	sit	sitna	1 2 3	rafsi	sitna	2.5	(cite)	x1 cites/quotes/refers to/makes reference to source x2 for information/statement x3 (du'u).
sitna	CACCA	5	sitna	CACCA	7	0	22	29	56	0	sitna	88.0	24.1	0.0	75.9	sitna	sitna	85	96.6	sitna	sitna		?	sitna	2.5	(cite)	x1 cites/quotes/refers to/makes reference to source x2 for information/statement x3 (du'u).
siv	CAC	3	sivni	CACCA	14	0	0	14	0	0	sivni	41.0	100.0	0.0	0.0	siv	sivni	14	34.1	siv	sivni	1 25 3	rafsi	sivni	11	(private)	x1 is private/personal/privy/[secret/confidential/confined] to x2; x1 is not-public/hidden.
sivni	CACCA	5	sivni	CACCA	0	0	7	7	20	0	sivni	41.0	100.0	0.0	0.0	sivni	sivni	27	65.9	sivni	sivni		?	sivni	11	(private)	x1 is private/personal/privy/[secret/confidential/confined] to x2; x1 is not-public/hidden.
skaci	CCACA	5	skaci	CCACA	0	0	3	3	11	0	skaci	14.0	0.0	0.0	100.0	skaci	skaci	14	100.0	skaci	skaci		?	skaci	13.7	(skirt)	x1 is a skirt/kilt/dress of material x2; x1 is skirted [garment open at the bottom; not legged].
sam	CAC	3	skami	CCACA	440	13	0	453	0	0	skami	1209.0	97.1	2.9	0.0	sam	skami	453	37.5	sam	skami	1 3 4	rafsi	skami	2.2	(computer)	x1 is a computer for purpose x2.
skam	CCAC	4	skami	CCACA	0	0	0	0	0	0	skami	1209.0	97.1	2.9	0.0	skam	skami	0	0.0	skam	skami		?	skami	2.2	(computer)	x1 is a computer for purpose x2.
skami	CCACA	5	skami	CCACA	0	0	6	6	750	0	skami	1209.0	97.1	2.9	0.0	skami	skami	756	62.5	skami	skami		?	skami	2.2	(computer)	x1 is a computer for purpose x2.
kap	CAC	3	skapi	CCACA	33	0	0	33	0	0	skapi	148.0	0.0	0.0	100.0	kap	skapi	33	22.3	kap	skapi	2 3 4	rafsi	skapi	13.2.1	(pelt ‘skin’)	x1 is a pelt/skin/hide/leather from x2.
skap	CCAC	4	skapi	CCACA	0	0	0	0	0	0	skapi	148.0	0.0	0.0	100.0	skap	skapi	0	0.0	skap	skapi		?	skapi	13.2.1	(pelt ‘skin’)	x1 is a pelt/skin/hide/leather from x2.
skapi	CCACA	5	skapi	CCACA	0	0	40	40	75	0	skapi	148.0	0.0	0.0	100.0	skapi	skapi	115	77.7	skapi	skapi		?	skapi	13.2.1	(pelt ‘skin’)	x1 is a pelt/skin/hide/leather from x2.
ska	CCA	3	skari	CCACA	34	0	105	139	0	0	skari	570.0	24.5	0.0	75.5	ska	skari	139	24.4	ska	skari	1 2 3	rafsi	skari	9.4.2	(color)	x1 is/appears to be of color/hue x2 as perceived/seen by x3 under conditions x4.
skari	CCACA	5	skari	CCACA	0	0	0	0	431	0	skari	570.0	24.5	0.0	75.5	skari	skari	431	75.6	skari	skari		?	skari	9.4.2	(color)	x1 is/appears to be of color/hue x2 as perceived/seen by x3 under conditions x4.
ski	CCA	3	skicu	CCACA	36	12	220	268	0	0	skicu	767.0	13.4	4.5	82.1	ski	skicu	268	34.9	ski	skicu	1 2 3	rafsi	skicu	2.3	(describe)	x1 tells about/describes x2 (object/event/state) to audience x3 with description x4 (property).
skic	CCAC	4	skicu	CCACA	0	0	0	0	0	0	skicu	767.0	13.4	4.5	82.1	skic	skicu	0	0.0	skic	skicu		?	skicu	2.3	(describe)	x1 tells about/describes x2 (object/event/state) to audience x3 with description x4 (property).
skicu	CCACA	5	skicu	CCACA	0	0	2	2	497	0	skicu	767.0	13.4	4.5	82.1	skicu	skicu	499	65.1	skicu	skicu		?	skicu	2.3	(describe)	x1 tells about/describes x2 (object/event/state) to audience x3 with description x4 (property).
sij	CAC	3	skiji	CCACA	2	1	0	3	0	0	skiji	10.0	66.7	33.3	0.0	sij	skiji	3	30.0	sij	skiji	1 35 4	rafsi	skiji	13.5	(ski)	x1 is a ski/skid/skate/runner for surface (of material) x2 supporting skier/skater/sled/cargo x3.
skiji	CCACA	5	skiji	CCACA	0	0	2	2	5	0	skiji	10.0	66.7	33.3	0.0	skiji	skiji	7	70.0	skiji	skiji		?	skiji	13.5	(ski)	x1 is a ski/skid/skate/runner for surface (of material) x2 supporting skier/skater/sled/cargo x3.
kin	CAC	3	skina	CCACA	22	5	0	27	0	0	skina	141.0	81.5	18.5	0.0	kin	skina	27	19.1	kin	skina	2 3 4	rafsi	skina	12.6	(cinema)	x1 is a cinema/movie/film about x2 [plot/theme/subject/activity], filmmaker x3, for audience x4.
skina	CCACA	5	skina	CCACA	0	0	9	9	105	0	skina	141.0	81.5	18.5	0.0	skina	skina	114	80.9	skina	skina		?	skina	12.6	(cinema)	x1 is a cinema/movie/film about x2 [plot/theme/subject/activity], filmmaker x3, for audience x4.
sko	CCA	3	skori	CCACA	10	8	12	30	0	0	skori	45.0	33.3	26.7	40.0	sko	skori	30	66.7	sko	skori	1 2 3	rafsi	skori	13.4	(cord)	x1 is cord/cable/rope/line/twine/cordage/woven strands of material x2.
skori	CCACA	5	skori	CCACA	0	0	0	0	15	0	skori	45.0	33.3	26.7	40.0	skori	skori	15	33.3	skori	skori		?	skori	13.4	(cord)	x1 is cord/cable/rope/line/twine/cordage/woven strands of material x2.
ko'o	CAA	3	skoto	CCACA	0	13	14	27	0	0	skoto	92.0	80.0	20.0	0.0	ko'o	skoto	27	29.3	ko'o	skoto	2 35 35	rafsi/cmavo	skoto	12.4	(Scottish)	
kot	CAC	3	skoto	CCACA	52	13	0	65	0	0	skoto	92.0	80.0	20.0	0.0	kot	skoto	65	70.7	kot	skoto	2 35 4	rafsi	skoto	12.4	(Scottish)	
ku'o	CAA	3	skuro	CCACA	0	4	1	5	0	0	skuro	5.0	0.0	80.0	20.0	ku'o	skuro	5	100.0	ku'o	skuro	2 3 5	rafsi/cmavo	skuro	3.5.5	(groove ‘furrow’)	x1 is a groove/trench/furrow [shape/form] in object/surface x2.
sau	CAA	3	slabu	CCACA	56	46	107	209	0	0	slabu	654.0	26.8	22.0	51.2	sau	slabu	209	32.0	sau	slabu	1 3 5	rafsi/cmavo	slabu	10.3	(old)	x1 is old/familiar/well-known to observer x2 in feature x3 (ka) by standard x4.
slab	CCAC	4	slabu	CCACA	0	0	0	0	0	0	slabu	654.0	26.8	22.0	51.2	slab	slabu	0	0.0	slab	slabu		?	slabu	10.3	(old)	x1 is old/familiar/well-known to observer x2 in feature x3 (ka) by standard x4.
slabu	CCACA	5	slabu	CCACA	0	0	0	0	445	0	slabu	654.0	26.8	22.0	51.2	slabu	slabu	445	68.0	slabu	slabu		?	slabu	10.3	(old)	x1 is old/familiar/well-known to observer x2 in feature x3 (ka) by standard x4.
slak	CCAC	4	slaka	CCACA	0	1	0	1	0	0	slaka	53.0	0.0	0.0	100.0	slak	slaka	1	1.9	slak	slaka		?	slaka	2.1	(syllable)	x1 is a syllable in language x2.
slaka	CCACA	5	slaka	CCACA	0	0	3	3	49	0	slaka	53.0	0.0	0.0	100.0	slaka	slaka	52	98.1	slaka	slaka		?	slaka	2.1	(syllable)	x1 is a syllable in language x2.
slami	CCACA	5	slami	CCACA	0	0	5	5	7	0	slami	12.0	0.0	0.0	100.0	slami	slami	12	100.0	slami	slami		?	slami	7.5.3	(acid)	x1 is a quantity of/contains/is made of acid of composition x2; (adjective:) x1 is acidic.
slanu	CCACA	5	slanu	CCACA	0	0	4	4	10	0	slanu	14.0	0.0	0.0	100.0	slanu	slanu	14	100.0	slanu	slanu		?	slanu	3.5.4	(cylinder)	x1 is a cylinder [shape/form] of material x2.
sar	CAC	3	slari	CCACA	10	0	0	10	0	0	slari	26.0	100.0	0.0	0.0	sar	slari	10	38.5	sar	slari	1 3 4	rafsi	slari	9.4.4	(sour)	x1 is sour/tart to observer x2.
slari	CCACA	5	slari	CCACA	0	0	1	1	15	0	slari	26.0	100.0	0.0	0.0	slari	slari	16	61.5	slari	slari		?	slari	9.4.4	(sour)	x1 is sour/tart to observer x2.
las	CAC	3	slasi	CCACA	1	0	0	1	0	0	slasi	21.0	100.0	0.0	0.0	las	slasi	1	4.8	las	slasi	2 3 14	rafsi	slasi	13.2.1	(plastic)	x1 is a quantity of/is made of/contains plastic/polymer of type/component unit(s) x2.
slasi	CCACA	5	slasi	CCACA	0	0	1	1	19	0	slasi	21.0	100.0	0.0	0.0	slasi	slasi	20	95.2	slasi	slasi		?	slasi	13.2.1	(plastic)	x1 is a quantity of/is made of/contains plastic/polymer of type/component unit(s) x2.
lig	CAC	3	sligu	CCACA	5	12	0	17	0	0	sligu	51.0	29.4	70.6	0.0	lig	sligu	17	33.3	lig	sligu	2 3 4	rafsi	sligu	7.5.1	(solid)	x1 is solid, of composition/material including x2, under conditions x3.
slig	CCAC	4	sligu	CCACA	0	0	0	0	0	0	sligu	51.0	29.4	70.6	0.0	slig	sligu	0	0.0	slig	sligu		?	sligu	7.5.1	(solid)	x1 is solid, of composition/material including x2, under conditions x3.
sligu	CCACA	5	sligu	CCACA	0	0	3	3	31	0	sligu	51.0	29.4	70.6	0.0	sligu	sligu	34	66.7	sligu	sligu		?	sligu	7.5.1	(solid)	x1 is solid, of composition/material including x2, under conditions x3.
sli	CCA	3	slilu	CCACA	37	10	59	106	0	0	slilu	106.0	34.9	9.4	55.7	sli	slilu	106	100.0	sli	slilu	1 24 3	rafsi	slilu	6.1.4	(oscillate)	x1 oscillates at rate/frequency x2 through set/sequence-of-states x3 (complete specification).
slil	CCAC	4	slilu	CCACA	0	0	0	0	0	0	slilu	106.0	34.9	9.4	55.7	slil	slilu	0	0.0	slil	slilu		?	slilu	6.1.4	(oscillate)	x1 oscillates at rate/frequency x2 through set/sequence-of-states x3 (complete specification).
sliri	CCACA	5	sliri	CCACA				0	14	0	sliri	14.0				sliri	sliri	14	100.0	sliri	sliri		?	sliri	7.5.4	(sulfur)	x1 is a quantity of/contains/is made of sulfur/brimstone (S); [metaphor: foul odor, volcanic].
lo'o	CAA	3	slovo	CCACA	0	0	1	1	0	0	slovo	1.0	0.0	0.0	100.0	lo'o	slovo	1	100.0	lo'o	slovo	2 35 35	rafsi/cmavo	slovo	12.4	(Slavic)	
slu	CCA	3	sluji	CCACA	26	0	2	28	0	0	sluji	28.0	92.9	0.0	7.1	slu	sluji	28	100.0	slu	sluji	1 2 3	rafsi	sluji	9.2.5	(muscle)	x1 is a/the muscle [body-part] controlling x2, of body x3; [metaphor: tools of physical power].
slun	CCAC	4	sluni	CCACA	1	0	0	1	0	0	sluni	20.0	100.0	0.0	0.0	slun	sluni	1	5.0	slun	sluni		?	sluni	9.1.4	(onion)	x1 is a quantity of/contains onions/scallions of type/cultivar x2.
sluni	CCACA	5	sluni	CCACA	0	0	1	1	18	0	sluni	20.0	100.0	0.0	0.0	sluni	sluni	19	95.0	sluni	sluni		?	sluni	9.1.4	(onion)	x1 is a quantity of/contains onions/scallions of type/cultivar x2.
smac	CCAC	4	smacu	CCACA	2	0	0	2	0	0	smacu	194.0	0.0	0.0	100.0	smac	smacu	2	1.0	smac	smacu		?	smacu	9.2.2	(mouse)	x1 is a mouse of species/breed x2.
smacu	CCACA	5	smacu	CCACA	0	0	4	4	188	0	smacu	194.0	0.0	0.0	100.0	smacu	smacu	192	99.0	smacu	smacu		?	smacu	9.2.2	(mouse)	x1 is a mouse of species/breed x2.
smad	CCAC	4	smadi	CCACA	3	30	0	33	0	0	smadi	301.0	9.1	90.9	0.0	smad	smadi	33	11.0	smad	smadi		?	smadi	2.5	(guess ‘surmise’)	x1 guesses/conjectures/surmises x2 (du'u) is true about subject x3; [epistemology].
smadi	CCACA	5	smadi	CCACA	0	0	33	33	235	0	smadi	301.0	9.1	90.9	0.0	smadi	smadi	268	89.0	smadi	smadi		?	smadi	2.5	(guess ‘surmise’)	x1 guesses/conjectures/surmises x2 (du'u) is true about subject x3; [epistemology].
sma	CCA	3	smaji	CCACA	75	1	19	95	0	0	smaji	305.0	78.9	1.1	20.0	sma	smaji	95	31.1	sma	smaji	1 2 3	rafsi	smaji	9.4.1	(quiet ‘silent’)	x1 (source) is quiet/silent/[still] at observation point x2 by standard x3.
smaj	CCAC	4	smaji	CCACA	0	0	0	0	0	0	smaji	305.0	78.9	1.1	20.0	smaj	smaji	0	0.0	smaj	smaji		?	smaji	9.4.1	(quiet ‘silent’)	x1 (source) is quiet/silent/[still] at observation point x2 by standard x3.
smaji	CCACA	5	smaji	CCACA	0	0	0	0	210	0	smaji	305.0	78.9	1.1	20.0	smaji	smaji	210	68.9	smaji	smaji		?	smaji	9.4.1	(quiet ‘silent’)	x1 (source) is quiet/silent/[still] at observation point x2 by standard x3.
sman	CCAC	4	smani	CCACA	4	0	0	4	0	0	smani	32.0	100.0	0.0	0.0	sman	smani	4	12.5	sman	smani		?	smani	9.2.2	(monkey ‘simian’)	x1 is a monkey/ape/simian/baboon/chimpanzee of species/breed x2.
smani	CCACA	5	smani	CCACA	0	0	1	1	27	0	smani	32.0	100.0	0.0	0.0	smani	smani	28	87.5	smani	smani		?	smani	9.2.2	(monkey ‘simian’)	x1 is a monkey/ape/simian/baboon/chimpanzee of species/breed x2.
smo	CCA	3	smoka	CCACA	0	0	3	3	0	0	smoka	3.0	0.0	0.0	100.0	smo	smoka	3	100.0	smo	smoka	1 2 3	rafsi	smoka	13.7	(sock)	x1 is a sock/stocking [flexible foot and lower leg garment] of material x2.
muc	CAC	3	smuci	CCACA	11	0	0	11	0	0	smuci	26.0	100.0	0.0	0.0	muc	smuci	11	42.3	muc	smuci	2 3 4	rafsi	smuci	13.3.1	(spoon)	x1 is a spoon/scoop (tool) for use x2, made of material x3.
smuci	CCACA	5	smuci	CCACA	0	0	2	2	13	0	smuci	26.0	100.0	0.0	0.0	smuci	smuci	15	57.7	smuci	smuci		?	smuci	13.3.1	(spoon)	x1 is a spoon/scoop (tool) for use x2, made of material x3.
mun	CAC	3	smuni	CCACA	0	2	0	2	0	0	smuni	1471.0	21.7	3.1	75.1	mun	smuni	2	0.1	mun	smuni	2 3 4	rafsi	smuni	2.5	(meaning)	x1 is a meaning/interpretation of x2 recognized/seen/accepted by x3.
smu	CCA	3	smuni	CCACA	76	11	263	350	0	0	smuni	1471.0	21.7	3.1	75.1	smu	smuni	350	23.8	smu	smuni	1 2 3	rafsi	smuni	2.5	(meaning)	x1 is a meaning/interpretation of x2 recognized/seen/accepted by x3.
smun	CCAC	4	smuni	CCACA	0	0	0	0	0	0	smuni	1471.0	21.7	3.1	75.1	smun	smuni	0	0.0	smun	smuni		?	smuni	2.5	(meaning)	x1 is a meaning/interpretation of x2 recognized/seen/accepted by x3.
smuni	CCACA	5	smuni	CCACA	0	0	0	0	1119	0	smuni	1471.0	21.7	3.1	75.1	smuni	smuni	1119	76.1	smuni	smuni		?	smuni	2.5	(meaning)	x1 is a meaning/interpretation of x2 recognized/seen/accepted by x3.
sad	CAC	3	snada	CCACA	15	0	0	15	0	0	snada	501.0	3.6	0.0	96.4	sad	snada	15	3.0	sad	snada	1 35 4	rafsi	snada	5.2	(succeed ‘accomplish’)	x1 [agent] succeeds in/achieves/completes/accomplishes x2 as a result of effort/attempt/try x3.
snad	CCAC	4	snada	CCACA	0	0	0	0	0	0	snada	501.0	3.6	0.0	96.4	snad	snada	0	0.0	snad	snada		?	snada	5.2	(succeed ‘accomplish’)	x1 [agent] succeeds in/achieves/completes/accomplishes x2 as a result of effort/attempt/try x3.
snada	CCACA	5	snada	CCACA	2	0	54	56	430	0	snada	501.0	3.6	0.0	96.4	snada	snada	486	97.0	snada	snada		?	snada	5.2	(succeed ‘accomplish’)	x1 [agent] succeeds in/achieves/completes/accomplishes x2 as a result of effort/attempt/try x3.
nan	CAC	3	snanu	CCACA	27	13	0	40	0	0	snanu	143.0	67.5	32.5	0.0	nan	snanu	40	28.0	nan	snanu	24 3 24	rafsi	snanu	3.1	(south)	x1 is to the south/southern side of x2 according to frame of reference x3.
ne'u	CAA	3	snanu	CCACA				0	0	14	snanu	143.0	67.5	32.5	0.0	ne'u	snanu	14	9.8	ne'u	snanu	24  5	cmavo	snanu	3.1	(south)	x1 is to the south/southern side of x2 according to frame of reference x3.
snan	CCAC	4	snanu	CCACA	0	0	0	0	0	0	snanu	143.0	67.5	32.5	0.0	snan	snanu	0	0.0	snan	snanu		?	snanu	3.1	(south)	x1 is to the south/southern side of x2 according to frame of reference x3.
snanu	CCACA	5	snanu	CCACA	0	0	2	2	87	0	snanu	143.0	67.5	32.5	0.0	snanu	snanu	89	62.2	snanu	snanu		?	snanu	3.1	(south)	x1 is to the south/southern side of x2 according to frame of reference x3.
nid	CAC	3	snidu	CCACA	13	8	0	21	0	0	snidu	58.0	61.9	38.1	0.0	nid	snidu	21	36.2	nid	snidu	2 3 4	rafsi	snidu	4.3	(second)	x1 is x2 seconds in duration (default is 1 second) by standard x3.
snidu	CCACA	5	snidu	CCACA	0	0	4	4	33	0	snidu	58.0	61.9	38.1	0.0	snidu	snidu	37	63.8	snidu	snidu		?	snidu	4.3	(second)	x1 is x2 seconds in duration (default is 1 second) by standard x3.
si'e	CAA	3	snime	CCACA	16	0	0	16	0	0	snime	16.0	100.0	0.0	0.0	si'e	snime	16	100.0	si'e	snime	1 3 5	rafsi/cmavo	snime	8.2.2	(snow)	x1 is made of/contains/is a quantity/expanse of snow.
nip	CAC	3	snipa	CCACA	14	0	0	14	0	0	snipa	49.0	0.0	0.0	100.0	nip	snipa	14	28.6	nip	snipa	2 3 4	rafsi	snipa	7.3	(sticky)	x1 adheres/sticks to x2; (adjective:) x1 is sticky/gummy/adhesive.
snipa	CCACA	5	snipa	CCACA	0	0	18	18	17	0	snipa	49.0	0.0	0.0	100.0	snipa	snipa	35	71.4	snipa	snipa		?	snipa	7.3	(sticky)	x1 adheres/sticks to x2; (adjective:) x1 is sticky/gummy/adhesive.
nuj	CAC	3	snuji	CCACA	6	0	0	6	0	0	snuji	91.0	0.0	0.0	100.0	nuj	snuji	6	6.6	nuj	snuji	2 3 4	rafsi	snuji	3.5.5	(sandwich)	x1 is a sandwich/layering [not restricted to food] of x2 sandwiched between x3.
snuji	CCACA	5	snuji	CCACA	0	0	12	12	73	0	snuji	91.0	0.0	0.0	100.0	snuji	snuji	85	93.4	snuji	snuji		?	snuji	3.5.5	(sandwich)	x1 is a sandwich/layering [not restricted to food] of x2 sandwiched between x3.
nu'a	CAA	3	snura	CCACA	1	0	1	2	0	0	snura	151.0	88.5	11.5	0.0	nu'a	snura	2	1.3	nu'a	snura	2 3 5	rafsi/cmavo	snura	10.3	(secure)	x1 is secure/safe from threat x2 (event).
nur	CAC	3	snura	CCACA	46	6	0	52	0	0	snura	151.0	88.5	11.5	0.0	nur	snura	52	34.4	nur	snura	2 3 4	rafsi	snura	10.3	(secure)	x1 is secure/safe from threat x2 (event).
snura	CCACA	5	snura	CCACA	0	0	0	0	97	0	snura	151.0	88.5	11.5	0.0	snura	snura	97	64.2	snura	snura		?	snura	10.3	(secure)	x1 is secure/safe from threat x2 (event).
nut	CAC	3	snuti	CCACA	5	0	0	5	0	0	snuti	65.0	100.0	0.0	0.0	nut	snuti	5	7.7	nut	snuti	2 3 4	rafsi	snuti	5.2	(accidental)	x1 (event/state) is an accident/unintentional on the part of x2; x1 is an accident.
snuti	CCACA	5	snuti	CCACA	0	0	4	4	56	0	snuti	65.0	100.0	0.0	0.0	snuti	snuti	60	92.3	snuti	snuti		?	snuti	5.2	(accidental)	x1 (event/state) is an accident/unintentional on the part of x2; x1 is an accident.
so'e	CAA	3	sobde	CACCA	28	0	3	31	0	0	sobde	31.0	90.3	0.0	9.7	so'e	sobde	31	100.0	so'e	sobde	1 2 5	rafsi/cmavo	sobde	9.1.5	(soya)	x1 is a quantity of soya [grain/bean] of species/strain x2.
sodna	CACCA	5	sodna	CACCA	0	0	1	1	8	0	sodna	9.0	0.0	0.0	100.0	sodna	sodna	9	100.0	sodna	sodna		?	sodna	7.5.4	(sodium)	x1 is a quantity of/contains/is made of alkali metal of type x2 [default sodium].
sodva	CACCA	5	sodva	CACCA	0	0	1	1	22	0	sodva	23.0	0.0	0.0	100.0	sodva	sodva	23	100.0	sodva	sodva		?	sodva	13.2.2	(soda)	x1 is made of/contains/is a quantity of a carbonated beverage/soda of flavor/brand x2.
sof	CAC	3	softo	CACCA	2	0	0	2	0	0	softo	25.0	100.0	0.0	0.0	sof	softo	2	8.0	sof	softo	1 25 3	rafsi	softo	12.3	(Soviet)	
softo	CACCA	5	softo	CACCA	0	0	2	2	21	0	softo	25.0	100.0	0.0	0.0	softo	softo	23	92.0	softo	softo		?	softo	12.3	(Soviet)	
slo	CCA	3	solji	CACCA	8	2	2	12	0	0	solji	12.0	66.7	16.7	16.7	slo	solji	12	100.0	slo	solji	1 3 2	rafsi	solji	7.5.4	(gold)	x1 is a quantity of/contains/is made of gold (Au); [metaphor: valuable, heavy, non-reactive].
sol	CAC	3	solri	CACCA	115	11	0	126	0	0	solri	440.0	91.3	8.7	0.0	sol	solri	126	28.6	sol	solri	1 2 3	rafsi	solri	8.1	(solar)	x1 is the sun of home planet x2 (default Earth) of race x3; (adjective:) x1 is solar.
solr	CACC	4	solri	CACCA	0	0	0	0	0	0	solri	440.0	91.3	8.7	0.0	solr	solri	0	0.0	solr	solri		?	solri	8.1	(solar)	x1 is the sun of home planet x2 (default Earth) of race x3; (adjective:) x1 is solar.
solri	CACCA	5	solri	CACCA	0	0	4	4	310	0	solri	440.0	91.3	8.7	0.0	solri	solri	314	71.4	solri	solri		?	solri	8.1	(solar)	x1 is the sun of home planet x2 (default Earth) of race x3; (adjective:) x1 is solar.
so'o	CAA	3	sombo	CACCA	7	0	2	9	0	0	sombo	49.0	97.5	2.5	0.0	so'o	sombo	9	18.4	so'o	sombo	1 25 25	rafsi/cmavo	sombo	13.1	(sow)	x1 sows/plants x2 [crop/plants] at/in x3.
som	CAC	3	sombo	CACCA	39	1	0	40	0	0	sombo	49.0	97.5	2.5	0.0	som	sombo	40	81.6	som	sombo	1 25 3	rafsi	sombo	13.1	(sow)	x1 sows/plants x2 [crop/plants] at/in x3.
soi	CAA	3	sonci	CACCA	30	1	47	78	0	0	sonci	205.0	38.5	1.3	60.3	soi	sonci	78	38.0	soi	sonci	1 2 5	rafsi/cmavo	sonci	11.2.3	(soldier)	x1 is a soldier/warrior/fighter of army x2.
son	CAC	3	sonci	CACCA	8	0	0	8	0	0	sonci	205.0	38.5	1.3	60.3	son	sonci	8	3.9	son	sonci	1 2 3	rafsi	sonci	11.2.3	(soldier)	x1 is a soldier/warrior/fighter of army x2.
sonci	CACCA	5	sonci	CACCA	0	0	0	0	119	0	sonci	205.0	38.5	1.3	60.3	sonci	sonci	119	58.0	sonci	sonci		?	sonci	11.2.3	(soldier)	x1 is a soldier/warrior/fighter of army x2.
so'u	CAA	3	sorcu	CACCA	0	0	15	15	0	0	sorcu	190.0	12.6	10.7	76.7	so'u	sorcu	15	7.9	so'u	sorcu	1 2 5	cmavo	sorcu	13.1	(store)	x1 is a store/deposit/supply/reserve of materials/energy x2 in containment x3.
sorcu	CACCA	5	sorcu	CACCA	0	0	0	0	72	0	sorcu	190.0	12.6	10.7	76.7	sorcu	sorcu	72	37.9	sorcu	sorcu		?	sorcu	13.1	(store)	x1 is a store/deposit/supply/reserve of materials/energy x2 in containment x3.
sro	CCA	3	sorcu	CACCA	13	11	79	103	0	0	sorcu	190.0	12.6	10.7	76.7	sro	sorcu	103	54.2	sro	sorcu	1 3 2	rafsi	sorcu	13.1	(store)	x1 is a store/deposit/supply/reserve of materials/energy x2 in containment x3.
sorgu	CACCA	5	sorgu	CACCA	0	0	1	1	11	0	sorgu	12.0	0.0	0.0	100.0	sorgu	sorgu	12	100.0	sorgu	sorgu		?	sorgu	9.1.5	(sorghum)	x1 is a quantity of sorghum of species/strain x2.
so'a	CAA	3	sovda	CACCA	0	3	38	41	0	0	sovda	43.0	0.0	7.3	92.7	so'a	sovda	41	95.3	so'a	sovda	1 2 5	rafsi/cmavo	sovda	9.3.2	(egg ‘ovum’)	x1 is an egg/ovum/sperm/pollen/gamete of/from organism [mother/father] x2.
sov	CAC	3	sovda	CACCA	2	0	0	2	0	0	sovda	43.0	0.0	7.3	92.7	sov	sovda	2	4.7	sov	sovda	1 2 3	rafsi	sovda	9.3.2	(egg ‘ovum’)	x1 is an egg/ovum/sperm/pollen/gamete of/from organism [mother/father] x2.
paj	CAC	3	spaji	CCACA	47	40	0	87	0	0	spaji	214.0	54.0	46.0	0.0	paj	spaji	87	40.7	paj	spaji	2 3 4	rafsi	spaji	10.1	(surprise)	x1 (event/action abstract) surprises/startles/is unexpected [and generally sudden] to x2.
spaj	CCAC	4	spaji	CCACA	0	0	0	0	0	0	spaji	214.0	54.0	46.0	0.0	spaj	spaji	0	0.0	spaj	spaji		?	spaji	10.1	(surprise)	x1 (event/action abstract) surprises/startles/is unexpected [and generally sudden] to x2.
spaji	CCACA	5	spaji	CCACA	0	0	12	12	115	0	spaji	214.0	54.0	46.0	0.0	spaji	spaji	127	59.3	spaji	spaji		?	spaji	10.1	(surprise)	x1 (event/action abstract) surprises/startles/is unexpected [and generally sudden] to x2.
spali	CCACA	5	spali	CCACA	0	0	5	5	27	0	spali	32.0	0.0	0.0	100.0	spali	spali	32	100.0	spali	spali		?	spali	6.2.2	(polish)	x1 (agent) polishes object/surface x2 with polish x3, applied using tool x4.
san	CAC	3	spano	CCACA	138	2	0	140	0	0	spano	222.0	98.6	1.4	0.0	san	spano	140	63.1	san	spano	1 3 4	rafsi	spano	12.3	(Spanish)	
span	CCAC	4	spano	CCACA	0	0	0	0	0	0	spano	222.0	98.6	1.4	0.0	span	spano	0	0.0	span	spano		?	spano	12.3	(Spanish)	
spano	CCACA	5	spano	CCACA	0	0	7	7	75	0	spano	222.0	98.6	1.4	0.0	spano	spano	82	36.9	spano	spano		?	spano	12.3	(Spanish)	
spa	CCA	3	spati	CCACA	34	1	21	56	0	0	spati	160.0	60.7	1.8	37.5	spa	spati	56	35.0	spa	spati	1 2 3	rafsi	spati	9.1	(plant)	x1 is a plant/herb/greenery of species/strain/cultivar x2.
spati	CCACA	5	spati	CCACA	0	0	0	0	104	0	spati	160.0	60.7	1.8	37.5	spati	spati	104	65.0	spati	spati		?	spati	9.1	(plant)	x1 is a plant/herb/greenery of species/strain/cultivar x2.
spe	CCA	3	speni	CCACA	127	6	154	287	0	0	speni	674.0	44.3	2.1	53.7	spe	speni	287	42.6	spe	speni	1 2 3	rafsi	speni	11.1	(married ‘spouse’)	x1 is married to x2; x1 is a spouse of x2 under law/custom/tradition/system/convention x3.
speni	CCACA	5	speni	CCACA	0	0	0	0	387	0	speni	674.0	44.3	2.1	53.7	speni	speni	387	57.4	speni	speni		?	speni	11.1	(married ‘spouse’)	x1 is married to x2; x1 is a spouse of x2 under law/custom/tradition/system/convention x3.
spi	CCA	3	spisa	CCACA	10	0	53	63	0	0	spisa	63.0	15.9	0.0	84.1	spi	spisa	63	100.0	spi	spisa	14 2 3	rafsi	spisa	7.1	(piece)	x1 [object/substance] is a piece/portion/lump/chunk/particle of x2 [substance].
spita	CCACA	5	spita	CCACA	0	0	4	4	16	0	spita	20.0	0.0	0.0	100.0	spita	spita	20	100.0	spita	spita		?	spita	9.3.3	(hospital)	x1 is a hospital treating patient(s) x2 for condition/injuries/disease/illness x3.
po'u	CAA	3	spofu	CCACA	0	2	1	3	0	0	spofu	13.0	100.0	0.0	0.0	po'u	spofu	3	23.1	po'u	spofu	2 3 5	rafsi/cmavo	spofu	13.1	(broken)	x1 is broken/inoperable/broken down/non-utile/not usable for function x2.
pof	CAC	3	spofu	CCACA	10	0	0	10	0	0	spofu	13.0	100.0	0.0	0.0	pof	spofu	10	76.9	pof	spofu	2 3 4	rafsi	spofu	13.1	(broken)	x1 is broken/inoperable/broken down/non-utile/not usable for function x2.
spof	CCAC	4	spofu	CCACA	0	0	0	0	0	0	spofu	13.0	100.0	0.0	0.0	spof	spofu	0	0.0	spof	spofu		?	spofu	13.1	(broken)	x1 is broken/inoperable/broken down/non-utile/not usable for function x2.
po'a	CAA	3	spoja	CCACA	1	4	5	10	0	0	spoja	23.0	84.6	15.4	0.0	po'a	spoja	10	43.5	po'a	spoja	2 3 5	rafsi/cmavo	spoja	6.1.2	(explode)	x1 bursts/explodes/violently breaks up/decomposes/combusts into pieces/energy/fragments x2.
poj	CAC	3	spoja	CCACA	11	2	0	13	0	0	spoja	23.0	84.6	15.4	0.0	poj	spoja	13	56.5	poj	spoja	2 3 4	rafsi	spoja	6.1.2	(explode)	x1 bursts/explodes/violently breaks up/decomposes/combusts into pieces/energy/fragments x2.
spoj	CCAC	4	spoja	CCACA	0	0	0	0	0	0	spoja	23.0	84.6	15.4	0.0	spoj	spoja	0	0.0	spoj	spoja		?	spoja	6.1.2	(explode)	x1 bursts/explodes/violently breaks up/decomposes/combusts into pieces/energy/fragments x2.
spu	CCA	3	spuda	CCACA	100	0	70	170	0	0	spuda	770.0	58.8	0.0	41.2	spu	spuda	170	22.1	spu	spuda	1 2 3	rafsi	spuda	2.4	(reply ‘respond’)	x1 answers/replies to/responds to person/object/event/situation/stimulus x2 with response x3.
spuda	CCACA	5	spuda	CCACA	0	0	0	0	600	0	spuda	770.0	58.8	0.0	41.2	spuda	spuda	600	77.9	spuda	spuda		?	spuda	2.4	(reply ‘respond’)	x1 answers/replies to/responds to person/object/event/situation/stimulus x2 with response x3.
pu'u	CAA	3	sputu	CCACA	0	0	13	13	0	0	sputu	13.0	0.0	0.0	100.0	pu'u	sputu	13	100.0	pu'u	sputu	2 35 35	rafsi/cmavo	sputu	6.2.4	(spit)	x1 spits/expectorates x2 [predominantly liquid] from x3 to/onto x4.
raj	CAC	3	sraji	CCACA	119	7	0	126	0	0	sraji	180.0	94.4	5.6	0.0	raj	sraji	126	70.0	raj	sraji	2 3 4	rafsi	sraji	3.2	(vertical ‘upright’)	x1 is vertical/upright/erect/plumb/oriented straight up and down in reference frame/gravity x2.
sraji	CCACA	5	sraji	CCACA	0	0	2	2	52	0	sraji	180.0	94.4	5.6	0.0	sraji	sraji	54	30.0	sraji	sraji		?	sraji	3.2	(vertical ‘upright’)	x1 is vertical/upright/erect/plumb/oriented straight up and down in reference frame/gravity x2.
rak	CAC	3	sraku	CCACA	18	0	0	18	0	0	sraku	41.0	100.0	0.0	0.0	rak	sraku	18	43.9	rak	sraku	2 3 4	rafsi	sraku	6.2.2	(scratch)	x1 [abrasive/cutting/scratching object/implement] scratches/[carves]/erodes/cuts [into] x2.
srak	CCAC	4	sraku	CCACA	0	0	0	0	0	0	sraku	41.0	100.0	0.0	0.0	srak	sraku	0	0.0	srak	sraku		?	sraku	6.2.2	(scratch)	x1 [abrasive/cutting/scratching object/implement] scratches/[carves]/erodes/cuts [into] x2.
sraku	CCACA	5	sraku	CCACA	0	0	1	1	22	0	sraku	41.0	100.0	0.0	0.0	sraku	sraku	23	56.1	sraku	sraku		?	sraku	6.2.2	(scratch)	x1 [abrasive/cutting/scratching object/implement] scratches/[carves]/erodes/cuts [into] x2.
sral	CCAC	4	sralo	CCACA	8	0	0	8	0	0	sralo	82.0	100.0	0.0	0.0	sral	sralo	8	9.8	sral	sralo		?	sralo	12.4	(Australian)	
sralo	CCACA	5	sralo	CCACA	0	0	1	1	73	0	sralo	82.0	100.0	0.0	0.0	sralo	sralo	74	90.2	sralo	sralo		?	sralo	12.4	(Australian)	
ra'a	CAA	3	srana	CCACA	5	0	39	44	0	59	srana	354.0	11.4	0.0	88.6	ra'a	srana	103	29.1	ra'a	srana	2 35 35	rafsi/cmavo	srana	2.5	(pertain ‘concerns’)	x1 pertains to/is germane/relevant to/concerns/is related/associated with/is about x2.
srana	CCACA	5	srana	CCACA	0	0	0	0	251	0	srana	354.0	11.4	0.0	88.6	srana	srana	251	70.9	srana	srana		?	srana	2.5	(pertain ‘concerns’)	x1 pertains to/is germane/relevant to/concerns/is related/associated with/is about x2.
sas	CAC	3	srasu	CCACA	57	0	0	57	0	0	srasu	173.0	100.0	0.0	0.0	sas	srasu	57	32.9	sas	srasu	14 3 14	rafsi	srasu	9.1	(grass)	x1 is a blade/expanse of grass of species x2.
srasu	CCACA	5	srasu	CCACA	0	0	15	15	101	0	srasu	173.0	100.0	0.0	0.0	srasu	srasu	116	67.1	srasu	srasu		?	srasu	9.1	(grass)	x1 is a blade/expanse of grass of species x2.
sre	CCA	3	srera	CCACA	28	0	33	61	0	0	srera	546.0	45.9	0.0	54.1	sre	srera	61	11.2	sre	srera	1 24 3	rafsi	srera	5.2	(err)	x1 errs in doing/being/making mistake x2 (event), an error under conditions x3 by standard x4.
srer	CCAC	4	srera	CCACA	0	0	0	0	0	0	srera	546.0	45.9	0.0	54.1	srer	srera	0	0.0	srer	srera		?	srera	5.2	(err)	x1 errs in doing/being/making mistake x2 (event), an error under conditions x3 by standard x4.
srera	CCACA	5	srera	CCACA	0	0	0	0	485	0	srera	546.0	45.9	0.0	54.1	srera	srera	485	88.8	srera	srera		?	srera	5.2	(err)	x1 errs in doing/being/making mistake x2 (event), an error under conditions x3 by standard x4.
srito	CCACA	5	srito	CCACA	0	0	1	1	0	0	srito	1.0	0.0	0.0	100.0	srito	srito	1	100.0	srito	srito		?	srito	12.3	(Sanskrit)	
ru'a	CAA	3	sruma	CCACA	0	0	34	34	0	124	sruma	222.0	0.0	0.0	100.0	ru'a	sruma	158	71.2	ru'a	sruma	2 3 5	rafsi/cmavo	sruma	2.5	(assume)	x1 assumes/supposes that x2 (du'u) is true about subject x3; [epistemology].
sruma	CCACA	5	sruma	CCACA	0	0	0	0	64	0	sruma	222.0	0.0	0.0	100.0	sruma	sruma	64	28.8	sruma	sruma		?	sruma	2.5	(assume)	x1 assumes/supposes that x2 (du'u) is true about subject x3; [epistemology].
ru'u	CAA	3	sruri	CCACA				0	0	144	sruri	199.0	29.1	23.6	47.3	ru'u	sruri	144	72.4	ru'u	sruri	24 3 3	cmavo	sruri	3.1	(surround)	x1 encircles/encloses/is surrounding x2 in direction(s)/dimension(s)/plane x3.
sru	CCA	3	sruri	CCACA	16	13	26	55	0	0	sruri	199.0	29.1	23.6	47.3	sru	sruri	55	27.6	sru	sruri	1 24 3	rafsi	sruri	3.1	(surround)	x1 encircles/encloses/is surrounding x2 in direction(s)/dimension(s)/plane x3.
sac	CAC	3	stace	CCACA	20	3	0	23	0	0	stace	74.0	87.0	13.0	0.0	sac	stace	23	31.1	sac	stace	1 3 4	rafsi	stace	10.3	(honest)	x1 is honest/open/truthfully revealing to/candid/frank with x2 about matter/fact x3.
stac	CCAC	4	stace	CCACA	0	0	0	0	0	0	stace	74.0	87.0	13.0	0.0	stac	stace	0	0.0	stac	stace		?	stace	10.3	(honest)	x1 is honest/open/truthfully revealing to/candid/frank with x2 about matter/fact x3.
stace	CCACA	5	stace	CCACA	2	0	6	8	43	0	stace	74.0	87.0	13.0	0.0	stace	stace	51	68.9	stace	stace		?	stace	10.3	(honest)	x1 is honest/open/truthfully revealing to/candid/frank with x2 about matter/fact x3.
stag	CCAC	4	stagi	CCACA	4	0	0	4	0	0	stagi	42.0	0.0	0.0	100.0	stag	stagi	4	9.5	stag	stagi		?	stagi	9.1.1	(vegetable ‘stalky’)	x1 is the edible x2 portion of plant x3; x1 is a vegetable.
stagi	CCACA	5	stagi	CCACA	0	0	9	9	29	0	stagi	42.0	0.0	0.0	100.0	stagi	stagi	38	90.5	stagi	stagi		?	stagi	9.1.1	(vegetable ‘stalky’)	x1 is the edible x2 portion of plant x3; x1 is a vegetable.
staku	CCACA	5	staku	CCACA	0	0	3	3	9	0	staku	17.0	100.0	0.0	0.0	staku	staku	12	70.6	staku	staku		?	staku	13.2.1	(ceramic)	x1 is a quantity of/contains/is made of ceramic made by x2, of composition x3, in form/shape x4.
tak	CAC	3	staku	CCACA	5	0	0	5	0	0	staku	17.0	100.0	0.0	0.0	tak	staku	5	29.4	tak	staku	2 3 4	rafsi	staku	13.2.1	(ceramic)	x1 is a quantity of/contains/is made of ceramic made by x2, of composition x3, in form/shape x4.
sta	CCA	3	stali	CCACA	27	4	41	72	0	0	stali	72.0	37.5	5.6	56.9	sta	stali	72	100.0	sta	stali	1 2 3	rafsi	stali	6.1.1	(remain ‘stay’)	x1 remains/stays at/abides/lasts with x2.
stal	CCAC	4	stali	CCACA	0	0	0	0	0	0	stali	72.0	37.5	5.6	56.9	stal	stali	0	0.0	stal	stali		?	stali	6.1.1	(remain ‘stay’)	x1 remains/stays at/abides/lasts with x2.
stan	CCAC	4	stani	CCACA	2	0	0	2	0	0	stani	35.0	0.0	0.0	100.0	stan	stani	2	5.7	stan	stani		?	stani	9.1.1	(stalk)	x1 is a/the stalk/stem/trunk [body-part] of plant/species x2; [metaphor: main support].
stani	CCACA	5	stani	CCACA	0	0	5	5	28	0	stani	35.0	0.0	0.0	100.0	stani	stani	33	94.3	stani	stani		?	stani	9.1.1	(stalk)	x1 is a/the stalk/stem/trunk [body-part] of plant/species x2; [metaphor: main support].
stapa	CCACA	5	stapa	CCACA	5	0	5	10	76	0	stapa	93.0	50.0	0.0	50.0	stapa	stapa	86	92.5	stapa	stapa		?	stapa	6.1.2	(step)	x1 steps/treads on/in surface x2 using limbs x3.
tap	CAC	3	stapa	CCACA	7	0	0	7	0	0	stapa	93.0	50.0	0.0	50.0	tap	stapa	7	7.5	tap	stapa	2 35 4	rafsi	stapa	6.1.2	(step)	x1 steps/treads on/in surface x2 using limbs x3.
stasu	CCACA	5	stasu	CCACA	0	0	1	1	15	0	stasu	16.0	0.0	0.0	100.0	stasu	stasu	16	100.0	stasu	stasu		?	stasu	13.2.3	(soup ‘stew’)	x1 is a quantity of soup/stew/olla/olio [food] of ingredients including x2.
stati	CCACA	5	stati	CCACA	0	0	1	1	33	0	stati	34.0	0.0	0.0	100.0	stati	stati	34	100.0	stati	stati		?	stati	10.3	(talent)	x1 has a talent/aptitude/innate skill for doing/being x2.
steba	CCACA	5	steba	CCACA	0	0	7	7	134	0	steba	141.0	0.0	0.0	100.0	steba	steba	141	100.0	steba	steba		?	steba	10.1	(frustration)	x1 feels frustration about x2 (abstraction).
steci	CCACA	5	steci	CCACA	0	0	0	0	157	0	steci	203.0	19.5	12.2	68.3	steci	steci	157	77.3	steci	steci		?	steci	1.1	(specific ‘special’)	x1 (ka) is specific/particular/specialized/[special]/a defining property of x2 among x3 (set).
te'i	CAA	3	steci	CCACA	8	5	28	41	0	0	steci	203.0	19.5	12.2	68.3	te'i	steci	41	20.2	te'i	steci	2 3 5	rafsi	steci	1.1	(specific ‘special’)	x1 (ka) is specific/particular/specialized/[special]/a defining property of x2 among x3 (set).
tec	CAC	3	steci	CCACA	5	0	0	5	0	0	steci	203.0	19.5	12.2	68.3	tec	steci	5	2.5	tec	steci	2 3 4	rafsi	steci	1.1	(specific ‘special’)	x1 (ka) is specific/particular/specialized/[special]/a defining property of x2 among x3 (set).
sed	CAC	3	stedu	CCACA	30	3	0	33	0	0	stedu	1081.0	0.0	0.0	100.0	sed	stedu	33	3.1	sed	stedu	1 3 4	rafsi	stedu	9.2.3	(head)	x1 is a/the head [body-part] of x2; [metaphor: uppermost portion].
stedu	CCACA	5	stedu	CCACA	0	0	53	53	995	0	stedu	1081.0	0.0	0.0	100.0	stedu	stedu	1048	96.9	stedu	stedu		?	stedu	9.2.3	(head)	x1 is a/the head [body-part] of x2; [metaphor: uppermost portion].
stela	CCACA	5	stela	CCACA	0	0	2	2	16	0	stela	29.0	81.8	18.2	0.0	stela	stela	18	62.1	stela	stela		?	stela	13.6	(lock)	x1 is a lock/seal of/on/for sealing x2 with/by locking mechanism x3.
tel	CAC	3	stela	CCACA	9	2	0	11	0	0	stela	29.0	81.8	18.2	0.0	tel	stela	11	37.9	tel	stela	2 3 4	rafsi	stela	13.6	(lock)	x1 is a lock/seal of/on/for sealing x2 with/by locking mechanism x3.
stero	CCACA	5	stero	CCACA	0	0	0	0	7	0	stero	10.0	0.0	0.0	100.0	stero	stero	7	70.0	stero	stero		?	stero	7.4.1	(steradian)	
te'o	CAA	3	stero	CCACA	0	0	3	3	0	0	stero	10.0	0.0	0.0	100.0	te'o	stero	3	30.0	te'o	stero	2 3 5	rafsi/cmavo	stero	7.4.1	(steradian)	
sic	CAC	3	stici	CCACA	28	5	0	33	0	0	stici	193.0	84.8	15.2	0.0	sic	stici	33	17.1	sic	stici	1 35 4	rafsi	stici	3.1	(west)	x1 is to the west/western side of x2 according to frame of reference x3.
stic	CCAC	4	stici	CCACA	0	0	0	0	0	0	stici	193.0	84.8	15.2	0.0	stic	stici	0	0.0	stic	stici		?	stici	3.1	(west)	x1 is to the west/western side of x2 according to frame of reference x3.
stici	CCACA	5	stici	CCACA	0	0	16	16	127	0	stici	193.0	84.8	15.2	0.0	stici	stici	143	74.1	stici	stici		?	stici	3.1	(west)	x1 is to the west/western side of x2 according to frame of reference x3.
vu'a	CAA	3	stici	CCACA				0	0	17	stici	193.0	84.8	15.2	0.0	vu'a	stici	17	8.8	vu'a	stici	  	cmavo	stici	3.1	(west)	x1 is to the west/western side of x2 according to frame of reference x3.
sid	CAC	3	stidi	CCACA	22	0	0	22	0	0	stidi	642.0	22.8	14.4	62.8	sid	stidi	22	3.4	sid	stidi	1 35 4	rafsi	stidi	2.3	(suggest)	x1 (agent) suggests/proposes idea/action x2 to audience x3; x1 (event) inspires x2 in/among x3.
stid	CCAC	4	stidi	CCACA	0	0	0	0	0	0	stidi	642.0	22.8	14.4	62.8	stid	stidi	0	0.0	stid	stidi		?	stidi	2.3	(suggest)	x1 (agent) suggests/proposes idea/action x2 to audience x3; x1 (event) inspires x2 in/among x3.
stidi	CCACA	5	stidi	CCACA	0	0	0	0	405	0	stidi	642.0	22.8	14.4	62.8	stidi	stidi	405	63.1	stidi	stidi		?	stidi	2.3	(suggest)	x1 (agent) suggests/proposes idea/action x2 to audience x3; x1 (event) inspires x2 in/among x3.
ti'i	CAA	3	stidi	CCACA	41	26	113	180	0	35	stidi	642.0	22.8	14.4	62.8	ti'i	stidi	215	33.5	ti'i	stidi	2 35 35	rafsi/cmavo	stidi	2.3	(suggest)	x1 (agent) suggests/proposes idea/action x2 to audience x3; x1 (event) inspires x2 in/among x3.
stika	CCACA	5	stika	CCACA	0	0	4	4	53	0	stika	62.0	20.0	80.0	0.0	stika	stika	57	91.9	stika	stika		?	stika	5	(adjust)	x1 (event) adjusts/regulates/changes x2 (ka/ni) in amount/degree x3.
tik	CAC	3	stika	CCACA	1	4	0	5	0	0	stika	62.0	20.0	80.0	0.0	tik	stika	5	8.1	tik	stika	2 3 4	rafsi	stika	5	(adjust)	x1 (event) adjusts/regulates/changes x2 (ka/ni) in amount/degree x3.
stizu	CCACA	5	stizu	CCACA	0	0	21	21	351	0	stizu	374.0	0.0	0.0	100.0	stizu	stizu	372	99.5	stizu	stizu		?	stizu	13.6	(chair ‘stool’)	x1 is a chair/stool/seat/bench, a piece or portion of a piece of furniture intended for sitting.
tiz	CAC	3	stizu	CCACA	2	0	0	2	0	0	stizu	374.0	0.0	0.0	100.0	tiz	stizu	2	0.5	tiz	stizu	2 3 4	rafsi	stizu	13.6	(chair ‘stool’)	x1 is a chair/stool/seat/bench, a piece or portion of a piece of furniture intended for sitting.
sto	CCA	3	stodi	CCACA	13	5	55	73	0	0	stodi	161.0	17.8	6.8	75.3	sto	stodi	73	45.3	sto	stodi	1 2 3	rafsi	stodi	1.5	(constant ‘stable’)	x1 is constant/invariant/unchanging in property x2 (ka) in response to stimulus/conditions x3.
stodi	CCACA	5	stodi	CCACA	0	0	0	0	88	0	stodi	161.0	17.8	6.8	75.3	stodi	stodi	88	54.7	stodi	stodi		?	stodi	1.5	(constant ‘stable’)	x1 is constant/invariant/unchanging in property x2 (ka) in response to stimulus/conditions x3.
du'a	CAA	3	stuna	CCACA				0	0	12	stuna	210.0	100.0	0.0	0.0	du'a	stuna	12	5.7	du'a	stuna	 3 5	cmavo	stuna	3.1	(east)	x1 is to the east/eastern side of x2 according to frame of reference x3.
stun	CCAC	4	stuna	CCACA	0	0	0	0	0	0	stuna	210.0	100.0	0.0	0.0	stun	stuna	0	0.0	stun	stuna		?	stuna	3.1	(east)	x1 is to the east/eastern side of x2 according to frame of reference x3.
stuna	CCACA	5	stuna	CCACA	0	0	29	29	116	0	stuna	210.0	100.0	0.0	0.0	stuna	stuna	145	69.0	stuna	stuna		?	stuna	3.1	(east)	x1 is to the east/eastern side of x2 according to frame of reference x3.
sun	CAC	3	stuna	CCACA	53	0	0	53	0	0	stuna	210.0	100.0	0.0	0.0	sun	stuna	53	25.2	sun	stuna	1 3 4	rafsi	stuna	3.1	(east)	x1 is to the east/eastern side of x2 according to frame of reference x3.
stura	CCACA	5	stura	CCACA	0	0	0	0	100	0	stura	206.0	25.4	74.6	0.0	stura	stura	100	48.5	stura	stura		?	stura	1.2	(structure)	x1 is a structure/arrangement/organization of x2 [set/system/complexity].
su'a	CAA	3	stura	CCACA	0	0	43	43	0	0	stura	206.0	25.4	74.6	0.0	su'a	stura	43	20.9	su'a	stura	1 3 5	rafsi/cmavo	stura	1.2	(structure)	x1 is a structure/arrangement/organization of x2 [set/system/complexity].
tur	CAC	3	stura	CCACA	16	47	0	63	0	0	stura	206.0	25.4	74.6	0.0	tur	stura	63	30.6	tur	stura	2 3 4	rafsi	stura	1.2	(structure)	x1 is a structure/arrangement/organization of x2 [set/system/complexity].
stu	CCA	3	stuzi	CCACA	97	10	240	347	0	0	stuzi	503.0	28.0	2.9	69.2	stu	stuzi	347	69.0	stu	stuzi	1 2 3	rafsi	stuzi	3	(site ‘position’)	x1 is an inherent/inalienable site/place/position/situation/spot/location of x2 (object/event).
tu'i	CAA	3	stuzi	CCACA				0	0	156	stuzi	503.0	28.0	2.9	69.2	tu'i	stuzi	156	31.0	tu'i	stuzi	2 3 5	cmavo	stuzi	3	(site ‘position’)	x1 is an inherent/inalienable site/place/position/situation/spot/location of x2 (object/event).
tuz	CAC	3	stuzi	CCACA	0	0	0	0	0	0	stuzi	503.0	28.0	2.9	69.2	tuz	stuzi	0	0.0	tuz	stuzi	2 3 4	rafsi	stuzi	3	(site ‘position’)	x1 is an inherent/inalienable site/place/position/situation/spot/location of x2 (object/event).
su'a	CAA	3	sucta	CACCA				0	0	82	sucta	511.0	82.5	0.0	17.5	su'a	sucta	82	16.0	su'a	sucta	1 2 5	cmavo	sucta	2.5	(abstract)	x1 (si'o) is abstracted/generalized/idealized from x2 [something concrete] by rules x3.
su'u	CAA	3	sucta	CACCA				0	0	254	sucta	511.0	82.5	0.0	17.5	su'u	sucta	254	49.7	su'u	sucta	1 2 2	cmavo	sucta	2.5	(abstract)	x1 (si'o) is abstracted/generalized/idealized from x2 [something concrete] by rules x3.
suc	CAC	3	sucta	CACCA	9	0	0	9	0	0	sucta	511.0	82.5	0.0	17.5	suc	sucta	9	1.8	suc	sucta	1 2 3	rafsi	sucta	2.5	(abstract)	x1 (si'o) is abstracted/generalized/idealized from x2 [something concrete] by rules x3.
sucta	CACCA	5	sucta	CACCA	52	0	11	63	103	0	sucta	511.0	82.5	0.0	17.5	sucta	sucta	166	32.5	sucta	sucta		?	sucta	2.5	(abstract)	x1 (si'o) is abstracted/generalized/idealized from x2 [something concrete] by rules x3.
sud	CAC	3	sudga	CACCA	135	2	0	137	0	0	sudga	207.0	98.5	1.5	0.0	sud	sudga	137	66.2	sud	sudga	1 2 3	rafsi	sudga	7.3	(dry)	x1 is dry of liquid x2; (adjective:) x1 is arid.
sudga	CACCA	5	sudga	CACCA	0	0	1	1	69	0	sudga	207.0	98.5	1.5	0.0	sudga	sudga	70	33.8	sudga	sudga		?	sudga	7.3	(dry)	x1 is dry of liquid x2; (adjective:) x1 is arid.
sfu	CCA	3	sufti	CACCA	0	0	1	1	0	0	sufti	1.0	0.0	0.0	100.0	sfu	sufti	1	100.0	sfu	sufti	1 3 2	rafsi	sufti	9.2.4	(hoof)	x1 is a/the hoof [body-part] of x2.
suk	CAC	3	suksa	CACCA	30	0	0	30	0	0	suksa	164.0	100.0	0.0	0.0	suk	suksa	30	18.3	suk	suksa	14 2 3	rafsi	suksa	5	(sudden)	x1 (event/state) is sudden/sharply changes at stage/point x2 in process/property/function x3.
suksa	CACCA	5	suksa	CACCA	0	0	14	14	120	0	suksa	164.0	100.0	0.0	0.0	suksa	suksa	134	81.7	suksa	suksa		?	suksa	5	(sudden)	x1 (event/state) is sudden/sharply changes at stage/point x2 in process/property/function x3.
sumji	CACCA	5	sumji	CACCA	0	0	31	31	42	0	sumji	73.0	0.0	0.0	100.0	sumji	sumji	73	100.0	sumji	sumji		?	sumji	1.6	(sum)	x1 is a mathematical sum/result/total of x2 plus/increased by x3.
sumn	CACC	4	sumne	CACCA	1	0	0	1	0	0	sumne	96.0	0.0	0.0	100.0	sumn	sumne	1	1.0	sumn	sumne		?	sumne	9.4.3	(smell)	x1 (experiencer) smells/scents (transitive verb) x2; x2 smells/has odor/scent to observer x1.
sumne	CACCA	5	sumne	CACCA	0	0	5	5	90	0	sumne	96.0	0.0	0.0	100.0	sumne	sumne	95	99.0	sumne	sumne		?	sumne	9.4.3	(smell)	x1 (experiencer) smells/scents (transitive verb) x2; x2 smells/has odor/scent to observer x1.
su'i	CAA	3	sumti	CACCA	34	0	247	281	0	0	sumti	9125.0	12.1	0.0	87.9	su'i	sumti	281	3.1	su'i	sumti	1 2 5	rafsi/cmavo	sumti	1.6	(argument)	x1 is a/the argument of predicate/function x2 filling place x3 (kind/number).
sum	CAC	3	sumti	CACCA	92	8	4	104	0	0	sumti	9125.0	12.1	0.0	87.9	sum	sumti	104	1.1	sum	sumti	1 2 3	rafsi	sumti	1.6	(argument)	x1 is a/the argument of predicate/function x2 filling place x3 (kind/number).
sumt	CACC	4	sumti	CACCA	0	0	0	0	0	0	sumti	9125.0	12.1	0.0	87.9	sumt	sumti	0	0.0	sumt	sumti		?	sumti	1.6	(argument)	x1 is a/the argument of predicate/function x2 filling place x3 (kind/number).
sumti	CACCA	5	sumti	CACCA	0	0	0	0	8740	0	sumti	9125.0	12.1	0.0	87.9	sumti	sumti	8740	95.8	sumti	sumti		?	sumti	1.6	(argument)	x1 is a/the argument of predicate/function x2 filling place x3 (kind/number).
sunga	CACCA	5	sunga	CACCA	0	0	1	1	53	0	sunga	54.0	0.0	0.0	100.0	sunga	sunga	54	100.0	sunga	sunga		?	sunga	9.1.4	(garlic)	x1 is a quantity of garlic [bulb] of species/strain x2.
sul	CAC	3	sunla	CACCA	12	0	0	12	0	0	sunla	33.0	100.0	0.0	0.0	sul	sunla	12	36.4	sul	sunla	1 2 4	rafsi	sunla	9.2.4	(wool)	x1 is a quantity of/made from/consists of wool [tight curly hair] from animal/species/source x2.
sunla	CACCA	5	sunla	CACCA	0	0	1	1	20	0	sunla	33.0	100.0	0.0	0.0	sunla	sunla	21	63.6	sunla	sunla		?	sunla	9.2.4	(wool)	x1 is a quantity of/made from/consists of wool [tight curly hair] from animal/species/source x2.
sur	CAC	3	surla	CACCA	29	6	0	35	0	0	surla	156.0	82.9	17.1	0.0	sur	surla	35	22.4	sur	surla	1 2 3	rafsi	surla	10.2	(relax)	x1 relaxes/rests/is at ease in/by doing/being x2 (activity).
surl	CACC	4	surla	CACCA	0	0	0	0	0	0	surla	156.0	82.9	17.1	0.0	surl	surla	0	0.0	surl	surla		?	surla	10.2	(relax)	x1 relaxes/rests/is at ease in/by doing/being x2 (activity).
surla	CACCA	5	surla	CACCA	0	0	1	1	120	0	surla	156.0	82.9	17.1	0.0	surla	surla	121	77.6	surla	surla		?	surla	10.2	(relax)	x1 relaxes/rests/is at ease in/by doing/being x2 (activity).
sut	CAC	3	sutra	CACCA	95	14	0	109	0	0	sutra	736.0	87.2	12.8	0.0	sut	sutra	109	14.8	sut	sutra	1 2 3	rafsi	sutra	5.2	(fast ‘swift’)	x1 is fast/swift/quick/hastes/rapid at doing/being/bringing about x2 (event/state).
sutr	CACC	4	sutra	CACCA	0	0	0	0	0	0	sutra	736.0	87.2	12.8	0.0	sutr	sutra	0	0.0	sutr	sutra		?	sutra	5.2	(fast ‘swift’)	x1 is fast/swift/quick/hastes/rapid at doing/being/bringing about x2 (event/state).
sutra	CACCA	5	sutra	CACCA	0	0	14	14	613	0	sutra	736.0	87.2	12.8	0.0	sutra	sutra	627	85.2	sutra	sutra		?	sutra	5.2	(fast ‘swift’)	x1 is fast/swift/quick/hastes/rapid at doing/being/bringing about x2 (event/state).
tab	CAC	3	tabno	CACCA	17	0	0	17	0	0	tabno	17.0	100.0	0.0	0.0	tab	tabno	17	100.0	tab	tabno	1 2 3	rafsi	tabno	7.5.4	(carbon)	x1 is a quantity of/contains/is made of carbon/graphite/[diamond]/charcoal; x1 is organic.
tabn	CACC	4	tabno	CACCA	0	0	0	0	0	0	tabno	17.0	100.0	0.0	0.0	tabn	tabno	0	0.0	tabn	tabno		?	tabno	7.5.4	(carbon)	x1 is a quantity of/contains/is made of carbon/graphite/[diamond]/charcoal; x1 is organic.
tabra	CACCA	5	tabra	CACCA	0	0	1	1	16	0	tabra	17.0	0.0	0.0	100.0	tabra	tabra	17	100.0	tabra	tabra		?	tabra	12.6	(trumpet ‘brass’)	x1 is a horn/trumpet/trombone/bugle [brass-wind/lip-reed musical instrument].
ta'i	CAA	3	tadji	CACCA				0	0	266	tadji	636.0	0.0	0.0	100.0	ta'i	tadji	266	41.8	ta'i	tadji	1 2 5	cmavo	tadji	2.5	(method)	x1 [process] is a method/technique/approach/means for doing x2 (event) under conditions x3.
tadj	CACC	4	tadji	CACCA	8	0	0	8	0	0	tadji	636.0	0.0	0.0	100.0	tadj	tadji	8	1.3	tadj	tadji		?	tadji	2.5	(method)	x1 [process] is a method/technique/approach/means for doing x2 (event) under conditions x3.
tadji	CACCA	5	tadji	CACCA	0	0	81	81	281	0	tadji	636.0	0.0	0.0	100.0	tadji	tadji	362	56.9	tadji	tadji		?	tadji	2.5	(method)	x1 [process] is a method/technique/approach/means for doing x2 (event) under conditions x3.
tad	CAC	3	tadni	CACCA	83	0	0	83	0	0	tadni	788.0	4.5	0.0	95.5	tad	tadni	83	10.5	tad	tadni	1 2 3	rafsi	tadni	2.5	(study)	x1 studies/is a student of x2; x1 is a scholar; (adjective:) x1 is scholarly.
tadn	CACC	4	tadni	CACCA	0	0	0	0	0	0	tadni	788.0	4.5	0.0	95.5	tadn	tadni	0	0.0	tadn	tadni		?	tadni	2.5	(study)	x1 studies/is a student of x2; x1 is a scholar; (adjective:) x1 is scholarly.
tadni	CACCA	5	tadni	CACCA	7	0	150	157	548	0	tadni	788.0	4.5	0.0	95.5	tadni	tadni	705	89.5	tadni	tadni		?	tadni	2.5	(study)	x1 studies/is a student of x2; x1 is a scholar; (adjective:) x1 is scholarly.
tag	CAC	3	tagji	CACCA	5	0	0	5	0	0	tagji	45.0	100.0	0.0	0.0	tag	tagji	5	11.1	tag	tagji	1 2 3	rafsi	tagji	3.5.5	(snug ‘tight’)	x1 is snug/tight on x2 in dimension/direction x3 at locus x4.
tagji	CACCA	5	tagji	CACCA	0	0	3	3	37	0	tagji	45.0	100.0	0.0	0.0	tagji	tagji	40	88.9	tagji	tagji		?	tagji	3.5.5	(snug ‘tight’)	x1 is snug/tight on x2 in dimension/direction x3 at locus x4.
tal	CAC	3	talsa	CACCA	4	5	0	9	0	0	talsa	57.0	44.4	55.6	0.0	tal	talsa	9	15.8	tal	talsa	1 25 3	rafsi	talsa	10.2	(challenge)	x1 (person) challenges x2 at/in property x3.
talsa	CACCA	5	talsa	CACCA	1	0	3	4	44	0	talsa	57.0	44.4	55.6	0.0	talsa	talsa	48	84.2	talsa	talsa		?	talsa	10.2	(challenge)	x1 (person) challenges x2 at/in property x3.
tamc	CACC	4	tamca	CACCA	2	0	0	2	0	0	tamca	30.0	100.0	0.0	0.0	tamc	tamca	2	6.7	tamc	tamca		?	tamca	9.1.4	(tomato)	x1 is a tomato [fruit/vegetable/plant] of species/strain x2.
tamca	CACCA	5	tamca	CACCA	0	0	1	1	27	0	tamca	30.0	100.0	0.0	0.0	tamca	tamca	28	93.3	tamca	tamca		?	tamca	9.1.4	(tomato)	x1 is a tomato [fruit/vegetable/plant] of species/strain x2.
taj	CAC	3	tamji	CACCA	15	1	0	16	0	0	tamji	56.0	93.8	6.3	0.0	taj	tamji	16	28.6	taj	tamji	1 2 4	rafsi	tamji	9.2.3	(thumb)	x1 is a/the thumb/big toe [body-part] on limb x2 of x3; [metaphor based on relative shape].
tamj	CACC	4	tamji	CACCA	0	0	0	0	0	0	tamji	56.0	93.8	6.3	0.0	tamj	tamji	0	0.0	tamj	tamji		?	tamji	9.2.3	(thumb)	x1 is a/the thumb/big toe [body-part] on limb x2 of x3; [metaphor based on relative shape].
tamji	CACCA	5	tamji	CACCA	0	0	7	7	33	0	tamji	56.0	93.8	6.3	0.0	tamji	tamji	40	71.4	tamji	tamji		?	tamji	9.2.3	(thumb)	x1 is a/the thumb/big toe [body-part] on limb x2 of x3; [metaphor based on relative shape].
tamn	CACC	4	tamne	CACCA	0	1	0	1	0	0	tamne	51.0	0.0	0.0	100.0	tamn	tamne	1	2.0	tamn	tamne		?	tamne	11.1	(cousin)	x1 is cousin to x2 by bond/tie x3; [non-immediate family member, default same generation].
tamne	CACCA	5	tamne	CACCA	0	0	15	15	35	0	tamne	51.0	0.0	0.0	100.0	tamne	tamne	50	98.0	tamne	tamne		?	tamne	11.1	(cousin)	x1 is cousin to x2 by bond/tie x3; [non-immediate family member, default same generation].
ta'o	CAA	3	tanbo	CACCA	3	2	35	40	0	0	tanbo	40.0	7.5	5.0	87.5	ta'o	tanbo	40	100.0	ta'o	tanbo	1 2 5	rafsi/cmavo	tanbo	3.5.4	(board)	x1 is a board/plank [3-dimensional long flat rectangle] of material x2.
tac	CAC	3	tance	CACCA	22	0	0	22	0	0	tance	114.0	100.0	0.0	0.0	tac	tance	22	19.3	tac	tance	1 2 4	rafsi	tance	9.2.3	(tongue)	x1 is a/the tongue [body-part] of x2; (metaphor: similar to nazbi, tamji, degji).
tance	CACCA	5	tance	CACCA	0	0	4	4	88	0	tance	114.0	100.0	0.0	0.0	tance	tance	92	80.7	tance	tance		?	tance	9.2.3	(tongue)	x1 is a/the tongue [body-part] of x2; (metaphor: similar to nazbi, tamji, degji).
ta'o	CAA	3	tanjo	CACCA				0	0	286	tanjo	295.0	0.0	0.0	100.0	ta'o	tanjo	286	96.9	ta'o	tanjo	1 2 5	cmavo	tanjo	1.6	(tangent)	
tanjo	CACCA	5	tanjo	CACCA	0	0	1	1	8	0	tanjo	295.0	0.0	0.0	100.0	tanjo	tanjo	9	3.1	tanjo	tanjo		?	tanjo	1.6	(tangent)	
tank	CACC	4	tanko	CACCA	24	0	0	24	0	0	tanko	45.0	100.0	0.0	0.0	tank	tanko	24	53.3	tank	tanko		?	tanko	9.1.6	(tobacco)	x1 is a quantity of tobacco [leaf] of species/strain x2.
tanko	CACCA	5	tanko	CACCA	0	0	1	1	20	0	tanko	45.0	100.0	0.0	0.0	tanko	tanko	21	46.7	tanko	tanko		?	tanko	9.1.6	(tobacco)	x1 is a quantity of tobacco [leaf] of species/strain x2.
ta'u	CAA	3	tanru	CACCA				0	0	57	tanru	3040.0	14.3	0.4	85.3	ta'u	tanru	57	1.9	ta'u	tanru	1 2 5	cmavo	tanru	2.1	(phrase compound)	x1 is a binary metaphor formed with x2 modifying x3, giving meaning x4 in usage/instance x5.
tanr	CACC	4	tanru	CACCA	0	0	0	0	0	0	tanru	3040.0	14.3	0.4	85.3	tanr	tanru	0	0.0	tanr	tanru		?	tanru	2.1	(phrase compound)	x1 is a binary metaphor formed with x2 modifying x3, giving meaning x4 in usage/instance x5.
tanru	CACCA	5	tanru	CACCA	0	0	1	1	2709	0	tanru	3040.0	14.3	0.4	85.3	tanru	tanru	2710	89.1	tanru	tanru		?	tanru	2.1	(phrase compound)	x1 is a binary metaphor formed with x2 modifying x3, giving meaning x4 in usage/instance x5.
tau	CAA	3	tanru	CACCA	39	1	233	273	0	0	tanru	3040.0	14.3	0.4	85.3	tau	tanru	273	9.0	tau	tanru	1 2 5	rafsi/cmavo	tanru	2.1	(phrase compound)	x1 is a binary metaphor formed with x2 modifying x3, giving meaning x4 in usage/instance x5.
tansi	CACCA	5	tansi	CACCA	0	0	2	2	9	0	tansi	11.0	0.0	0.0	100.0	tansi	tansi	11	100.0	tansi	tansi		?	tansi	13.3.2	(pan)	x1 is a pan/basin/tub/sink, a shallow container for contents x2, of material/properties x3.
ta'e	CAA	3	tanxe	CACCA	0	0	16	16	0	0	tanxe	1886.0	0.0	0.0	100.0	ta'e	tanxe	16	0.8	ta'e	tanxe	1 2 5	rafsi/cmavo	tanxe	13.3.2	(box ‘trunk’)	x1 is a box/carton/trunk/crate for contents x2, and made of material x3.
tanx	CACC	4	tanxe	CACCA	0	0	0	0	0	0	tanxe	1886.0	0.0	0.0	100.0	tanx	tanxe	0	0.0	tanx	tanxe		?	tanxe	13.3.2	(box ‘trunk’)	x1 is a box/carton/trunk/crate for contents x2, and made of material x3.
tanxe	CACCA	5	tanxe	CACCA	0	0	1	1	1860	0	tanxe	1886.0	0.0	0.0	100.0	tanxe	tanxe	1861	98.7	tanxe	tanxe		?	tanxe	13.3.2	(box ‘trunk’)	x1 is a box/carton/trunk/crate for contents x2, and made of material x3.
tax	CAC	3	tanxe	CACCA	9	0	0	9	0	0	tanxe	1886.0	0.0	0.0	100.0	tax	tanxe	9	0.5	tax	tanxe	1 2 4	rafsi	tanxe	13.3.2	(box ‘trunk’)	x1 is a box/carton/trunk/crate for contents x2, and made of material x3.
tapl	CACC	4	tapla	CACCA	1	0	0	1	0	0	tapla	55.0	0.0	0.0	100.0	tapl	tapla	1	1.8	tapl	tapla		?	tapla	3.5.5	(tile)	x1 is a tile/cake [shape/form] of material x2, shape x3, thickness x4.
tapla	CACCA	5	tapla	CACCA	0	0	7	7	47	0	tapla	55.0	0.0	0.0	100.0	tapla	tapla	54	98.2	tapla	tapla		?	tapla	3.5.5	(tile)	x1 is a tile/cake [shape/form] of material x2, shape x3, thickness x4.
tarb	CACC	4	tarbi	CACCA	2	0	0	2	0	0	tarbi	43.0	100.0	0.0	0.0	tarb	tarbi	2	4.7	tarb	tarbi		?	tarbi	9.3.2	(embryo)	x1 is an embryo/zygote/fetus/fertilized egg with mother x2, and father x3.
tarbi	CACCA	5	tarbi	CACCA	0	0	2	2	39	0	tarbi	43.0	100.0	0.0	0.0	tarbi	tarbi	41	95.3	tarbi	tarbi		?	tarbi	9.3.2	(embryo)	x1 is an embryo/zygote/fetus/fertilized egg with mother x2, and father x3.
tar	CAC	3	tarci	CACCA	31	0	0	31	0	0	tarci	271.0	100.0	0.0	0.0	tar	tarci	31	11.4	tar	tarci	1 2 3	rafsi	tarci	8.1	(star)	x1 is a star/sun with stellar properties x2.
tarci	CACCA	5	tarci	CACCA	0	0	7	7	233	0	tarci	271.0	100.0	0.0	0.0	tarci	tarci	240	88.6	tarci	tarci		?	tarci	8.1	(star)	x1 is a star/sun with stellar properties x2.
tarla	CACCA	5	tarla	CACCA	0	0	1	1	18	0	tarla	19.0	0.0	0.0	100.0	tarla	tarla	19	100.0	tarla	tarla		?	tarla	8.2.3	(tar)	x1 is a quantity of/contains/is made of tar/asphalt from source x2.
tai	CAA	3	tarmi	CACCA	13	12	211	236	0	0	tarmi	444.0	5.5	5.1	89.4	tai	tarmi	236	53.2	tai	tarmi	1 2 5	rafsi/cmavo	tarmi	3.5	(shape ‘form’)	x1 [ideal] is the conceptual shape/form of object/abstraction/manifestation x2 (object/abstract).
tam	CAC	3	tarmi	CACCA	17	0	0	17	0	0	tarmi	444.0	5.5	5.1	89.4	tam	tarmi	17	3.8	tam	tarmi	1 2 4	rafsi	tarmi	3.5	(shape ‘form’)	x1 [ideal] is the conceptual shape/form of object/abstraction/manifestation x2 (object/abstract).
tarm	CACC	4	tarmi	CACCA	0	0	0	0	0	0	tarmi	444.0	5.5	5.1	89.4	tarm	tarmi	0	0.0	tarm	tarmi		?	tarmi	3.5	(shape ‘form’)	x1 [ideal] is the conceptual shape/form of object/abstraction/manifestation x2 (object/abstract).
tarmi	CACCA	5	tarmi	CACCA	0	0	0	0	191	0	tarmi	444.0	5.5	5.1	89.4	tarmi	tarmi	191	43.0	tarmi	tarmi		?	tarmi	3.5	(shape ‘form’)	x1 [ideal] is the conceptual shape/form of object/abstraction/manifestation x2 (object/abstract).
tarti	CACCA	5	tarti	CACCA	0	0	0	0	100	0	tarti	406.0	15.4	4.6	80.1	tarti	tarti	100	24.6	tarti	tarti		?	tarti	5	(behave)	x1 behaves/conducts oneself as/in-manner x2 (event/property) under conditions x3.
tra	CCA	3	tarti	CACCA	47	14	245	306	0	0	tarti	406.0	15.4	4.6	80.1	tra	tarti	306	75.4	tra	tarti	14 3 2	rafsi	tarti	5	(behave)	x1 behaves/conducts oneself as/in-manner x2 (event/property) under conditions x3.
taske	CACCA	5	taske	CACCA	0	0	1	1	25	0	taske	26.0	0.0	0.0	100.0	taske	taske	26	100.0	taske	taske		?	taske	9.4.5	(thirst)	x1 thirsts for x2; x1 needs/wants drink/fluid/lubrication x2.
ta'i	CAA	3	tatpi	CACCA	11	0	23	34	0	0	tatpi	192.0	32.4	0.0	67.6	ta'i	tatpi	34	17.7	ta'i	tatpi	13 2 5	rafsi/cmavo	tatpi	9.4.5	(tired)	x1 is tired/fatigued by effort/situation x2 (event); x1 needs/wants rest.
tatpi	CACCA	5	tatpi	CACCA	0	0	0	0	158	0	tatpi	192.0	32.4	0.0	67.6	tatpi	tatpi	158	82.3	tatpi	tatpi		?	tatpi	9.4.5	(tired)	x1 is tired/fatigued by effort/situation x2 (event); x1 needs/wants rest.
tat	CAC	3	tatru	CACCA	41	0	0	41	0	0	tatru	57.0	100.0	0.0	0.0	tat	tatru	41	71.9	tat	tatru	13 2 13	rafsi	tatru	9.2.3	(breast ‘teat’)	x1 is a/the breast/mammary/teat [body-part] of x2; [metaphor: projection providing liquid].
tatr	CACC	4	tatru	CACCA	0	0	0	0	0	0	tatru	57.0	100.0	0.0	0.0	tatr	tatru	0	0.0	tatr	tatru		?	tatru	9.2.3	(breast ‘teat’)	x1 is a/the breast/mammary/teat [body-part] of x2; [metaphor: projection providing liquid].
tatru	CACCA	5	tatru	CACCA	0	0	1	1	15	0	tatru	57.0	100.0	0.0	0.0	tatru	tatru	16	28.1	tatru	tatru		?	tatru	9.2.3	(breast ‘teat’)	x1 is a/the breast/mammary/teat [body-part] of x2; [metaphor: projection providing liquid].
ta'a	CAA	3	tavla	CACCA	41	38	417	496	0	59	tavla	3048.0	8.3	7.7	84.1	ta'a	tavla	555	18.2	ta'a	tavla	1 25 25	rafsi/cmavo	tavla	2.3	(talk ‘palaver’)	x1 talks/speaks to x2 about subject x3 in language x4.
tav	CAC	3	tavla	CACCA	71	2	0	73	0	0	tavla	3048.0	8.3	7.7	84.1	tav	tavla	73	2.4	tav	tavla	1 25 3	rafsi	tavla	2.3	(talk ‘palaver’)	x1 talks/speaks to x2 about subject x3 in language x4.
tavl	CACC	4	tavla	CACCA	0	6	0	6	0	0	tavla	3048.0	8.3	7.7	84.1	tavl	tavla	6	0.2	tavl	tavla		?	tavla	2.3	(talk ‘palaver’)	x1 talks/speaks to x2 about subject x3 in language x4.
tavla	CACCA	5	tavla	CACCA	0	0	8	8	2406	0	tavla	3048.0	8.3	7.7	84.1	tavla	tavla	2414	79.2	tavla	tavla		?	tavla	2.3	(talk ‘palaver’)	x1 talks/speaks to x2 about subject x3 in language x4.
ta'u	CAA	3	taxfu	CACCA	38	0	78	116	0	0	taxfu	300.0	32.8	0.0	67.2	ta'u	taxfu	116	38.7	ta'u	taxfu	1 2 5	rafsi/cmavo	taxfu	13.7	(garment)	x1 is dress/a garment/clothing for wearing by x2 (gender/species/body part) serving purpose x3.
taf	CAC	3	taxfu	CACCA	37	5	0	42	0	0	taxfu	300.0	32.8	0.0	67.2	taf	taxfu	42	14.0	taf	taxfu	1 2 4	rafsi	taxfu	13.7	(garment)	x1 is dress/a garment/clothing for wearing by x2 (gender/species/body part) serving purpose x3.
taxfu	CACCA	5	taxfu	CACCA	0	0	0	0	142	0	taxfu	300.0	32.8	0.0	67.2	taxfu	taxfu	142	47.3	taxfu	taxfu		?	taxfu	13.7	(garment)	x1 is dress/a garment/clothing for wearing by x2 (gender/species/body part) serving purpose x3.
cac	CAC	3	tcaci	CCACA	45	2	0	47	0	0	tcaci	178.0	95.7	4.3	0.0	cac	tcaci	47	26.4	cac	tcaci	24 3 24	rafsi	tcaci	9.3.4	(custom ‘habit’)	x1 is a custom/habit/[ritual/rut] of x2 under conditions x3.
tcac	CCAC	4	tcaci	CCACA	0	0	0	0	0	0	tcaci	178.0	95.7	4.3	0.0	tcac	tcaci	0	0.0	tcac	tcaci		?	tcaci	9.3.4	(custom ‘habit’)	x1 is a custom/habit/[ritual/rut] of x2 under conditions x3.
tcaci	CCACA	5	tcaci	CCACA	0	0	5	5	126	0	tcaci	178.0	95.7	4.3	0.0	tcaci	tcaci	131	73.6	tcaci	tcaci		?	tcaci	9.3.4	(custom ‘habit’)	x1 is a custom/habit/[ritual/rut] of x2 under conditions x3.
tca	CCA	3	tcadu	CCACA	66	2	42	110	0	0	tcadu	487.0	60.0	1.8	38.2	tca	tcadu	110	22.6	tca	tcadu	1 2 3	rafsi	tcadu	12.2	(city ‘town’)	x1 is a town/city of metropolitan area x2, in political unit x3, serving hinterland/region x4.
tcadu	CCACA	5	tcadu	CCACA	0	0	0	0	377	0	tcadu	487.0	60.0	1.8	38.2	tcadu	tcadu	377	77.4	tcadu	tcadu		?	tcadu	12.2	(city ‘town’)	x1 is a town/city of metropolitan area x2, in political unit x3, serving hinterland/region x4.
tcana	CCACA	5	tcana	CCACA	0	0	20	20	46	0	tcana	66.0	0.0	0.0	100.0	tcana	tcana	66	100.0	tcana	tcana		?	tcana	13.5	(station)	x1 is a station/node of/in/on transport/communication/distribution system/network x2.
tcat	CCAC	4	tcati	CCACA	16	0	0	16	0	0	tcati	414.0	0.0	0.0	100.0	tcat	tcati	16	3.9	tcat	tcati		?	tcati	13.2.2	(tea)	x1 is made of/contains/is a quantity of tea brewed from leaves x2.
tcati	CCACA	5	tcati	CCACA	0	0	25	25	373	0	tcati	414.0	0.0	0.0	100.0	tcati	tcati	398	96.1	tcati	tcati		?	tcati	13.2.2	(tea)	x1 is made of/contains/is a quantity of tea brewed from leaves x2.
tcena	CCACA	5	tcena	CCACA	4	0	4	8	35	0	tcena	49.0	50.0	0.0	50.0	tcena	tcena	43	87.8	tcena	tcena		?	tcena	3.3	(stretch)	x1 stretches/extends to range x2 [interval/extent] in dimension x3 from relaxed range x4.
ten	CAC	3	tcena	CCACA	3	3	0	6	0	0	tcena	49.0	50.0	0.0	50.0	ten	tcena	6	12.2	ten	tcena	1 3 4	rafsi	tcena	3.3	(stretch)	x1 stretches/extends to range x2 [interval/extent] in dimension x3 from relaxed range x4.
tcic	CCAC	4	tcica	CCACA	0	2	0	2	0	0	tcica	194.0	70.5	29.5	0.0	tcic	tcica	2	1.0	tcic	tcica		?	tcica	2.4	(deceive ‘cheat, trick’)	x1 (event/experience) misleads/deceives/dupes/fools/cheats/tricks x2 into x3 (event/state).
tcica	CCACA	5	tcica	CCACA	12	0	37	49	82	0	tcica	194.0	70.5	29.5	0.0	tcica	tcica	131	67.5	tcica	tcica		?	tcica	2.4	(deceive ‘cheat, trick’)	x1 (event/experience) misleads/deceives/dupes/fools/cheats/tricks x2 into x3 (event/state).
tic	CAC	3	tcica	CCACA	43	18	0	61	0	0	tcica	194.0	70.5	29.5	0.0	tic	tcica	61	31.4	tic	tcica	1 3 24	rafsi	tcica	2.4	(deceive ‘cheat, trick’)	x1 (event/experience) misleads/deceives/dupes/fools/cheats/tricks x2 into x3 (event/state).
tcid	CCAC	4	tcidu	CCACA	0	1	0	1	0	0	tcidu	1217.0	29.8	0.0	70.2	tcid	tcidu	1	0.1	tcid	tcidu		?	tcidu	2.2	(read)	x1 [agent] reads x2 [text] from surface/document/reading material x3; x1 is a reader.
tcidu	CCACA	5	tcidu	CCACA	34	0	80	114	1076	0	tcidu	1217.0	29.8	0.0	70.2	tcidu	tcidu	1190	97.8	tcidu	tcidu		?	tcidu	2.2	(read)	x1 [agent] reads x2 [text] from surface/document/reading material x3; x1 is a reader.
tid	CAC	3	tcidu	CCACA	24	2	0	26	0	0	tcidu	1217.0	29.8	0.0	70.2	tid	tcidu	26	2.1	tid	tcidu	1 3 4	rafsi	tcidu	2.2	(read)	x1 [agent] reads x2 [text] from surface/document/reading material x3; x1 is a reader.
tcik	CCAC	4	tcika	CCACA	3	0	0	3	0	0	tcika	281.0	0.0	0.0	100.0	tcik	tcika	3	1.1	tcik	tcika		?	tcika	4.3	(time of day)	x1 [hours, minutes, seconds] is the time/hour of state/event x2 on day x3 at location x4.
tcika	CCACA	5	tcika	CCACA	0	0	12	12	191	0	tcika	281.0	0.0	0.0	100.0	tcika	tcika	203	72.2	tcika	tcika		?	tcika	4.3	(time of day)	x1 [hours, minutes, seconds] is the time/hour of state/event x2 on day x3 at location x4.
ti'u	CAA	3	tcika	CCACA				0	0	75	tcika	281.0	0.0	0.0	100.0	ti'u	tcika	75	26.7	ti'u	tcika	1 3 	cmavo	tcika	4.3	(time of day)	x1 [hours, minutes, seconds] is the time/hour of state/event x2 on day x3 at location x4.
tcil	CCAC	4	tcila	CCACA	0	0	0	0	0	0	tcila	141.0	82.9	17.1	0.0	tcil	tcila	0	0.0	tcil	tcila		?	tcila	7.1	(detail)	x1 is a detail/feature/particular of x2.
tcila	CCACA	5	tcila	CCACA	0	0	6	6	94	0	tcila	141.0	82.9	17.1	0.0	tcila	tcila	100	70.9	tcila	tcila		?	tcila	7.1	(detail)	x1 is a detail/feature/particular of x2.
til	CAC	3	tcila	CCACA	34	7	0	41	0	0	tcila	141.0	82.9	17.1	0.0	til	tcila	41	29.1	til	tcila	1 3 4	rafsi	tcila	7.1	(detail)	x1 is a detail/feature/particular of x2.
tcima	CCACA	5	tcima	CCACA	0	0	0	0	126	0	tcima	194.0	0.0	0.0	100.0	tcima	tcima	126	64.9	tcima	tcima		?	tcima	8.2.2	(weather ‘climate’)	x1 is weather at place/region x2; (adjective:) x1 is meteorological.
ti'a	CAA	3	tcima	CCACA	0	0	66	66	0	0	tcima	194.0	0.0	0.0	100.0	ti'a	tcima	66	34.0	ti'a	tcima	1 3 5	rafsi/cmavo	tcima	8.2.2	(weather ‘climate’)	x1 is weather at place/region x2; (adjective:) x1 is meteorological.
tim	CAC	3	tcima	CCACA	2	0	0	2	0	0	tcima	194.0	0.0	0.0	100.0	tim	tcima	2	1.0	tim	tcima	1 3 4	rafsi	tcima	8.2.2	(weather ‘climate’)	x1 is weather at place/region x2; (adjective:) x1 is meteorological.
tcin	CCAC	4	tcini	CCACA	6	0	0	6	0	0	tcini	110.0	100.0	0.0	0.0	tcin	tcini	6	5.5	tcin	tcini		?	tcini	5	(situation ‘state’)	x1 [state/property] is a situation/condition/state/position/are conditions/circumstances of x2.
tcini	CCACA	5	tcini	CCACA	0	0	3	3	101	0	tcini	110.0	100.0	0.0	0.0	tcini	tcini	104	94.5	tcini	tcini		?	tcini	5	(situation ‘state’)	x1 [state/property] is a situation/condition/state/position/are conditions/circumstances of x2.
tcit	CCAC	4	tcita	CCACA	14	1	0	15	0	0	tcita	752.0	0.0	0.0	100.0	tcit	tcita	15	2.0	tcit	tcita		?	tcita	2.3	(label ‘tag’)	x1 is a label/tag of x2 showing information x3.
tcita	CCACA	5	tcita	CCACA	0	0	86	86	651	0	tcita	752.0	0.0	0.0	100.0	tcita	tcita	737	98.0	tcita	tcita		?	tcita	2.3	(label ‘tag’)	x1 is a label/tag of x2 showing information x3.
tei	CAA	3	temci	CACCA	42	27	168	237	0	0	temci	961.0	17.7	11.4	70.9	tei	temci	237	24.7	tei	temci	1 2 5	rafsi/cmavo	temci	4	(time)	x1 is the time-duration/interval/period/[elapsed time] from time/event x2 to time/event x3.
tem	CAC	3	temci	CACCA	49	4	0	53	0	0	temci	961.0	17.7	11.4	70.9	tem	temci	53	5.5	tem	temci	1 2 3	rafsi	temci	4	(time)	x1 is the time-duration/interval/period/[elapsed time] from time/event x2 to time/event x3.
temc	CACC	4	temci	CACCA	0	0	0	0	0	0	temci	961.0	17.7	11.4	70.9	temc	temci	0	0.0	temc	temci		?	temci	4	(time)	x1 is the time-duration/interval/period/[elapsed time] from time/event x2 to time/event x3.
temci	CACCA	5	temci	CACCA	0	0	9	9	662	0	temci	961.0	17.7	11.4	70.9	temci	temci	671	69.8	temci	temci		?	temci	4	(time)	x1 is the time-duration/interval/period/[elapsed time] from time/event x2 to time/event x3.
tenfa	CACCA	5	tenfa	CACCA	0	0	2	2	18	0	tenfa	20.0	0.0	0.0	100.0	tenfa	tenfa	20	100.0	tenfa	tenfa		?	tenfa	1.6	(exponential)	x1 is the exponential result of base x2 to power/exponent x3.
te'u	CAA	3	tengu	CACCA	0	0	1	1	0	0	tengu	3.0	100.0	0.0	0.0	te'u	tengu	1	33.3	te'u	tengu	1 2 5	rafsi/cmavo	tengu	7.3	(texture)	x1 (property-ka) is a texture of x2.
teg	CAC	3	tengu	CACCA	2	0	0	2	0	0	tengu	3.0	100.0	0.0	0.0	teg	tengu	2	66.7	teg	tengu	1 2 4	rafsi	tengu	7.3	(texture)	x1 (property-ka) is a texture of x2.
ted	CAC	3	terdi	CACCA	54	11	0	65	0	0	terdi	485.0	83.1	16.9	0.0	ted	terdi	65	13.4	ted	terdi	1 2 4	rafsi	terdi	8.1	(earth ‘terrestrial’)	x1 is the Earth/the home planet of race x2; (adjective:) x1 is terrestrial/earthbound.
terdi	CACCA	5	terdi	CACCA	0	0	16	16	404	0	terdi	485.0	83.1	16.9	0.0	terdi	terdi	420	86.6	terdi	terdi		?	terdi	8.1	(earth ‘terrestrial’)	x1 is the Earth/the home planet of race x2; (adjective:) x1 is terrestrial/earthbound.
te'a	CAA	3	terpa	CACCA	16	4	51	71	0	0	terpa	427.0	85.5	14.5	0.0	te'a	terpa	71	16.6	te'a	terpa	1 2 5	rafsi/cmavo	terpa	10.1	(fear ‘terror’)	x1 fears x2; x1 is afraid/scared/frightened by/fearful of x2 (event/tu'a object).
tep	CAC	3	terpa	CACCA	71	12	0	83	0	0	terpa	427.0	85.5	14.5	0.0	tep	terpa	83	19.4	tep	terpa	1 2 4	rafsi	terpa	10.1	(fear ‘terror’)	x1 fears x2; x1 is afraid/scared/frightened by/fearful of x2 (event/tu'a object).
terpa	CACCA	5	terpa	CACCA	0	0	0	0	273	0	terpa	427.0	85.5	14.5	0.0	terpa	terpa	273	63.9	terpa	terpa		?	terpa	10.1	(fear ‘terror’)	x1 fears x2; x1 is afraid/scared/frightened by/fearful of x2 (event/tu'a object).
terto	CACCA	5	terto	CACCA	0	0	2	2	1	0	terto	3.0	0.0	0.0	100.0	terto	terto	3	100.0	terto	terto		?	terto	7.4.3	(1E12 metric ‘tera’)	
tig	CAC	3	tigni	CACCA	15	4	0	19	0	0	tigni	117.0	0.0	0.0	100.0	tig	tigni	19	16.2	tig	tigni	1 25 3	rafsi	tigni	12.6	(perform)	x1 performs x2 [performance] for/before audience x3.
tign	CACC	4	tigni	CACCA	0	0	0	0	0	0	tigni	117.0	0.0	0.0	100.0	tign	tigni	0	0.0	tign	tigni		?	tigni	12.6	(perform)	x1 performs x2 [performance] for/before audience x3.
tigni	CACCA	5	tigni	CACCA	0	0	35	35	63	0	tigni	117.0	0.0	0.0	100.0	tigni	tigni	98	83.8	tigni	tigni		?	tigni	12.6	(perform)	x1 performs x2 [performance] for/before audience x3.
tikp	CACC	4	tikpa	CACCA	0	0	0	0	0	0	tikpa	271.0	74.1	25.9	0.0	tikp	tikpa	0	0.0	tikp	tikpa		?	tikpa	6.2.2	(kick)	x1 kicks [hits with x1's foot/feet x4] x2 in/at locus x3, using x1's foot/feet x4.
tikpa	CACCA	5	tikpa	CACCA	0	0	11	11	117	0	tikpa	271.0	74.1	25.9	0.0	tikpa	tikpa	128	47.2	tikpa	tikpa		?	tikpa	6.2.2	(kick)	x1 kicks [hits with x1's foot/feet x4] x2 in/at locus x3, using x1's foot/feet x4.
tip	CAC	3	tikpa	CACCA	106	37	0	143	0	0	tikpa	271.0	74.1	25.9	0.0	tip	tikpa	143	52.8	tip	tikpa	1 2 4	rafsi	tikpa	6.2.2	(kick)	x1 kicks [hits with x1's foot/feet x4] x2 in/at locus x3, using x1's foot/feet x4.
tilju	CACCA	5	tilju	CACCA	0	0	1	1	59	0	tilju	60.0	0.0	0.0	100.0	tilju	tilju	60	100.0	tilju	tilju		?	tilju	7.3	(heavy ‘weighty’)	x1 is heavy/weighty in mass/weight by standard x2.
tib	CAC	3	tinbe	CACCA	3	0	0	3	0	0	tinbe	78.0	0.0	0.0	100.0	tib	tinbe	3	3.8	tib	tinbe	1 2 4	rafsi	tinbe	5.3.1	(obey)	x1 obeys/follows the command/rule x2 made by x3; (adjective:) x1 is obedient.
tinbe	CACCA	5	tinbe	CACCA	0	0	18	18	57	0	tinbe	78.0	0.0	0.0	100.0	tinbe	tinbe	75	96.2	tinbe	tinbe		?	tinbe	5.3.1	(obey)	x1 obeys/follows the command/rule x2 made by x3; (adjective:) x1 is obedient.
tinci	CACCA	5	tinci	CACCA				0	16	0	tinci	16.0				tinci	tinci	16	100.0	tinci	tinci		?	tinci	7.5.4	(tin)	x1 is a quantity of/contains/is made of tin (Sn); [metaphor: cheap or base metal].
tins	CACC	4	tinsa	CACCA	7	0	0	7	0	0	tinsa	78.0	100.0	0.0	0.0	tins	tinsa	7	9.0	tins	tinsa		?	tinsa	7.3	(stiff)	x1 is stiff/rigid/inflexible/resistant in direction x2 against force x3 under conditions x4.
tinsa	CACCA	5	tinsa	CACCA	0	0	7	7	64	0	tinsa	78.0	100.0	0.0	0.0	tinsa	tinsa	71	91.0	tinsa	tinsa		?	tinsa	7.3	(stiff)	x1 is stiff/rigid/inflexible/resistant in direction x2 against force x3 under conditions x4.
ti'e	CAA	3	tirna	CACCA				0	0	164	tirna	615.0	94.3	5.7	0.0	ti'e	tirna	164	26.7	ti'e	tirna	1 2 	cmavo	tirna	9.4.1	(hear)	x1 hears x2 against background/noise x3; x2 is audible; (adjective:) x1 is aural.
tin	CAC	3	tirna	CACCA	50	3	0	53	0	0	tirna	615.0	94.3	5.7	0.0	tin	tirna	53	8.6	tin	tirna	1 2 4	rafsi	tirna	9.4.1	(hear)	x1 hears x2 against background/noise x3; x2 is audible; (adjective:) x1 is aural.
tirna	CACCA	5	tirna	CACCA	8	0	22	30	368	0	tirna	615.0	94.3	5.7	0.0	tirna	tirna	398	64.7	tirna	tirna		?	tirna	9.4.1	(hear)	x1 hears x2 against background/noise x3; x2 is audible; (adjective:) x1 is aural.
tirse	CACCA	5	tirse	CACCA	0	0	3	3	11	0	tirse	14.0	0.0	0.0	100.0	tirse	tirse	14	100.0	tirse	tirse		?	tirse	7.5.4	(iron)	x1 is a quantity of/contains/is made of iron (Fe); [metaphor: strong, durable, tarnishing].
tirxu	CACCA	5	tirxu	CACCA	0	0	4	4	34	0	tirxu	38.0	0.0	0.0	100.0	tirxu	tirxu	38	100.0	tirxu	tirxu		?	tirxu	9.2.2	(tiger)	x1 is a tiger/leopard/jaguar/[tigress] of species/breed x2 with coat markings x3.
tis	CAC	3	tisna	CACCA	25	8	0	33	0	0	tisna	97.0	75.8	24.2	0.0	tis	tisna	33	34.0	tis	tisna	1 2 3	rafsi	tisna	6.2.3	(fill ‘stuff’)	x1 (object) fills/becomes stuffed [up]/inflates/blows up with material x2; x2 pours into x1.
tisna	CACCA	5	tisna	CACCA	0	0	12	12	52	0	tisna	97.0	75.8	24.2	0.0	tisna	tisna	64	66.0	tisna	tisna		?	tisna	6.2.3	(fill ‘stuff’)	x1 (object) fills/becomes stuffed [up]/inflates/blows up with material x2; x2 pours into x1.
tit	CAC	3	titla	CACCA	53	13	0	66	0	0	titla	111.0	80.3	19.7	0.0	tit	titla	66	59.5	tit	titla	13 2 13	rafsi	titla	9.4.4	(sweet)	x1 is sweet/sugary/saccharine to observer x2.
titla	CACCA	5	titla	CACCA	0	0	2	2	43	0	titla	111.0	80.3	19.7	0.0	titla	titla	45	40.5	titla	titla		?	titla	9.4.4	(sweet)	x1 is sweet/sugary/saccharine to observer x2.
tiv	CAC	3	tivni	CACCA	8	0	0	8	0	0	tivni	67.0	100.0	0.0	0.0	tiv	tivni	8	11.9	tiv	tivni	1 25 3	rafsi	tivni	2.2	(television)	x1 broadcasts/televises programming x2 via medium/channel x3 to television receiver x4.
tivn	CACC	4	tivni	CACCA	0	0	0	0	0	0	tivni	67.0	100.0	0.0	0.0	tivn	tivni	0	0.0	tivn	tivni		?	tivni	2.2	(television)	x1 broadcasts/televises programming x2 via medium/channel x3 to television receiver x4.
tivni	CACCA	5	tivni	CACCA	0	0	8	8	51	0	tivni	67.0	100.0	0.0	0.0	tivni	tivni	59	88.1	tivni	tivni		?	tivni	2.2	(television)	x1 broadcasts/televises programming x2 via medium/channel x3 to television receiver x4.
ti'u	CAA	3	tixnu	CACCA	0	0	74	74	0	0	tixnu	76.0	0.0	0.0	100.0	ti'u	tixnu	74	97.4	ti'u	tixnu	1 2 5	rafsi/cmavo	tixnu	11.1	(daughter)	x1 is a daughter of mother/father/parents x2; [not necessarily biological].
tix	CAC	3	tixnu	CACCA	2	0	0	2	0	0	tixnu	76.0	0.0	0.0	100.0	tix	tixnu	2	2.6	tix	tixnu	1 2 3	rafsi	tixnu	11.1	(daughter)	x1 is a daughter of mother/father/parents x2; [not necessarily biological].
tok	CAC	3	toknu	CACCA	13	19	0	32	0	0	toknu	443.0	40.6	59.4	0.0	tok	toknu	32	7.2	tok	toknu	1 2 3	rafsi	toknu	13.3.3	(oven)	x1 is an oven [enclosure that heats its contents] for baking/heating/drying x2.
toknu	CACCA	5	toknu	CACCA	0	0	3	3	408	0	toknu	443.0	40.6	59.4	0.0	toknu	toknu	411	92.8	toknu	toknu		?	toknu	13.3.3	(oven)	x1 is an oven [enclosure that heats its contents] for baking/heating/drying x2.
tod	CAC	3	toldi	CACCA	4	0	0	4	0	0	toldi	146.0	100.0	0.0	0.0	tod	toldi	4	2.7	tod	toldi	1 2 4	rafsi	toldi	9.2.2	(butterfly)	x1 is a butterfly/moth of species/breed x2.
toldi	CACCA	5	toldi	CACCA	0	0	2	2	140	0	toldi	146.0	100.0	0.0	0.0	toldi	toldi	142	97.3	toldi	toldi		?	toldi	9.2.2	(butterfly)	x1 is a butterfly/moth of species/breed x2.
to'a	CAA	3	tonga	CACCA	13	9	12	34	0	0	tonga	49.0	38.2	26.5	35.3	to'a	tonga	34	69.4	to'a	tonga	1 2 5	rafsi/cmavo	tonga	9.4.1	(tone)	x1 is a tone/note of frequency/pitch x2 from source x3.
tog	CAC	3	tonga	CACCA	15	0	0	15	0	0	tonga	49.0	38.2	26.5	35.3	tog	tonga	15	30.6	tog	tonga	1 2 4	rafsi	tonga	9.4.1	(tone)	x1 is a tone/note of frequency/pitch x2 from source x3.
tong	CACC	4	tonga	CACCA	0	0	0	0	0	0	tonga	49.0	38.2	26.5	35.3	tong	tonga	0	0.0	tong	tonga		?	tonga	9.4.1	(tone)	x1 is a tone/note of frequency/pitch x2 from source x3.
to'u	CAA	3	tordu	CACCA	3	0	24	27	0	46	tordu	279.0	98.5	1.5	0.0	to'u	tordu	73	26.2	to'u	tordu	1 2 5	rafsi/cmavo	tordu	3.4	(short)	x1 is short in dimension/direction x2 (default longest dimension) by measurement standard x3.
tor	CAC	3	tordu	CACCA	66	1	0	67	0	0	tordu	279.0	98.5	1.5	0.0	tor	tordu	67	24.0	tor	tordu	1 2 3	rafsi	tordu	3.4	(short)	x1 is short in dimension/direction x2 (default longest dimension) by measurement standard x3.
tordu	CACCA	5	tordu	CACCA	0	0	0	0	139	0	tordu	279.0	98.5	1.5	0.0	tordu	tordu	139	49.8	tordu	tordu		?	tordu	3.4	(short)	x1 is short in dimension/direction x2 (default longest dimension) by measurement standard x3.
to'i	CAA	3	torni	CACCA	0	0	3	3	0	0	torni	11.0	100.0	0.0	0.0	to'i	torni	3	27.3	to'i	torni	1 2 5	rafsi/cmavo	torni	6.1.4	(twist ‘torsion’)	x1 twists under load/force/torsion x2.
ton	CAC	3	torni	CACCA	8	0	0	8	0	0	torni	11.0	100.0	0.0	0.0	ton	torni	8	72.7	ton	torni	1 2 4	rafsi	torni	6.1.4	(twist ‘torsion’)	x1 twists under load/force/torsion x2.
rai	CAA	3	traji	CCACA	24	493	555	1072	0	69	traji	1666.0	2.2	46.0	51.8	rai	traji	1141	68.5	rai	traji	2 3 5	rafsi/cmavo	traji	1.4	(superlative ‘extreme’)	x1 is superlative in property x2 (ka), the x3 extreme (ka; default ka zmadu) among set/range x4.
traji	CCACA	5	traji	CCACA	0	0	0	0	525	0	traji	1666.0	2.2	46.0	51.8	traji	traji	525	31.5	traji	traji		?	traji	1.4	(superlative ‘extreme’)	x1 is superlative in property x2 (ka), the x3 extreme (ka; default ka zmadu) among set/range x4.
tran	CCAC	4	trano	CCACA	1	0	0	1	0	0	trano	1.0	100.0	0.0	0.0	tran	trano	1	100.0	tran	trano		?	trano	7.5.4	(nitrogen)	x1 is a quantity of/contains/is made of nitrogen/ammonia/nitrates.
trat	CCAC	4	trati	CCACA	2	0	0	2	0	0	trati	40.0	100.0	0.0	0.0	trat	trati	2	5.0	trat	trati		?	trati	3.5.5	(taut)	x1 is taut/tense/strained tight in direction x2.
trati	CCACA	5	trati	CCACA	0	0	1	1	37	0	trati	40.0	100.0	0.0	0.0	trati	trati	38	95.0	trati	trati		?	trati	3.5.5	(taut)	x1 is taut/tense/strained tight in direction x2.
re'e	CAA	3	trene	CCACA	0	4	28	32	0	0	trene	81.0	0.0	12.5	87.5	re'e	trene	32	39.5	re'e	trene	2 35 35	rafsi/cmavo	trene	13.5	(train)	x1 is a train [vehicle] of cars/units x2 (mass) for rails/system/railroad x3, propelled by x4.
ren	CAC	3	trene	CCACA	8	4	0	12	0	0	trene	81.0	0.0	12.5	87.5	ren	trene	12	14.8	ren	trene	2 35 4	rafsi	trene	13.5	(train)	x1 is a train [vehicle] of cars/units x2 (mass) for rails/system/railroad x3, propelled by x4.
trene	CCACA	5	trene	CCACA	0	0	0	0	37	0	trene	81.0	0.0	12.5	87.5	trene	trene	37	45.7	trene	trene		?	trene	13.5	(train)	x1 is a train [vehicle] of cars/units x2 (mass) for rails/system/railroad x3, propelled by x4.
ric	CAC	3	tricu	CCACA	182	5	2	189	0	0	tricu	564.0	96.3	2.6	1.1	ric	tricu	189	33.5	ric	tricu	2 3 4	rafsi	tricu	9.1	(tree)	x1 is a tree of species/cultivar x2.
tric	CCAC	4	tricu	CCACA	5	0	0	5	0	0	tricu	564.0	96.3	2.6	1.1	tric	tricu	5	0.9	tric	tricu		?	tricu	9.1	(tree)	x1 is a tree of species/cultivar x2.
tricu	CCACA	5	tricu	CCACA	0	0	28	28	342	0	tricu	564.0	96.3	2.6	1.1	tricu	tricu	370	65.6	tricu	tricu		?	tricu	9.1	(tree)	x1 is a tree of species/cultivar x2.
tri	CCA	3	trina	CCACA	43	8	29	80	0	0	trina	187.0	53.8	10.0	36.3	tri	trina	80	42.8	tri	trina	1 2 3	rafsi	trina	10.2	(attract)	x1 attracts/appeals to/lures x2 (person/event) with property/quality x3 (ka).
trina	CCACA	5	trina	CCACA	0	0	0	0	107	0	trina	187.0	53.8	10.0	36.3	trina	trina	107	57.2	trina	trina		?	trina	10.2	(attract)	x1 attracts/appeals to/lures x2 (person/event) with property/quality x3 (ka).
rix	CAC	3	trixe	CCACA	22	0	0	22	0	0	trixe	190.0	0.0	0.0	100.0	rix	trixe	22	11.6	rix	trixe	2 3 4	rafsi	trixe	3.1	(behind)	x1 is posterior/behind/back/in the rear of x2 which faces/in-frame-of-reference x3.
ti'a	CAA	3	trixe	CCACA				0	0	18	trixe	190.0	0.0	0.0	100.0	ti'a	trixe	18	9.5	ti'a	trixe	1 3 	cmavo	trixe	3.1	(behind)	x1 is posterior/behind/back/in the rear of x2 which faces/in-frame-of-reference x3.
ti'e	CAA	3	trixe	CCACA	0	0	42	42	0	0	trixe	190.0	0.0	0.0	100.0	ti'e	trixe	42	22.1	ti'e	trixe	1 3 5	rafsi/cmavo	trixe	3.1	(behind)	x1 is posterior/behind/back/in the rear of x2 which faces/in-frame-of-reference x3.
trix	CCAC	4	trixe	CCACA	0	0	0	0	0	0	trixe	190.0	0.0	0.0	100.0	trix	trixe	0	0.0	trix	trixe		?	trixe	3.1	(behind)	x1 is posterior/behind/back/in the rear of x2 which faces/in-frame-of-reference x3.
trixe	CCACA	5	trixe	CCACA	0	0	0	0	108	0	trixe	190.0	0.0	0.0	100.0	trixe	trixe	108	56.8	trixe	trixe		?	trixe	3.1	(behind)	x1 is posterior/behind/back/in the rear of x2 which faces/in-frame-of-reference x3.
roc	CAC	3	troci	CCACA	2	5	0	7	0	0	troci	1314.0	10.2	46.1	43.7	roc	troci	7	0.5	roc	troci	2 3 4	?	troci	5.2	(try)	x1 tries/attempts/makes an effort to do/attain x2 (event/state/property) by actions/method x3.
toc	CAC	3	troci	CCACA	7	0	0	7	0	0	troci	1314.0	10.2	46.1	43.7	toc	troci	7	0.5	toc	troci	1 3 4	rafsi	troci	5.2	(try)	x1 tries/attempts/makes an effort to do/attain x2 (event/state/property) by actions/method x3.
toi	CAA	3	troci	CCACA	25	113	107	245	0	0	troci	1314.0	10.2	46.1	43.7	toi	troci	245	18.6	toi	troci	1 3 5	rafsi/cmavo	troci	5.2	(try)	x1 tries/attempts/makes an effort to do/attain x2 (event/state/property) by actions/method x3.
troc	CCAC	4	troci	CCACA	0	0	0	0	0	0	troci	1314.0	10.2	46.1	43.7	troc	troci	0	0.0	troc	troci		?	troci	5.2	(try)	x1 tries/attempts/makes an effort to do/attain x2 (event/state/property) by actions/method x3.
troci	CCACA	5	troci	CCACA	0	0	0	0	1055	0	troci	1314.0	10.2	46.1	43.7	troci	troci	1055	80.3	troci	troci		?	troci	5.2	(try)	x1 tries/attempts/makes an effort to do/attain x2 (event/state/property) by actions/method x3.
sai	CAA	3	tsali	CCACA				0	0	0	tsali	376.0	74.6	6.0	19.4	sai	tsali	0	0.0	sai	tsali	2 3 5	cmavo	tsali	7.3	(strong)	x1 is strong/powerful/[tough] in property/quality x2 (ka) by standard x3.
tsa	CCA	3	tsali	CCACA	50	4	13	67	0	0	tsali	376.0	74.6	6.0	19.4	tsa	tsali	67	17.8	tsa	tsali	1 2 3	rafsi	tsali	7.3	(strong)	x1 is strong/powerful/[tough] in property/quality x2 (ka) by standard x3.
tsali	CCACA	5	tsali	CCACA	0	0	0	0	309	0	tsali	376.0	74.6	6.0	19.4	tsali	tsali	309	82.2	tsali	tsali		?	tsali	7.3	(strong)	x1 is strong/powerful/[tough] in property/quality x2 (ka) by standard x3.
tan	CAC	3	tsani	CCACA	22	1	0	23	0	0	tsani	196.0	95.7	4.3	0.0	tan	tsani	23	11.7	tan	tsani	1 3 4	rafsi	tsani	8.2.2	(sky)	x1 is an expanse of sky/the heavens at place x2; [celestial].
tsan	CCAC	4	tsani	CCACA	0	0	0	0	0	0	tsani	196.0	95.7	4.3	0.0	tsan	tsani	0	0.0	tsan	tsani		?	tsani	8.2.2	(sky)	x1 is an expanse of sky/the heavens at place x2; [celestial].
tsani	CCACA	5	tsani	CCACA	0	0	11	11	162	0	tsani	196.0	95.7	4.3	0.0	tsani	tsani	173	88.3	tsani	tsani		?	tsani	8.2.2	(sky)	x1 is an expanse of sky/the heavens at place x2; [celestial].
tsap	CCAC	4	tsapi	CCACA	3	0	0	3	0	0	tsapi	16.0	100.0	0.0	0.0	tsap	tsapi	3	18.8	tsap	tsapi		?	tsapi	13.2.3	(seasoning)	x1 is a seasoning/condiment/spice causing flavor/effect x2 (event/property).
tsapi	CCACA	5	tsapi	CCACA	0	0	3	3	10	0	tsapi	16.0	100.0	0.0	0.0	tsapi	tsapi	13	81.3	tsapi	tsapi		?	tsapi	13.2.3	(seasoning)	x1 is a seasoning/condiment/spice causing flavor/effect x2 (event/property).
tsi	CCA	3	tsiju	CCACA	19	0	44	63	0	0	tsiju	63.0	30.2	0.0	69.8	tsi	tsiju	63	100.0	tsi	tsiju	1 2 3	rafsi	tsiju	9.1.1	(seed)	x1(s) is/are (a) seed(s)/spore(s) [body-part] of organism x2 for producing offspring x3.
sin	CAC	3	tsina	CCACA	6	0	0	6	0	0	tsina	15.0	100.0	0.0	0.0	sin	tsina	6	40.0	sin	tsina	2 3 4	rafsi	tsina	13.4	(stage)	x1 is a stage/platform/dais/[scaffold] at/in x2 supporting x3, made of material x4.
tsina	CCACA	5	tsina	CCACA	0	0	3	3	6	0	tsina	15.0	100.0	0.0	0.0	tsina	tsina	9	60.0	tsina	tsina		?	tsina	13.4	(stage)	x1 is a stage/platform/dais/[scaffold] at/in x2 supporting x3, made of material x4.
tu'u	CAA	3	tubnu	CACCA	7	9	62	78	0	0	tubnu	125.0	9.0	11.5	79.5	tu'u	tubnu	78	62.4	tu'u	tubnu	1 25 25	rafsi/cmavo	tubnu	3.5.4	(tube)	x1 is a length of tubing/pipe/hollow cylinder [shape/form] of material x2, hollow of material x3.
tubnu	CACCA	5	tubnu	CACCA	0	0	0	0	47	0	tubnu	125.0	9.0	11.5	79.5	tubnu	tubnu	47	37.6	tubnu	tubnu		?	tubnu	3.5.4	(tube)	x1 is a length of tubing/pipe/hollow cylinder [shape/form] of material x2, hollow of material x3.
tu'i	CAA	3	tugni	CACCA	11	0	67	78	0	0	tugni	520.0	14.1	0.0	85.9	tu'i	tugni	78	15.0	tu'i	tugni	1 2 5	rafsi/cmavo	tugni	2.5	(agree)	x1 [person] agrees with person(s)/position/side x2 that x3 (du'u) is true about matter x4.
tug	CAC	3	tugni	CACCA	2	4	4	10	0	0	tugni	520.0	14.1	0.0	85.9	tug	tugni	10	1.9	tug	tugni	1 2 3	rafsi	tugni	2.5	(agree)	x1 [person] agrees with person(s)/position/side x2 that x3 (du'u) is true about matter x4.
tugni	CACCA	5	tugni	CACCA	0	0	1	1	431	0	tugni	520.0	14.1	0.0	85.9	tugni	tugni	432	83.1	tugni	tugni		?	tugni	2.5	(agree)	x1 [person] agrees with person(s)/position/side x2 that x3 (du'u) is true about matter x4.
tujli	CACCA	5	tujli	CACCA	0	0	1	1	27	0	tujli	28.0	0.0	0.0	100.0	tujli	tujli	28	100.0	tujli	tujli		?	tujli	9.1.2	(tulip)	x1 is a tulip (defined by flower shape) of species/strain x2.
tu'a	CAA	3	tumla	CACCA	4	0	87	91	0	0	tumla	193.0	4.4	0.0	95.6	tu'a	tumla	91	47.2	tu'a	tumla	1 2 5	rafsi/cmavo	tumla	8.2	(land)	x1 is a parcel/expanse of land at location x2; x1 is terrain.
tum	CAC	3	tumla	CACCA	24	2	0	26	0	0	tumla	193.0	4.4	0.0	95.6	tum	tumla	26	13.5	tum	tumla	1 2 3	rafsi	tumla	8.2	(land)	x1 is a parcel/expanse of land at location x2; x1 is terrain.
tumla	CACCA	5	tumla	CACCA	0	0	0	0	76	0	tumla	193.0	4.4	0.0	95.6	tumla	tumla	76	39.4	tumla	tumla		?	tumla	8.2	(land)	x1 is a parcel/expanse of land at location x2; x1 is terrain.
tub	CAC	3	tunba	CACCA	38	3	0	41	0	0	tunba	68.0	92.7	7.3	0.0	tub	tunba	41	60.3	tub	tunba	1 2 4	rafsi	tunba	11.1	(sibling)	x1 is a sibling of x2 by bond/tie/standard/parent(s) x3.
tunb	CACC	4	tunba	CACCA	0	0	0	0	0	0	tunba	68.0	92.7	7.3	0.0	tunb	tunba	0	0.0	tunb	tunba		?	tunba	11.1	(sibling)	x1 is a sibling of x2 by bond/tie/standard/parent(s) x3.
tunba	CACCA	5	tunba	CACCA	0	0	12	12	15	0	tunba	68.0	92.7	7.3	0.0	tunba	tunba	27	39.7	tunba	tunba		?	tunba	11.1	(sibling)	x1 is a sibling of x2 by bond/tie/standard/parent(s) x3.
tuk	CAC	3	tunka	CACCA	16	0	0	16	0	0	tunka	16.0	100.0	0.0	0.0	tuk	tunka	16	100.0	tuk	tunka	1 2 4	rafsi	tunka	7.5.4	(copper)	x1 is made of/contains/is a quantity of copper (Cu); [metaphor: reddish, electrical conductor].
tu'o	CAA	3	tunlo	CACCA	0	0	20	20	0	0	tunlo	34.0	0.0	0.0	100.0	tu'o	tunlo	20	58.8	tu'o	tunlo	1 2 5	rafsi/cmavo	tunlo	6.2.1	(swallow)	x1 gulps/swallows.
tul	CAC	3	tunlo	CACCA	10	4	0	14	0	0	tunlo	34.0	0.0	0.0	100.0	tul	tunlo	14	41.2	tul	tunlo	1 2 4	rafsi	tunlo	6.2.1	(swallow)	x1 gulps/swallows.
tun	CAC	3	tunta	CACCA	66	4	0	70	0	0	tunta	108.0	94.3	5.7	0.0	tun	tunta	70	64.8	tun	tunta	14 2 3	rafsi	tunta	9.4	(poke ‘stab’)	x1 (object, usually pointed) pokes/jabs/stabs/prods x2 (experiencer).
tunta	CACCA	5	tunta	CACCA	0	0	11	11	27	0	tunta	108.0	94.3	5.7	0.0	tunta	tunta	38	35.2	tunta	tunta		?	tunta	9.4	(poke ‘stab’)	x1 (object, usually pointed) pokes/jabs/stabs/prods x2 (experiencer).
tu'e	CAA	3	tuple	CACCA	0	0	33	33	0	0	tuple	704.0	0.0	0.0	100.0	tu'e	tuple	33	4.7	tu'e	tuple	1 2 5	rafsi/cmavo	tuple	9.2.3	(leg)	x1 is a/the leg [body-part] of x2; [metaphor: supporting branch].
tup	CAC	3	tuple	CACCA	11	7	0	18	0	0	tuple	704.0	0.0	0.0	100.0	tup	tuple	18	2.6	tup	tuple	1 2 3	rafsi	tuple	9.2.3	(leg)	x1 is a/the leg [body-part] of x2; [metaphor: supporting branch].
tuple	CACCA	5	tuple	CACCA	0	0	0	0	653	0	tuple	704.0	0.0	0.0	100.0	tuple	tuple	653	92.8	tuple	tuple		?	tuple	9.2.3	(leg)	x1 is a/the leg [body-part] of x2; [metaphor: supporting branch].
tru	CCA	3	turni	CACCA	148	11	371	530	0	0	turni	878.0	27.9	2.1	70.0	tru	turni	530	60.4	tru	turni	1 3 2	rafsi	turni	11.2.1	(govern)	x1 governs/rules/is ruler/governor/sovereign/reigns over people/territory/domain/subjects x2.
turn	CACC	4	turni	CACCA	0	0	0	0	0	0	turni	878.0	27.9	2.1	70.0	turn	turni	0	0.0	turn	turni		?	turni	11.2.1	(govern)	x1 governs/rules/is ruler/governor/sovereign/reigns over people/territory/domain/subjects x2.
turni	CACCA	5	turni	CACCA	0	0	0	0	348	0	turni	878.0	27.9	2.1	70.0	turni	turni	348	39.6	turni	turni		?	turni	11.2.1	(govern)	x1 governs/rules/is ruler/governor/sovereign/reigns over people/territory/domain/subjects x2.
tci	CCA	3	tutci	CACCA	10	8	159	177	0	0	tutci	177.0	5.6	4.5	89.8	tci	tutci	177	100.0	tci	tutci	13 4 5	rafsi	tutci	13.3.1	(tool)	x1 is a tool/utensil/resource/instrument/implement used for doing x2; [form determines function].
tut	CAC	3	tutra	CACCA	4	8	0	12	0	0	tutra	95.0	0.0	0.0	100.0	tut	tutra	12	12.6	tut	tutra	13 2 13	rafsi	tutra	12.2	(territory)	x1 is territory/domain/space of/belonging to/controlled by x2.
tutra	CACCA	5	tutra	CACCA	0	0	46	46	37	0	tutra	95.0	0.0	0.0	100.0	tutra	tutra	83	87.4	tutra	tutra		?	tutra	12.2	(territory)	x1 is territory/domain/space of/belonging to/controlled by x2.
vacri	CACCA	5	vacri	CACCA	0	0	7	7	151	0	vacri	220.0	100.0	0.0	0.0	vacri	vacri	158	71.8	vacri	vacri		?	vacri	8.2.2	(air)	x1 is a quantity of air/normally-gaseous atmosphere of planet x2, of composition including x3.
var	CAC	3	vacri	CACCA	62	0	0	62	0	0	vacri	220.0	100.0	0.0	0.0	var	vacri	62	28.2	var	vacri	1 2 4	rafsi	vacri	8.2.2	(air)	x1 is a quantity of air/normally-gaseous atmosphere of planet x2, of composition including x3.
vai	CAA	3	vajni	CACCA	35	28	93	156	0	0	vajni	623.0	22.4	17.9	59.6	vai	vajni	156	25.0	vai	vajni	1 2 5	rafsi/cmavo	vajni	10.2	(important ‘significant’)	x1 (object/event) is important/significant to x2 (person/event) in aspect/for reason x3 (nu/ka).
vaj	CAC	3	vajni	CACCA	34	0	0	34	0	0	vajni	623.0	22.4	17.9	59.6	vaj	vajni	34	5.5	vaj	vajni	1 2 3	rafsi	vajni	10.2	(important ‘significant’)	x1 (object/event) is important/significant to x2 (person/event) in aspect/for reason x3 (nu/ka).
vajn	CACC	4	vajni	CACCA	0	0	0	0	0	0	vajni	623.0	22.4	17.9	59.6	vajn	vajni	0	0.0	vajn	vajni		?	vajni	10.2	(important ‘significant’)	x1 (object/event) is important/significant to x2 (person/event) in aspect/for reason x3 (nu/ka).
vajni	CACCA	5	vajni	CACCA	2	0	0	2	431	0	vajni	623.0	22.4	17.9	59.6	vajni	vajni	433	69.5	vajni	vajni		?	vajni	10.2	(important ‘significant’)	x1 (object/event) is important/significant to x2 (person/event) in aspect/for reason x3 (nu/ka).
va'i	CAA	3	valsi	CACCA				0	0	121	valsi	4445.0	9.4	1.7	88.9	va'i	valsi	121	2.7	va'i	valsi	1 2 5	cmavo	valsi	2.1	(word)	x1 is a word meaning/causing x2 in language x3; (adjective: x1 is lexical/verbal).
val	CAC	3	valsi	CACCA	4	0	0	4	0	0	valsi	4445.0	9.4	1.7	88.9	val	valsi	4	0.1	val	valsi	1 2 3	rafsi	valsi	2.1	(word)	x1 is a word meaning/causing x2 in language x3; (adjective: x1 is lexical/verbal).
vals	CACC	4	valsi	CACCA	0	0	0	0	0	0	valsi	4445.0	9.4	1.7	88.9	vals	valsi	0	0.0	vals	valsi		?	valsi	2.1	(word)	x1 is a word meaning/causing x2 in language x3; (adjective: x1 is lexical/verbal).
valsi	CACCA	5	valsi	CACCA	0	0	0	0	1332	0	valsi	4445.0	9.4	1.7	88.9	valsi	valsi	1332	30.0	valsi	valsi		?	valsi	2.1	(word)	x1 is a word meaning/causing x2 in language x3; (adjective: x1 is lexical/verbal).
vla	CCA	3	valsi	CACCA	282	50	2656	2988	0	0	valsi	4445.0	9.4	1.7	88.9	vla	valsi	2988	67.2	vla	valsi	1 3 2	rafsi	valsi	2.1	(word)	x1 is a word meaning/causing x2 in language x3; (adjective: x1 is lexical/verbal).
va'i	CAA	3	vamji	CACCA	0	0	23	23	0	0	vamji	122.0	0.0	0.0	100.0	va'i	vamji	23	18.9	va'i	vamji	1 2 5	rafsi/cmavo	vamji	11.3.3	(value)	x1 (ni) is the equivalent value/worth of x2 [item(s) of value] to x3 for use/appreciation x4.
vam	CAC	3	vamji	CACCA	3	0	0	3	0	0	vamji	122.0	0.0	0.0	100.0	vam	vamji	3	2.5	vam	vamji	1 2 3	rafsi	vamji	11.3.3	(value)	x1 (ni) is the equivalent value/worth of x2 [item(s) of value] to x3 for use/appreciation x4.
vamji	CACCA	5	vamji	CACCA	0	0	0	0	96	0	vamji	122.0	0.0	0.0	100.0	vamji	vamji	96	78.7	vamji	vamji		?	vamji	11.3.3	(value)	x1 (ni) is the equivalent value/worth of x2 [item(s) of value] to x3 for use/appreciation x4.
vamtu	CACCA	5	vamtu	CACCA	0	0	3	3	18	0	vamtu	33.0	100.0	0.0	0.0	vamtu	vamtu	21	63.6	vamtu	vamtu		?	vamtu	9.3.1	(vomit)	x1 vomits/regurgitates x2; x1 throws x2 up; [violent] digestive expulsion.
vat	CAC	3	vamtu	CACCA	12	0	0	12	0	0	vamtu	33.0	100.0	0.0	0.0	vat	vamtu	12	36.4	vat	vamtu	1 2 4	rafsi	vamtu	9.3.1	(vomit)	x1 vomits/regurgitates x2; x1 throws x2 up; [violent] digestive expulsion.
va'o	CAA	3	vanbi	CACCA				0	0	494	vanbi	610.0	0.0	0.0	100.0	va'o	vanbi	494	81.0	va'o	vanbi	1 2 	cmavo	vanbi	1.2	(environment ‘ambient’)	x1 (ind./mass) is part of an environment/surroundings/context/ambience of x2.
vanbi	CACCA	5	vanbi	CACCA	0	0	14	14	102	0	vanbi	610.0	0.0	0.0	100.0	vanbi	vanbi	116	19.0	vanbi	vanbi		?	vanbi	1.2	(environment ‘ambient’)	x1 (ind./mass) is part of an environment/surroundings/context/ambience of x2.
vac	CAC	3	vanci	CACCA	11	0	0	11	0	0	vanci	117.0	100.0	0.0	0.0	vac	vanci	11	9.4	vac	vanci	1 2 4	rafsi	vanci	4.1	(evening)	x1 is an evening [from end-of-work until sleep typical for locale] of day x2 at location x3.
vanc	CACC	4	vanci	CACCA	0	0	0	0	0	0	vanci	117.0	100.0	0.0	0.0	vanc	vanci	0	0.0	vanc	vanci		?	vanci	4.1	(evening)	x1 is an evening [from end-of-work until sleep typical for locale] of day x2 at location x3.
vanci	CACCA	5	vanci	CACCA	0	0	7	7	99	0	vanci	117.0	100.0	0.0	0.0	vanci	vanci	106	90.6	vanci	vanci		?	vanci	4.1	(evening)	x1 is an evening [from end-of-work until sleep typical for locale] of day x2 at location x3.
van	CAC	3	vanju	CACCA	38	0	0	38	0	0	vanju	76.0	100.0	0.0	0.0	van	vanju	38	50.0	van	vanju	1 2 3	rafsi	vanju	13.2.2	(wine)	x1 is made of/contains/is a quantity of wine from fruit/grapes x2.
vanju	CACCA	5	vanju	CACCA	0	0	6	6	32	0	vanju	76.0	100.0	0.0	0.0	vanju	vanju	38	50.0	vanju	vanju		?	vanju	13.2.2	(wine)	x1 is made of/contains/is a quantity of wine from fruit/grapes x2.
vas	CAC	3	vasru	CACCA	3	3	0	6	0	0	vasru	474.0	3.2	1.1	95.7	vas	vasru	6	1.3	vas	vasru	1 2 3	rafsi	vasru	3.1	(contain ‘vessel’)	x1 contains/holds/encloses/includes contents x2 within; x1 is a vessel containing x2.
vasru	CACCA	5	vasru	CACCA	0	0	0	0	375	0	vasru	474.0	3.2	1.1	95.7	vasru	vasru	375	79.1	vasru	vasru		?	vasru	3.1	(contain ‘vessel’)	x1 contains/holds/encloses/includes contents x2 within; x1 is a vessel containing x2.
vau	CAA	3	vasru	CACCA	3	1	89	93	0	0	vasru	474.0	3.2	1.1	95.7	vau	vasru	93	19.6	vau	vasru	1 2 5	rafsi/cmavo	vasru	3.1	(contain ‘vessel’)	x1 contains/holds/encloses/includes contents x2 within; x1 is a vessel containing x2.
va'u	CAA	3	vasxu	CACCA	10	5	53	68	0	0	vasxu	159.0	14.7	7.4	77.9	va'u	vasxu	68	42.8	va'u	vasxu	1 2 5	rafsi/cmavo	vasxu	9.3	(breathe ‘vascular’)	x1 breathes/respires x2 [gas].
vasx	CACC	4	vasxu	CACCA	0	0	0	0	0	0	vasxu	159.0	14.7	7.4	77.9	vasx	vasxu	0	0.0	vasx	vasxu		?	vasxu	9.3	(breathe ‘vascular’)	x1 breathes/respires x2 [gas].
vasxu	CACCA	5	vasxu	CACCA	0	0	0	0	54	0	vasxu	159.0	14.7	7.4	77.9	vasxu	vasxu	54	34.0	vasxu	vasxu		?	vasxu	9.3	(breathe ‘vascular’)	x1 breathes/respires x2 [gas].
vax	CAC	3	vasxu	CACCA	35	2	0	37	0	0	vasxu	159.0	14.7	7.4	77.9	vax	vasxu	37	23.3	vax	vasxu	1 2 4	rafsi	vasxu	9.3	(breathe ‘vascular’)	x1 breathes/respires x2 [gas].
ve'u	CAA	3	vecnu	CACCA	2	0	115	117	0	0	vecnu	559.0	1.7	0.0	98.3	ve'u	vecnu	117	20.9	ve'u	vecnu	1 2 5	rafsi/cmavo	vecnu	11.3.3	(sell ‘vend’)	x1 [seller] sells/vends x2 [goods/service/commodity] to buyer x3 for amount/cost/expense x4.
vecnu	CACCA	5	vecnu	CACCA	0	0	16	16	347	0	vecnu	559.0	1.7	0.0	98.3	vecnu	vecnu	363	64.9	vecnu	vecnu		?	vecnu	11.3.3	(sell ‘vend’)	x1 [seller] sells/vends x2 [goods/service/commodity] to buyer x3 for amount/cost/expense x4.
ven	CAC	3	vecnu	CACCA	67	12	0	79	0	0	vecnu	559.0	1.7	0.0	98.3	ven	vecnu	79	14.1	ven	vecnu	1 2 4	rafsi	vecnu	11.3.3	(sell ‘vend’)	x1 [seller] sells/vends x2 [goods/service/commodity] to buyer x3 for amount/cost/expense x4.
vef	CAC	3	venfu	CACCA	54	0	0	54	0	0	venfu	106.0	100.0	0.0	0.0	vef	venfu	54	50.9	vef	venfu	1 2 4	rafsi	venfu	5.3.2	(revenge ‘avenge’)	x1 takes revenge on/retaliates against x2 (person) for wrong x3 (nu) with vengeance x4 (nu).
venfu	CACCA	5	venfu	CACCA	0	0	3	3	49	0	venfu	106.0	100.0	0.0	0.0	venfu	venfu	52	49.1	venfu	venfu		?	venfu	5.3.2	(revenge ‘avenge’)	x1 takes revenge on/retaliates against x2 (person) for wrong x3 (nu) with vengeance x4 (nu).
vens	CACC	4	vensa	CACCA	0	0	0	0	0	0	vensa	46.0	87.5	12.5	0.0	vens	vensa	0	0.0	vens	vensa		?	vensa	4.2	(spring ‘vernal’)	x1 is spring/springtime [warming season] of year x2 at location x3; (adjective:) x1 is vernal.
vensa	CACCA	5	vensa	CACCA	0	0	2	2	28	0	vensa	46.0	87.5	12.5	0.0	vensa	vensa	30	65.2	vensa	vensa		?	vensa	4.2	(spring ‘vernal’)	x1 is spring/springtime [warming season] of year x2 at location x3; (adjective:) x1 is vernal.
ves	CAC	3	vensa	CACCA	14	2	0	16	0	0	vensa	46.0	87.5	12.5	0.0	ves	vensa	16	34.8	ves	vensa	1 2 4	rafsi	vensa	4.2	(spring ‘vernal’)	x1 is spring/springtime [warming season] of year x2 at location x3; (adjective:) x1 is vernal.
ve'a	CAA	3	verba	CACCA	0	0	12	12	0	0	verba	516.0	91.7	8.3	0.0	ve'a	verba	12	2.3	ve'a	verba	1 2 5	rafsi/cmavo	verba	9.3.2	(child)	x1 is a child/kid/juvenile [a young person] of age x2, immature by standard x3.
ver	CAC	3	verba	CACCA	33	3	0	36	0	0	verba	516.0	91.7	8.3	0.0	ver	verba	36	7.0	ver	verba	1 2 3	rafsi	verba	9.3.2	(child)	x1 is a child/kid/juvenile [a young person] of age x2, immature by standard x3.
verba	CACCA	5	verba	CACCA	0	0	0	0	468	0	verba	516.0	91.7	8.3	0.0	verba	verba	468	90.7	verba	verba		?	verba	9.3.2	(child)	x1 is a child/kid/juvenile [a young person] of age x2, immature by standard x3.
vib	CAC	3	vibna	CACCA	11	0	0	11	0	0	vibna	28.0	100.0	0.0	0.0	vib	vibna	11	39.3	vib	vibna	1 2 3	rafsi	vibna	9.2.5	(vagina)	x1 is a/the vagina [body-part] of x2.
vibna	CACCA	5	vibna	CACCA	0	0	1	1	16	0	vibna	28.0	100.0	0.0	0.0	vibna	vibna	17	60.7	vibna	vibna		?	vibna	9.2.5	(vagina)	x1 is a/the vagina [body-part] of x2.
vidn	CACC	4	vidni	CACCA	46	0	0	46	0	0	vidni	148.0	100.0	0.0	0.0	vidn	vidni	46	31.1	vidn	vidni		?	vidni	2.2	(video)	x1 is a video monitor/CRT/screen [machine] serving function x2.
vidni	CACCA	5	vidni	CACCA	0	0	5	5	97	0	vidni	148.0	100.0	0.0	0.0	vidni	vidni	102	68.9	vidni	vidni		?	vidni	2.2	(video)	x1 is a video monitor/CRT/screen [machine] serving function x2.
vidru	CACCA	5	vidru	CACCA	0	0	2	2	7	0	vidru	14.0	100.0	0.0	0.0	vidru	vidru	9	64.3	vidru	vidru		?	vidru	9	(virus)	x1 is a virus of species/breed/defining property x2 capable of infecting [at] x3.
vir	CAC	3	vidru	CACCA	5	0	0	5	0	0	vidru	14.0	100.0	0.0	0.0	vir	vidru	5	35.7	vir	vidru	1 2 4	rafsi	vidru	9	(virus)	x1 is a virus of species/breed/defining property x2 capable of infecting [at] x3.
vif	CAC	3	vifne	CACCA	2	0	0	2	0	0	vifne	29.0	0.0	0.0	100.0	vif	vifne	2	6.9	vif	vifne	1 2 3	rafsi	vifne	10.3	(fresh)	(adjective:) x1 is fresh/unspoiled.
vifne	CACCA	5	vifne	CACCA	0	0	4	4	23	0	vifne	29.0	0.0	0.0	100.0	vifne	vifne	27	93.1	vifne	vifne		?	vifne	10.3	(fresh)	(adjective:) x1 is fresh/unspoiled.
vi'i	CAA	3	vikmi	CACCA	0	0	20	20	0	0	vikmi	32.0	0.0	0.0	100.0	vi'i	vikmi	20	62.5	vi'i	vikmi	1 25 25	rafsi/cmavo	vikmi	9.3.1	(excrete)	x1 [body] excretes waste x2 from source x3 via means/route x4.
vim	CAC	3	vikmi	CACCA	12	0	0	12	0	0	vikmi	32.0	0.0	0.0	100.0	vim	vikmi	12	37.5	vim	vikmi	1 25 4	rafsi	vikmi	9.3.1	(excrete)	x1 [body] excretes waste x2 from source x3 via means/route x4.
vik	CAC	3	viknu	CACCA	6	5	0	11	0	0	viknu	29.0	54.5	45.5	0.0	vik	viknu	11	37.9	vik	viknu	1 2 3	rafsi	viknu	7.3	(viscous ‘thick’)	x1 is thick/viscous under conditions x2.
viknu	CACCA	5	viknu	CACCA	0	0	4	4	14	0	viknu	29.0	54.5	45.5	0.0	viknu	viknu	18	62.1	viknu	viknu		?	viknu	7.3	(viscous ‘thick’)	x1 is thick/viscous under conditions x2.
vi'u	CAA	3	vimcu	CACCA	0	0	94	94	0	0	vimcu	267.0	0.0	0.0	100.0	vi'u	vimcu	94	35.2	vi'u	vimcu	1 2 5	rafsi/cmavo	vimcu	1.6	(remove)	x1 removes/subtracts/deducts/takes away x2 from x3 with/leaving result/remnant/remainder x4.
vic	CAC	3	vimcu	CACCA	3	0	0	3	0	0	vimcu	267.0	0.0	0.0	100.0	vic	vimcu	3	1.1	vic	vimcu	1 2 4	rafsi	vimcu	1.6	(remove)	x1 removes/subtracts/deducts/takes away x2 from x3 with/leaving result/remnant/remainder x4.
vimc	CACC	4	vimcu	CACCA	0	0	0	0	0	0	vimcu	267.0	0.0	0.0	100.0	vimc	vimcu	0	0.0	vimc	vimcu		?	vimcu	1.6	(remove)	x1 removes/subtracts/deducts/takes away x2 from x3 with/leaving result/remnant/remainder x4.
vimcu	CACCA	5	vimcu	CACCA	0	0	0	0	170	0	vimcu	267.0	0.0	0.0	100.0	vimcu	vimcu	170	63.7	vimcu	vimcu		?	vimcu	1.6	(remove)	x1 removes/subtracts/deducts/takes away x2 from x3 with/leaving result/remnant/remainder x4.
vid	CAC	3	vindu	CACCA	10	0	0	10	0	0	vindu	48.0	100.0	0.0	0.0	vid	vindu	10	20.8	vid	vindu	1 2 4	rafsi	vindu	9.3.1	(poison ‘venom’)	x1 is poisonous/venomous/toxic/a toxin to x2.
vindu	CACCA	5	vindu	CACCA	0	1	1	2	36	0	vindu	48.0	100.0	0.0	0.0	vindu	vindu	38	79.2	vindu	vindu		?	vindu	9.3.1	(poison ‘venom’)	x1 is poisonous/venomous/toxic/a toxin to x2.
vij	CAC	3	vinji	CACCA	24	0	0	24	0	0	vinji	103.0	100.0	0.0	0.0	vij	vinji	24	23.3	vij	vinji	1 25 4	rafsi	vinji	13.5	(airplane)	x1 is an airplane/aircraft [flying vehicle] for carrying passengers/cargo x2, propelled by x3.
vinj	CACC	4	vinji	CACCA	0	0	0	0	0	0	vinji	103.0	100.0	0.0	0.0	vinj	vinji	0	0.0	vinj	vinji		?	vinji	13.5	(airplane)	x1 is an airplane/aircraft [flying vehicle] for carrying passengers/cargo x2, propelled by x3.
vinji	CACCA	5	vinji	CACCA	2	0	18	20	59	0	vinji	103.0	100.0	0.0	0.0	vinji	vinji	79	76.7	vinji	vinji		?	vinji	13.5	(airplane)	x1 is an airplane/aircraft [flying vehicle] for carrying passengers/cargo x2, propelled by x3.
vip	CAC	3	vipsi	CACCA	3	0	0	3	0	0	vipsi	30.0	100.0	0.0	0.0	vip	vipsi	3	10.0	vip	vipsi	1 25 3	rafsi	vipsi	11.2.1	(deputy ‘vice’)	x1 is a deputy/vice/subordinate in aspect [or organization principle] x2 (ka) to principal x3.
vipsi	CACCA	5	vipsi	CACCA	0	0	3	3	24	0	vipsi	30.0	100.0	0.0	0.0	vipsi	vipsi	27	90.0	vipsi	vipsi		?	vipsi	11.2.1	(deputy ‘vice’)	x1 is a deputy/vice/subordinate in aspect [or organization principle] x2 (ka) to principal x3.
vri	CCA	3	virnu	CACCA	14	20	28	62	0	0	virnu	62.0	22.6	32.3	45.2	vri	virnu	62	100.0	vri	virnu	1 3 2	rafsi	virnu	10.3	(brave ‘valiant, virtue’)	x1 is brave/valiant/courageous in activity x2 (event) by standard x3.
vi'a	CAA	3	viska	CACCA	37	4	72	113	0	0	viska	1638.0	32.7	3.5	63.7	vi'a	viska	113	6.9	vi'a	viska	1 2 5	rafsi/cmavo	viska	9.4.2	(see ‘vision’)	x1 sees/views/perceives visually x2 under conditions x3.
vis	CAC	3	viska	CACCA	93	6	0	99	0	0	viska	1638.0	32.7	3.5	63.7	vis	viska	99	6.0	vis	viska	1 2 3	rafsi	viska	9.4.2	(see ‘vision’)	x1 sees/views/perceives visually x2 under conditions x3.
visk	CACC	4	viska	CACCA	0	0	0	0	0	0	viska	1638.0	32.7	3.5	63.7	visk	viska	0	0.0	visk	viska		?	viska	9.4.2	(see ‘vision’)	x1 sees/views/perceives visually x2 under conditions x3.
viska	CACCA	5	viska	CACCA	19	0	0	19	1407	0	viska	1638.0	32.7	3.5	63.7	viska	viska	1426	87.1	viska	viska		?	viska	9.4.2	(see ‘vision’)	x1 sees/views/perceives visually x2 under conditions x3.
vit	CAC	3	vitci	CACCA	4	0	0	4	0	0	vitci	13.0	100.0	0.0	0.0	vit	vitci	4	30.8	vit	vitci	1 25 3	rafsi	vitci	5	(irregular ‘intermittent’)	x1 is irregular/occasional/intermittent in property/action/aspect x2.
vitci	CACCA	5	vitci	CACCA	0	0	2	2	7	0	vitci	13.0	100.0	0.0	0.0	vitci	vitci	9	69.2	vitci	vitci		?	vitci	5	(irregular ‘intermittent’)	x1 is irregular/occasional/intermittent in property/action/aspect x2.
vi'e	CAA	3	vitke	CACCA	16	0	19	35	0	0	vitke	35.0	45.7	0.0	54.3	vi'e	vitke	35	100.0	vi'e	vitke	1 2 5	rafsi/cmavo	vitke	11.2	(guest ‘visit’)	x1 is a guest/visitor of x2 at place/event x3; x1 visits x2/x3.
vitk	CACC	4	vitke	CACCA	0	0	0	0	0	0	vitke	35.0	45.7	0.0	54.3	vitk	vitke	0	0.0	vitk	vitke		?	vitke	11.2	(guest ‘visit’)	x1 is a guest/visitor of x2 at place/event x3; x1 visits x2/x3.
vi'o	CAA	3	vitno	CACCA	20	0	20	40	0	0	vitno	180.0	50.0	0.0	50.0	vi'o	vitno	40	22.2	vi'o	vitno	1 2 5	rafsi/cmavo	vitno	5	(permanent ‘eternal’)	x1 is permanent/lasting/[eternal] in property x2 (ka) by standard x3 [time-span/expectant one].
vitn	CACC	4	vitno	CACCA	0	0	0	0	0	0	vitno	180.0	50.0	0.0	50.0	vitn	vitno	0	0.0	vitn	vitno		?	vitno	5	(permanent ‘eternal’)	x1 is permanent/lasting/[eternal] in property x2 (ka) by standard x3 [time-span/expectant one].
vitno	CACCA	5	vitno	CACCA	0	0	0	0	140	0	vitno	180.0	50.0	0.0	50.0	vitno	vitno	140	77.8	vitno	vitno		?	vitno	5	(permanent ‘eternal’)	x1 is permanent/lasting/[eternal] in property x2 (ka) by standard x3 [time-span/expectant one].
lag	CAC	3	vlagi	CCACA	5	0	0	5	0	0	vlagi	32.0	100.0	0.0	0.0	lag	vlagi	5	15.6	lag	vlagi	2 3 4	rafsi	vlagi	9.2.3	(vulva)	x1 is a/the vulva [body-part] of x2.
vlagi	CCACA	5	vlagi	CCACA	0	0	1	1	26	0	vlagi	32.0	100.0	0.0	0.0	vlagi	vlagi	27	84.4	vlagi	vlagi		?	vlagi	9.2.3	(vulva)	x1 is a/the vulva [body-part] of x2.
vil	CAC	3	vlile	CCACA	57	8	0	65	0	0	vlile	162.0	87.7	12.3	0.0	vil	vlile	65	40.1	vil	vlile	1 3 24	rafsi	vlile	10.3	(violent)	x1 is an event/state/act of violence.
vlile	CCACA	5	vlile	CCACA	7	0	6	13	84	0	vlile	162.0	87.7	12.3	0.0	vlile	vlile	97	59.9	vlile	vlile		?	vlile	10.3	(violent)	x1 is an event/state/act of violence.
vlin	CCAC	4	vlina	CCACA	9	0	0	9	0	0	vlina	38.0	100.0	0.0	0.0	vlin	vlina	9	23.7	vlin	vlina		?	vlina	2.5	(alternation)	x1 is a logical alternation/disjunction, stating that x2 (du'u) and/or x3 (du'u) is/are true.
vlina	CCACA	5	vlina	CCACA	0	0	7	7	22	0	vlina	38.0	100.0	0.0	0.0	vlina	vlina	29	76.3	vlina	vlina		?	vlina	2.5	(alternation)	x1 is a logical alternation/disjunction, stating that x2 (du'u) and/or x3 (du'u) is/are true.
vli	CCA	3	vlipa	CCACA	101	11	30	142	0	0	vlipa	299.0	71.1	7.7	21.1	vli	vlipa	142	47.5	vli	vlipa	1 2 3	rafsi	vlipa	5.2	(powerful)	x1 has the power to bring about x2 under conditions x3; x1 is powerful in aspect x2 under x3.
vlipa	CCACA	5	vlipa	CCACA	0	0	0	0	157	0	vlipa	299.0	71.1	7.7	21.1	vlipa	vlipa	157	52.5	vlipa	vlipa		?	vlipa	5.2	(powerful)	x1 has the power to bring about x2 under conditions x3; x1 is powerful in aspect x2 under x3.
voi	CAA	3	vofli	CACCA	27	0	8	35	0	0	vofli	44.0	77.1	0.0	22.9	voi	vofli	35	79.5	voi	vofli	1 2 5	rafsi/cmavo	vofli	6.1.2	(flight ‘fly’)	x1 flies [in air/atmosphere] using lifting/propulsion means x2.
vol	CAC	3	vofli	CACCA	9	0	0	9	0	0	vofli	44.0	77.1	0.0	22.9	vol	vofli	9	20.5	vol	vofli	1 2 4	rafsi	vofli	6.1.2	(flight ‘fly’)	x1 flies [in air/atmosphere] using lifting/propulsion means x2.
vo'a	CAA	3	voksa	CACCA	0	9	10	19	0	0	voksa	287.0	50.0	50.0	0.0	vo'a	voksa	19	6.6	vo'a	voksa	1 2 5	rafsi/cmavo	voksa	9.4.1	(voice)	x1 is a voice/speech sound of individual x2.
vok	CAC	3	voksa	CACCA	20	20	0	40	0	0	voksa	287.0	50.0	50.0	0.0	vok	voksa	40	13.9	vok	voksa	1 2 3	rafsi	voksa	9.4.1	(voice)	x1 is a voice/speech sound of individual x2.
voks	CACC	4	voksa	CACCA	0	0	0	0	0	0	voksa	287.0	50.0	50.0	0.0	voks	voksa	0	0.0	voks	voksa		?	voksa	9.4.1	(voice)	x1 is a voice/speech sound of individual x2.
voksa	CACCA	5	voksa	CACCA	0	0	0	0	228	0	voksa	287.0	50.0	50.0	0.0	voksa	voksa	228	79.4	voksa	voksa		?	voksa	9.4.1	(voice)	x1 is a voice/speech sound of individual x2.
vor	CAC	3	vorme	CACCA	0	0	0	0	0	0	vorme	182.0	33.5	3.3	63.2	vor	vorme	0	0.0	vor	vorme	1 2 3	rafsi	vorme	13.6	(door)	x1 is a doorway/gateway/access way between x2 and x3 of structure x4.
vro	CCA	3	vorme	CACCA	61	6	115	182	0	0	vorme	182.0	33.5	3.3	63.2	vro	vorme	182	100.0	vro	vorme	1 3 2	rafsi	vorme	13.6	(door)	x1 is a doorway/gateway/access way between x2 and x3 of structure x4.
va'a	CAA	3	vraga	CCACA	0	0	16	16	0	0	vraga	55.0	0.0	35.9	64.1	va'a	vraga	16	29.1	va'a	vraga	1 35 35	cmavo	vraga	13.4	(lever)	x1 is a lever [tool] [of apparatus] for doing x2 [function/action], with fulcrum x3 and arm x4.
vra	CCA	3	vraga	CCACA	0	14	25	39	0	0	vraga	55.0	0.0	35.9	64.1	vra	vraga	39	70.9	vra	vraga	1 2 35	rafsi	vraga	13.4	(lever)	x1 is a lever [tool] [of apparatus] for doing x2 [function/action], with fulcrum x3 and arm x4.
rej	CAC	3	vreji	CCACA	25	0	0	25	0	0	vreji	126.0	9.9	26.7	63.4	rej	vreji	25	19.8	rej	vreji	2 3 4	rafsi	vreji	2.5	(record)	x1 is a record of x2 (data/facts/du'u) about x3 (object/event) preserved in medium x4.
vei	CAA	3	vreji	CCACA	10	27	64	101	0	0	vreji	126.0	9.9	26.7	63.4	vei	vreji	101	80.2	vei	vreji	1 3 5	rafsi/cmavo	vreji	2.5	(record)	x1 is a record of x2 (data/facts/du'u) about x3 (object/event) preserved in medium x4.
vrej	CCAC	4	vreji	CCACA	0	0	0	0	0	0	vreji	126.0	9.9	26.7	63.4	vrej	vreji	0	0.0	vrej	vreji		?	vreji	2.5	(record)	x1 is a record of x2 (data/facts/du'u) about x3 (object/event) preserved in medium x4.
vre	CCA	3	vreta	CCACA	18	2	23	43	0	0	vreta	43.0	41.9	4.7	53.5	vre	vreta	43	100.0	vre	vreta	1 2 3	rafsi	vreta	6.1.3	(reclining ‘rest’)	x1 lies/rests/reclines/reposes on x2; x1 is reclining/recumbent/lying on x2.
vric	CCAC	4	vrici	CCACA	11	0	0	11	0	0	vrici	260.0	100.0	0.0	0.0	vric	vrici	11	4.2	vric	vrici		?	vrici	1.1	(miscellaneous ‘various’)	x1 (set/mass/ind.) is miscellaneous/various/assorted in property x2 (ka).
vrici	CCACA	5	vrici	CCACA	0	0	8	8	241	0	vrici	260.0	100.0	0.0	0.0	vrici	vrici	249	95.8	vrici	vrici		?	vrici	1.1	(miscellaneous ‘various’)	x1 (set/mass/ind.) is miscellaneous/various/assorted in property x2 (ka).
vrude	CCACA	5	vrude	CCACA	0	0	0	0	68	0	vrude	139.0	13.5	0.0	86.5	vrude	vrude	68	48.9	vrude	vrude		?	vrude	10.3	(virtue)	x1 is virtuous/saintly/[fine/moral/nice/holy/morally good] by standard x2.
vu'e	CAA	3	vrude	CCACA	7	0	45	52	0	14	vrude	139.0	13.5	0.0	86.5	vu'e	vrude	66	47.5	vu'e	vrude	1 3 5	rafsi/cmavo	vrude	10.3	(virtue)	x1 is virtuous/saintly/[fine/moral/nice/holy/morally good] by standard x2.
vud	CAC	3	vrude	CCACA	5	0	0	5	0	0	vrude	139.0	13.5	0.0	86.5	vud	vrude	5	3.6	vud	vrude	1 3 4	rafsi	vrude	10.3	(virtue)	x1 is virtuous/saintly/[fine/moral/nice/holy/morally good] by standard x2.
vu'i	CAA	3	vrusi	CCACA	4	0	6	10	0	0	vrusi	94.0	100.0	0.0	0.0	vu'i	vrusi	10	10.6	vu'i	vrusi	1 3 5	rafsi/cmavo	vrusi	9.4.4	(taste ‘flavor’)	x1 (ka) is a taste/flavor of/emitted by x2; x2 tastes of/like x1.
vus	CAC	3	vrusi	CCACA	84	0	0	84	0	0	vrusi	94.0	100.0	0.0	0.0	vus	vrusi	84	89.4	vus	vrusi	1 3 4	rafsi	vrusi	9.4.4	(taste ‘flavor’)	x1 (ka) is a taste/flavor of/emitted by x2; x2 tastes of/like x1.
vu'o	CAA	3	vukro	CACCA	0	0	1	1	0	0	vukro	2.0	100.0	0.0	0.0	vu'o	vukro	1	50.0	vu'o	vukro	1 2 5	rafsi/cmavo	vukro	12.4	(Ukrainian)	
vur	CAC	3	vukro	CACCA	1	0	0	1	0	0	vukro	2.0	100.0	0.0	0.0	vur	vukro	1	50.0	vur	vukro	1 2 4	rafsi	vukro	12.4	(Ukrainian)	
xa'u	CAA	3	xabju	CACCA	45	2	76	123	0	0	xabju	758.0	36.6	1.6	61.8	xa'u	xabju	123	16.2	xa'u	xabju	1 2 5	rafsi	xabju	9.3.4	(dwell ‘inhabit’)	x1 dwells/lives/resides/abides at/inhabits/is a resident of location/habitat/nest/home/abode x2.
xabj	CACC	4	xabju	CACCA	0	0	0	0	0	0	xabju	758.0	36.6	1.6	61.8	xabj	xabju	0	0.0	xabj	xabju		?	xabju	9.3.4	(dwell ‘inhabit’)	x1 dwells/lives/resides/abides at/inhabits/is a resident of location/habitat/nest/home/abode x2.
xabju	CACCA	5	xabju	CACCA	0	0	2	2	633	0	xabju	758.0	36.6	1.6	61.8	xabju	xabju	635	83.8	xabju	xabju		?	xabju	9.3.4	(dwell ‘inhabit’)	x1 dwells/lives/resides/abides at/inhabits/is a resident of location/habitat/nest/home/abode x2.
xab	CAC	3	xadba	CACCA	34	0	0	34	0	0	xadba	106.0	100.0	0.0	0.0	xab	xadba	34	32.1	xab	xadba	1 25 4	rafsi	xadba	1.6	(half)	x1 is exactly/approximately half/semi-/demi-/hemi- of x2 by standard x3.
xadba	CACCA	5	xadba	CACCA	0	0	16	16	56	0	xadba	106.0	100.0	0.0	0.0	xadba	xadba	72	67.9	xadba	xadba		?	xadba	1.6	(half)	x1 is exactly/approximately half/semi-/demi-/hemi- of x2 by standard x3.
xad	CAC	3	xadni	CACCA	66	3	0	69	0	0	xadni	288.0	95.7	4.3	0.0	xad	xadni	69	24.0	xad	xadni	1 2 3	rafsi	xadni	9	(body)	x1 is a/the body/corpus/corpse of x2; (adjective:) x1 is corporal/corporeal.
xadni	CACCA	5	xadni	CACCA	0	0	9	9	210	0	xadni	288.0	95.7	4.3	0.0	xadni	xadni	219	76.0	xadni	xadni		?	xadni	9	(body)	x1 is a/the body/corpus/corpse of x2; (adjective:) x1 is corporal/corporeal.
xagji	CACCA	5	xagji	CACCA	4	0	18	22	109	0	xagji	131.0	18.2	0.0	81.8	xagji	xagji	131	100.0	xagji	xagji		?	xagji	9.4.5	(hunger)	x1 hungers for x2; x1 needs/wants food/fuel x2.
xagr	CACC	4	xagri	CACCA	0	1	0	1	0	0	xagri	10.0	0.0	0.0	100.0	xagr	xagri	1	10.0	xagr	xagri		?	xagri	12.6	(reed)	x1 is a oboe/clarinet/saxophone [reed musical instrument] with reed x2.
xagri	CACCA	5	xagri	CACCA	0	0	4	4	5	0	xagri	10.0	0.0	0.0	100.0	xagri	xagri	9	90.0	xagri	xagri		?	xagri	12.6	(reed)	x1 is a oboe/clarinet/saxophone [reed musical instrument] with reed x2.
xajm	CACC	4	xajmi	CACCA	0	0	0	0	0	0	xajmi	263.0	75.8	24.2	0.0	xajm	xajmi	0	0.0	xajm	xajmi		?	xajmi	10.1	(funny ‘comic’)	x1 is funny/comical to x2 in property/aspect x3 (nu/ka); x3 is what is funny about x1 to x2.
xajmi	CACCA	5	xajmi	CACCA	2	0	19	21	176	0	xajmi	263.0	75.8	24.2	0.0	xajmi	xajmi	197	74.9	xajmi	xajmi		?	xajmi	10.1	(funny ‘comic’)	x1 is funny/comical to x2 in property/aspect x3 (nu/ka); x3 is what is funny about x1 to x2.
xam	CAC	3	xajmi	CACCA	50	16	0	66	0	0	xajmi	263.0	75.8	24.2	0.0	xam	xajmi	66	25.1	xam	xajmi	1 2 4	rafsi	xajmi	10.1	(funny ‘comic’)	x1 is funny/comical to x2 in property/aspect x3 (nu/ka); x3 is what is funny about x1 to x2.
xak	CAC	3	xaksu	CACCA	0	17	0	17	0	0	xaksu	174.0	0.0	0.0	100.0	xak	xaksu	17	9.8	xak	xaksu	1 2 3	rafsi	xaksu	5	(use up)	x1 (event) uses up/depletes/consumes/[wastes] x2 [resource].
xaksu	CACCA	5	xaksu	CACCA	0	0	50	50	107	0	xaksu	174.0	0.0	0.0	100.0	xaksu	xaksu	157	90.2	xaksu	xaksu		?	xaksu	5	(use up)	x1 (event) uses up/depletes/consumes/[wastes] x2 [resource].
xalbo	CACCA	5	xalbo	CACCA	0	0	1	1	32	0	xalbo	33.0	0.0	0.0	100.0	xalbo	xalbo	33	100.0	xalbo	xalbo		?	xalbo	10.2	(levity ‘frivolous’)	x1 uses levity/is non-serious/frivolous about x2 (abstraction).
xal	CAC	3	xalka	CACCA	23	20	0	43	0	0	xalka	107.0	53.5	46.5	0.0	xal	xalka	43	40.2	xal	xalka	1 25 3	rafsi	xalka	13.2.2	(alcohol)	x1 is a quantity of/contains/is made of alcohol of type x2 from source/process x3.
xalka	CACCA	5	xalka	CACCA	0	0	4	4	60	0	xalka	107.0	53.5	46.5	0.0	xalka	xalka	64	59.8	xalka	xalka		?	xalka	13.2.2	(alcohol)	x1 is a quantity of/contains/is made of alcohol of type x2 from source/process x3.
xalni	CACCA	5	xalni	CACCA	0	0	1	1	68	0	xalni	69.0	0.0	0.0	100.0	xalni	xalni	69	100.0	xalni	xalni		?	xalni	10.1	(panic)	x1 (person) is panicked by crisis x2 (event/state).
va'u	CAA	3	xamgu	CACCA				0	0	5	xamgu	1768.0	66.0	10.8	23.1	va'u	xamgu	5	0.3	va'u	xamgu	 2 5	cmavo	xamgu	10.3	(good)	x1 (object/event) is good/beneficial/nice/[acceptable] for x2 by standard x3.
xag	CAC	3	xamgu	CACCA	151	0	0	151	0	0	xamgu	1768.0	66.0	10.8	23.1	xag	xamgu	151	8.5	xag	xamgu	1 2 4	rafsi	xamgu	10.3	(good)	x1 (object/event) is good/beneficial/nice/[acceptable] for x2 by standard x3.
xamg	CACC	4	xamgu	CACCA	0	0	0	0	0	0	xamgu	1768.0	66.0	10.8	23.1	xamg	xamgu	0	0.0	xamg	xamgu		?	xamgu	10.3	(good)	x1 (object/event) is good/beneficial/nice/[acceptable] for x2 by standard x3.
xamgu	CACCA	5	xamgu	CACCA	0	0	0	0	1059	0	xamgu	1768.0	66.0	10.8	23.1	xamgu	xamgu	1059	59.9	xamgu	xamgu		?	xamgu	10.3	(good)	x1 (object/event) is good/beneficial/nice/[acceptable] for x2 by standard x3.
xau	CAA	3	xamgu	CACCA	365	60	128	553	0	0	xamgu	1768.0	66.0	10.8	23.1	xau	xamgu	553	31.3	xau	xamgu	1 2 5	rafsi	xamgu	10.3	(good)	x1 (object/event) is good/beneficial/nice/[acceptable] for x2 by standard x3.
xa'o	CAA	3	xampo	CACCA	0	0	2	2	0	0	xampo	2.0	0.0	0.0	100.0	xa'o	xampo	2	100.0	xa'o	xampo	1 2 5	rafsi	xampo	7.4.1	(ampere)	
xamsi	CACCA	5	xamsi	CACCA	0	0	14	14	146	0	xamsi	287.0	98.4	1.6	0.0	xamsi	xamsi	160	55.7	xamsi	xamsi		?	xamsi	8.2.1	(sea)	x1 is a sea/ocean/gulf/[atmosphere] of planet x2, of fluid x3; (adjective:) x1 is marine.
xas	CAC	3	xamsi	CACCA	125	2	0	127	0	0	xamsi	287.0	98.4	1.6	0.0	xas	xamsi	127	44.3	xas	xamsi	1 2 4	rafsi	xamsi	8.2.1	(sea)	x1 is a sea/ocean/gulf/[atmosphere] of planet x2, of fluid x3; (adjective:) x1 is marine.
xa'e	CAA	3	xance	CACCA	0	4	40	44	0	0	xance	534.0	71.1	28.9	0.0	xa'e	xance	44	8.2	xa'e	xance	1 2 5	rafsi	xance	9.2.3	(hand)	x1 is a/the hand [body-part] of x2; [metaphor: manipulating tool, waldo].
xan	CAC	3	xance	CACCA	143	58	0	201	0	0	xance	534.0	71.1	28.9	0.0	xan	xance	201	37.6	xan	xance	1 2 3	rafsi	xance	9.2.3	(hand)	x1 is a/the hand [body-part] of x2; [metaphor: manipulating tool, waldo].
xanc	CACC	4	xance	CACCA	0	0	0	0	0	0	xance	534.0	71.1	28.9	0.0	xanc	xance	0	0.0	xanc	xance		?	xance	9.2.3	(hand)	x1 is a/the hand [body-part] of x2; [metaphor: manipulating tool, waldo].
xance	CACCA	5	xance	CACCA	0	0	0	0	289	0	xance	534.0	71.1	28.9	0.0	xance	xance	289	54.1	xance	xance		?	xance	9.2.3	(hand)	x1 is a/the hand [body-part] of x2; [metaphor: manipulating tool, waldo].
xank	CACC	4	xanka	CACCA	6	0	0	6	0	0	xanka	179.0	100.0	0.0	0.0	xank	xanka	6	3.4	xank	xanka		?	xanka	10.1	(nervous ‘anxious’)	x1 is nervous/anxious about x2 (abstraction) under conditions x3.
xanka	CACCA	5	xanka	CACCA	0	0	2	2	171	0	xanka	179.0	100.0	0.0	0.0	xanka	xanka	173	96.6	xanka	xanka		?	xanka	10.1	(nervous ‘anxious’)	x1 is nervous/anxious about x2 (abstraction) under conditions x3.
xanri	CACCA	5	xanri	CACCA	1	0	30	31	180	0	xanri	313.0	99.0	1.0	0.0	xanri	xanri	211	67.4	xanri	xanri		?	xanri	2.5	(imaginary ‘unreal’)	x1 [concept] exists in the imagination of/is imagined by/is imaginary to x2.
xar	CAC	3	xanri	CACCA	101	1	0	102	0	0	xanri	313.0	99.0	1.0	0.0	xar	xanri	102	32.6	xar	xanri	1 2 4	rafsi	xanri	2.5	(imaginary ‘unreal’)	x1 [concept] exists in the imagination of/is imagined by/is imaginary to x2.
xant	CACC	4	xanto	CACCA	18	0	0	18	0	0	xanto	128.0	100.0	0.0	0.0	xant	xanto	18	14.1	xant	xanto		?	xanto	9.2.2	(elephant)	
xanto	CACCA	5	xanto	CACCA	0	0	5	5	105	0	xanto	128.0	100.0	0.0	0.0	xanto	xanto	110	85.9	xanto	xanto		?	xanto	9.2.2	(elephant)	
xa'i	CAA	3	xarci	CACCA	2	0	66	68	0	0	xarci	144.0	100.0	0.0	0.0	xa'i	xarci	68	47.2	xa'i	xarci	1 2 5	rafsi	xarci	13.3.3	(weapon ‘arms’)	x1 is a weapon/arms for use against x2 by x3.
xac	CAC	3	xarci	CACCA	76	0	0	76	0	0	xarci	144.0	100.0	0.0	0.0	xac	xarci	76	52.8	xac	xarci	1 2 4	rafsi	xarci	13.3.3	(weapon ‘arms’)	x1 is a weapon/arms for use against x2 by x3.
xaj	CAC	3	xarju	CACCA	9	0	0	9	0	0	xarju	64.0	0.0	0.0	100.0	xaj	xarju	9	14.1	xaj	xarju	1 2 4	rafsi	xarju	9.2.2	(pig ‘hog’)	x1 is a pig/hog/swine/[boar] [pork/ham/bacon-producer] of species/breed x2.
xarju	CACCA	5	xarju	CACCA	0	0	25	25	30	0	xarju	64.0	0.0	0.0	100.0	xarju	xarju	55	85.9	xarju	xarju		?	xarju	9.2.2	(pig ‘hog’)	x1 is a pig/hog/swine/[boar] [pork/ham/bacon-producer] of species/breed x2.
xarn	CACC	4	xarnu	CACCA	7	0	0	7	0	0	xarnu	47.0	0.0	0.0	100.0	xarn	xarnu	7	14.9	xarn	xarnu		?	xarnu	10.3	(stubborn)	x1 is stubborn/willfully opposing/resisting x2 about x3 (event/state).
xarnu	CACCA	5	xarnu	CACCA	0	0	8	8	32	0	xarnu	47.0	0.0	0.0	100.0	xarnu	xarnu	40	85.1	xarnu	xarnu		?	xarnu	10.3	(stubborn)	x1 is stubborn/willfully opposing/resisting x2 about x3 (event/state).
xasl	CACC	4	xasli	CACCA	3	0	0	3	0	0	xasli	69.0	100.0	0.0	0.0	xasl	xasli	3	4.3	xasl	xasli		?	xasli	9.2.2	(donkey ‘ass’)	x1 is a donkey/jackass of species/breed x2.
xasli	CACCA	5	xasli	CACCA	0	0	1	1	65	0	xasli	69.0	100.0	0.0	0.0	xasli	xasli	66	95.7	xasli	xasli		?	xasli	9.2.2	(donkey ‘ass’)	x1 is a donkey/jackass of species/breed x2.
xasne	CACCA	5	xasne	CACCA	0	0	2	2	31	0	xasne	33.0	0.0	0.0	100.0	xasne	xasne	33	100.0	xasne	xasne		?	xasne	9.3	(sweat)	x1 is a/the sweat/perspiration from body x2, excreted by gland(s)/organs x3.
xa'a	CAA	3	xatra	CACCA	4	0	73	77	0	0	xatra	224.0	5.2	0.0	94.8	xa'a	xatra	77	34.4	xa'a	xatra	1 25 25	rafsi	xatra	2.2	(letter)	x1 is a letter/missive/[note] to intended audience x2 from author/originator x3 with content x4.
xatra	CACCA	5	xatra	CACCA	0	0	0	0	147	0	xatra	224.0	5.2	0.0	94.8	xatra	xatra	147	65.6	xatra	xatra		?	xatra	2.2	(letter)	x1 is a letter/missive/[note] to intended audience x2 from author/originator x3 with content x4.
xatsi	CACCA	5	xatsi	CACCA	0	0	2	2	0	0	xatsi	2.0	0.0	0.0	100.0	xatsi	xatsi	2	100.0	xatsi	xatsi		?	xatsi	7.4.3	(1E-18 metric ‘atto’)	
xaz	CAC	3	xazdo	CACCA	0	0	0	0	0	0	xazdo	52.0	15.0	25.0	60.0	xaz	xazdo	0	0.0	xaz	xazdo	1 2 3	rafsi	xazdo	12.2	(Asiatic)	
xazd	CACC	4	xazdo	CACCA	0	0	0	0	0	0	xazdo	52.0	15.0	25.0	60.0	xazd	xazdo	0	0.0	xazd	xazdo		?	xazdo	12.2	(Asiatic)	
xazdo	CACCA	5	xazdo	CACCA	0	0	0	0	32	0	xazdo	52.0	15.0	25.0	60.0	xazdo	xazdo	32	61.5	xazdo	xazdo		?	xazdo	12.2	(Asiatic)	
zdo	CCA	3	xazdo	CACCA	3	5	12	20	0	0	xazdo	52.0	15.0	25.0	60.0	zdo	xazdo	20	38.5	zdo	xazdo	3 4 5	rafsi	xazdo	12.2	(Asiatic)	
xebni	CACCA	5	xebni	CACCA	0	0	0	0	99	0	xebni	124.0	0.0	0.0	100.0	xebni	xebni	99	79.8	xebni	xebni		?	xebni	10.1	(hate)	x1 hates/despises x2 (object/abstraction); x1 is full of hate for x2; x2 is odious to x1.
xei	CAA	3	xebni	CACCA	0	0	25	25	0	0	xebni	124.0	0.0	0.0	100.0	xei	xebni	25	20.2	xei	xebni	1 2 5	rafsi	xebni	10.1	(hate)	x1 hates/despises x2 (object/abstraction); x1 is full of hate for x2; x2 is odious to x1.
bro	CCA	3	xebro	CACCA	12	0	21	33	0	0	xebro	44.0	36.4	0.0	63.6	bro	xebro	33	75.0	bro	xebro	3 4 5	rafsi	xebro	12.4	(Hebrew)	
xebro	CACCA	5	xebro	CACCA	0	0	0	0	11	0	xebro	44.0	36.4	0.0	63.6	xebro	xebro	11	25.0	xebro	xebro		?	xebro	12.4	(Hebrew)	
cto	CCA	3	xecto	CACCA	17	0	9	26	0	0	xecto	26.0	65.4	0.0	34.6	cto	xecto	26	100.0	cto	xecto	3 4 5	rafsi	xecto	7.4.3	(100 metric ‘hecto’)	
xet	CAC	3	xecto	CACCA	0	0	0	0	0	0	xecto	26.0	65.4	0.0	34.6	xet	xecto	0	0.0	xet	xecto	1 2 4	rafsi	xecto	7.4.3	(100 metric ‘hecto’)	
xe'a	CAA	3	xedja	CACCA	1	0	1	2	0	0	xedja	5.0	100.0	0.0	0.0	xe'a	xedja	2	40.0	xe'a	xedja	1 2 5	rafsi	xedja	9.2.3	(jaw)	x1 is a/the jaw [body-part] of x2.
xej	CAC	3	xedja	CACCA	3	0	0	3	0	0	xedja	5.0	100.0	0.0	0.0	xej	xedja	3	60.0	xej	xedja	1 2 4	rafsi	xedja	9.2.3	(jaw)	x1 is a/the jaw [body-part] of x2.
xe'i	CAA	3	xekri	CACCA	4	0	6	10	0	0	xekri	437.0	100.0	0.0	0.0	xe'i	xekri	10	2.3	xe'i	xekri	1 2 5	rafsi	xekri	9.4.2	(black)	x1 is black/extremely dark-colored [color adjective].
xek	CAC	3	xekri	CACCA	47	0	0	47	0	0	xekri	437.0	100.0	0.0	0.0	xek	xekri	47	10.8	xek	xekri	1 2 3	rafsi	xekri	9.4.2	(black)	x1 is black/extremely dark-colored [color adjective].
xekr	CACC	4	xekri	CACCA	0	0	0	0	0	0	xekri	437.0	100.0	0.0	0.0	xekr	xekri	0	0.0	xekr	xekri		?	xekri	9.4.2	(black)	x1 is black/extremely dark-colored [color adjective].
xekri	CACCA	5	xekri	CACCA	0	0	0	0	380	0	xekri	437.0	100.0	0.0	0.0	xekri	xekri	380	87.0	xekri	xekri		?	xekri	9.4.2	(black)	x1 is black/extremely dark-colored [color adjective].
xelso	CACCA	5	xelso	CACCA	0	0	8	8	68	0	xelso	84.0	0.0	0.0	100.0	xelso	xelso	76	90.5	xelso	xelso		?	xelso	12.4	(Greek ‘Hellas’)	
xes	CAC	3	xelso	CACCA	8	0	0	8	0	0	xelso	84.0	0.0	0.0	100.0	xes	xelso	8	9.5	xes	xelso	1 2 4	rafsi	xelso	12.4	(Greek ‘Hellas’)	
xe'o	CAA	3	xendo	CACCA	0	2	9	11	0	0	xendo	64.0	0.0	18.2	81.8	xe'o	xendo	11	17.2	xe'o	xendo	1 2 5	rafsi	xendo	10.3	(kind)	x1 (person) is kind to x2 in actions/behavior x3.
xed	CAC	3	xendo	CACCA	0	5	0	5	0	0	xendo	64.0	0.0	18.2	81.8	xed	xendo	5	7.8	xed	xendo	1 2 4	rafsi	xendo	10.3	(kind)	x1 (person) is kind to x2 in actions/behavior x3.
xendo	CACCA	5	xendo	CACCA	0	0	0	0	48	0	xendo	64.0	0.0	18.2	81.8	xendo	xendo	48	75.0	xendo	xendo		?	xendo	10.3	(kind)	x1 (person) is kind to x2 in actions/behavior x3.
xe'u	CAA	3	xenru	CACCA	1	0	1	2	0	0	xenru	159.0	69.6	30.4	0.0	xe'u	xenru	2	1.3	xe'u	xenru	1 2 5	rafsi	xenru	10.1	(regret ‘rue’)	x1 regrets/rues (abstraction) x2; x1 is regretful/rueful/sorry/[remorseful] about x2.
xenru	CACCA	5	xenru	CACCA	0	0	0	0	111	0	xenru	159.0	69.6	30.4	0.0	xenru	xenru	111	69.8	xenru	xenru		?	xenru	10.1	(regret ‘rue’)	x1 regrets/rues (abstraction) x2; x1 is regretful/rueful/sorry/[remorseful] about x2.
xer	CAC	3	xenru	CACCA	32	14	0	46	0	0	xenru	159.0	69.6	30.4	0.0	xer	xenru	46	28.9	xer	xenru	1 2 4	rafsi	xenru	10.1	(regret ‘rue’)	x1 regrets/rues (abstraction) x2; x1 is regretful/rueful/sorry/[remorseful] about x2.
xexso	CACCA	5	xexso	CACCA	0	0	2	2	1	0	xexso	3.0	0.0	0.0	100.0	xexso	xexso	3	100.0	xexso	xexso		?	xexso	7.4.3	(1E18 metric ‘exa’)	
xin	CAC	3	xindo	CACCA	13	0	0	13	0	0	xindo	35.0	100.0	0.0	0.0	xin	xindo	13	37.1	xin	xindo	1 2 3	rafsi	xindo	12.4	(Hindi)	
xindo	CACCA	5	xindo	CACCA	0	0	1	1	21	0	xindo	35.0	100.0	0.0	0.0	xindo	xindo	22	62.9	xindo	xindo		?	xindo	12.4	(Hindi)	
xinmo	CACCA	5	xinmo	CACCA	0	0	6	6	4	0	xinmo	10.0	0.0	0.0	100.0	xinmo	xinmo	10	100.0	xinmo	xinmo		?	xinmo	13.3.1	(ink)	x1 is a quantity of ink of color/pigment x2 used by writing device x3.
xi'a	CAA	3	xirma	CACCA	0	0	36	36	0	0	xirma	365.0	73.8	26.2	0.0	xi'a	xirma	36	9.9	xi'a	xirma	1 2 5	rafsi	xirma	9.2.2	(horse)	x1 is a horse/equine/[colt/mare/stallion/pony] of species/breed x2.
xir	CAC	3	xirma	CACCA	48	17	0	65	0	0	xirma	365.0	73.8	26.2	0.0	xir	xirma	65	17.8	xir	xirma	1 2 3	rafsi	xirma	9.2.2	(horse)	x1 is a horse/equine/[colt/mare/stallion/pony] of species/breed x2.
xirm	CACC	4	xirma	CACCA	0	6	0	6	0	0	xirma	365.0	73.8	26.2	0.0	xirm	xirma	6	1.6	xirm	xirma		?	xirma	9.2.2	(horse)	x1 is a horse/equine/[colt/mare/stallion/pony] of species/breed x2.
xirma	CACCA	5	xirma	CACCA	0	0	0	0	258	0	xirma	365.0	73.8	26.2	0.0	xirma	xirma	258	70.7	xirma	xirma		?	xirma	9.2.2	(horse)	x1 is a horse/equine/[colt/mare/stallion/pony] of species/breed x2.
xi'u	CAA	3	xislu	CACCA	0	0	12	12	0	0	xislu	81.0	51.4	48.6	0.0	xi'u	xislu	12	14.8	xi'u	xislu	1 2 5	rafsi	xislu	13.4	(wheel)	x1 is a wheel [tool] of device/vehicle x2, made of materials/having properties x3.
xil	CAC	3	xislu	CACCA	19	18	0	37	0	0	xislu	81.0	51.4	48.6	0.0	xil	xislu	37	45.7	xil	xislu	1 2 4	rafsi	xislu	13.4	(wheel)	x1 is a wheel [tool] of device/vehicle x2, made of materials/having properties x3.
xislu	CACCA	5	xislu	CACCA	0	0	0	0	32	0	xislu	81.0	51.4	48.6	0.0	xislu	xislu	32	39.5	xislu	xislu		?	xislu	13.4	(wheel)	x1 is a wheel [tool] of device/vehicle x2, made of materials/having properties x3.
xispo	CACCA	5	xispo	CACCA	0	0	1	1	13	0	xispo	14.0	0.0	0.0	100.0	xispo	xispo	14	100.0	xispo	xispo		?	xispo	12.3	(Hispanic)	
xla	CCA	3	xlali	CCACA	85	40	17	142	0	0	xlali	142.0	59.9	28.2	12.0	xla	xlali	142	100.0	xla	xlali	1 24 3	rafsi	xlali	10.3	(bad ‘mal-’)	x1 is bad for x2 by standard x3; x1 is poor/unacceptable to x2.
xlal	CCAC	4	xlali	CCACA	0	0	0	0	0	0	xlali	142.0	59.9	28.2	12.0	xlal	xlali	0	0.0	xlal	xlali		?	xlali	10.3	(bad ‘mal-’)	x1 is bad for x2 by standard x3; x1 is poor/unacceptable to x2.
xlu	CCA	3	xlura	CCACA	11	18	51	80	0	0	xlura	232.0	13.8	22.5	63.7	xlu	xlura	80	34.5	xlu	xlura	1 2 3	rafsi	xlura	5.2	(influence ‘lure’)	x1 (agent) influences/lures/tempts x2 into action/state x3 by influence/threat/lure x4.
xlura	CCACA	5	xlura	CCACA	0	0	0	0	152	0	xlura	232.0	13.8	22.5	63.7	xlura	xlura	152	65.5	xlura	xlura		?	xlura	5.2	(influence ‘lure’)	x1 (agent) influences/lures/tempts x2 into action/state x3 by influence/threat/lure x4.
xoi	CAA	3	xotli	CACCA	0	0	4	4	0	0	xotli	36.0	0.0	0.0	100.0	xoi	xotli	4	11.1	xoi	xotli	1 2 5	rafsi	xotli	11.2	(hotel)	x1 is a hotel/inn/hostel at location x2 operated by x3.
xotli	CACCA	5	xotli	CACCA	0	0	2	2	30	0	xotli	36.0	0.0	0.0	100.0	xotli	xotli	32	88.9	xotli	xotli		?	xotli	11.2	(hotel)	x1 is a hotel/inn/hostel at location x2 operated by x3.
rab	CAC	3	xrabo	CCACA	10	0	0	10	0	0	xrabo	42.0	100.0	0.0	0.0	rab	xrabo	10	23.8	rab	xrabo	2 3 4	rafsi	xrabo	12.3	(Arabic)	
xrabo	CCACA	5	xrabo	CCACA	0	0	1	1	31	0	xrabo	42.0	100.0	0.0	0.0	xrabo	xrabo	32	76.2	xrabo	xrabo		?	xrabo	12.3	(Arabic)	
xai	CAA	3	xrani	CCACA	7	2	125	134	0	0	xrani	276.0	5.2	1.5	93.3	xai	xrani	134	48.6	xai	xrani	1 3 5	rafsi	xrani	10.3	(injure ‘hurt’)	x1 (event) injures/harms/damages victim x2 in property x3 (ka) resulting in injury x4 (state).
xrani	CCACA	5	xrani	CCACA	0	0	0	0	142	0	xrani	276.0	5.2	1.5	93.3	xrani	xrani	142	51.4	xrani	xrani		?	xrani	10.3	(injure ‘hurt’)	x1 (event) injures/harms/damages victim x2 in property x3 (ka) resulting in injury x4 (state).
xi'o	CAA	3	xriso	CCACA	22	0	2	24	0	0	xriso	169.0	100.0	0.0	0.0	xi'o	xriso	24	14.2	xi'o	xriso	1 3 5	rafsi	xriso	12.5.1	(Christian)	
xis	CAC	3	xriso	CCACA	90	0	0	90	0	0	xriso	169.0	100.0	0.0	0.0	xis	xriso	90	53.3	xis	xriso	1 3 4	rafsi	xriso	12.5.1	(Christian)	
xris	CCAC	4	xriso	CCACA	0	0	0	0	0	0	xriso	169.0	100.0	0.0	0.0	xris	xriso	0	0.0	xris	xriso		?	xriso	12.5.1	(Christian)	
xriso	CCACA	5	xriso	CCACA	0	0	2	2	53	0	xriso	169.0	100.0	0.0	0.0	xriso	xriso	55	32.5	xriso	xriso		?	xriso	12.5.1	(Christian)	
xruba	CCACA	5	xruba	CCACA	0	0	6	6	19	0	xruba	27.0	0.0	0.0	100.0	xruba	xruba	25	92.6	xruba	xruba		?	xruba	9.1.5	(buckwheat ‘rhubarb’)	x1 is a quantity of buckwheat/rhubarb/sorrel grass of species/strain x2.
xub	CAC	3	xruba	CCACA	2	0	0	2	0	0	xruba	27.0	0.0	0.0	100.0	xub	xruba	2	7.4	xub	xruba	1 3 4	rafsi	xruba	9.1.5	(buckwheat ‘rhubarb’)	x1 is a quantity of buckwheat/rhubarb/sorrel grass of species/strain x2.
xruk	CCAC	4	xruki	CCACA	0	0	0	0	0	0	xruki	93.0	100.0	0.0	0.0	xruk	xruki	0	0.0	xruk	xruki		?	xruki	9.2.2	(turkey)	x1 is a turkey [food/bird] of species/breed x2.
xruki	CCACA	5	xruki	CCACA	0	0	1	1	52	0	xruki	93.0	100.0	0.0	0.0	xruki	xruki	53	57.0	xruki	xruki		?	xruki	9.2.2	(turkey)	x1 is a turkey [food/bird] of species/breed x2.
xuk	CAC	3	xruki	CCACA	40	0	0	40	0	0	xruki	93.0	100.0	0.0	0.0	xuk	xruki	40	43.0	xuk	xruki	1 3 4	rafsi	xruki	9.2.2	(turkey)	x1 is a turkey [food/bird] of species/breed x2.
rul	CAC	3	xrula	CCACA	52	8	0	60	0	0	xrula	214.0	86.7	13.3	0.0	rul	xrula	60	28.0	rul	xrula	2 3 4	rafsi	xrula	9.1.1	(flower)	x1 is a/the flower/blossom/bloom [body-part] of plant/species x2; (adjective:) x1 is floral.
xrula	CCACA	5	xrula	CCACA	0	0	5	5	149	0	xrula	214.0	86.7	13.3	0.0	xrula	xrula	154	72.0	xrula	xrula		?	xrula	9.1.1	(flower)	x1 is a/the flower/blossom/bloom [body-part] of plant/species x2; (adjective:) x1 is floral.
xru	CCA	3	xruti	CCACA	110	3	139	252	0	0	xruti	776.0	43.7	1.2	55.2	xru	xruti	252	32.5	xru	xruti	1 2 3	rafsi	xruti	6.1.1	(return)	x1 (agent) returns  to x2 [origin/earlier state]  from x3 ;  x1 moves/gives  back to x2   from x3
xrut	CCAC	4	xruti	CCACA	0	0	0	0	0	0	xruti	776.0	43.7	1.2	55.2	xrut	xruti	0	0.0	xrut	xruti		?	xruti	6.1.1	(return)	x1 (agent) returns  to x2 [origin/earlier state]  from x3 ;  x1 moves/gives  back to x2   from x3
xruti	CCACA	5	xruti	CCACA	0	0	0	0	524	0	xruti	776.0	43.7	1.2	55.2	xruti	xruti	524	67.5	xruti	xruti		?	xruti	6.1.1	(return)	x1 (agent) returns  to x2 [origin/earlier state]  from x3 ;  x1 moves/gives  back to x2   from x3
xu'i	CAA	3	xukmi	CACCA	0	0	12	12	0	0	xukmi	92.0	100.0	0.0	0.0	xu'i	xukmi	12	13.0	xu'i	xukmi	1 2 5	rafsi	xukmi	7.5.3	(chemical)	x1 is an instance of substance/chemical/drug x2 (individual or mass) with purity x3.
xukmi	CACCA	5	xukmi	CACCA	0	0	0	0	54	0	xukmi	92.0	100.0	0.0	0.0	xukmi	xukmi	54	58.7	xukmi	xukmi		?	xukmi	7.5.3	(chemical)	x1 is an instance of substance/chemical/drug x2 (individual or mass) with purity x3.
xum	CAC	3	xukmi	CACCA	26	0	0	26	0	0	xukmi	92.0	100.0	0.0	0.0	xum	xukmi	26	28.3	xum	xukmi	1 2 4	rafsi	xukmi	7.5.3	(chemical)	x1 is an instance of substance/chemical/drug x2 (individual or mass) with purity x3.
xu'e	CAA	3	xunre	CACCA	13	0	42	55	0	0	xunre	816.0	100.0	0.0	0.0	xu'e	xunre	55	6.7	xu'e	xunre	1 2 5	rafsi	xunre	9.4.2	(red)	x1 is red/crimson/ruddy [color adjective].
xun	CAC	3	xunre	CACCA	68	0	0	68	0	0	xunre	816.0	100.0	0.0	0.0	xun	xunre	68	8.3	xun	xunre	1 2 3	rafsi	xunre	9.4.2	(red)	x1 is red/crimson/ruddy [color adjective].
xunr	CACC	4	xunre	CACCA	0	0	0	0	0	0	xunre	816.0	100.0	0.0	0.0	xunr	xunre	0	0.0	xunr	xunre		?	xunre	9.4.2	(red)	x1 is red/crimson/ruddy [color adjective].
xunre	CACCA	5	xunre	CACCA	10	0	0	10	683	0	xunre	816.0	100.0	0.0	0.0	xunre	xunre	693	84.9	xunre	xunre		?	xunre	9.4.2	(red)	x1 is red/crimson/ruddy [color adjective].
xu'o	CAA	3	xurdo	CACCA	0	0	1	1	0	0	xurdo	1.0	0.0	0.0	100.0	xu'o	xurdo	1	100.0	xu'o	xurdo	1 2 5	rafsi	xurdo	12.4	(Urdi)	
xu'a	CAA	3	xusra	CACCA	1	0	70	71	0	0	xusra	466.0	1.4	0.0	98.6	xu'a	xusra	71	15.2	xu'a	xusra	1 2 5	rafsi	xusra	2.5	(assert)	x1 (agent) asserts/claims/declares x2 (du'u) is true [can be used for epistemology of authority].
xus	CAC	3	xusra	CACCA	14	1	0	15	0	0	xusra	466.0	1.4	0.0	98.6	xus	xusra	15	3.2	xus	xusra	1 2 3	rafsi	xusra	2.5	(assert)	x1 (agent) asserts/claims/declares x2 (du'u) is true [can be used for epistemology of authority].
xusra	CACCA	5	xusra	CACCA	0	0	0	0	380	0	xusra	466.0	1.4	0.0	98.6	xusra	xusra	380	81.5	xusra	xusra		?	xusra	2.5	(assert)	x1 (agent) asserts/claims/declares x2 (du'u) is true [can be used for epistemology of authority].
xul	CAC	3	xutla	CACCA	12	0	0	12	0	0	xutla	12.0	100.0	0.0	0.0	xul	xutla	12	100.0	xul	xutla	1 2 4	rafsi	xutla	7.3	(smooth)	x1 is smooth/even/[soft/silky] in texture/regularity.
za'a	CAA	3	zabna	CACCA	7	0	14	21	0	0	zabna	345.0	100.0	0.0	0.0	za'a	zabna	21	6.1	za'a	zabna	1 25 25	rafsi/cmavo	zabna	10.3	(favorable)	x1 is favorable/great/superb/fabulous/dandy/outstanding/swell/admirable/nice/commendable/delightful/desirable/enjoyable/laudable/likable/lovable/wonderful/praiseworthy/high-quality/cool in property x2 by standard x3; x1 rocks in aspect x2 according to x3
zabn	CACC	4	zabna	CACCA	0	0	0	0	0	0	zabna	345.0	100.0	0.0	0.0	zabn	zabna	0	0.0	zabn	zabna		?	zabna	10.3	(favorable)	x1 is favorable/great/superb/fabulous/dandy/outstanding/swell/admirable/nice/commendable/delightful/desirable/enjoyable/laudable/likable/lovable/wonderful/praiseworthy/high-quality/cool in property x2 by standard x3; x1 rocks in aspect x2 according to x3
zan	CAC	3	zabna	CACCA	324	0	0	324	0	0	zabna	345.0	100.0	0.0	0.0	zan	zabna	324	93.9	zan	zabna	1 25 4	rafsi	zabna	10.3	(favorable)	x1 is favorable/great/superb/fabulous/dandy/outstanding/swell/admirable/nice/commendable/delightful/desirable/enjoyable/laudable/likable/lovable/wonderful/praiseworthy/high-quality/cool in property x2 by standard x3; x1 rocks in aspect x2 according to x3
zaj	CAC	3	zajba	CACCA	8	0	0	8	0	0	zajba	23.0	100.0	0.0	0.0	zaj	zajba	8	34.8	zaj	zajba	1 25 3	rafsi	zajba	11.2	(gymnast)	x1 is a gymnast at/performs gymnastics feat x2.
zajba	CACCA	5	zajba	CACCA	0	0	1	1	14	0	zajba	23.0	100.0	0.0	0.0	zajba	zajba	15	65.2	zajba	zajba		?	zajba	11.2	(gymnast)	x1 is a gymnast at/performs gymnastics feat x2.
zal	CAC	3	zalvi	CACCA	7	0	0	7	0	0	zalvi	13.0	100.0	0.0	0.0	zal	zalvi	7	53.8	zal	zalvi	1 2 3	rafsi	zalvi	6.2.3	(grind ‘pulverize’)	x1 [individual or mass of hard surfaces] grinds/pulverizes/crushes x2 into powder x3.
zalvi	CACCA	5	zalvi	CACCA	0	0	2	2	4	0	zalvi	13.0	100.0	0.0	0.0	zalvi	zalvi	6	46.2	zalvi	zalvi		?	zalvi	6.2.3	(grind ‘pulverize’)	x1 [individual or mass of hard surfaces] grinds/pulverizes/crushes x2 into powder x3.
zanr	CACC	4	zanru	CACCA	0	0	0	0	0	0	zanru	498.0	23.4	38.3	38.3	zanr	zanru	0	0.0	zanr	zanru		?	zanru	10.2	(approve)	x1 approves of/gives favor to plan/action x2 (object/event).
zanru	CACCA	5	zanru	CACCA	0	0	0	0	336	0	zanru	498.0	23.4	38.3	38.3	zanru	zanru	336	67.5	zanru	zanru		?	zanru	10.2	(approve)	x1 approves of/gives favor to plan/action x2 (object/event).
zar	CAC	3	zanru	CACCA	7	0	0	7	0	0	zanru	498.0	23.4	38.3	38.3	zar	zanru	7	1.4	zar	zanru	1 2 4	rafsi	zanru	10.2	(approve)	x1 approves of/gives favor to plan/action x2 (object/event).
zau	CAA	3	zanru	CACCA	30	49	49	128	0	27	zanru	498.0	23.4	38.3	38.3	zau	zanru	155	31.1	zau	zanru	1 2 5	rafsi/cmavo	zanru	10.2	(approve)	x1 approves of/gives favor to plan/action x2 (object/event).
zai	CAA	3	zarci	CACCA	3	1	37	41	0	0	zarci	1139.0	7.3	2.4	90.2	zai	zarci	41	3.6	zai	zarci	1 2 5	rafsi/cmavo	zarci	11.3.4	(market ‘mart’)	x1 is a market/store/exchange/shop(s) selling/trading (for) x2, operated by/with participants x3.
zarci	CACCA	5	zarci	CACCA	0	0	0	0	1098	0	zarci	1139.0	7.3	2.4	90.2	zarci	zarci	1098	96.4	zarci	zarci		?	zarci	11.3.4	(market ‘mart’)	x1 is a market/store/exchange/shop(s) selling/trading (for) x2, operated by/with participants x3.
za'u	CAA	3	zargu	CACCA	0	0	6	6	0	0	zargu	21.0	100.0	0.0	0.0	za'u	zargu	6	28.6	za'u	zargu	1 2 5	rafsi/cmavo	zargu	9.2.3	(buttock ‘arse’)	x1 is a/the buttock(s)/arse/rear/seat [body-part] of x2; [metaphor: rounded surface, support].
zag	CAC	3	zargu	CACCA	15	0	0	15	0	0	zargu	21.0	100.0	0.0	0.0	zag	zargu	15	71.4	zag	zargu	1 2 4	rafsi	zargu	9.2.3	(buttock ‘arse’)	x1 is a/the buttock(s)/arse/rear/seat [body-part] of x2; [metaphor: rounded surface, support].
zas	CAC	3	zasni	CACCA	69	3	0	72	0	0	zasni	231.0	95.8	4.2	0.0	zas	zasni	72	31.2	zas	zasni	1 2 3	rafsi	zasni	1.5	(temporary ‘transient’)	x1 is temporary/not permanent/expected to change in property x2 (ka) by standard/expectant x3.
zasni	CACCA	5	zasni	CACCA	0	0	2	2	157	0	zasni	231.0	95.8	4.2	0.0	zasni	zasni	159	68.8	zasni	zasni		?	zasni	1.5	(temporary ‘transient’)	x1 is temporary/not permanent/expected to change in property x2 (ka) by standard/expectant x3.
za'i	CAA	3	zasti	CACCA	3	0	120	123	0	288	zasti	1071.0	2.4	0.0	97.6	za'i	zasti	411	38.4	za'i	zasti	1 2 5	rafsi/cmavo	zasti	2.5	(exist)	x1 exists/is real/actual/reality for x2 under metaphysics x3.
zasti	CACCA	5	zasti	CACCA	0	0	0	0	648	0	zasti	1071.0	2.4	0.0	97.6	zasti	zasti	648	60.5	zasti	zasti		?	zasti	2.5	(exist)	x1 exists/is real/actual/reality for x2 under metaphysics x3.
zat	CAC	3	zasti	CACCA	12	0	0	12	0	0	zasti	1071.0	2.4	0.0	97.6	zat	zasti	12	1.1	zat	zasti	1 2 4	rafsi	zasti	2.5	(exist)	x1 exists/is real/actual/reality for x2 under metaphysics x3.
bab	CAC	3	zbabu	CCACA	5	0	0	5	0	0	zbabu	29.0	100.0	0.0	0.0	bab	zbabu	5	17.2	bab	zbabu	24 3 24	rafsi	zbabu	13.2	(soap)	x1 is a quantity of/contains/is made of soap from source x2 of composition including x3.
zbabu	CCACA	5	zbabu	CCACA	0	0	4	4	20	0	zbabu	29.0	100.0	0.0	0.0	zbabu	zbabu	24	82.8	zbabu	zbabu		?	zbabu	13.2	(soap)	x1 is a quantity of/contains/is made of soap from source x2 of composition including x3.
zbani	CCACA	5	zbani	CCACA	0	0	1	1	6	0	zbani	7.0	0.0	0.0	100.0	zbani	zbani	7	100.0	zbani	zbani		?	zbani	8.2.1	(bay)	x1 is a bay in/of coast/shoreline x2.
zba	CCA	3	zbasu	CCACA	19	22	149	190	0	0	zbasu	1034.0	10.0	11.6	78.4	zba	zbasu	190	18.4	zba	zbasu	1 2 3	rafsi	zbasu	13.1	(make)	x1 makes/assembles/builds/manufactures/creates x2 out of materials/parts/components x3.
zbasu	CCACA	5	zbasu	CCACA	0	0	0	0	844	0	zbasu	1034.0	10.0	11.6	78.4	zbasu	zbasu	844	81.6	zbasu	zbasu		?	zbasu	13.1	(make)	x1 makes/assembles/builds/manufactures/creates x2 out of materials/parts/components x3.
zbe	CCA	3	zbepi	CCACA	1	0	23	24	0	0	zbepi	52.0	4.2	0.0	95.8	zbe	zbepi	24	46.2	zbe	zbepi	1 2 3	rafsi	zbepi	13.4	(pedestal ‘base’)	x1 is a pedestal/base/stand/pallet supporting x2 (object/event), of materials/properties x3.
zbepi	CCACA	5	zbepi	CCACA	0	0	0	0	28	0	zbepi	52.0	4.2	0.0	95.8	zbepi	zbepi	28	53.8	zbepi	zbepi		?	zbepi	13.4	(pedestal ‘base’)	x1 is a pedestal/base/stand/pallet supporting x2 (object/event), of materials/properties x3.
zda	CCA	3	zdani	CCACA	155	51	586	792	0	0	zdani	1983.0	19.6	6.4	74.0	zda	zdani	792	39.9	zda	zdani	1 2 3	rafsi	zdani	9.3.4	(nest ‘den’)	x1 is a nest/house/lair/den/[home] of/for x2.
zdan	CCAC	4	zdani	CCACA	0	0	0	0	0	0	zdani	1983.0	19.6	6.4	74.0	zdan	zdani	0	0.0	zdan	zdani		?	zdani	9.3.4	(nest ‘den’)	x1 is a nest/house/lair/den/[home] of/for x2.
zdani	CCACA	5	zdani	CCACA	0	0	13	13	1178	0	zdani	1983.0	19.6	6.4	74.0	zdani	zdani	1191	60.1	zdani	zdani		?	zdani	9.3.4	(nest ‘den’)	x1 is a nest/house/lair/den/[home] of/for x2.
zdi	CCA	3	zdile	CCACA	40	1	133	174	0	0	zdile	579.0	23.0	0.6	76.4	zdi	zdile	174	30.1	zdi	zdile	1 2 3	rafsi	zdile	10.1	(amusing ‘amused’)	x1 (abstract) is amusing/entertaining to x2 in property/aspect x3; x3 is what amuses x2 about x1.
zdile	CCACA	5	zdile	CCACA	0	0	4	4	319	0	zdile	579.0	23.0	0.6	76.4	zdile	zdile	323	55.8	zdile	zdile		?	zdile	10.1	(amusing ‘amused’)	x1 (abstract) is amusing/entertaining to x2 in property/aspect x3; x3 is what amuses x2 about x1.
zil	CAC	3	zdile	CCACA	82	0	0	82	0	0	zdile	579.0	23.0	0.6	76.4	zil	zdile	82	14.2	zil	zdile	1 3 4	?	zdile	10.1	(amusing ‘amused’)	x1 (abstract) is amusing/entertaining to x2 in property/aspect x3; x3 is what amuses x2 about x1.
zei	CAA	3	zekri	CACCA	106	3	31	140	0	0	zekri	256.0	75.7	2.1	22.1	zei	zekri	140	54.7	zei	zekri	1 2 5	rafsi/cmavo	zekri	11.2.2	(crime)	x1 (event/state) is a punishable crime/[taboo/sin] to people/culture/judges/jury x2.
zekr	CACC	4	zekri	CACCA	0	0	0	0	0	0	zekri	256.0	75.7	2.1	22.1	zekr	zekri	0	0.0	zekr	zekri		?	zekri	11.2.2	(crime)	x1 (event/state) is a punishable crime/[taboo/sin] to people/culture/judges/jury x2.
zer	CAC	3	zekri	CACCA	116	0	0	116	0	0	zekri	256.0	75.7	2.1	22.1	zer	zekri	116	45.3	zer	zekri	1 2 4	rafsi	zekri	11.2.2	(crime)	x1 (event/state) is a punishable crime/[taboo/sin] to people/culture/judges/jury x2.
ze'a	CAA	3	zenba	CACCA	0	0	80	80	0	0	zenba	302.0	0.0	0.0	100.0	ze'a	zenba	80	26.5	ze'a	zenba	1 2 5	rafsi/cmavo	zenba	1.5	(increase ‘augment’)	x1 (experiencer) increases/is incremented/augmented in property/quantity x2 by amount x3.
zen	CAC	3	zenba	CACCA	21	12	0	33	0	0	zenba	302.0	0.0	0.0	100.0	zen	zenba	33	10.9	zen	zenba	1 2 3	rafsi	zenba	1.5	(increase ‘augment’)	x1 (experiencer) increases/is incremented/augmented in property/quantity x2 by amount x3.
zenba	CACCA	5	zenba	CACCA	0	0	0	0	189	0	zenba	302.0	0.0	0.0	100.0	zenba	zenba	189	62.6	zenba	zenba		?	zenba	1.5	(increase ‘augment’)	x1 (experiencer) increases/is incremented/augmented in property/quantity x2 by amount x3.
zepti	CACCA	5	zepti	CACCA	0	0	2	2	0	0	zepti	2.0	0.0	0.0	100.0	zepti	zepti	2	100.0	zepti	zepti		?	zepti	7.4.3	(1E-21 ‘zepto’)	
zet	CAC	3	zetro	CACCA	1	0	0	1	0	0	zetro	6.0	0.0	0.0	100.0	zet	zetro	1	16.7	zet	zetro	1 2 3	rafsi	zetro	7.4.3	(1E21 ‘zetta’)	
zetro	CACCA	5	zetro	CACCA	0	0	2	2	3	0	zetro	6.0	0.0	0.0	100.0	zetro	zetro	5	83.3	zetro	zetro		?	zetro	7.4.3	(1E21 ‘zetta’)	
ga'a	CAA	3	zgana	CCACA				0	0	55	zgana	1170.0	28.7	0.0	71.3	ga'a	zgana	55	4.7	ga'a	zgana	2 35 35	cmavo	zgana	9.4	(observe)	x1 observes/[notices]/watches/beholds x2 using senses/means x3 under conditions x4.
za'a	CAA	3	zgana	CCACA				0	0	271	zgana	1170.0	28.7	0.0	71.3	za'a	zgana	271	23.2	za'a	zgana	1 35 35	cmavo	zgana	9.4	(observe)	x1 observes/[notices]/watches/beholds x2 using senses/means x3 under conditions x4.
zga	CCA	3	zgana	CCACA	46	0	114	160	0	0	zgana	1170.0	28.7	0.0	71.3	zga	zgana	160	13.7	zga	zgana	1 2 35	rafsi	zgana	9.4	(observe)	x1 observes/[notices]/watches/beholds x2 using senses/means x3 under conditions x4.
zgan	CCAC	4	zgana	CCACA	0	0	0	0	0	0	zgana	1170.0	28.7	0.0	71.3	zgan	zgana	0	0.0	zgan	zgana		?	zgana	9.4	(observe)	x1 observes/[notices]/watches/beholds x2 using senses/means x3 under conditions x4.
zgana	CCACA	5	zgana	CCACA	0	0	2	2	682	0	zgana	1170.0	28.7	0.0	71.3	zgana	zgana	684	58.5	zgana	zgana		?	zgana	9.4	(observe)	x1 observes/[notices]/watches/beholds x2 using senses/means x3 under conditions x4.
gi'e	CAA	3	zgike	CCACA	2	4	1	7	0	0	zgike	289.0	73.0	8.1	18.9	gi'e	zgike	7	2.4	gi'e	zgike	2 3 5	rafsi/cmavo	zgike	12.6	(music)	x1 is music performed/produced by x2 (event).
zgi	CCA	3	zgike	CCACA	81	9	21	111	0	0	zgike	289.0	73.0	8.1	18.9	zgi	zgike	111	38.4	zgi	zgike	1 2 3	rafsi	zgike	12.6	(music)	x1 is music performed/produced by x2 (event).
zgik	CCAC	4	zgike	CCACA	0	0	0	0	0	0	zgike	289.0	73.0	8.1	18.9	zgik	zgike	0	0.0	zgik	zgike		?	zgike	12.6	(music)	x1 is music performed/produced by x2 (event).
zgike	CCACA	5	zgike	CCACA	0	0	0	0	171	0	zgike	289.0	73.0	8.1	18.9	zgike	zgike	171	59.2	zgike	zgike		?	zgike	12.6	(music)	x1 is music performed/produced by x2 (event).
ri'e	CAA	3	zifre	CACCA				0	0	15	zifre	479.0	11.8	6.6	81.6	ri'e	zifre	15	3.1	ri'e	zifre	4 2 5	cmavo	zifre	10.3	(free)	x1 is free/at liberty to do/be x2 (event/state) under conditions x3.
zi'e	CAA	3	zifre	CACCA	9	5	62	76	0	0	zifre	479.0	11.8	6.6	81.6	zi'e	zifre	76	15.9	zi'e	zifre	1 2 5	rafsi/cmavo	zifre	10.3	(free)	x1 is free/at liberty to do/be x2 (event/state) under conditions x3.
zif	CAC	3	zifre	CACCA	33	0	0	33	0	0	zifre	479.0	11.8	6.6	81.6	zif	zifre	33	6.9	zif	zifre	1 2 3	rafsi	zifre	10.3	(free)	x1 is free/at liberty to do/be x2 (event/state) under conditions x3.
zifr	CACC	4	zifre	CACCA	0	0	0	0	0	0	zifre	479.0	11.8	6.6	81.6	zifr	zifre	0	0.0	zifr	zifre		?	zifre	10.3	(free)	x1 is free/at liberty to do/be x2 (event/state) under conditions x3.
zifre	CACCA	5	zifre	CACCA	3	0	0	3	352	0	zifre	479.0	11.8	6.6	81.6	zifre	zifre	355	74.1	zifre	zifre		?	zifre	10.3	(free)	x1 is free/at liberty to do/be x2 (event/state) under conditions x3.
zin	CAC	3	zinki	CACCA	0	11	0	11	0	0	zinki	11.0	0.0	100.0	0.0	zin	zinki	11	100.0	zin	zinki	1 25 3	rafsi	zinki	7.5.4	(zinc)	x1 is a quantity of/contains/is made of zinc (Zn); [metaphor: hard metal].
zi'u	CAA	3	zirpu	CACCA	0	0	52	52	0	0	zirpu	289.0	97.3	2.7	0.0	zi'u	zirpu	52	18.0	zi'u	zirpu	1 2 5	rafsi/cmavo	zirpu	9.4.2	(purple)	x1 is purple/violet [color adjective].
zir	CAC	3	zirpu	CACCA	108	3	0	111	0	0	zirpu	289.0	97.3	2.7	0.0	zir	zirpu	111	38.4	zir	zirpu	1 2 3	rafsi	zirpu	9.4.2	(purple)	x1 is purple/violet [color adjective].
zirpu	CACCA	5	zirpu	CACCA	0	0	12	12	114	0	zirpu	289.0	97.3	2.7	0.0	zirpu	zirpu	126	43.6	zirpu	zirpu		?	zirpu	9.4.2	(purple)	x1 is purple/violet [color adjective].
vle	CCA	3	zivle	CACCA	0	0	6	6	0	0	zivle	6.0	0.0	0.0	100.0	vle	zivle	6	100.0	vle	zivle	3 4 5	rafsi	zivle	11.3.2	(invest)	x1 (agent) invests resources x2 in investment x3 expecting return/profit x4 (object(s)/event).
mau	CAA	3	zmadu	CCACA	36	61	573	670	0	118	zmadu	2600.0	5.4	9.1	85.5	mau	zmadu	788	30.3	mau	zmadu	2 3 5	rafsi/cmavo	zmadu	1.5	(more)	x1 exceeds/is more than x2 in property/quantity x3 (ka/ni) by amount/excess x4.
zad	CAC	3	zmadu	CCACA	0	5	0	5	0	0	zmadu	2600.0	5.4	9.1	85.5	zad	zmadu	5	0.2	zad	zmadu	1 3 4	?	zmadu	1.5	(more)	x1 exceeds/is more than x2 in property/quantity x3 (ka/ni) by amount/excess x4.
zma	CCA	3	zmadu	CCACA	154	4	294	452	0	0	zmadu	2600.0	5.4	9.1	85.5	zma	zmadu	452	17.4	zma	zmadu	1 2 3	rafsi	zmadu	1.5	(more)	x1 exceeds/is more than x2 in property/quantity x3 (ka/ni) by amount/excess x4.
zmadu	CCACA	5	zmadu	CCACA	0	0	0	0	1355	0	zmadu	2600.0	5.4	9.1	85.5	zmadu	zmadu	1355	52.1	zmadu	zmadu		?	zmadu	1.5	(more)	x1 exceeds/is more than x2 in property/quantity x3 (ka/ni) by amount/excess x4.
zmi	CCA	3	zmiku	CCACA	9	0	9	18	0	0	zmiku	18.0	50.0	0.0	50.0	zmi	zmiku	18	100.0	zmi	zmiku	1 2 3	rafsi	zmiku	13.1	(automatic)	x1 is automatic in function x2 under conditions x3.
zu'e	CAA	3	zukte	CACCA	10	19	284	313	0	24	zukte	984.0	3.2	6.1	90.7	zu'e	zukte	337	34.2	zu'e	zukte	1 2 5	rafsi/cmavo	zukte	5.1	(act)	x1 is a volitional entity employing means/taking action x2 for purpose/goal x3/to end x3.
zuk	CAC	3	zukte	CACCA	16	9	0	25	0	0	zukte	984.0	3.2	6.1	90.7	zuk	zukte	25	2.5	zuk	zukte	1 2 3	rafsi	zukte	5.1	(act)	x1 is a volitional entity employing means/taking action x2 for purpose/goal x3/to end x3.
zukte	CACCA	5	zukte	CACCA	0	0	5	5	617	0	zukte	984.0	3.2	6.1	90.7	zukte	zukte	622	63.2	zukte	zukte		?	zukte	5.1	(act)	x1 is a volitional entity employing means/taking action x2 for purpose/goal x3/to end x3.
zmu	CCA	3	zumri	CACCA	4	0	1	5	0	0	zumri	5.0	80.0	0.0	20.0	zmu	zumri	5	100.0	zmu	zumri	1 3 2	rafsi	zumri	9.1.5	(maize)	x1 is a quantity of maize/corn [grain] of species/strain x2.
zug	CAC	3	zungi	CACCA	13	0	0	13	0	0	zungi	36.0	100.0	0.0	0.0	zug	zungi	13	36.1	zug	zungi	1 2 4	rafsi	zungi	10.1	(guilt)	x1 feels guilt/remorse about x2 (abstraction).
zungi	CACCA	5	zungi	CACCA	0	0	1	1	22	0	zungi	36.0	100.0	0.0	0.0	zungi	zungi	23	63.9	zungi	zungi		?	zungi	10.1	(guilt)	x1 feels guilt/remorse about x2 (abstraction).
zu'a	CAA	3	zunle	CACCA				0	0	86	zunle	313.0	100.0	0.0	0.0	zu'a	zunle	86	27.5	zu'a	zunle	1 2 	cmavo	zunle	3.1	(left)	x1 is to the left/left-hand side of x2 which faces/in-frame-of-reference x3.
zul	CAC	3	zunle	CACCA	15	0	0	15	0	0	zunle	313.0	100.0	0.0	0.0	zul	zunle	15	4.8	zul	zunle	1 2 4	rafsi	zunle	3.1	(left)	x1 is to the left/left-hand side of x2 which faces/in-frame-of-reference x3.
zunle	CACCA	5	zunle	CACCA	0	0	2	2	210	0	zunle	313.0	100.0	0.0	0.0	zunle	zunle	212	67.7	zunle	zunle		?	zunle	3.1	(left)	x1 is to the left/left-hand side of x2 which faces/in-frame-of-reference x3.
zu'i	CAA	3	zunti	CACCA	0	1	7	8	0	0	zunti	130.0	60.0	40.0	0.0	zu'i	zunti	8	6.2	zu'i	zunti	1 2 5	rafsi/cmavo	zunti	5.2	(interfere ‘hinder’)	x1 (evt./state) interferes with/hinders/disrupts x2 (evt./state/process) due to quality x3 (ka).
zun	CAC	3	zunti	CACCA	30	20	0	50	0	0	zunti	130.0	60.0	40.0	0.0	zun	zunti	50	38.5	zun	zunti	1 2 3	rafsi	zunti	5.2	(interfere ‘hinder’)	x1 (evt./state) interferes with/hinders/disrupts x2 (evt./state/process) due to quality x3 (ka).
zunti	CACCA	5	zunti	CACCA	0	0	0	0	72	0	zunti	130.0	60.0	40.0	0.0	zunti	zunti	72	55.4	zunti	zunti		?	zunti	5.2	(interfere ‘hinder’)	x1 (evt./state) interferes with/hinders/disrupts x2 (evt./state/process) due to quality x3 (ka).
tse	CCA	3	zutse	CACCA	54	2	76	132	0	0	zutse	480.0	40.9	1.5	57.6	tse	zutse	132	27.5	tse	zutse	3 4 5	rafsi	zutse	6.1.3	(sit)	x1 sits [assumes sitting position] on surface x2.
zut	CAC	3	zutse	CACCA	0	1	0	1	0	0	zutse	480.0	40.9	1.5	57.6	zut	zutse	1	0.2	zut	zutse	1 2 3	rafsi	zutse	6.1.3	(sit)	x1 sits [assumes sitting position] on surface x2.
zutse	CACCA	5	zutse	CACCA	0	0	0	0	347	0	zutse	480.0	40.9	1.5	57.6	zutse	zutse	347	72.3	zutse	zutse		?	zutse	6.1.3	(sit)	x1 sits [assumes sitting position] on surface x2.
zva	CCA	3	zvati	CCACA	164	4	102	270	0	0	zvati	1501.0	60.7	1.5	37.8	zva	zvati	270	18.0	zva	zvati	1 2 3	rafsi	zvati	6.1.3	(at)	x1 (object/event) is at/attending/present at x2 (event/location).
zvati	CCACA	5	zvati	CCACA	0	0	13	13	1218	0	zvati	1501.0	60.7	1.5	37.8	zvati	zvati	1231	82.0	zvati	zvati		?	zvati	6.1.3	(at)	x1 (object/event) is at/attending/present at x2 (event/location).
